snt_id,sdr,sdr_i,si-snr,si-snr_i
/data/public/EchoSet/test/VLzqgDo317F/0_8_meetingroom_conferenceroom/6829_1089/mix.wav,9.505535125732422,10.03757095336914,9.07779312133789,9.696070671081543
/data/public/EchoSet/test/VLzqgDo317F/0_8_meetingroom_conferenceroom/5639_8463/mix.wav,9.963715553283691,10.396728515625,9.710431098937988,10.194181442260742
/data/public/EchoSet/test/VLzqgDo317F/0_8_meetingroom_conferenceroom/8555_5639/mix.wav,11.543096542358398,11.5930757522583,11.099267959594727,11.227826118469238
/data/public/EchoSet/test/VLzqgDo317F/0_8_meetingroom_conferenceroom/8555_8455/mix.wav,17.433425903320312,17.464717864990234,17.165212631225586,17.210128784179688
/data/public/EchoSet/test/VLzqgDo317F/0_8_meetingroom_conferenceroom/2961_672/mix.wav,10.918769836425781,10.852256774902344,9.926736831665039,9.978885650634766
/data/public/EchoSet/test/VLzqgDo317F/0_8_meetingroom_conferenceroom/4970_2830/mix.wav,13.146814346313477,13.271424293518066,12.650308609008789,12.833353042602539
/data/public/EchoSet/test/VLzqgDo317F/0_8_meetingroom_conferenceroom/8230_8455/mix.wav,13.243234634399414,13.211668968200684,12.661996841430664,12.69812297821045
/data/public/EchoSet/test/VLzqgDo317F/0_8_meetingroom_conferenceroom/2300_8463/mix.wav,13.607065200805664,13.609657287597656,13.143667221069336,13.214349746704102
/data/public/EchoSet/test/VLzqgDo317F/0_8_meetingroom_conferenceroom/1284_3570/mix.wav,13.611885070800781,13.727333068847656,12.995161056518555,13.189088821411133
/data/public/EchoSet/test/VLzqgDo317F/0_8_meetingroom_conferenceroom/5105_1188/mix.wav,12.008686065673828,12.063862800598145,11.306558609008789,11.417600631713867
/data/public/EchoSet/test/VLzqgDo317F/0_8_meetingroom_conferenceroom/7127_4507/mix.wav,12.427088737487793,12.544593811035156,11.943535804748535,12.287551879882812
/data/public/EchoSet/test/VLzqgDo317F/0_8_meetingroom_conferenceroom/8230_1089/mix.wav,13.058895111083984,13.107650756835938,12.813037872314453,12.902442932128906
/data/public/EchoSet/test/VLzqgDo317F/0_8_meetingroom_conferenceroom/121_4992/mix.wav,14.858664512634277,15.022550582885742,14.564414024353027,14.7529935836792
/data/public/EchoSet/test/VLzqgDo317F/0_8_meetingroom_conferenceroom/2094_7021/mix.wav,15.95425033569336,15.85693359375,15.386112213134766,15.360161781311035
/data/public/EchoSet/test/VLzqgDo317F/0_8_meetingroom_conferenceroom/908_7729/mix.wav,8.689922332763672,8.768033027648926,8.396770477294922,8.631081581115723
/data/public/EchoSet/test/VLzqgDo317F/0_8_meetingroom_conferenceroom/2961_3575/mix.wav,11.77326774597168,12.005157470703125,11.205977439880371,11.49786376953125
/data/public/EchoSet/test/VLzqgDo317F/0_8_meetingroom_conferenceroom/7176_2300/mix.wav,13.878763198852539,13.700715065002441,13.575159072875977,13.445134162902832
/data/public/EchoSet/test/VLzqgDo317F/0_8_meetingroom_conferenceroom/908_2094/mix.wav,14.166603088378906,14.248933792114258,13.684049606323242,13.825679779052734
/data/public/EchoSet/test/VLzqgDo317F/0_8_meetingroom_conferenceroom/1221_5639/mix.wav,16.357135772705078,16.414653778076172,15.906316757202148,15.985584259033203
/data/public/EchoSet/test/VLzqgDo317F/0_8_meetingroom_conferenceroom/1580_8224/mix.wav,15.644023895263672,15.722635269165039,14.993029594421387,15.14119815826416
/data/public/EchoSet/test/VLzqgDo317F/0_8_meetingroom_conferenceroom/237_4992/mix.wav,10.553779602050781,10.662407875061035,10.142939567565918,10.320652961730957
/data/public/EchoSet/test/VLzqgDo317F/0_8_meetingroom_conferenceroom/2094_8224/mix.wav,11.232648849487305,11.15837287902832,10.110474586486816,10.0869140625
/data/public/EchoSet/test/VLzqgDo317F/0_8_meetingroom_conferenceroom/2830_1284/mix.wav,11.293575286865234,11.430919647216797,10.896990776062012,11.09422779083252
/data/public/EchoSet/test/VLzqgDo317F/0_8_meetingroom_conferenceroom/8463_4970/mix.wav,14.353713989257812,14.456255912780762,13.836507797241211,13.983160972595215
/data/public/EchoSet/test/VLzqgDo317F/0_8_meetingroom_conferenceroom/8230_2300/mix.wav,10.35545539855957,10.776825904846191,9.934123992919922,10.429702758789062
/data/public/EchoSet/test/VLzqgDo317F/0_8_meetingroom_conferenceroom/1995_1580/mix.wav,18.764148712158203,18.741044998168945,18.31370735168457,18.342153549194336
/data/public/EchoSet/test/VLzqgDo317F/0_8_meetingroom_conferenceroom/2300_1284/mix.wav,12.704215049743652,13.00326156616211,12.446784973144531,12.776891708374023
/data/public/EchoSet/test/VLzqgDo317F/0_8_meetingroom_conferenceroom/5683_1284/mix.wav,13.484792709350586,13.866292953491211,13.01727294921875,13.4247407913208
/data/public/EchoSet/test/VLzqgDo317F/0_8_meetingroom_conferenceroom/61_4507/mix.wav,10.117839813232422,10.100131034851074,9.68271541595459,9.767370223999023
/data/public/EchoSet/test/VLzqgDo317F/0_8_meetingroom_conferenceroom/8463_7729/mix.wav,12.668731689453125,12.898926734924316,12.393800735473633,12.673381805419922
/data/public/EchoSet/test/VLzqgDo317F/0_8_meetingroom_conferenceroom/7021_2830/mix.wav,11.15313720703125,11.643888473510742,10.829221725463867,11.358041763305664
/data/public/EchoSet/test/VLzqgDo317F/0_8_meetingroom_conferenceroom/1284_7127/mix.wav,10.058980941772461,10.128812789916992,9.648645401000977,9.923301696777344
/data/public/EchoSet/test/VLzqgDo317F/0_8_meetingroom_conferenceroom/3570_7127/mix.wav,13.778374671936035,13.570060729980469,13.412422180175781,13.314083099365234
/data/public/EchoSet/test/VLzqgDo317F/0_8_meetingroom_conferenceroom/6829_4077/mix.wav,11.060157775878906,11.254755020141602,10.679046630859375,10.914697647094727
/data/public/EchoSet/test/VLzqgDo317F/0_8_meetingroom_conferenceroom/8555_4970/mix.wav,13.903824806213379,14.119668960571289,13.70462417602539,13.945022583007812
/data/public/EchoSet/test/VLzqgDo317F/0_8_meetingroom_conferenceroom/7021_3570/mix.wav,14.069940567016602,14.104576110839844,13.593290328979492,13.672412872314453
/data/public/EchoSet/test/VLzqgDo317F/0_8_meetingroom_conferenceroom/4446_8224/mix.wav,13.099906921386719,13.003573417663574,12.35636043548584,12.317554473876953
/data/public/EchoSet/test/VLzqgDo317F/0_8_meetingroom_conferenceroom/3575_1320/mix.wav,9.993973731994629,10.554536819458008,8.670044898986816,9.296003341674805
/data/public/EchoSet/test/VLzqgDo317F/0_8_meetingroom_conferenceroom/2961_3729/mix.wav,12.053857803344727,11.91057014465332,11.55368709564209,11.529851913452148
/data/public/EchoSet/test/VLzqgDo317F/0_8_meetingroom_conferenceroom/8224_61/mix.wav,8.605691909790039,8.204620361328125,6.993238925933838,6.6753668785095215
/data/public/EchoSet/test/VLzqgDo317F/0_8_meetingroom_conferenceroom/4077_7729/mix.wav,12.471752166748047,12.77353286743164,11.926229476928711,12.292279243469238
/data/public/EchoSet/test/VLzqgDo317F/0_8_meetingroom_conferenceroom/3729_7021/mix.wav,11.653703689575195,11.932354927062988,11.333222389221191,11.684822082519531
/data/public/EchoSet/test/VLzqgDo317F/0_8_meetingroom_conferenceroom/4507_1221/mix.wav,11.453369140625,11.730494499206543,10.50771713256836,10.866250038146973
/data/public/EchoSet/test/VLzqgDo317F/0_8_meetingroom_conferenceroom/4446_1089/mix.wav,12.833834648132324,13.132181167602539,12.562722206115723,12.905609130859375
/data/public/EchoSet/test/VLzqgDo317F/0_8_meetingroom_conferenceroom/5142_2830/mix.wav,12.539685249328613,12.69051742553711,12.071662902832031,12.306208610534668
/data/public/EchoSet/test/VLzqgDo317F/0_8_meetingroom_conferenceroom/7127_672/mix.wav,15.421947479248047,15.687036514282227,15.164283752441406,15.440629959106445
/data/public/EchoSet/test/VLzqgDo317F/0_8_meetingroom_conferenceroom/2830_8555/mix.wav,15.345410346984863,15.340349197387695,14.765131950378418,14.834004402160645
/data/public/EchoSet/test/VLzqgDo317F/0_8_meetingroom_conferenceroom/4507_5142/mix.wav,15.923187255859375,16.010177612304688,15.611787796020508,15.719860076904297
/data/public/EchoSet/test/VLzqgDo317F/0_8_meetingroom_conferenceroom/8230_2094/mix.wav,11.445959091186523,11.4976167678833,10.58713150024414,10.681173324584961
/data/public/EchoSet/test/VLzqgDo317F/0_8_meetingroom_conferenceroom/8463_5142/mix.wav,14.00684928894043,14.044672966003418,13.669687271118164,13.760272979736328
/data/public/EchoSet/test/VLzqgDo317F/0_8_meetingroom_conferenceroom/121_6930/mix.wav,12.673014640808105,12.8421049118042,12.302095413208008,12.52109432220459
/data/public/EchoSet/test/VLzqgDo317F/0_8_meetingroom_conferenceroom/5142_260/mix.wav,15.050618171691895,15.036845207214355,14.505571365356445,14.576321601867676
/data/public/EchoSet/test/VLzqgDo317F/0_8_meetingroom_conferenceroom/237_3570/mix.wav,11.511931419372559,11.993009567260742,11.141073226928711,11.665390014648438
/data/public/EchoSet/test/VLzqgDo317F/0_8_meetingroom_conferenceroom/1221_3575/mix.wav,13.346389770507812,13.445537567138672,12.793668746948242,12.954988479614258
/data/public/EchoSet/test/VLzqgDo317F/0_8_meetingroom_conferenceroom/5105_5683/mix.wav,10.354172706604004,10.665090560913086,9.073920249938965,9.453839302062988
/data/public/EchoSet/test/VLzqgDo317F/0_8_meetingroom_conferenceroom/5105_61/mix.wav,12.999814987182617,12.799003601074219,12.498153686523438,12.385486602783203
/data/public/EchoSet/test/VLzqgDo317F/0_8_meetingroom_conferenceroom/908_8455/mix.wav,14.419624328613281,14.297703742980957,13.984601974487305,14.006498336791992
/data/public/EchoSet/test/VLzqgDo317F/0_8_meetingroom_conferenceroom/1089_6829/mix.wav,11.668869972229004,11.722196578979492,11.302286148071289,11.419694900512695
/data/public/EchoSet/test/VLzqgDo317F/0_8_meetingroom_conferenceroom/5105_2830/mix.wav,10.817787170410156,7.799139976501465,8.669027328491211,6.792843818664551
/data/public/EchoSet/test/VLzqgDo317F/0_8_meetingroom_conferenceroom/1188_4077/mix.wav,11.895435333251953,12.115610122680664,11.261229515075684,11.513811111450195
/data/public/EchoSet/test/VLzqgDo317F/0_8_meetingroom_conferenceroom/260_7176/mix.wav,13.147173881530762,13.245768547058105,12.93178939819336,13.063370704650879
/data/public/EchoSet/test/VLzqgDo317F/0_8_meetingroom_conferenceroom/7729_2300/mix.wav,11.273794174194336,11.445175170898438,10.964629173278809,11.187875747680664
/data/public/EchoSet/test/VLzqgDo317F/0_8_meetingroom_conferenceroom/1580_4970/mix.wav,11.335429191589355,11.37097454071045,10.798030853271484,10.91589069366455
/data/public/EchoSet/test/VLzqgDo317F/0_8_meetingroom_conferenceroom/1089_1995/mix.wav,14.238819122314453,14.173431396484375,13.898959159851074,13.882759094238281
/data/public/EchoSet/test/VLzqgDo317F/0_8_meetingroom_conferenceroom/4992_8455/mix.wav,13.997769355773926,14.004359245300293,13.763799667358398,13.819000244140625
/data/public/EchoSet/test/VLzqgDo317F/0_8_meetingroom_conferenceroom/61_1188/mix.wav,12.479823112487793,12.657180786132812,12.258320808410645,12.464346885681152
/data/public/EchoSet/test/VLzqgDo317F/0_8_meetingroom_conferenceroom/4970_1188/mix.wav,14.8358154296875,15.11366081237793,14.668326377868652,14.968017578125
/data/public/EchoSet/test/VLzqgDo317F/0_8_meetingroom_conferenceroom/8224_4970/mix.wav,10.826136589050293,11.39883804321289,10.564075469970703,11.246135711669922
/data/public/EchoSet/test/VLzqgDo317F/0_8_meetingroom_conferenceroom/237_1188/mix.wav,13.969629287719727,13.973523139953613,13.597492218017578,13.629880905151367
/data/public/EchoSet/test/VLzqgDo317F/0_8_meetingroom_conferenceroom/7021_6930/mix.wav,13.637840270996094,13.730627059936523,13.230094909667969,13.35715103149414
/data/public/EchoSet/test/VLzqgDo317F/0_8_meetingroom_conferenceroom/8555_7176/mix.wav,13.000197410583496,13.100292205810547,12.590583801269531,12.81016731262207
/data/public/EchoSet/test/VLzqgDo317F/0_8_meetingroom_conferenceroom/1995_5142/mix.wav,11.99897289276123,12.5506591796875,11.764095306396484,12.424592018127441
/data/public/EchoSet/test/VLzqgDo317F/0_8_meetingroom_conferenceroom/672_4507/mix.wav,11.623258590698242,12.171582221984863,11.439567565917969,12.019359588623047
/data/public/EchoSet/test/VLzqgDo317F/0_8_meetingroom_conferenceroom/2961_61/mix.wav,13.308791160583496,13.501066207885742,13.093692779541016,13.30549430847168
/data/public/EchoSet/test/VLzqgDo317F/0_8_meetingroom_conferenceroom/7127_3575/mix.wav,10.184003829956055,10.368873596191406,9.251344680786133,9.51125431060791
/data/public/EchoSet/test/VLzqgDo317F/0_8_meetingroom_conferenceroom/8455_61/mix.wav,12.27469253540039,12.486393928527832,11.875688552856445,12.128618240356445
/data/public/EchoSet/test/VLzqgDo317F/0_8_meetingroom_conferenceroom/7176_908/mix.wav,9.693570137023926,9.732752799987793,9.325013160705566,9.439204216003418
/data/public/EchoSet/test/VLzqgDo317F/0_8_meetingroom_conferenceroom/8230_7176/mix.wav,8.803884506225586,9.247111320495605,8.535709381103516,9.108881950378418
/data/public/EchoSet/test/VLzqgDo317F/0_8_meetingroom_conferenceroom/7176_1580/mix.wav,15.768335342407227,15.879387855529785,15.52574634552002,15.671296119689941
/data/public/EchoSet/test/VLzqgDo317F/0_8_meetingroom_conferenceroom/3570_121/mix.wav,17.275039672851562,17.388734817504883,16.884258270263672,17.0123233795166
/data/public/EchoSet/test/VLzqgDo317F/0_8_meetingroom_conferenceroom/4446_4992/mix.wav,11.446651458740234,11.578169822692871,10.797435760498047,10.996989250183105
/data/public/EchoSet/test/VLzqgDo317F/0_8_meetingroom_conferenceroom/8230_4446/mix.wav,11.95333194732666,12.015095710754395,11.536225318908691,11.6498441696167
/data/public/EchoSet/test/VLzqgDo317F/0_8_meetingroom_conferenceroom/5142_3729/mix.wav,12.00111198425293,12.291041374206543,11.60008430480957,11.954644203186035
/data/public/EchoSet/test/VLzqgDo317F/0_8_meetingroom_conferenceroom/1995_4077/mix.wav,14.694793701171875,14.731131553649902,14.282442092895508,14.36306381225586
/data/public/EchoSet/test/VLzqgDo317F/0_8_meetingroom_conferenceroom/6829_7176/mix.wav,12.342320442199707,12.408090591430664,12.086551666259766,12.183137893676758
/data/public/EchoSet/test/VLzqgDo317F/0_8_meetingroom_conferenceroom/8555_4446/mix.wav,11.03236198425293,11.778712272644043,10.722196578979492,11.53266716003418
/data/public/EchoSet/test/VLzqgDo317F/0_8_meetingroom_conferenceroom/1188_5105/mix.wav,14.769129753112793,14.948427200317383,14.377063751220703,14.581975936889648
/data/public/EchoSet/test/VLzqgDo317F/0_8_meetingroom_conferenceroom/1320_8230/mix.wav,11.095930099487305,10.976179122924805,10.35793685913086,10.387245178222656
/data/public/EchoSet/test/VLzqgDo317F/0_8_meetingroom_conferenceroom/1580_4446/mix.wav,13.72547721862793,13.830612182617188,13.292743682861328,13.435269355773926
/data/public/EchoSet/test/VLzqgDo317F/0_8_meetingroom_conferenceroom/5105_2300/mix.wav,10.782313346862793,10.785457611083984,10.127862930297852,10.186948776245117
/data/public/EchoSet/test/VLzqgDo317F/0_8_meetingroom_conferenceroom/2094_1580/mix.wav,14.805999755859375,14.738235473632812,14.28639030456543,14.256603240966797
/data/public/EchoSet/test/VLzqgDo317F/0_8_meetingroom_conferenceroom/8555_1320/mix.wav,16.547687530517578,16.37176513671875,16.19180679321289,16.112112045288086
/data/public/EchoSet/test/VLzqgDo317F/0_8_meetingroom_conferenceroom/7729_2830/mix.wav,12.440766334533691,12.601568222045898,12.02511978149414,12.218632698059082
/data/public/EchoSet/test/VLzqgDo317F/0_8_meetingroom_conferenceroom/5639_260/mix.wav,12.431281089782715,12.784820556640625,12.27396011352539,12.665607452392578
/data/public/EchoSet/test/VLzqgDo317F/0_8_meetingroom_conferenceroom/1221_4446/mix.wav,10.511293411254883,10.87453842163086,9.810585975646973,10.30124282836914
/data/public/EchoSet/test/VLzqgDo317F/0_8_meetingroom_conferenceroom/1995_5639/mix.wav,13.024203300476074,13.3916654586792,12.817361831665039,13.24844741821289
/data/public/EchoSet/test/VLzqgDo317F/0_8_meetingroom_conferenceroom/908_4992/mix.wav,11.660272598266602,11.753355026245117,11.146882057189941,11.340777397155762
/data/public/EchoSet/test/VLzqgDo317F/0_8_meetingroom_conferenceroom/672_5683/mix.wav,12.344644546508789,12.521675109863281,11.444292068481445,11.666462898254395
/data/public/EchoSet/test/VLzqgDo317F/0_8_meetingroom_conferenceroom/260_3575/mix.wav,17.054519653320312,17.145423889160156,16.530126571655273,16.662757873535156
/data/public/EchoSet/test/VLzqgDo317F/0_8_meetingroom_conferenceroom/3729_2961/mix.wav,11.620280265808105,12.042574882507324,11.42622184753418,11.886536598205566
/data/public/EchoSet/test/VLzqgDo317F/0_8_meetingroom_conferenceroom/121_2094/mix.wav,13.382165908813477,13.762717247009277,13.115842819213867,13.542664527893066
/data/public/EchoSet/test/VLzqgDo317F/0_8_meetingroom_conferenceroom/4077_260/mix.wav,12.537508010864258,12.74232292175293,12.035310745239258,12.289030075073242
/data/public/EchoSet/test/VLzqgDo317F/0_8_meetingroom_conferenceroom/237_2300/mix.wav,12.683115005493164,13.069997787475586,12.465827941894531,12.878907203674316
/data/public/EchoSet/test/VLzqgDo317F/0_8_meetingroom_conferenceroom/237_1221/mix.wav,10.984819412231445,11.37159252166748,10.443655014038086,10.857028007507324
/data/public/EchoSet/test/VLzqgDo317F/0_8_meetingroom_conferenceroom/1320_1284/mix.wav,11.969480514526367,12.297873497009277,11.710756301879883,12.094545364379883
/data/public/EchoSet/test/VLzqgDo317F/0_8_meetingroom_conferenceroom/121_3729/mix.wav,14.632771492004395,14.659090042114258,14.356544494628906,14.434735298156738
/data/public/EchoSet/test/VLzqgDo317F/0_8_meetingroom_conferenceroom/6930_8463/mix.wav,11.749916076660156,11.662825584411621,11.305442810058594,11.32524299621582
/data/public/EchoSet/test/VLzqgDo317F/0_8_meetingroom_conferenceroom/7729_1995/mix.wav,14.253927230834961,14.413865089416504,14.035140991210938,14.242998123168945
/data/public/EchoSet/test/VLzqgDo317F/0_8_meetingroom_conferenceroom/672_1580/mix.wav,17.41948127746582,17.47147560119629,15.79977035522461,15.874048233032227
/data/public/EchoSet/test/VLzqgDo317F/0_8_meetingroom_conferenceroom/260_5142/mix.wav,10.949522018432617,10.999765396118164,10.551790237426758,10.664644241333008
/data/public/EchoSet/test/VLzqgDo317F/0_8_meetingroom_conferenceroom/3729_6829/mix.wav,12.798818588256836,12.960999488830566,12.50155258178711,12.707575798034668
/data/public/EchoSet/test/VLzqgDo317F/0_8_meetingroom_conferenceroom/121_1221/mix.wav,12.50174331665039,12.48371696472168,11.807917594909668,11.82252311706543
/data/public/EchoSet/test/VLzqgDo317F/0_8_meetingroom_conferenceroom/5105_1284/mix.wav,11.126214027404785,11.775763511657715,10.808124542236328,11.555903434753418
/data/public/EchoSet/test/VLzqgDo317F/0_8_meetingroom_conferenceroom/1320_4970/mix.wav,15.278552055358887,15.234439849853516,14.704529762268066,14.7181396484375
/data/public/EchoSet/test/VLzqgDo317F/0_8_meetingroom_conferenceroom/5683_6930/mix.wav,12.824495315551758,12.92566204071045,11.61410903930664,11.769580841064453
/data/public/EchoSet/test/VLzqgDo317F/0_8_meetingroom_conferenceroom/7127_1089/mix.wav,11.84077262878418,11.88175106048584,11.217827796936035,11.312216758728027
/data/public/EchoSet/test/VLzqgDo317F/0_8_meetingroom_conferenceroom/260_8224/mix.wav,11.396764755249023,11.518224716186523,10.962682723999023,11.125940322875977
/data/public/EchoSet/test/VLzqgDo317F/0_8_meetingroom_conferenceroom/6930_3575/mix.wav,13.131608963012695,13.247156143188477,12.786600112915039,12.97261905670166
/data/public/EchoSet/test/VLzqgDo317F/0_8_meetingroom_conferenceroom/4992_3570/mix.wav,12.42844009399414,12.691169738769531,12.240968704223633,12.53708267211914
/data/public/EchoSet/test/VLzqgDo317F/0_8_meetingroom_conferenceroom/672_121/mix.wav,11.7649564743042,11.74157428741455,11.243671417236328,11.273662567138672
/data/public/EchoSet/test/VLzqgDo317F/0_8_meetingroom_conferenceroom/237_5639/mix.wav,14.79266357421875,14.791402816772461,14.566886901855469,14.610599517822266
/data/public/EchoSet/test/VLzqgDo317F/0_8_meetingroom_conferenceroom/7021_4077/mix.wav,14.224407196044922,14.178640365600586,13.598217964172363,13.639787673950195
/data/public/EchoSet/test/VLzqgDo317F/0_8_meetingroom_conferenceroom/8463_3570/mix.wav,11.641563415527344,11.715314865112305,10.789708137512207,10.964614868164062
/data/public/EchoSet/test/VLzqgDo317F/0_8_meetingroom_conferenceroom/3729_1320/mix.wav,12.472477912902832,12.800559997558594,12.148523330688477,12.533951759338379
/data/public/EchoSet/test/VLzqgDo317F/0_8_meetingroom_conferenceroom/61_8455/mix.wav,11.414793014526367,11.385919570922852,10.849798202514648,10.91230583190918
/data/public/EchoSet/test/VLzqgDo317F/0_8_meetingroom_conferenceroom/4077_5683/mix.wav,8.899602890014648,8.998152732849121,5.290255546569824,5.447443962097168
/data/public/EchoSet/test/VLzqgDo317F/0_8_meetingroom_conferenceroom/4992_1188/mix.wav,15.149465560913086,15.118505477905273,14.661229133605957,14.680355072021484
/data/public/EchoSet/test/VLzqgDo317F/0_8_meetingroom_conferenceroom/1188_1320/mix.wav,11.473288536071777,11.363399505615234,11.001991271972656,10.985465049743652
/data/public/EchoSet/test/VLzqgDo317F/0_8_meetingroom_conferenceroom/1089_8455/mix.wav,10.481894493103027,10.334506034851074,10.004364013671875,9.929240226745605
/data/public/EchoSet/test/VLzqgDo317F/0_8_meetingroom_conferenceroom/6829_5683/mix.wav,13.294808387756348,13.386024475097656,12.815862655639648,12.949129104614258
/data/public/EchoSet/test/VLzqgDo317F/0_8_meetingroom_conferenceroom/4992_1995/mix.wav,15.943670272827148,16.16756820678711,15.678471565246582,15.929549217224121
/data/public/EchoSet/test/VLzqgDo317F/0_8_meetingroom_conferenceroom/3575_7021/mix.wav,15.415839195251465,15.453760147094727,15.135255813598633,15.20390796661377
/data/public/EchoSet/test/VLzqgDo317F/0_8_meetingroom_conferenceroom/7729_7127/mix.wav,11.390291213989258,11.83828353881836,11.16397476196289,11.636796951293945
/data/public/EchoSet/test/VLzqgDo317F/0_8_meetingroom_conferenceroom/6930_2094/mix.wav,9.84852123260498,10.025033950805664,8.15471076965332,8.378708839416504
/data/public/EchoSet/test/VLzqgDo317F/0_8_meetingroom_conferenceroom/2961_908/mix.wav,13.049816131591797,12.930988311767578,12.403583526611328,12.367518424987793
/data/public/EchoSet/test/VLzqgDo317F/0_8_meetingroom_conferenceroom/6829_2961/mix.wav,10.706859588623047,11.275740623474121,10.485398292541504,11.098005294799805
/data/public/EchoSet/test/VLzqgDo317F/0_8_meetingroom_conferenceroom/4507_672/mix.wav,10.767911911010742,11.264983177185059,10.563919067382812,11.136788368225098
/data/public/EchoSet/test/VLzqgDo317F/1_2_meetingroom_conferenceroom/7729_1995/mix.wav,13.816995620727539,14.146624565124512,13.593145370483398,13.946493148803711
/data/public/EchoSet/test/VLzqgDo317F/1_2_meetingroom_conferenceroom/8230_4992/mix.wav,14.170440673828125,14.225921630859375,13.8775634765625,13.975394248962402
/data/public/EchoSet/test/VLzqgDo317F/1_2_meetingroom_conferenceroom/237_4992/mix.wav,10.871696472167969,11.306478500366211,10.433488845825195,11.178044319152832
/data/public/EchoSet/test/VLzqgDo317F/1_2_meetingroom_conferenceroom/3729_908/mix.wav,15.004739761352539,15.000171661376953,14.287796974182129,14.379945755004883
/data/public/EchoSet/test/VLzqgDo317F/1_2_meetingroom_conferenceroom/6930_260/mix.wav,15.38397216796875,15.550617218017578,14.86208438873291,15.068510055541992
/data/public/EchoSet/test/VLzqgDo317F/1_2_meetingroom_conferenceroom/8555_5105/mix.wav,17.090970993041992,17.141067504882812,16.631877899169922,16.711904525756836
/data/public/EchoSet/test/VLzqgDo317F/1_2_meetingroom_conferenceroom/1320_7729/mix.wav,11.483312606811523,11.636773109436035,11.101875305175781,11.354503631591797
/data/public/EchoSet/test/VLzqgDo317F/1_2_meetingroom_conferenceroom/121_237/mix.wav,12.751399993896484,12.889559745788574,12.434725761413574,12.670576095581055
/data/public/EchoSet/test/VLzqgDo317F/1_2_meetingroom_conferenceroom/61_2961/mix.wav,12.653881072998047,12.973344802856445,12.289144515991211,12.673715591430664
/data/public/EchoSet/test/VLzqgDo317F/1_2_meetingroom_conferenceroom/1188_1580/mix.wav,14.917304992675781,14.929627418518066,14.540675163269043,14.596517562866211
/data/public/EchoSet/test/VLzqgDo317F/1_2_meetingroom_conferenceroom/7127_121/mix.wav,10.387393951416016,10.689718246459961,9.989559173583984,10.387426376342773
/data/public/EchoSet/test/VLzqgDo317F/1_2_meetingroom_conferenceroom/8224_2961/mix.wav,14.753572463989258,15.02796745300293,14.642921447753906,14.936626434326172
/data/public/EchoSet/test/VLzqgDo317F/1_2_meetingroom_conferenceroom/8555_4507/mix.wav,15.700116157531738,15.826085090637207,15.478604316711426,15.644513130187988
/data/public/EchoSet/test/VLzqgDo317F/1_2_meetingroom_conferenceroom/1580_2961/mix.wav,12.016210556030273,12.254608154296875,11.720218658447266,12.00208568572998
/data/public/EchoSet/test/VLzqgDo317F/1_2_meetingroom_conferenceroom/121_908/mix.wav,9.739272117614746,9.840023040771484,6.7680792808532715,6.904325485229492
/data/public/EchoSet/test/VLzqgDo317F/1_2_meetingroom_conferenceroom/1320_3575/mix.wav,13.238133430480957,13.125205039978027,12.5941162109375,12.551778793334961
/data/public/EchoSet/test/VLzqgDo317F/1_2_meetingroom_conferenceroom/4446_7176/mix.wav,12.777275085449219,13.037874221801758,12.435857772827148,12.74554443359375
/data/public/EchoSet/test/VLzqgDo317F/1_2_meetingroom_conferenceroom/1188_7176/mix.wav,12.864093780517578,12.970678329467773,12.518916130065918,12.676834106445312
/data/public/EchoSet/test/VLzqgDo317F/1_2_meetingroom_conferenceroom/3570_4970/mix.wav,13.125043869018555,13.431714057922363,12.507852554321289,12.85806941986084
/data/public/EchoSet/test/VLzqgDo317F/1_2_meetingroom_conferenceroom/8455_5142/mix.wav,13.816564559936523,13.8892183303833,13.388484001159668,13.49649429321289
/data/public/EchoSet/test/VLzqgDo317F/1_2_meetingroom_conferenceroom/5105_8463/mix.wav,10.622259140014648,10.912353515625,10.333786010742188,10.678229331970215
/data/public/EchoSet/test/VLzqgDo317F/1_2_meetingroom_conferenceroom/7176_5683/mix.wav,17.27593994140625,17.31043815612793,16.78042221069336,16.838720321655273
/data/public/EchoSet/test/VLzqgDo317F/1_2_meetingroom_conferenceroom/7176_121/mix.wav,14.253475189208984,14.356478691101074,13.937461853027344,14.076250076293945
/data/public/EchoSet/test/VLzqgDo317F/1_2_meetingroom_conferenceroom/7021_1221/mix.wav,11.67121696472168,12.044118881225586,11.328651428222656,11.772730827331543
/data/public/EchoSet/test/VLzqgDo317F/1_2_meetingroom_conferenceroom/5639_3570/mix.wav,12.767146110534668,13.274023056030273,12.408111572265625,12.956896781921387
/data/public/EchoSet/test/VLzqgDo317F/1_2_meetingroom_conferenceroom/4970_8455/mix.wav,13.728965759277344,13.739072799682617,13.374626159667969,13.477411270141602
/data/public/EchoSet/test/VLzqgDo317F/1_2_meetingroom_conferenceroom/61_4507/mix.wav,13.565349578857422,13.756464958190918,13.22205638885498,13.462206840515137
/data/public/EchoSet/test/VLzqgDo317F/1_2_meetingroom_conferenceroom/8463_4446/mix.wav,14.858383178710938,14.91282844543457,14.41877555847168,14.581151962280273
/data/public/EchoSet/test/VLzqgDo317F/1_2_meetingroom_conferenceroom/6930_2094/mix.wav,14.605979919433594,14.637044906616211,13.155319213867188,13.260072708129883
/data/public/EchoSet/test/VLzqgDo317F/1_2_meetingroom_conferenceroom/1284_8463/mix.wav,12.94949722290039,12.889245986938477,12.611555099487305,12.599946975708008
/data/public/EchoSet/test/VLzqgDo317F/1_2_meetingroom_conferenceroom/3570_8463/mix.wav,12.923072814941406,13.19933032989502,12.296245574951172,12.61329174041748
/data/public/EchoSet/test/VLzqgDo317F/1_2_meetingroom_conferenceroom/3729_7127/mix.wav,14.073480606079102,13.978708267211914,13.68709945678711,13.765079498291016
/data/public/EchoSet/test/VLzqgDo317F/1_2_meetingroom_conferenceroom/2830_3570/mix.wav,13.148061752319336,12.62893295288086,12.102689743041992,12.537018775939941
/data/public/EchoSet/test/VLzqgDo317F/1_2_meetingroom_conferenceroom/4970_8224/mix.wav,12.791961669921875,13.006671905517578,12.628425598144531,12.887819290161133
/data/public/EchoSet/test/VLzqgDo317F/1_2_meetingroom_conferenceroom/5639_6829/mix.wav,14.735522270202637,14.64297103881836,14.482755661010742,14.479524612426758
/data/public/EchoSet/test/VLzqgDo317F/1_2_meetingroom_conferenceroom/8463_1580/mix.wav,10.016227722167969,10.250665664672852,9.446294784545898,9.843052864074707
/data/public/EchoSet/test/VLzqgDo317F/1_2_meetingroom_conferenceroom/7127_8230/mix.wav,12.183080673217773,12.049306869506836,11.58377456665039,11.504047393798828
/data/public/EchoSet/test/VLzqgDo317F/1_2_meetingroom_conferenceroom/908_7021/mix.wav,15.125578880310059,15.263385772705078,14.729473114013672,14.897954940795898
/data/public/EchoSet/test/VLzqgDo317F/1_2_meetingroom_conferenceroom/6829_1580/mix.wav,11.574991226196289,11.762613296508789,11.158685684204102,11.430821418762207
/data/public/EchoSet/test/VLzqgDo317F/1_2_meetingroom_conferenceroom/1284_8224/mix.wav,14.846010208129883,14.972175598144531,14.434881210327148,14.581480026245117
/data/public/EchoSet/test/VLzqgDo317F/1_2_meetingroom_conferenceroom/1995_5142/mix.wav,14.128046035766602,14.324359893798828,13.756064414978027,13.967954635620117
/data/public/EchoSet/test/VLzqgDo317F/1_2_meetingroom_conferenceroom/1221_1320/mix.wav,14.731586456298828,14.842315673828125,14.064796447753906,14.216804504394531
/data/public/EchoSet/test/VLzqgDo317F/1_2_meetingroom_conferenceroom/61_7127/mix.wav,12.098809242248535,12.093116760253906,11.435540199279785,11.531441688537598
/data/public/EchoSet/test/VLzqgDo317F/1_2_meetingroom_conferenceroom/6829_1188/mix.wav,12.20809555053711,12.202779769897461,11.589557647705078,11.70075798034668
/data/public/EchoSet/test/VLzqgDo317F/1_2_meetingroom_conferenceroom/5683_908/mix.wav,15.842754364013672,16.04755973815918,15.095216751098633,15.336446762084961
/data/public/EchoSet/test/VLzqgDo317F/1_2_meetingroom_conferenceroom/8230_672/mix.wav,13.891197204589844,14.019896507263184,13.51173210144043,13.672320365905762
/data/public/EchoSet/test/VLzqgDo317F/1_2_meetingroom_conferenceroom/3729_4507/mix.wav,13.734607696533203,14.132107734680176,13.334352493286133,13.76114559173584
/data/public/EchoSet/test/VLzqgDo317F/1_2_meetingroom_conferenceroom/2830_2961/mix.wav,17.287845611572266,17.22045135498047,16.8431453704834,16.85102653503418
/data/public/EchoSet/test/VLzqgDo317F/1_2_meetingroom_conferenceroom/260_7176/mix.wav,13.708990097045898,13.814287185668945,13.458793640136719,13.643294334411621
/data/public/EchoSet/test/VLzqgDo317F/1_2_meetingroom_conferenceroom/1580_1320/mix.wav,13.840909957885742,13.992795944213867,13.443805694580078,13.66616153717041
/data/public/EchoSet/test/VLzqgDo317F/1_2_meetingroom_conferenceroom/2094_7127/mix.wav,8.476865768432617,8.762721061706543,5.731982231140137,6.085879325866699
/data/public/EchoSet/test/VLzqgDo317F/1_2_meetingroom_conferenceroom/672_4077/mix.wav,10.497675895690918,10.48344898223877,9.32341194152832,9.391947746276855
/data/public/EchoSet/test/VLzqgDo317F/1_2_meetingroom_conferenceroom/1188_5105/mix.wav,13.64513874053955,13.752617835998535,13.316560745239258,13.47761058807373
/data/public/EchoSet/test/VLzqgDo317F/1_2_meetingroom_conferenceroom/4992_2830/mix.wav,17.197097778320312,17.1663875579834,16.79627799987793,16.823877334594727
/data/public/EchoSet/test/VLzqgDo317F/1_2_meetingroom_conferenceroom/3729_5105/mix.wav,13.771991729736328,14.056763648986816,13.581652641296387,13.90132999420166
/data/public/EchoSet/test/VLzqgDo317F/1_2_meetingroom_conferenceroom/121_1995/mix.wav,11.27497673034668,11.384859085083008,10.699188232421875,10.90286922454834
/data/public/EchoSet/test/VLzqgDo317F/1_2_meetingroom_conferenceroom/6930_5142/mix.wav,12.854488372802734,12.873189926147461,12.333379745483398,12.410061836242676
/data/public/EchoSet/test/VLzqgDo317F/1_2_meetingroom_conferenceroom/8455_4970/mix.wav,14.372794151306152,14.541132926940918,14.056318283081055,14.264801979064941
/data/public/EchoSet/test/VLzqgDo317F/1_2_meetingroom_conferenceroom/2300_5683/mix.wav,11.596175193786621,12.06350326538086,11.06042766571045,11.592836380004883
/data/public/EchoSet/test/VLzqgDo317F/1_2_meetingroom_conferenceroom/61_7176/mix.wav,11.062606811523438,11.434550285339355,10.580657958984375,11.023834228515625
/data/public/EchoSet/test/VLzqgDo317F/1_2_meetingroom_conferenceroom/5105_1221/mix.wav,13.397024154663086,13.551912307739258,12.732601165771484,12.927833557128906
/data/public/EchoSet/test/VLzqgDo317F/1_2_meetingroom_conferenceroom/672_1089/mix.wav,13.146598815917969,13.310802459716797,12.43514633178711,12.683540344238281
/data/public/EchoSet/test/VLzqgDo317F/1_2_meetingroom_conferenceroom/5105_4077/mix.wav,12.815373420715332,12.819075584411621,12.479384422302246,12.538640022277832
/data/public/EchoSet/test/VLzqgDo317F/1_2_meetingroom_conferenceroom/8224_6829/mix.wav,12.183277130126953,12.399843215942383,11.936610221862793,12.206840515136719
/data/public/EchoSet/test/VLzqgDo317F/1_2_meetingroom_conferenceroom/5142_260/mix.wav,13.18498706817627,12.890167236328125,12.624856948852539,12.464303016662598
/data/public/EchoSet/test/VLzqgDo317F/1_2_meetingroom_conferenceroom/3575_7729/mix.wav,14.540834426879883,14.787849426269531,14.200757026672363,14.491286277770996
/data/public/EchoSet/test/VLzqgDo317F/1_2_meetingroom_conferenceroom/2300_672/mix.wav,12.05937385559082,12.376365661621094,11.338132858276367,11.766193389892578
/data/public/EchoSet/test/VLzqgDo317F/1_2_meetingroom_conferenceroom/672_237/mix.wav,12.624817848205566,12.7667875289917,12.26506233215332,12.459566116333008
/data/public/EchoSet/test/VLzqgDo317F/1_2_meetingroom_conferenceroom/2830_4992/mix.wav,13.294837951660156,13.523963928222656,13.08040714263916,13.449518203735352
/data/public/EchoSet/test/VLzqgDo317F/1_2_meetingroom_conferenceroom/1995_5639/mix.wav,16.885066986083984,16.92959976196289,16.592134475708008,16.680267333984375
/data/public/EchoSet/test/VLzqgDo317F/1_2_meetingroom_conferenceroom/8230_6930/mix.wav,13.827946662902832,13.958706855773926,13.331298828125,13.577923774719238
/data/public/EchoSet/test/VLzqgDo317F/1_2_meetingroom_conferenceroom/4077_1320/mix.wav,11.481114387512207,10.69045639038086,9.812963485717773,9.390178680419922
/data/public/EchoSet/test/VLzqgDo317F/1_2_meetingroom_conferenceroom/4446_5683/mix.wav,14.411306381225586,14.210760116577148,13.884642601013184,13.806147575378418
/data/public/EchoSet/test/VLzqgDo317F/1_2_meetingroom_conferenceroom/1089_7729/mix.wav,13.32099723815918,13.263443946838379,13.112051010131836,13.085726737976074
/data/public/EchoSet/test/VLzqgDo317F/1_2_meetingroom_conferenceroom/2300_237/mix.wav,14.19253921508789,14.162442207336426,13.115228652954102,13.129197120666504
/data/public/EchoSet/test/VLzqgDo317F/1_2_meetingroom_conferenceroom/5639_8555/mix.wav,15.349063873291016,15.249591827392578,14.818443298339844,14.795525550842285
/data/public/EchoSet/test/VLzqgDo317F/1_2_meetingroom_conferenceroom/4507_8555/mix.wav,14.190396308898926,14.094017028808594,13.148171424865723,13.085225105285645
/data/public/EchoSet/test/VLzqgDo317F/1_2_meetingroom_conferenceroom/4077_1284/mix.wav,13.306020736694336,13.473136901855469,12.955141067504883,13.168222427368164
/data/public/EchoSet/test/VLzqgDo317F/1_2_meetingroom_conferenceroom/7729_8224/mix.wav,14.505058288574219,14.618757247924805,14.242975234985352,14.384490966796875
/data/public/EchoSet/test/VLzqgDo317F/1_2_meetingroom_conferenceroom/4507_260/mix.wav,15.945783615112305,15.808156967163086,15.578096389770508,15.646671295166016
/data/public/EchoSet/test/VLzqgDo317F/1_2_meetingroom_conferenceroom/1284_908/mix.wav,13.539196968078613,13.728910446166992,13.292216300964355,13.524097442626953
/data/public/EchoSet/test/VLzqgDo317F/1_2_meetingroom_conferenceroom/2830_8230/mix.wav,12.062078475952148,12.132688522338867,11.542353630065918,11.81021499633789
/data/public/EchoSet/test/VLzqgDo317F/1_2_meetingroom_conferenceroom/260_4970/mix.wav,13.619474411010742,13.869402885437012,13.003973960876465,13.370185852050781
/data/public/EchoSet/test/VLzqgDo317F/1_2_meetingroom_conferenceroom/1995_2961/mix.wav,14.349661827087402,14.279863357543945,14.010111808776855,14.009587287902832
/data/public/EchoSet/test/VLzqgDo317F/1_2_meetingroom_conferenceroom/6829_4970/mix.wav,13.206335067749023,13.32624626159668,12.79619312286377,12.948673248291016
/data/public/EchoSet/test/VLzqgDo317F/1_2_meetingroom_conferenceroom/4446_5639/mix.wav,14.939085006713867,14.974899291992188,14.66858196258545,14.74093246459961
/data/public/EchoSet/test/VLzqgDo317F/1_2_meetingroom_conferenceroom/1284_4992/mix.wav,14.328588485717773,14.198948860168457,13.847225189208984,13.909269332885742
/data/public/EchoSet/test/VLzqgDo317F/1_2_meetingroom_conferenceroom/5639_8230/mix.wav,17.640365600585938,17.73387336730957,17.448577880859375,17.556833267211914
/data/public/EchoSet/test/VLzqgDo317F/1_2_meetingroom_conferenceroom/4507_8230/mix.wav,12.983016967773438,13.125908851623535,12.731205940246582,12.916891098022461
/data/public/EchoSet/test/VLzqgDo317F/1_2_meetingroom_conferenceroom/7021_1995/mix.wav,12.488492965698242,13.077067375183105,12.196311950683594,12.821420669555664
/data/public/EchoSet/test/VLzqgDo317F/1_2_meetingroom_conferenceroom/7021_4446/mix.wav,15.715612411499023,15.78757095336914,15.41019344329834,15.504364013671875
/data/public/EchoSet/test/VLzqgDo317F/1_2_meetingroom_conferenceroom/1089_7176/mix.wav,14.779319763183594,14.993379592895508,14.562875747680664,14.811747550964355
/data/public/EchoSet/test/VLzqgDo317F/1_2_meetingroom_conferenceroom/4446_5142/mix.wav,13.196761131286621,13.210835456848145,12.86009407043457,12.917065620422363
/data/public/EchoSet/test/VLzqgDo317F/1_2_meetingroom_conferenceroom/3570_2830/mix.wav,16.21187400817871,16.295127868652344,15.882083892822266,15.991812705993652
/data/public/EchoSet/test/VLzqgDo317F/1_2_meetingroom_conferenceroom/2094_4970/mix.wav,15.007234573364258,15.041074752807617,14.585915565490723,14.64674186706543
/data/public/EchoSet/test/VLzqgDo317F/1_2_meetingroom_conferenceroom/1188_3729/mix.wav,14.694784164428711,14.67954158782959,14.135266304016113,14.202579498291016
/data/public/EchoSet/test/VLzqgDo317F/1_2_meetingroom_conferenceroom/3729_4077/mix.wav,8.272848129272461,8.03563404083252,6.5706868171691895,6.68888521194458
/data/public/EchoSet/test/VLzqgDo317F/1_2_meetingroom_conferenceroom/1284_2961/mix.wav,12.595535278320312,12.481106758117676,12.10986328125,12.098062515258789
/data/public/EchoSet/test/VLzqgDo317F/1_2_meetingroom_conferenceroom/5142_4992/mix.wav,13.156344413757324,13.315193176269531,12.612430572509766,12.856783866882324
/data/public/EchoSet/test/VLzqgDo317F/1_2_meetingroom_conferenceroom/8224_3575/mix.wav,15.514822006225586,15.562469482421875,14.873458862304688,14.97740650177002
/data/public/EchoSet/test/VLzqgDo317F/1_2_meetingroom_conferenceroom/908_5683/mix.wav,14.247648239135742,13.895713806152344,13.582597732543945,13.61003303527832
/data/public/EchoSet/test/VLzqgDo317F/1_2_meetingroom_conferenceroom/2961_8455/mix.wav,14.390944480895996,14.409152030944824,13.882477760314941,13.955501556396484
/data/public/EchoSet/test/VLzqgDo317F/1_2_meetingroom_conferenceroom/1089_1188/mix.wav,13.52694034576416,13.6978120803833,13.285909652709961,13.518839836120605
/data/public/EchoSet/test/VLzqgDo317F/1_2_meetingroom_conferenceroom/7021_6930/mix.wav,16.638240814208984,16.685279846191406,16.234272003173828,16.318117141723633
/data/public/EchoSet/test/VLzqgDo317F/1_2_meetingroom_conferenceroom/4507_1089/mix.wav,15.810050964355469,16.021242141723633,15.615626335144043,15.86883544921875
/data/public/EchoSet/test/VLzqgDo317F/1_2_meetingroom_conferenceroom/1188_2300/mix.wav,10.739337921142578,10.926725387573242,9.98690414428711,10.234164237976074
/data/public/EchoSet/test/VLzqgDo317F/1_2_meetingroom_conferenceroom/7729_2094/mix.wav,17.11990737915039,17.304027557373047,16.693592071533203,16.900732040405273
/data/public/EchoSet/test/VLzqgDo317F/1_2_meetingroom_conferenceroom/1089_5683/mix.wav,14.406543731689453,14.57149600982666,14.009676933288574,14.199237823486328
/data/public/EchoSet/test/VLzqgDo317F/1_2_meetingroom_conferenceroom/6829_8455/mix.wav,11.937915802001953,11.996016502380371,11.319862365722656,11.444061279296875
/data/public/EchoSet/test/VLzqgDo317F/1_2_meetingroom_conferenceroom/1221_8555/mix.wav,13.630230903625488,13.632528305053711,13.322291374206543,13.369138717651367
/data/public/EchoSet/test/VLzqgDo317F/1_2_meetingroom_conferenceroom/5142_908/mix.wav,15.282570838928223,15.315947532653809,14.893671989440918,14.960004806518555
/data/public/EchoSet/test/VLzqgDo317F/1_2_meetingroom_conferenceroom/4077_7021/mix.wav,13.942081451416016,14.083292961120605,13.367127418518066,13.534040451049805
/data/public/EchoSet/test/VLzqgDo317F/1_2_meetingroom_conferenceroom/5105_237/mix.wav,15.485750198364258,15.427812576293945,14.969959259033203,14.971782684326172
/data/public/EchoSet/test/VLzqgDo317F/1_2_meetingroom_conferenceroom/1284_1580/mix.wav,13.660655975341797,13.757749557495117,13.173851013183594,13.329765319824219
/data/public/EchoSet/test/VLzqgDo317F/1_2_meetingroom_conferenceroom/61_4077/mix.wav,9.275186538696289,9.540328025817871,7.103311538696289,7.464643478393555
/data/public/EchoSet/test/VLzqgDo317F/1_2_meetingroom_conferenceroom/4970_2961/mix.wav,14.978814125061035,15.062861442565918,14.654991149902344,14.794746398925781
/data/public/EchoSet/test/VLzqgDo317F/1_2_meetingroom_conferenceroom/8555_5639/mix.wav,15.443968772888184,15.506668090820312,15.049989700317383,15.188517570495605
/data/public/EchoSet/test/VLzqgDo317F/1_2_meetingroom_conferenceroom/4446_1284/mix.wav,13.717937469482422,13.782150268554688,13.043169975280762,13.152118682861328
/data/public/EchoSet/test/VLzqgDo317F/1_2_meetingroom_conferenceroom/260_8224/mix.wav,11.023174285888672,11.493697166442871,10.661649703979492,11.192695617675781
/data/public/EchoSet/test/VLzqgDo317F/1_2_meetingroom_conferenceroom/1320_3570/mix.wav,13.258066177368164,13.28896427154541,11.565707206726074,11.764785766601562
/data/public/EchoSet/test/VLzqgDo317F/1_2_meetingroom_conferenceroom/8555_7021/mix.wav,12.927328109741211,13.180099487304688,12.449878692626953,12.75202465057373
/data/public/EchoSet/test/VLzqgDo317F/1_2_meetingroom_conferenceroom/8555_1089/mix.wav,13.51513671875,13.557622909545898,12.948481559753418,13.097000122070312
/data/public/EchoSet/test/VLzqgDo317F/1_2_meetingroom_conferenceroom/7729_3575/mix.wav,12.769522666931152,12.9325590133667,12.509082794189453,12.727519035339355
/data/public/EchoSet/test/VLzqgDo317F/1_2_meetingroom_conferenceroom/2094_2300/mix.wav,12.018728256225586,11.863834381103516,10.963680267333984,10.9476900100708
/data/public/EchoSet/test/VLzqgDo317F/1_2_meetingroom_conferenceroom/1188_3575/mix.wav,15.433088302612305,15.6488676071167,14.583537101745605,14.850646018981934
/data/public/EchoSet/test/VLzqgDo317F/1_2_meetingroom_conferenceroom/5105_6829/mix.wav,12.672542572021484,12.800451278686523,12.250696182250977,12.404687881469727
/data/public/EchoSet/test/VLzqgDo317F/1_2_meetingroom_conferenceroom/2094_121/mix.wav,13.109317779541016,13.21059799194336,12.43502426147461,12.575953483581543
/data/public/EchoSet/test/VLzqgDo317F/1_2_meetingroom_conferenceroom/237_1089/mix.wav,13.299125671386719,13.363848686218262,12.851580619812012,13.004232406616211
/data/public/EchoSet/test/VLzqgDo317F/1_2_meetingroom_conferenceroom/1580_1221/mix.wav,12.918380737304688,12.912196159362793,12.562603950500488,12.589258193969727
/data/public/EchoSet/test/VLzqgDo317F/1_2_meetingroom_conferenceroom/672_7127/mix.wav,12.395939826965332,12.721484184265137,11.971014022827148,12.346254348754883
/data/public/EchoSet/test/VLzqgDo317F/1_2_meetingroom_conferenceroom/2830_908/mix.wav,15.226408958435059,14.894518852233887,15.027166366577148,15.196077346801758
/data/public/EchoSet/test/VLzqgDo317F/1_2_meetingroom_conferenceroom/61_5142/mix.wav,10.979427337646484,11.236488342285156,10.416043281555176,10.776963233947754
/data/public/EchoSet/test/VLzqgDo317F/1_2_meetingroom_conferenceroom/2094_8455/mix.wav,14.714241027832031,14.795401573181152,14.149576187133789,14.263941764831543
/data/public/EchoSet/test/VLzqgDo317F/1_2_meetingroom_conferenceroom/6930_7176/mix.wav,12.842874526977539,13.463132858276367,12.695596694946289,13.360138893127441
/data/public/EchoSet/test/VLzqgDo317F/1_2_meetingroom_conferenceroom/121_1221/mix.wav,12.771692276000977,12.916967391967773,12.479349136352539,12.652311325073242
/data/public/EchoSet/test/VLzqgDo317F/1_2_meetingroom_conferenceroom/8463_3575/mix.wav,12.598638534545898,12.859848976135254,12.275859832763672,12.615134239196777
/data/public/EchoSet/test/VLzqgDo317F/1_2_meetingroom_conferenceroom/4992_3575/mix.wav,15.255332946777344,15.304033279418945,14.821887969970703,14.895413398742676
/data/public/EchoSet/test/VLzqgDo317F/1_2_meetingroom_conferenceroom/1995_1580/mix.wav,15.16240406036377,15.471714973449707,14.913429260253906,15.32352066040039
/data/public/EchoSet/test/VLzqgDo317F/1_2_meetingroom_conferenceroom/8224_8455/mix.wav,11.098737716674805,11.206430435180664,8.705395698547363,8.868215560913086
/data/public/EchoSet/test/VLzqgDo317F/1_2_meetingroom_conferenceroom/237_2300/mix.wav,12.941434860229492,13.201025009155273,12.574128150939941,12.885136604309082
/data/public/EchoSet/test/VLzqgDo317F/1_2_meetingroom_conferenceroom/7127_5683/mix.wav,15.955718994140625,16.09330940246582,15.477669715881348,15.651389122009277
/data/public/EchoSet/test/VLzqgDo317F/1_2_meetingroom_conferenceroom/7021_237/mix.wav,15.460273742675781,15.623041152954102,15.11150074005127,15.296685218811035
/data/public/EchoSet/test/VLzqgDo317F/1_2_meetingroom_conferenceroom/61_5639/mix.wav,15.185701370239258,15.23557186126709,14.97813606262207,15.046191215515137
/data/public/EchoSet/test/VLzqgDo317F/1_2_meetingroom_conferenceroom/1320_6930/mix.wav,16.35727310180664,16.30292510986328,15.815086364746094,15.88294792175293
/data/public/EchoSet/test/VLzqgDo317F/1_2_meetingroom_conferenceroom/260_2300/mix.wav,10.631155014038086,10.91336727142334,10.358835220336914,10.720938682556152
/data/public/EchoSet/test/VLzqgDo317F/1_2_meetingroom_conferenceroom/260_1221/mix.wav,11.785947799682617,12.147407531738281,11.444427490234375,11.86517333984375
/data/public/EchoSet/test/VLzqgDo317F/1_2_meetingroom_conferenceroom/672_61/mix.wav,10.563165664672852,10.554635047912598,8.109950065612793,8.129944801330566
/data/public/EchoSet/test/VLzqgDo317F/1_2_meetingroom_conferenceroom/3729_8463/mix.wav,12.08610725402832,12.396652221679688,11.6910400390625,12.093137741088867
/data/public/EchoSet/test/VLzqgDo317F/1_2_meetingroom_conferenceroom/6829_4077/mix.wav,11.886932373046875,11.935160636901855,11.504194259643555,11.585254669189453
/data/public/EchoSet/test/VLzqgDo317F/0_7_meetingroom_conferenceroom/3729_121/mix.wav,12.741971015930176,12.738106727600098,12.289093017578125,12.32036018371582
/data/public/EchoSet/test/VLzqgDo317F/0_7_meetingroom_conferenceroom/1089_8555/mix.wav,13.363360404968262,13.180907249450684,12.883401870727539,12.988765716552734
/data/public/EchoSet/test/VLzqgDo317F/0_7_meetingroom_conferenceroom/3729_6829/mix.wav,10.160588264465332,10.636368751525879,9.832682609558105,10.374934196472168
/data/public/EchoSet/test/VLzqgDo317F/0_7_meetingroom_conferenceroom/237_3575/mix.wav,13.014005661010742,12.945586204528809,12.116231918334961,12.090839385986328
/data/public/EchoSet/test/VLzqgDo317F/0_7_meetingroom_conferenceroom/3575_908/mix.wav,11.947834968566895,12.141159057617188,11.38532829284668,11.685150146484375
/data/public/EchoSet/test/VLzqgDo317F/0_7_meetingroom_conferenceroom/8230_5105/mix.wav,12.224733352661133,12.302352905273438,11.917765617370605,12.044049263000488
/data/public/EchoSet/test/VLzqgDo317F/0_7_meetingroom_conferenceroom/4970_8555/mix.wav,13.997941017150879,14.038138389587402,13.651775360107422,13.712246894836426
/data/public/EchoSet/test/VLzqgDo317F/0_7_meetingroom_conferenceroom/4970_2300/mix.wav,15.628303527832031,15.645331382751465,15.15597152709961,15.203102111816406
/data/public/EchoSet/test/VLzqgDo317F/0_7_meetingroom_conferenceroom/7729_4446/mix.wav,14.079854965209961,14.090932846069336,13.601009368896484,13.649467468261719
/data/public/EchoSet/test/VLzqgDo317F/0_7_meetingroom_conferenceroom/1188_4446/mix.wav,14.882259368896484,14.993972778320312,14.550714492797852,14.699396133422852
/data/public/EchoSet/test/VLzqgDo317F/0_7_meetingroom_conferenceroom/7127_5639/mix.wav,12.96148681640625,13.015098571777344,12.72831916809082,12.817176818847656
/data/public/EchoSet/test/VLzqgDo317F/0_7_meetingroom_conferenceroom/61_4992/mix.wav,12.729324340820312,12.754067420959473,12.438825607299805,12.558019638061523
/data/public/EchoSet/test/VLzqgDo317F/0_7_meetingroom_conferenceroom/1221_2830/mix.wav,11.626872062683105,11.417376518249512,10.972322463989258,10.930912971496582
/data/public/EchoSet/test/VLzqgDo317F/0_7_meetingroom_conferenceroom/4446_7176/mix.wav,13.090967178344727,13.295251846313477,12.800466537475586,13.027566909790039
/data/public/EchoSet/test/VLzqgDo317F/0_7_meetingroom_conferenceroom/5683_6930/mix.wav,12.969433784484863,13.151082992553711,12.522563934326172,12.744000434875488
/data/public/EchoSet/test/VLzqgDo317F/0_7_meetingroom_conferenceroom/3575_8230/mix.wav,10.470304489135742,10.520692825317383,10.111640930175781,10.222020149230957
/data/public/EchoSet/test/VLzqgDo317F/0_7_meetingroom_conferenceroom/8224_5683/mix.wav,11.275386810302734,11.378183364868164,10.410086631774902,10.60063362121582
/data/public/EchoSet/test/VLzqgDo317F/0_7_meetingroom_conferenceroom/1580_2961/mix.wav,13.08634090423584,13.138910293579102,12.748595237731934,12.876643180847168
/data/public/EchoSet/test/VLzqgDo317F/0_7_meetingroom_conferenceroom/908_4992/mix.wav,17.275238037109375,17.329269409179688,16.96489715576172,17.0457706451416
/data/public/EchoSet/test/VLzqgDo317F/0_7_meetingroom_conferenceroom/8230_5683/mix.wav,15.19719123840332,15.193408966064453,14.902372360229492,14.94699478149414
/data/public/EchoSet/test/VLzqgDo317F/0_7_meetingroom_conferenceroom/1089_5639/mix.wav,10.866281509399414,11.164420127868652,10.405097961425781,10.797091484069824
/data/public/EchoSet/test/VLzqgDo317F/0_7_meetingroom_conferenceroom/4970_5639/mix.wav,11.392951011657715,11.497339248657227,10.951467514038086,11.215801239013672
/data/public/EchoSet/test/VLzqgDo317F/0_7_meetingroom_conferenceroom/7127_2300/mix.wav,10.22312068939209,10.621541023254395,9.810821533203125,10.275154113769531
/data/public/EchoSet/test/VLzqgDo317F/0_7_meetingroom_conferenceroom/8555_121/mix.wav,18.616437911987305,18.769763946533203,18.506343841552734,18.663936614990234
/data/public/EchoSet/test/VLzqgDo317F/0_7_meetingroom_conferenceroom/4077_121/mix.wav,10.989168167114258,10.980820655822754,10.158894538879395,10.278343200683594
/data/public/EchoSet/test/VLzqgDo317F/0_7_meetingroom_conferenceroom/2830_1580/mix.wav,11.353994369506836,11.745687484741211,10.880102157592773,11.363615036010742
/data/public/EchoSet/test/VLzqgDo317F/0_7_meetingroom_conferenceroom/7127_4077/mix.wav,9.19902515411377,9.547720909118652,8.82494068145752,9.249364852905273
/data/public/EchoSet/test/VLzqgDo317F/0_7_meetingroom_conferenceroom/2300_1995/mix.wav,12.710657119750977,12.76144790649414,12.259661674499512,12.371514320373535
/data/public/EchoSet/test/VLzqgDo317F/0_7_meetingroom_conferenceroom/5105_8463/mix.wav,13.647635459899902,13.68371295928955,13.212759971618652,13.282211303710938
/data/public/EchoSet/test/VLzqgDo317F/0_7_meetingroom_conferenceroom/4970_61/mix.wav,13.04490852355957,13.119287490844727,12.723623275756836,12.856196403503418
/data/public/EchoSet/test/VLzqgDo317F/0_7_meetingroom_conferenceroom/7021_5142/mix.wav,10.596845626831055,10.96882438659668,9.845996856689453,10.278389930725098
/data/public/EchoSet/test/VLzqgDo317F/0_7_meetingroom_conferenceroom/8224_5105/mix.wav,9.766843795776367,9.803206443786621,8.415754318237305,8.542289733886719
/data/public/EchoSet/test/VLzqgDo317F/0_7_meetingroom_conferenceroom/2300_3570/mix.wav,11.420099258422852,11.488595008850098,11.119806289672852,11.24063491821289
/data/public/EchoSet/test/VLzqgDo317F/0_7_meetingroom_conferenceroom/61_2961/mix.wav,15.321815490722656,15.363250732421875,14.618196487426758,14.806721687316895
/data/public/EchoSet/test/VLzqgDo317F/0_7_meetingroom_conferenceroom/121_237/mix.wav,14.987082481384277,15.009465217590332,14.59691047668457,14.654468536376953
/data/public/EchoSet/test/VLzqgDo317F/0_7_meetingroom_conferenceroom/5683_6829/mix.wav,12.41143798828125,12.533257484436035,11.701671600341797,11.905567169189453
/data/public/EchoSet/test/VLzqgDo317F/0_7_meetingroom_conferenceroom/3575_8224/mix.wav,13.210796356201172,13.206308364868164,12.334185600280762,12.399045944213867
/data/public/EchoSet/test/VLzqgDo317F/0_7_meetingroom_conferenceroom/5639_4446/mix.wav,14.145943641662598,14.29008674621582,13.921825408935547,14.098165512084961
/data/public/EchoSet/test/VLzqgDo317F/0_7_meetingroom_conferenceroom/1320_237/mix.wav,10.707895278930664,10.984421730041504,9.934545516967773,10.28878116607666
/data/public/EchoSet/test/VLzqgDo317F/0_7_meetingroom_conferenceroom/2961_1188/mix.wav,10.053840637207031,10.015357971191406,8.934669494628906,9.229907035827637
/data/public/EchoSet/test/VLzqgDo317F/0_7_meetingroom_conferenceroom/3729_1320/mix.wav,12.342316627502441,12.466836929321289,11.884857177734375,12.080770492553711
/data/public/EchoSet/test/VLzqgDo317F/0_7_meetingroom_conferenceroom/3729_4507/mix.wav,14.843564987182617,14.921184539794922,14.449378967285156,14.609576225280762
/data/public/EchoSet/test/VLzqgDo317F/0_7_meetingroom_conferenceroom/2830_237/mix.wav,14.202075004577637,14.486603736877441,13.832208633422852,14.15415096282959
/data/public/EchoSet/test/VLzqgDo317F/0_7_meetingroom_conferenceroom/1221_7127/mix.wav,12.128418922424316,12.025386810302734,11.09056282043457,11.08030891418457
/data/public/EchoSet/test/VLzqgDo317F/0_7_meetingroom_conferenceroom/4992_908/mix.wav,11.376077651977539,11.680405616760254,11.163597106933594,11.522989273071289
/data/public/EchoSet/test/VLzqgDo317F/0_7_meetingroom_conferenceroom/61_1995/mix.wav,10.377859115600586,10.424449920654297,9.99088191986084,10.118220329284668
/data/public/EchoSet/test/VLzqgDo317F/0_7_meetingroom_conferenceroom/6930_3729/mix.wav,12.184036254882812,12.432747840881348,11.418498039245605,11.728853225708008
/data/public/EchoSet/test/VLzqgDo317F/0_7_meetingroom_conferenceroom/6930_1221/mix.wav,10.597833633422852,11.15589427947998,9.935629844665527,10.580699920654297
/data/public/EchoSet/test/VLzqgDo317F/0_7_meetingroom_conferenceroom/1580_6930/mix.wav,12.865556716918945,13.001274108886719,12.460601806640625,12.635516166687012
/data/public/EchoSet/test/VLzqgDo317F/0_7_meetingroom_conferenceroom/8555_672/mix.wav,12.7450590133667,13.155713081359863,12.422060012817383,12.894445419311523
/data/public/EchoSet/test/VLzqgDo317F/0_7_meetingroom_conferenceroom/1995_5142/mix.wav,14.708887100219727,14.787467956542969,14.402486801147461,14.520931243896484
/data/public/EchoSet/test/VLzqgDo317F/0_7_meetingroom_conferenceroom/908_4446/mix.wav,13.508499145507812,13.662996292114258,12.95871353149414,13.190300941467285
/data/public/EchoSet/test/VLzqgDo317F/0_7_meetingroom_conferenceroom/1995_121/mix.wav,11.602156639099121,11.884032249450684,11.34265422821045,11.672311782836914
/data/public/EchoSet/test/VLzqgDo317F/0_7_meetingroom_conferenceroom/7021_7729/mix.wav,10.69099235534668,11.037400245666504,10.328130722045898,10.713787078857422
/data/public/EchoSet/test/VLzqgDo317F/0_7_meetingroom_conferenceroom/672_908/mix.wav,12.898813247680664,13.235945701599121,12.383663177490234,12.773710250854492
/data/public/EchoSet/test/VLzqgDo317F/0_7_meetingroom_conferenceroom/7127_1284/mix.wav,12.442916870117188,12.40577507019043,11.807672500610352,11.827842712402344
/data/public/EchoSet/test/VLzqgDo317F/0_7_meetingroom_conferenceroom/6829_3570/mix.wav,13.227029800415039,13.198042869567871,12.805764198303223,12.812451362609863
/data/public/EchoSet/test/VLzqgDo317F/0_7_meetingroom_conferenceroom/8230_1188/mix.wav,9.202445030212402,9.192680358886719,8.463285446166992,8.599743843078613
/data/public/EchoSet/test/VLzqgDo317F/0_7_meetingroom_conferenceroom/8224_1320/mix.wav,10.35647201538086,10.444994926452637,9.959213256835938,10.131233215332031
/data/public/EchoSet/test/VLzqgDo317F/0_7_meetingroom_conferenceroom/1995_4077/mix.wav,11.012880325317383,10.990570068359375,9.90310287475586,10.013860702514648
/data/public/EchoSet/test/VLzqgDo317F/0_7_meetingroom_conferenceroom/237_8455/mix.wav,13.213400840759277,13.287673950195312,12.589035034179688,12.724592208862305
/data/public/EchoSet/test/VLzqgDo317F/0_7_meetingroom_conferenceroom/4077_7176/mix.wav,11.70907974243164,11.909235954284668,11.386761665344238,11.657742500305176
/data/public/EchoSet/test/VLzqgDo317F/0_7_meetingroom_conferenceroom/5683_2830/mix.wav,12.89886474609375,13.003515243530273,12.092916488647461,12.377054214477539
/data/public/EchoSet/test/VLzqgDo317F/0_7_meetingroom_conferenceroom/260_8230/mix.wav,8.702054023742676,9.157175064086914,8.339580535888672,8.855921745300293
/data/public/EchoSet/test/VLzqgDo317F/0_7_meetingroom_conferenceroom/1995_8455/mix.wav,12.990631103515625,13.297475814819336,12.661539077758789,13.024849891662598
/data/public/EchoSet/test/VLzqgDo317F/0_7_meetingroom_conferenceroom/6829_6930/mix.wav,13.363006591796875,13.267547607421875,12.684682846069336,12.701089859008789
/data/public/EchoSet/test/VLzqgDo317F/0_7_meetingroom_conferenceroom/2094_1188/mix.wav,12.998743057250977,13.049833297729492,12.67365550994873,12.78847599029541
/data/public/EchoSet/test/VLzqgDo317F/0_7_meetingroom_conferenceroom/1221_3570/mix.wav,12.19863510131836,12.269545555114746,11.569377899169922,11.71596908569336
/data/public/EchoSet/test/VLzqgDo317F/0_7_meetingroom_conferenceroom/1284_8230/mix.wav,11.739152908325195,11.673660278320312,10.807766914367676,10.939988136291504
/data/public/EchoSet/test/VLzqgDo317F/0_7_meetingroom_conferenceroom/8455_672/mix.wav,11.938594818115234,11.994384765625,11.23223876953125,11.312291145324707
/data/public/EchoSet/test/VLzqgDo317F/0_7_meetingroom_conferenceroom/1995_8224/mix.wav,11.334848403930664,11.503762245178223,10.926851272583008,11.168444633483887
/data/public/EchoSet/test/VLzqgDo317F/0_7_meetingroom_conferenceroom/1580_4446/mix.wav,13.738506317138672,14.101140022277832,13.455253601074219,13.837803840637207
/data/public/EchoSet/test/VLzqgDo317F/0_7_meetingroom_conferenceroom/1284_5142/mix.wav,14.502815246582031,14.444189071655273,13.963037490844727,13.957646369934082
/data/public/EchoSet/test/VLzqgDo317F/0_7_meetingroom_conferenceroom/672_1580/mix.wav,13.491945266723633,13.547492027282715,13.03756332397461,13.18069076538086
/data/public/EchoSet/test/VLzqgDo317F/0_7_meetingroom_conferenceroom/908_6930/mix.wav,11.861401557922363,12.552111625671387,11.136234283447266,11.880426406860352
/data/public/EchoSet/test/VLzqgDo317F/0_7_meetingroom_conferenceroom/5142_8224/mix.wav,11.568863868713379,11.569714546203613,11.225353240966797,11.485745429992676
/data/public/EchoSet/test/VLzqgDo317F/0_7_meetingroom_conferenceroom/1221_1580/mix.wav,8.162833213806152,9.017690658569336,7.5284013748168945,8.488149642944336
/data/public/EchoSet/test/VLzqgDo317F/0_7_meetingroom_conferenceroom/5105_5142/mix.wav,13.145011901855469,13.227896690368652,12.68951416015625,12.804057121276855
/data/public/EchoSet/test/VLzqgDo317F/0_7_meetingroom_conferenceroom/5639_4507/mix.wav,11.45113754272461,11.445853233337402,10.946268081665039,11.012928009033203
/data/public/EchoSet/test/VLzqgDo317F/0_7_meetingroom_conferenceroom/1089_7729/mix.wav,14.440378189086914,14.452055931091309,13.845396041870117,13.939830780029297
/data/public/EchoSet/test/VLzqgDo317F/0_7_meetingroom_conferenceroom/1089_2094/mix.wav,13.141018867492676,13.010356903076172,12.639720916748047,12.6024169921875
/data/public/EchoSet/test/VLzqgDo317F/0_7_meetingroom_conferenceroom/3570_2300/mix.wav,9.804693222045898,9.647026062011719,9.241500854492188,9.112079620361328
/data/public/EchoSet/test/VLzqgDo317F/0_7_meetingroom_conferenceroom/4446_5683/mix.wav,12.905174255371094,13.136787414550781,12.099254608154297,12.372788429260254
/data/public/EchoSet/test/VLzqgDo317F/0_7_meetingroom_conferenceroom/8463_908/mix.wav,14.189515113830566,14.326339721679688,13.954530715942383,14.119665145874023
/data/public/EchoSet/test/VLzqgDo317F/0_7_meetingroom_conferenceroom/7729_2961/mix.wav,12.97378921508789,12.873924255371094,12.608976364135742,12.559592247009277
/data/public/EchoSet/test/VLzqgDo317F/0_7_meetingroom_conferenceroom/4507_2300/mix.wav,14.541290283203125,14.68818187713623,14.357348442077637,14.532907485961914
/data/public/EchoSet/test/VLzqgDo317F/0_7_meetingroom_conferenceroom/5105_4992/mix.wav,12.535648345947266,12.709632873535156,12.086299896240234,12.376015663146973
/data/public/EchoSet/test/VLzqgDo317F/0_7_meetingroom_conferenceroom/4507_8555/mix.wav,12.074968338012695,12.250344276428223,11.794601440429688,12.01983642578125
/data/public/EchoSet/test/VLzqgDo317F/0_7_meetingroom_conferenceroom/4077_1284/mix.wav,13.200212478637695,13.37744426727295,12.8429536819458,13.072031021118164
/data/public/EchoSet/test/VLzqgDo317F/0_7_meetingroom_conferenceroom/1089_7127/mix.wav,14.300687789916992,14.38001823425293,13.941699981689453,14.0808687210083
/data/public/EchoSet/test/VLzqgDo317F/0_7_meetingroom_conferenceroom/4992_4077/mix.wav,14.00889778137207,14.087187767028809,13.613170623779297,13.723764419555664
/data/public/EchoSet/test/VLzqgDo317F/0_7_meetingroom_conferenceroom/7021_7176/mix.wav,9.450764656066895,9.40688705444336,9.193047523498535,9.206196784973145
/data/public/EchoSet/test/VLzqgDo317F/0_7_meetingroom_conferenceroom/260_5105/mix.wav,11.857603073120117,11.897207260131836,11.042257308959961,11.125104904174805
/data/public/EchoSet/test/VLzqgDo317F/0_7_meetingroom_conferenceroom/121_4507/mix.wav,10.487953186035156,11.251001358032227,10.2804594039917,11.06523323059082
/data/public/EchoSet/test/VLzqgDo317F/0_7_meetingroom_conferenceroom/7021_1188/mix.wav,10.729654312133789,10.96235466003418,10.239374160766602,10.537413597106934
/data/public/EchoSet/test/VLzqgDo317F/0_7_meetingroom_conferenceroom/2300_121/mix.wav,10.412382125854492,11.152119636535645,10.071897506713867,10.882268905639648
/data/public/EchoSet/test/VLzqgDo317F/0_7_meetingroom_conferenceroom/2961_5142/mix.wav,12.666597366333008,12.567488670349121,12.105245590209961,12.08165168762207
/data/public/EchoSet/test/VLzqgDo317F/0_7_meetingroom_conferenceroom/61_908/mix.wav,10.740434646606445,10.671797752380371,10.137420654296875,10.165299415588379
/data/public/EchoSet/test/VLzqgDo317F/0_7_meetingroom_conferenceroom/7021_1580/mix.wav,17.79499053955078,17.652732849121094,17.229618072509766,17.2307186126709
/data/public/EchoSet/test/VLzqgDo317F/0_7_meetingroom_conferenceroom/8230_7729/mix.wav,11.944658279418945,11.913337707519531,11.583702087402344,11.605854988098145
/data/public/EchoSet/test/VLzqgDo317F/0_7_meetingroom_conferenceroom/3570_4992/mix.wav,12.702446937561035,13.090420722961426,12.436579704284668,12.844988822937012
/data/public/EchoSet/test/VLzqgDo317F/0_7_meetingroom_conferenceroom/2830_4077/mix.wav,10.081768035888672,10.187859535217285,9.584724426269531,9.763287544250488
/data/public/EchoSet/test/VLzqgDo317F/0_7_meetingroom_conferenceroom/4507_5639/mix.wav,14.024188041687012,14.185230255126953,13.581857681274414,13.813863754272461
/data/public/EchoSet/test/VLzqgDo317F/0_7_meetingroom_conferenceroom/1320_2830/mix.wav,14.426939010620117,14.346700668334961,14.146136283874512,14.125388145446777
/data/public/EchoSet/test/VLzqgDo317F/0_7_meetingroom_conferenceroom/1580_2094/mix.wav,9.659028053283691,10.099812507629395,8.786337852478027,9.320423126220703
/data/public/EchoSet/test/VLzqgDo317F/0_7_meetingroom_conferenceroom/237_5683/mix.wav,12.41225814819336,12.66439151763916,12.012675285339355,12.313150405883789
/data/public/EchoSet/test/VLzqgDo317F/0_7_meetingroom_conferenceroom/8463_5639/mix.wav,13.985973358154297,14.075214385986328,13.689327239990234,13.80224895477295
/data/public/EchoSet/test/VLzqgDo317F/0_7_meetingroom_conferenceroom/3729_2300/mix.wav,14.351253509521484,14.311869621276855,13.945646286010742,13.941308975219727
/data/public/EchoSet/test/VLzqgDo317F/0_7_meetingroom_conferenceroom/4992_7021/mix.wav,12.502938270568848,12.679616928100586,11.85916519165039,12.107043266296387
/data/public/EchoSet/test/VLzqgDo317F/0_7_meetingroom_conferenceroom/2094_3575/mix.wav,14.22431755065918,14.137299537658691,13.892061233520508,13.88765811920166
/data/public/EchoSet/test/VLzqgDo317F/0_7_meetingroom_conferenceroom/1221_1284/mix.wav,15.676905632019043,15.802104949951172,15.223159790039062,15.392528533935547
/data/public/EchoSet/test/VLzqgDo317F/0_7_meetingroom_conferenceroom/4446_8555/mix.wav,13.260309219360352,13.171258926391602,12.342374801635742,12.323739051818848
/data/public/EchoSet/test/VLzqgDo317F/0_7_meetingroom_conferenceroom/4970_6829/mix.wav,11.586711883544922,11.985368728637695,11.360895156860352,11.780839920043945
/data/public/EchoSet/test/VLzqgDo317F/0_7_meetingroom_conferenceroom/2830_5639/mix.wav,12.672174453735352,12.801226615905762,12.431671142578125,12.596796035766602
/data/public/EchoSet/test/VLzqgDo317F/0_7_meetingroom_conferenceroom/1188_8555/mix.wav,16.10211181640625,16.23324966430664,15.783905982971191,15.983838081359863
/data/public/EchoSet/test/VLzqgDo317F/0_7_meetingroom_conferenceroom/672_4970/mix.wav,12.585195541381836,12.611245155334473,11.971500396728516,12.043696403503418
/data/public/EchoSet/test/VLzqgDo317F/0_7_meetingroom_conferenceroom/1284_2961/mix.wav,11.814348220825195,11.916648864746094,11.216434478759766,11.455598831176758
/data/public/EchoSet/test/VLzqgDo317F/0_7_meetingroom_conferenceroom/1221_7729/mix.wav,10.826555252075195,11.011153221130371,10.38870620727539,10.644807815551758
/data/public/EchoSet/test/VLzqgDo317F/0_7_meetingroom_conferenceroom/5105_672/mix.wav,10.466789245605469,10.470563888549805,9.038900375366211,9.097380638122559
/data/public/EchoSet/test/VLzqgDo317F/0_7_meetingroom_conferenceroom/121_7176/mix.wav,10.593467712402344,10.569374084472656,10.241519927978516,10.292901039123535
/data/public/EchoSet/test/VLzqgDo317F/0_7_meetingroom_conferenceroom/5142_6930/mix.wav,10.937726974487305,11.152970314025879,10.477185249328613,10.772665023803711
/data/public/EchoSet/test/VLzqgDo317F/0_7_meetingroom_conferenceroom/1320_672/mix.wav,11.093448638916016,11.092097282409668,10.390913009643555,10.522990226745605
/data/public/EchoSet/test/VLzqgDo317F/0_7_meetingroom_conferenceroom/260_1188/mix.wav,12.438613891601562,12.57177734375,12.022449493408203,12.204477310180664
/data/public/EchoSet/test/VLzqgDo317F/0_7_meetingroom_conferenceroom/1188_7729/mix.wav,12.821632385253906,12.951030731201172,12.421026229858398,12.617447853088379
/data/public/EchoSet/test/VLzqgDo317F/0_7_meetingroom_conferenceroom/8463_260/mix.wav,11.975460052490234,12.181126594543457,11.541807174682617,11.814079284667969
/data/public/EchoSet/test/VLzqgDo317F/0_7_meetingroom_conferenceroom/61_8455/mix.wav,11.256648063659668,11.316780090332031,10.17020034790039,10.278170585632324
/data/public/EchoSet/test/VLzqgDo317F/0_7_meetingroom_conferenceroom/5683_8463/mix.wav,12.7804594039917,13.147625923156738,12.474970817565918,12.903617858886719
/data/public/EchoSet/test/VLzqgDo317F/0_7_meetingroom_conferenceroom/1320_6829/mix.wav,14.501749038696289,14.652448654174805,14.116186141967773,14.283716201782227
/data/public/EchoSet/test/VLzqgDo317F/0_7_meetingroom_conferenceroom/6829_8455/mix.wav,11.170459747314453,11.430132865905762,10.645742416381836,11.016443252563477
/data/public/EchoSet/test/VLzqgDo317F/0_7_meetingroom_conferenceroom/3570_7176/mix.wav,10.513778686523438,10.825249671936035,9.876654624938965,10.291946411132812
/data/public/EchoSet/test/VLzqgDo317F/0_7_meetingroom_conferenceroom/260_7176/mix.wav,11.782320022583008,12.062206268310547,11.495275497436523,11.82595157623291
/data/public/EchoSet/test/VLzqgDo317F/0_7_meetingroom_conferenceroom/2094_3729/mix.wav,14.456371307373047,14.461626052856445,14.184239387512207,14.22758960723877
/data/public/EchoSet/test/VLzqgDo317F/0_7_meetingroom_conferenceroom/237_1995/mix.wav,13.888769149780273,13.955305099487305,13.516464233398438,13.652361869812012
/data/public/EchoSet/test/VLzqgDo317F/0_7_meetingroom_conferenceroom/5105_6829/mix.wav,13.471576690673828,13.700464248657227,12.632356643676758,12.895723342895508
/data/public/EchoSet/test/VLzqgDo317F/0_7_meetingroom_conferenceroom/8455_2830/mix.wav,12.056516647338867,12.172191619873047,11.60535717010498,11.817242622375488
/data/public/EchoSet/test/VLzqgDo317F/0_7_meetingroom_conferenceroom/8463_4970/mix.wav,14.40977668762207,14.593356132507324,14.077371597290039,14.307775497436523
/data/public/EchoSet/test/VLzqgDo317F/0_7_meetingroom_conferenceroom/1089_4992/mix.wav,11.267776489257812,11.233741760253906,10.85084342956543,10.887651443481445
/data/public/EchoSet/test/VLzqgDo317F/0_7_meetingroom_conferenceroom/61_5142/mix.wav,12.065061569213867,12.210205078125,11.170913696289062,11.413225173950195
/data/public/EchoSet/test/VLzqgDo317F/0_7_meetingroom_conferenceroom/6930_3570/mix.wav,13.652097702026367,13.725192070007324,12.726044654846191,12.831962585449219
/data/public/EchoSet/test/VLzqgDo317F/0_7_meetingroom_conferenceroom/260_61/mix.wav,14.388259887695312,14.282881736755371,13.637497901916504,13.625864028930664
/data/public/EchoSet/test/VLzqgDo317F/0_7_meetingroom_conferenceroom/8463_3575/mix.wav,14.151324272155762,14.480964660644531,13.793877601623535,14.205001831054688
/data/public/EchoSet/test/VLzqgDo317F/0_7_meetingroom_conferenceroom/1284_7127/mix.wav,12.877639770507812,12.829414367675781,11.414909362792969,11.73154354095459
/data/public/EchoSet/test/VLzqgDo317F/0_7_meetingroom_conferenceroom/4507_1284/mix.wav,13.448271751403809,13.554576873779297,13.203483581542969,13.350275993347168
/data/public/EchoSet/test/VLzqgDo317F/0_7_meetingroom_conferenceroom/3729_8463/mix.wav,15.151881217956543,15.25870132446289,14.82904052734375,14.959875106811523
/data/public/EchoSet/test/VLzqgDo317F/0_7_meetingroom_conferenceroom/1221_1089/mix.wav,12.851865768432617,12.740338325500488,12.436933517456055,12.387857437133789
/data/public/EchoSet/test/VLzqgDo317F/0_7_meetingroom_conferenceroom/3570_7127/mix.wav,12.727628707885742,12.752678871154785,12.252323150634766,12.33536148071289
/data/public/EchoSet/test/VLzqgDo317F/0_7_meetingroom_conferenceroom/260_1320/mix.wav,12.908844947814941,12.938475608825684,12.582805633544922,12.650827407836914
/data/public/EchoSet/test/VLzqgDo317F/0_7_meetingroom_conferenceroom/8455_2961/mix.wav,13.296329498291016,13.552189826965332,12.947847366333008,13.242522239685059
/data/public/EchoSet/test/VLzqgDo317F/0_7_meetingroom_conferenceroom/8555_8230/mix.wav,15.483299255371094,15.642340660095215,14.535050392150879,14.716023445129395
/data/public/EchoSet/test/VLzqgDo317F/0_7_meetingroom_conferenceroom/4507_2094/mix.wav,8.240407943725586,8.328084945678711,7.042756080627441,7.211907386779785
/data/public/EchoSet/test/VLzqgDo317F/0_7_meetingroom_conferenceroom/2961_2094/mix.wav,15.931893348693848,16.009918212890625,15.448587417602539,15.544961929321289
/data/public/EchoSet/test/uNb9QFRL6hY/0_28_living_room/8230_3570/mix.wav,13.955656051635742,13.977668762207031,13.681173324584961,13.74136734008789
/data/public/EchoSet/test/uNb9QFRL6hY/0_28_living_room/5142_908/mix.wav,10.70909309387207,10.856203079223633,10.241764068603516,10.514894485473633
/data/public/EchoSet/test/uNb9QFRL6hY/0_28_living_room/4992_61/mix.wav,13.638818740844727,13.729517936706543,13.415534019470215,13.557412147521973
/data/public/EchoSet/test/uNb9QFRL6hY/0_28_living_room/6930_8555/mix.wav,16.23749351501465,16.341716766357422,15.740885734558105,15.896193504333496
/data/public/EchoSet/test/uNb9QFRL6hY/0_28_living_room/4446_4507/mix.wav,16.103275299072266,16.15719985961914,15.742827415466309,15.822643280029297
/data/public/EchoSet/test/uNb9QFRL6hY/0_28_living_room/6930_1221/mix.wav,11.815285682678223,11.677398681640625,11.340670585632324,11.246955871582031
/data/public/EchoSet/test/uNb9QFRL6hY/0_28_living_room/4077_672/mix.wav,13.013969421386719,13.145650863647461,11.891023635864258,12.050105094909668
/data/public/EchoSet/test/uNb9QFRL6hY/0_28_living_room/4446_5105/mix.wav,10.049121856689453,10.710657119750977,9.737325668334961,10.45672607421875
/data/public/EchoSet/test/uNb9QFRL6hY/0_28_living_room/5639_2830/mix.wav,12.016300201416016,12.410966873168945,11.730167388916016,12.158677101135254
/data/public/EchoSet/test/uNb9QFRL6hY/0_28_living_room/7127_1284/mix.wav,10.9857759475708,10.875465393066406,10.101091384887695,10.310151100158691
/data/public/EchoSet/test/uNb9QFRL6hY/0_28_living_room/908_7176/mix.wav,10.00520133972168,10.189313888549805,9.731842041015625,10.013348579406738
/data/public/EchoSet/test/uNb9QFRL6hY/0_28_living_room/8463_2830/mix.wav,12.377327919006348,12.943440437316895,12.204380989074707,12.809028625488281
/data/public/EchoSet/test/uNb9QFRL6hY/0_28_living_room/7176_1188/mix.wav,14.241928100585938,14.16704273223877,13.969108581542969,13.936168670654297
/data/public/EchoSet/test/uNb9QFRL6hY/0_28_living_room/237_1089/mix.wav,13.174939155578613,13.264189720153809,12.00732135772705,12.155925750732422
/data/public/EchoSet/test/uNb9QFRL6hY/0_28_living_room/8230_7127/mix.wav,11.71163558959961,11.922608375549316,9.667558670043945,9.969429969787598
/data/public/EchoSet/test/uNb9QFRL6hY/0_28_living_room/5639_5105/mix.wav,12.16525650024414,12.437217712402344,11.898466110229492,12.245269775390625
/data/public/EchoSet/test/uNb9QFRL6hY/0_28_living_room/8224_4446/mix.wav,13.457915306091309,13.651764869689941,13.284063339233398,13.5465087890625
/data/public/EchoSet/test/uNb9QFRL6hY/0_28_living_room/121_3729/mix.wav,13.83996868133545,13.684710502624512,13.345993041992188,13.373255729675293
/data/public/EchoSet/test/uNb9QFRL6hY/0_28_living_room/1995_8224/mix.wav,12.967752456665039,13.017814636230469,12.666056632995605,12.800420761108398
/data/public/EchoSet/test/uNb9QFRL6hY/0_28_living_room/2961_4992/mix.wav,12.070658683776855,12.150619506835938,11.704599380493164,11.856842041015625
/data/public/EchoSet/test/uNb9QFRL6hY/0_28_living_room/8455_672/mix.wav,12.774887084960938,12.576618194580078,11.856330871582031,11.942272186279297
/data/public/EchoSet/test/uNb9QFRL6hY/0_28_living_room/1284_5142/mix.wav,15.548712730407715,15.708124160766602,14.858729362487793,15.041848182678223
/data/public/EchoSet/test/uNb9QFRL6hY/0_28_living_room/237_2300/mix.wav,15.308637619018555,15.144083023071289,14.498924255371094,14.398557662963867
/data/public/EchoSet/test/uNb9QFRL6hY/0_28_living_room/1221_6829/mix.wav,12.922730445861816,12.935511589050293,12.445165634155273,12.499155044555664
/data/public/EchoSet/test/uNb9QFRL6hY/0_28_living_room/7729_5683/mix.wav,12.116286277770996,12.317277908325195,11.690892219543457,11.958680152893066
/data/public/EchoSet/test/uNb9QFRL6hY/0_28_living_room/3570_2300/mix.wav,11.261186599731445,11.969955444335938,11.061370849609375,11.811798095703125
/data/public/EchoSet/test/uNb9QFRL6hY/0_28_living_room/1284_2300/mix.wav,13.35592269897461,13.358403205871582,12.82208251953125,12.923417091369629
/data/public/EchoSet/test/uNb9QFRL6hY/0_28_living_room/2961_4507/mix.wav,15.408164024353027,15.396758079528809,15.01899528503418,15.04312515258789
/data/public/EchoSet/test/uNb9QFRL6hY/0_28_living_room/7176_61/mix.wav,9.596304893493652,9.48365306854248,8.63361930847168,8.610684394836426
/data/public/EchoSet/test/uNb9QFRL6hY/0_28_living_room/3570_8555/mix.wav,15.306900024414062,15.475153923034668,15.036320686340332,15.246587753295898
/data/public/EchoSet/test/uNb9QFRL6hY/0_28_living_room/8463_7127/mix.wav,15.752449035644531,15.861495971679688,15.326628684997559,15.48857307434082
/data/public/EchoSet/test/uNb9QFRL6hY/0_28_living_room/4507_1320/mix.wav,15.887483596801758,15.955081939697266,15.647344589233398,15.749482154846191
/data/public/EchoSet/test/uNb9QFRL6hY/0_28_living_room/1188_1995/mix.wav,14.725735664367676,14.610169410705566,14.394803047180176,14.3301420211792
/data/public/EchoSet/test/uNb9QFRL6hY/0_28_living_room/4970_1221/mix.wav,11.338028907775879,11.459297180175781,10.661727905273438,10.88673210144043
/data/public/EchoSet/test/uNb9QFRL6hY/0_28_living_room/1284_4970/mix.wav,15.949857711791992,16.05914878845215,15.330726623535156,15.474044799804688
/data/public/EchoSet/test/uNb9QFRL6hY/0_28_living_room/672_2961/mix.wav,16.01184844970703,16.131855010986328,14.583168029785156,14.928640365600586
/data/public/EchoSet/test/uNb9QFRL6hY/0_28_living_room/5105_2094/mix.wav,10.80220890045166,10.918600082397461,4.716001987457275,4.864269256591797
/data/public/EchoSet/test/uNb9QFRL6hY/0_28_living_room/672_908/mix.wav,13.828397750854492,13.918174743652344,13.452277183532715,13.579995155334473
/data/public/EchoSet/test/uNb9QFRL6hY/0_28_living_room/2094_2961/mix.wav,14.218992233276367,14.551416397094727,13.934123992919922,14.323663711547852
/data/public/EchoSet/test/uNb9QFRL6hY/0_28_living_room/8230_4507/mix.wav,12.515703201293945,13.021527290344238,11.84673023223877,12.452838897705078
/data/public/EchoSet/test/uNb9QFRL6hY/0_28_living_room/260_4970/mix.wav,13.563455581665039,13.618380546569824,13.266599655151367,13.362678527832031
/data/public/EchoSet/test/uNb9QFRL6hY/0_28_living_room/7021_8224/mix.wav,13.785894393920898,13.853516578674316,13.48495101928711,13.652310371398926
/data/public/EchoSet/test/uNb9QFRL6hY/0_28_living_room/3729_3570/mix.wav,14.147212028503418,13.85580062866211,13.716958999633789,13.564008712768555
/data/public/EchoSet/test/uNb9QFRL6hY/0_28_living_room/8455_5639/mix.wav,10.734578132629395,10.8301420211792,10.238950729370117,10.442763328552246
/data/public/EchoSet/test/uNb9QFRL6hY/0_28_living_room/121_2094/mix.wav,17.824874877929688,17.8393611907959,17.48733901977539,17.54003143310547
/data/public/EchoSet/test/uNb9QFRL6hY/0_28_living_room/4970_237/mix.wav,13.476136207580566,13.730645179748535,13.257344245910645,13.5579195022583
/data/public/EchoSet/test/uNb9QFRL6hY/0_28_living_room/7127_2300/mix.wav,16.83662986755371,16.787551879882812,16.420663833618164,16.408166885375977
/data/public/EchoSet/test/uNb9QFRL6hY/0_28_living_room/2830_1580/mix.wav,14.152423858642578,14.110568046569824,13.546135902404785,13.573320388793945
/data/public/EchoSet/test/uNb9QFRL6hY/0_28_living_room/7021_8555/mix.wav,14.778117179870605,15.03736686706543,14.371625900268555,14.650638580322266
/data/public/EchoSet/test/uNb9QFRL6hY/0_28_living_room/2961_3570/mix.wav,15.257163047790527,15.125250816345215,14.818994522094727,14.755067825317383
/data/public/EchoSet/test/uNb9QFRL6hY/0_28_living_room/7127_3729/mix.wav,16.559158325195312,16.5616512298584,16.30937957763672,16.3570499420166
/data/public/EchoSet/test/uNb9QFRL6hY/0_28_living_room/5639_1580/mix.wav,14.118043899536133,14.164352416992188,13.532919883728027,13.640456199645996
/data/public/EchoSet/test/uNb9QFRL6hY/0_28_living_room/3729_260/mix.wav,14.99942684173584,14.98223876953125,14.61320972442627,14.621966361999512
/data/public/EchoSet/test/uNb9QFRL6hY/0_28_living_room/5639_6829/mix.wav,13.06300163269043,13.072662353515625,12.82101058959961,12.858173370361328
/data/public/EchoSet/test/uNb9QFRL6hY/0_28_living_room/2830_61/mix.wav,8.65426254272461,8.374218940734863,7.5132293701171875,7.470970630645752
/data/public/EchoSet/test/uNb9QFRL6hY/0_28_living_room/4992_1995/mix.wav,16.10382843017578,16.003273010253906,15.595592498779297,15.57026481628418
/data/public/EchoSet/test/uNb9QFRL6hY/0_28_living_room/4077_5683/mix.wav,13.293766975402832,13.208281517028809,12.009526252746582,12.018020629882812
/data/public/EchoSet/test/uNb9QFRL6hY/0_28_living_room/4077_8224/mix.wav,11.650714874267578,11.586193084716797,11.381843566894531,11.34473991394043
/data/public/EchoSet/test/uNb9QFRL6hY/0_28_living_room/1320_6829/mix.wav,15.284157752990723,15.044951438903809,14.723995208740234,14.595041275024414
/data/public/EchoSet/test/uNb9QFRL6hY/0_28_living_room/1284_1995/mix.wav,14.493473052978516,14.49847412109375,14.253843307495117,14.34494400024414
/data/public/EchoSet/test/uNb9QFRL6hY/0_28_living_room/672_4077/mix.wav,10.094207763671875,10.253486633300781,9.584972381591797,9.788928031921387
/data/public/EchoSet/test/uNb9QFRL6hY/0_28_living_room/8455_5105/mix.wav,13.51938247680664,13.78729248046875,13.204097747802734,13.502552032470703
/data/public/EchoSet/test/uNb9QFRL6hY/0_28_living_room/1320_3570/mix.wav,15.80084228515625,15.780424118041992,15.488805770874023,15.498023986816406
/data/public/EchoSet/test/uNb9QFRL6hY/0_28_living_room/1995_1320/mix.wav,15.286370277404785,15.383234977722168,15.001096725463867,15.119161605834961
/data/public/EchoSet/test/uNb9QFRL6hY/0_28_living_room/4446_3575/mix.wav,14.379095077514648,14.384049415588379,13.61609935760498,13.698596954345703
/data/public/EchoSet/test/uNb9QFRL6hY/0_28_living_room/1580_4077/mix.wav,16.8463191986084,16.85962677001953,16.32650375366211,16.37530517578125
/data/public/EchoSet/test/uNb9QFRL6hY/0_28_living_room/237_6829/mix.wav,13.711142539978027,13.760427474975586,13.397344589233398,13.478767395019531
/data/public/EchoSet/test/uNb9QFRL6hY/0_28_living_room/2830_121/mix.wav,11.120811462402344,11.72202205657959,10.852865219116211,11.5049409866333
/data/public/EchoSet/test/uNb9QFRL6hY/0_28_living_room/1580_7021/mix.wav,13.90527629852295,14.165655136108398,13.552997589111328,13.860879898071289
/data/public/EchoSet/test/uNb9QFRL6hY/0_28_living_room/7127_5683/mix.wav,12.310492515563965,12.24364948272705,11.723494529724121,11.744071960449219
/data/public/EchoSet/test/uNb9QFRL6hY/0_28_living_room/8224_1089/mix.wav,11.916015625,11.93549633026123,11.352620124816895,11.419584274291992
/data/public/EchoSet/test/uNb9QFRL6hY/0_28_living_room/1320_6930/mix.wav,14.400915145874023,14.343582153320312,12.77596664428711,12.76005744934082
/data/public/EchoSet/test/uNb9QFRL6hY/0_28_living_room/8463_3575/mix.wav,11.394403457641602,11.462589263916016,10.926143646240234,11.083873748779297
/data/public/EchoSet/test/uNb9QFRL6hY/0_28_living_room/8230_4077/mix.wav,13.162731170654297,13.083837509155273,12.786272048950195,12.750195503234863
/data/public/EchoSet/test/uNb9QFRL6hY/0_28_living_room/5142_1188/mix.wav,15.157419204711914,15.218034744262695,14.689923286437988,14.805307388305664
/data/public/EchoSet/test/uNb9QFRL6hY/0_28_living_room/2300_672/mix.wav,14.146943092346191,14.082463264465332,13.844989776611328,13.799895286560059
/data/public/EchoSet/test/uNb9QFRL6hY/0_28_living_room/1089_4507/mix.wav,16.00387191772461,16.12757682800293,15.822908401489258,15.96440315246582
/data/public/EchoSet/test/uNb9QFRL6hY/0_28_living_room/260_1320/mix.wav,10.233283042907715,10.770862579345703,9.848286628723145,10.472677230834961
/data/public/EchoSet/test/uNb9QFRL6hY/0_28_living_room/4992_7729/mix.wav,14.61151123046875,14.627181053161621,14.370262145996094,14.460780143737793
/data/public/EchoSet/test/uNb9QFRL6hY/0_28_living_room/2961_7729/mix.wav,12.15212631225586,12.159553527832031,11.461973190307617,11.65253734588623
/data/public/EchoSet/test/uNb9QFRL6hY/0_28_living_room/4970_121/mix.wav,13.284683227539062,13.17120361328125,12.870630264282227,12.838663101196289
/data/public/EchoSet/test/uNb9QFRL6hY/0_28_living_room/1188_8455/mix.wav,14.18612289428711,14.251361846923828,13.54857349395752,13.670059204101562
/data/public/EchoSet/test/uNb9QFRL6hY/0_28_living_room/4992_2300/mix.wav,11.938272476196289,12.311820983886719,11.68868637084961,12.121781349182129
/data/public/EchoSet/test/uNb9QFRL6hY/0_28_living_room/5683_8555/mix.wav,13.628856658935547,13.793760299682617,12.713897705078125,12.93649959564209
/data/public/EchoSet/test/uNb9QFRL6hY/0_28_living_room/61_8224/mix.wav,6.33308744430542,6.752223968505859,5.281691551208496,5.762897968292236
/data/public/EchoSet/test/uNb9QFRL6hY/0_28_living_room/5105_4992/mix.wav,13.693183898925781,13.437946319580078,13.122344970703125,13.156540870666504
/data/public/EchoSet/test/uNb9QFRL6hY/0_28_living_room/61_237/mix.wav,16.5366153717041,16.649438858032227,16.22966957092285,16.41836166381836
/data/public/EchoSet/test/uNb9QFRL6hY/0_28_living_room/8463_8555/mix.wav,14.071739196777344,14.264930725097656,13.792065620422363,14.017217636108398
/data/public/EchoSet/test/uNb9QFRL6hY/0_28_living_room/908_2094/mix.wav,9.897336959838867,10.092529296875,9.142114639282227,9.44400691986084
/data/public/EchoSet/test/uNb9QFRL6hY/0_28_living_room/7021_7176/mix.wav,12.11037540435791,12.146310806274414,11.871508598327637,11.986376762390137
/data/public/EchoSet/test/uNb9QFRL6hY/0_28_living_room/5683_1221/mix.wav,16.94694709777832,16.86384391784668,15.553617477416992,15.582868576049805
/data/public/EchoSet/test/uNb9QFRL6hY/0_28_living_room/2830_5142/mix.wav,8.737503051757812,8.771377563476562,4.610666275024414,4.689164161682129
/data/public/EchoSet/test/uNb9QFRL6hY/0_28_living_room/8230_260/mix.wav,13.6253662109375,13.604792594909668,13.415582656860352,13.44522476196289
/data/public/EchoSet/test/uNb9QFRL6hY/0_28_living_room/8455_7176/mix.wav,13.390335083007812,13.400978088378906,13.000986099243164,13.05715274810791
/data/public/EchoSet/test/uNb9QFRL6hY/0_28_living_room/4507_5142/mix.wav,14.705211639404297,14.96508502960205,14.412364959716797,14.724116325378418
/data/public/EchoSet/test/uNb9QFRL6hY/0_28_living_room/1188_5639/mix.wav,15.791921615600586,15.909480094909668,15.599535942077637,15.760034561157227
/data/public/EchoSet/test/uNb9QFRL6hY/0_28_living_room/908_3575/mix.wav,15.695341110229492,15.670886039733887,15.135455131530762,15.13838005065918
/data/public/EchoSet/test/uNb9QFRL6hY/0_28_living_room/1580_2094/mix.wav,13.900917053222656,13.998222351074219,13.28490924835205,13.484905242919922
/data/public/EchoSet/test/uNb9QFRL6hY/0_28_living_room/61_3729/mix.wav,14.609193801879883,14.68667221069336,14.291996002197266,14.413262367248535
/data/public/EchoSet/test/uNb9QFRL6hY/0_28_living_room/8463_1089/mix.wav,16.38201141357422,16.5213565826416,16.075231552124023,16.263647079467773
/data/public/EchoSet/test/uNb9QFRL6hY/0_28_living_room/1089_4446/mix.wav,12.925518989562988,13.058362007141113,12.425212860107422,12.604537963867188
/data/public/EchoSet/test/uNb9QFRL6hY/0_28_living_room/6930_121/mix.wav,14.490684509277344,14.494157791137695,13.884420394897461,13.96694278717041
/data/public/EchoSet/test/uNb9QFRL6hY/0_28_living_room/7021_6930/mix.wav,15.254873275756836,15.333267211914062,14.741613388061523,14.860906600952148
/data/public/EchoSet/test/uNb9QFRL6hY/0_28_living_room/7729_1221/mix.wav,15.26118278503418,15.453659057617188,15.013813018798828,15.250975608825684
/data/public/EchoSet/test/uNb9QFRL6hY/0_28_living_room/5142_5105/mix.wav,14.349027633666992,14.351771354675293,14.041986465454102,14.151958465576172
/data/public/EchoSet/test/uNb9QFRL6hY/0_28_living_room/3575_6829/mix.wav,13.881406784057617,13.804889678955078,13.039566040039062,13.0181303024292
/data/public/EchoSet/test/uNb9QFRL6hY/0_28_living_room/1284_260/mix.wav,13.677850723266602,13.814229965209961,13.20844841003418,13.420276641845703
/data/public/EchoSet/test/uNb9QFRL6hY/0_28_living_room/7729_3729/mix.wav,14.304119110107422,14.216586112976074,13.985573768615723,13.966681480407715
/data/public/EchoSet/test/uNb9QFRL6hY/0_1_office/7021_1320/mix.wav,11.522480010986328,11.70766544342041,11.17917537689209,11.47042465209961
/data/public/EchoSet/test/uNb9QFRL6hY/0_1_office/5142_4507/mix.wav,15.372381210327148,15.316083908081055,15.094503402709961,15.108201026916504
/data/public/EchoSet/test/uNb9QFRL6hY/0_1_office/2094_7729/mix.wav,16.145143508911133,16.455955505371094,15.69225025177002,16.032190322875977
/data/public/EchoSet/test/uNb9QFRL6hY/0_1_office/6930_4992/mix.wav,16.349830627441406,16.51337432861328,15.97921371459961,16.17588233947754
/data/public/EchoSet/test/uNb9QFRL6hY/0_1_office/8224_1284/mix.wav,12.963457107543945,13.201018333435059,12.040976524353027,12.343304634094238
/data/public/EchoSet/test/uNb9QFRL6hY/0_1_office/121_5142/mix.wav,11.199254989624023,11.7927885055542,10.998035430908203,11.650914192199707
/data/public/EchoSet/test/uNb9QFRL6hY/0_1_office/2300_8224/mix.wav,13.199935913085938,13.266700744628906,12.095457077026367,12.2060546875
/data/public/EchoSet/test/uNb9QFRL6hY/0_1_office/6930_5105/mix.wav,5.819845676422119,5.754354476928711,1.4560812711715698,1.4552783966064453
/data/public/EchoSet/test/uNb9QFRL6hY/0_1_office/2830_8224/mix.wav,12.02001953125,12.195548057556152,11.258674621582031,11.479025840759277
/data/public/EchoSet/test/uNb9QFRL6hY/0_1_office/4992_5639/mix.wav,13.940126419067383,14.059815406799316,13.602323532104492,13.82404899597168
/data/public/EchoSet/test/uNb9QFRL6hY/0_1_office/8555_8463/mix.wav,15.505119323730469,15.489439964294434,14.645736694335938,14.69146728515625
/data/public/EchoSet/test/uNb9QFRL6hY/0_1_office/908_7127/mix.wav,13.45639419555664,13.465004920959473,12.975208282470703,13.105154037475586
/data/public/EchoSet/test/uNb9QFRL6hY/0_1_office/1089_3570/mix.wav,13.396064758300781,13.41688060760498,12.512080192565918,12.609898567199707
/data/public/EchoSet/test/uNb9QFRL6hY/0_1_office/8463_1089/mix.wav,12.676919937133789,12.790163040161133,12.3250732421875,12.499667167663574
/data/public/EchoSet/test/uNb9QFRL6hY/0_1_office/672_6829/mix.wav,12.198774337768555,12.430506706237793,11.680248260498047,11.938501358032227
/data/public/EchoSet/test/uNb9QFRL6hY/0_1_office/8455_672/mix.wav,11.467048645019531,11.652889251708984,9.876954078674316,10.162731170654297
/data/public/EchoSet/test/uNb9QFRL6hY/0_1_office/5639_7021/mix.wav,12.610109329223633,12.703540802001953,12.241842269897461,12.47962760925293
/data/public/EchoSet/test/uNb9QFRL6hY/0_1_office/6829_8463/mix.wav,12.252340316772461,12.725457191467285,12.039796829223633,12.539115905761719
/data/public/EchoSet/test/uNb9QFRL6hY/0_1_office/5105_2830/mix.wav,13.992086410522461,11.913381576538086,6.954683303833008,5.81305456161499
/data/public/EchoSet/test/uNb9QFRL6hY/0_1_office/672_1188/mix.wav,11.542430877685547,11.8235502243042,9.621673583984375,9.926819801330566
/data/public/EchoSet/test/uNb9QFRL6hY/0_1_office/5683_1089/mix.wav,15.260427474975586,15.341073036193848,14.90803050994873,15.017881393432617
/data/public/EchoSet/test/uNb9QFRL6hY/0_1_office/4507_2300/mix.wav,14.194951057434082,14.340063095092773,13.774276733398438,13.959441184997559
/data/public/EchoSet/test/uNb9QFRL6hY/0_1_office/5142_237/mix.wav,13.226463317871094,12.758772850036621,12.606209754943848,12.299307823181152
/data/public/EchoSet/test/uNb9QFRL6hY/0_1_office/5639_1221/mix.wav,13.720893859863281,13.959423065185547,13.227045059204102,13.581900596618652
/data/public/EchoSet/test/uNb9QFRL6hY/0_1_office/7021_7176/mix.wav,10.129656791687012,10.626243591308594,9.874907493591309,10.467233657836914
/data/public/EchoSet/test/uNb9QFRL6hY/0_1_office/4992_4077/mix.wav,14.180502891540527,14.097805976867676,13.730117797851562,13.711395263671875
/data/public/EchoSet/test/uNb9QFRL6hY/0_1_office/6930_61/mix.wav,9.472761154174805,9.5350980758667,9.08338737487793,9.186694145202637
/data/public/EchoSet/test/uNb9QFRL6hY/0_1_office/1188_8224/mix.wav,7.75053071975708,7.661191940307617,5.909899711608887,5.924972057342529
/data/public/EchoSet/test/uNb9QFRL6hY/0_1_office/8224_8463/mix.wav,14.97359561920166,15.301572799682617,14.577215194702148,14.95517349243164
/data/public/EchoSet/test/uNb9QFRL6hY/0_1_office/260_8224/mix.wav,8.259744644165039,8.785623550415039,5.066162109375,5.634359359741211
/data/public/EchoSet/test/uNb9QFRL6hY/0_1_office/7729_121/mix.wav,11.213362693786621,11.542074203491211,10.903127670288086,11.326096534729004
/data/public/EchoSet/test/uNb9QFRL6hY/0_1_office/8455_7176/mix.wav,14.853863716125488,15.008803367614746,14.532060623168945,14.728416442871094
/data/public/EchoSet/test/uNb9QFRL6hY/0_1_office/260_1089/mix.wav,14.922689437866211,14.924552917480469,14.47058391571045,14.506258010864258
/data/public/EchoSet/test/uNb9QFRL6hY/0_1_office/1221_237/mix.wav,16.807893753051758,16.86093521118164,16.190418243408203,16.251800537109375
/data/public/EchoSet/test/uNb9QFRL6hY/0_1_office/1995_672/mix.wav,18.339712142944336,18.331398010253906,17.857677459716797,17.884174346923828
/data/public/EchoSet/test/uNb9QFRL6hY/0_1_office/61_2300/mix.wav,9.965018272399902,9.916606903076172,8.252690315246582,8.252342224121094
/data/public/EchoSet/test/uNb9QFRL6hY/0_1_office/8463_4970/mix.wav,14.254767417907715,14.204103469848633,13.861237525939941,13.868412971496582
/data/public/EchoSet/test/uNb9QFRL6hY/0_1_office/1320_6930/mix.wav,15.24630069732666,15.346147537231445,14.656639099121094,14.81077766418457
/data/public/EchoSet/test/uNb9QFRL6hY/0_1_office/5683_3575/mix.wav,12.458230972290039,12.411307334899902,11.82847785949707,11.826108932495117
/data/public/EchoSet/test/uNb9QFRL6hY/0_1_office/1995_6829/mix.wav,13.15705394744873,13.081378936767578,12.705459594726562,12.739249229431152
/data/public/EchoSet/test/uNb9QFRL6hY/0_1_office/1221_5639/mix.wav,15.324193954467773,15.529576301574707,15.014278411865234,15.261287689208984
/data/public/EchoSet/test/uNb9QFRL6hY/0_1_office/4507_3575/mix.wav,12.950250625610352,12.855878829956055,11.942365646362305,12.354557037353516
/data/public/EchoSet/test/uNb9QFRL6hY/0_1_office/6829_4077/mix.wav,13.585347175598145,13.6975736618042,12.992574691772461,13.13842487335205
/data/public/EchoSet/test/uNb9QFRL6hY/0_1_office/8555_5142/mix.wav,13.162607192993164,13.17143440246582,12.734294891357422,12.82902717590332
/data/public/EchoSet/test/uNb9QFRL6hY/0_1_office/8463_1284/mix.wav,13.632885932922363,13.722728729248047,13.260540962219238,13.42515754699707
/data/public/EchoSet/test/uNb9QFRL6hY/0_1_office/6930_1188/mix.wav,6.201687812805176,6.471924304962158,5.504413604736328,5.81969690322876
/data/public/EchoSet/test/uNb9QFRL6hY/0_1_office/8455_5683/mix.wav,14.776379585266113,14.948801040649414,13.926570892333984,14.137280464172363
/data/public/EchoSet/test/uNb9QFRL6hY/0_1_office/2961_2094/mix.wav,17.19854736328125,17.236957550048828,16.844966888427734,16.915504455566406
/data/public/EchoSet/test/uNb9QFRL6hY/0_1_office/4992_2094/mix.wav,12.491901397705078,12.733016014099121,12.158061981201172,12.429865837097168
/data/public/EchoSet/test/uNb9QFRL6hY/0_1_office/4992_7729/mix.wav,12.865225791931152,13.097841262817383,12.548697471618652,12.876935958862305
/data/public/EchoSet/test/uNb9QFRL6hY/0_1_office/1320_908/mix.wav,11.672334671020508,11.68635082244873,11.218669891357422,11.3424072265625
/data/public/EchoSet/test/uNb9QFRL6hY/0_1_office/4077_1221/mix.wav,12.45113754272461,12.4200439453125,11.736560821533203,11.811705589294434
/data/public/EchoSet/test/uNb9QFRL6hY/0_1_office/6930_1320/mix.wav,12.43208122253418,12.629864692687988,11.525775909423828,11.762430191040039
/data/public/EchoSet/test/uNb9QFRL6hY/0_1_office/3570_1580/mix.wav,17.405628204345703,17.49709701538086,17.155912399291992,17.289608001708984
/data/public/EchoSet/test/uNb9QFRL6hY/0_1_office/908_4992/mix.wav,13.360507011413574,13.530380249023438,12.648187637329102,12.842429161071777
/data/public/EchoSet/test/uNb9QFRL6hY/0_1_office/7021_5105/mix.wav,15.970914840698242,16.105751037597656,15.754539489746094,15.921704292297363
/data/public/EchoSet/test/uNb9QFRL6hY/0_1_office/2094_8230/mix.wav,10.134958267211914,10.730527877807617,9.675827026367188,10.38594913482666
/data/public/EchoSet/test/uNb9QFRL6hY/0_1_office/4077_8455/mix.wav,15.381998062133789,15.34699821472168,14.848007202148438,14.849647521972656
/data/public/EchoSet/test/uNb9QFRL6hY/0_1_office/5142_6930/mix.wav,7.277782440185547,7.599243640899658,5.596883773803711,5.986048698425293
/data/public/EchoSet/test/uNb9QFRL6hY/0_1_office/7729_4970/mix.wav,15.20594310760498,15.18521499633789,14.790287017822266,14.830327987670898
/data/public/EchoSet/test/uNb9QFRL6hY/0_1_office/61_1089/mix.wav,10.379354476928711,10.568445205688477,9.970071792602539,10.263777732849121
/data/public/EchoSet/test/uNb9QFRL6hY/0_1_office/8230_1089/mix.wav,13.427079200744629,13.468987464904785,12.947773933410645,13.110654830932617
/data/public/EchoSet/test/uNb9QFRL6hY/0_1_office/8224_2300/mix.wav,13.2282133102417,13.226617813110352,12.766621589660645,12.835237503051758
/data/public/EchoSet/test/uNb9QFRL6hY/0_1_office/3570_7176/mix.wav,14.018331527709961,14.111572265625,13.839258193969727,13.99145221710205
/data/public/EchoSet/test/uNb9QFRL6hY/0_1_office/61_8455/mix.wav,11.843193054199219,12.15013599395752,11.418404579162598,11.833189010620117
/data/public/EchoSet/test/uNb9QFRL6hY/0_1_office/908_3729/mix.wav,14.356491088867188,14.473553657531738,14.126249313354492,14.287837982177734
/data/public/EchoSet/test/uNb9QFRL6hY/0_1_office/7021_8555/mix.wav,15.319653511047363,15.286986351013184,14.822620391845703,14.883116722106934
/data/public/EchoSet/test/uNb9QFRL6hY/0_1_office/61_5683/mix.wav,7.21085262298584,7.806643962860107,5.668552875518799,6.345800876617432
/data/public/EchoSet/test/uNb9QFRL6hY/0_1_office/7127_8555/mix.wav,11.824016571044922,12.339921951293945,11.394143104553223,11.97083568572998
/data/public/EchoSet/test/uNb9QFRL6hY/0_1_office/2830_1188/mix.wav,12.194045066833496,12.180472373962402,11.56936264038086,11.616436004638672
/data/public/EchoSet/test/uNb9QFRL6hY/0_1_office/2830_4446/mix.wav,12.83840560913086,11.93174934387207,11.984167098999023,11.511385917663574
/data/public/EchoSet/test/uNb9QFRL6hY/0_1_office/2300_672/mix.wav,13.367980003356934,13.363454818725586,12.885055541992188,12.932629585266113
/data/public/EchoSet/test/uNb9QFRL6hY/0_1_office/5142_260/mix.wav,12.491334915161133,12.652807235717773,12.045516967773438,12.266592025756836
/data/public/EchoSet/test/uNb9QFRL6hY/0_1_office/121_237/mix.wav,11.43570327758789,11.472794532775879,10.869078636169434,10.961888313293457
/data/public/EchoSet/test/uNb9QFRL6hY/0_1_office/3575_8455/mix.wav,14.63561725616455,14.687201499938965,14.003880500793457,14.111713409423828
/data/public/EchoSet/test/uNb9QFRL6hY/0_1_office/2300_3570/mix.wav,10.000141143798828,10.661624908447266,9.723819732666016,10.433969497680664
/data/public/EchoSet/test/uNb9QFRL6hY/0_1_office/5683_1995/mix.wav,10.903596878051758,11.562135696411133,10.422290802001953,11.121147155761719
/data/public/EchoSet/test/uNb9QFRL6hY/0_1_office/2961_1580/mix.wav,15.450918197631836,15.4391508102417,15.09842300415039,15.133781433105469
/data/public/EchoSet/test/uNb9QFRL6hY/0_1_office/7127_8230/mix.wav,11.6177978515625,11.690361976623535,9.293802261352539,9.403177261352539
/data/public/EchoSet/test/uNb9QFRL6hY/0_1_office/1580_5105/mix.wav,13.237367630004883,13.34371566772461,12.395570755004883,12.55523681640625
/data/public/EchoSet/test/uNb9QFRL6hY/0_1_office/7729_1320/mix.wav,13.646202087402344,13.567008972167969,13.19107437133789,13.202841758728027
/data/public/EchoSet/test/uNb9QFRL6hY/0_1_office/4970_4077/mix.wav,14.7514009475708,14.870742797851562,14.348807334899902,14.506660461425781
/data/public/EchoSet/test/uNb9QFRL6hY/0_1_office/3729_1580/mix.wav,12.119181632995605,12.393168449401855,11.763038635253906,12.10261344909668
/data/public/EchoSet/test/uNb9QFRL6hY/0_1_office/3575_1221/mix.wav,11.685266494750977,12.14029598236084,11.235591888427734,11.728341102600098
/data/public/EchoSet/test/uNb9QFRL6hY/0_1_office/1995_908/mix.wav,14.094132423400879,14.002548217773438,13.593755722045898,13.555206298828125
/data/public/EchoSet/test/uNb9QFRL6hY/0_1_office/7127_5639/mix.wav,11.295202255249023,11.777605056762695,11.075621604919434,11.60590648651123
/data/public/EchoSet/test/uNb9QFRL6hY/0_1_office/7729_1188/mix.wav,13.77377700805664,14.092133522033691,13.406656265258789,13.82338809967041
/data/public/EchoSet/test/uNb9QFRL6hY/0_1_office/260_7176/mix.wav,10.698580741882324,10.991558074951172,10.346741676330566,10.709882736206055
/data/public/EchoSet/test/uNb9QFRL6hY/0_1_office/1284_7729/mix.wav,13.825143814086914,14.082076072692871,13.467517852783203,13.7505464553833
/data/public/EchoSet/test/uNb9QFRL6hY/0_1_office/6829_4507/mix.wav,13.214195251464844,13.32330322265625,12.87851333618164,13.040857315063477
/data/public/EchoSet/test/uNb9QFRL6hY/0_1_office/4077_4507/mix.wav,17.574844360351562,16.857744216918945,17.31026840209961,17.317161560058594
/data/public/EchoSet/test/uNb9QFRL6hY/0_1_office/1995_8463/mix.wav,15.426740646362305,15.42364501953125,14.984359741210938,15.037981986999512
/data/public/EchoSet/test/uNb9QFRL6hY/0_1_office/2300_7127/mix.wav,9.084897994995117,9.27830982208252,7.901066780090332,8.208005905151367
/data/public/EchoSet/test/uNb9QFRL6hY/0_1_office/6829_260/mix.wav,11.878937721252441,12.045191764831543,11.313738822937012,11.524626731872559
/data/public/EchoSet/test/uNb9QFRL6hY/0_1_office/1320_3575/mix.wav,11.650999069213867,11.961618423461914,11.172813415527344,11.555632591247559
/data/public/EchoSet/test/uNb9QFRL6hY/0_1_office/672_8230/mix.wav,13.236307144165039,13.190408706665039,12.607483863830566,12.613018989562988
/data/public/EchoSet/test/uNb9QFRL6hY/0_1_office/4446_7176/mix.wav,13.913484573364258,13.966856002807617,13.68751335144043,13.759943962097168
/data/public/EchoSet/test/uNb9QFRL6hY/0_1_office/3729_3570/mix.wav,12.468568801879883,12.28756046295166,10.234894752502441,10.236604690551758
/data/public/EchoSet/test/uNb9QFRL6hY/0_1_office/260_1188/mix.wav,13.229137420654297,13.353754043579102,12.492656707763672,12.684240341186523
/data/public/EchoSet/test/uNb9QFRL6hY/0_1_office/4446_237/mix.wav,15.428035736083984,15.420494079589844,15.038403511047363,15.127418518066406
/data/public/EchoSet/test/uNb9QFRL6hY/0_1_office/908_7021/mix.wav,15.069855690002441,15.251953125,14.7571439743042,14.9667329788208
/data/public/EchoSet/test/uNb9QFRL6hY/0_1_office/5105_1284/mix.wav,12.376298904418945,12.133476257324219,11.48764705657959,11.420534133911133
/data/public/EchoSet/test/uNb9QFRL6hY/0_1_office/121_3570/mix.wav,16.607221603393555,16.589441299438477,16.054914474487305,16.09727668762207
/data/public/EchoSet/test/uNb9QFRL6hY/0_1_office/260_1580/mix.wav,13.062784194946289,13.325148582458496,12.432689666748047,12.722207069396973
/data/public/EchoSet/test/uNb9QFRL6hY/0_1_office/5105_3729/mix.wav,14.452089309692383,14.557795524597168,14.16878890991211,14.330806732177734
/data/public/EchoSet/test/uNb9QFRL6hY/0_1_office/4992_5105/mix.wav,15.847204208374023,15.854574203491211,15.519444465637207,15.584446907043457
/data/public/EchoSet/test/uNb9QFRL6hY/0_1_office/3575_4970/mix.wav,17.719501495361328,17.776533126831055,17.379905700683594,17.45295524597168
/data/public/EchoSet/test/uNb9QFRL6hY/0_1_office/4446_2830/mix.wav,14.397636413574219,13.543238639831543,12.683319091796875,12.224400520324707
/data/public/EchoSet/test/uNb9QFRL6hY/0_1_office/2830_61/mix.wav,8.838431358337402,8.695695877075195,7.768102645874023,7.737337112426758
/data/public/EchoSet/test/uNb9QFRL6hY/0_1_office/1089_237/mix.wav,11.241826057434082,11.365915298461914,10.450136184692383,10.632704734802246
/data/public/EchoSet/test/uNb9QFRL6hY/0_1_office/2094_6829/mix.wav,15.959512710571289,15.924727439880371,15.570686340332031,15.617792129516602
/data/public/EchoSet/test/uNb9QFRL6hY/0_1_office/4970_2094/mix.wav,14.030572891235352,14.401562690734863,13.78403377532959,14.182707786560059
/data/public/EchoSet/test/uNb9QFRL6hY/0_1_office/237_5683/mix.wav,10.588885307312012,11.076713562011719,9.896989822387695,10.436294555664062
/data/public/EchoSet/test/uNb9QFRL6hY/0_1_office/3729_5683/mix.wav,14.766724586486816,15.017122268676758,14.525909423828125,14.794838905334473
/data/public/EchoSet/test/uNb9QFRL6hY/0_1_office/1320_3729/mix.wav,12.798223495483398,13.124977111816406,12.473432540893555,12.885533332824707
/data/public/EchoSet/test/uNb9QFRL6hY/0_1_office/2961_4507/mix.wav,13.894356727600098,13.879904747009277,13.467418670654297,13.51093864440918
/data/public/EchoSet/test/uNb9QFRL6hY/0_1_office/7176_121/mix.wav,13.288101196289062,13.345890045166016,12.92414665222168,13.036514282226562
/data/public/EchoSet/test/uNb9QFRL6hY/0_1_office/3570_8555/mix.wav,14.97229290008545,14.865680694580078,12.569934844970703,12.52239990234375
/data/public/EchoSet/test/uNb9QFRL6hY/0_1_office/672_2094/mix.wav,6.830955982208252,6.585140228271484,5.6305952072143555,5.409731864929199
/data/public/EchoSet/test/uNb9QFRL6hY/0_1_office/4446_2961/mix.wav,14.623485565185547,14.616787910461426,14.308292388916016,14.348152160644531
/data/public/EchoSet/test/uNb9QFRL6hY/0_1_office/1995_8230/mix.wav,13.682099342346191,13.887420654296875,13.109037399291992,13.374173164367676
/data/public/EchoSet/test/uNb9QFRL6hY/0_1_office/5639_2961/mix.wav,15.93975830078125,15.990245819091797,15.744547843933105,15.864669799804688
/data/public/EchoSet/test/uNb9QFRL6hY/0_1_office/8230_61/mix.wav,12.178983688354492,12.245209693908691,11.505719184875488,11.603549003601074
/data/public/EchoSet/test/uNb9QFRL6hY/0_1_office/1284_121/mix.wav,15.818239212036133,15.909238815307617,14.970373153686523,15.110692024230957
/data/public/EchoSet/test/uNb9QFRL6hY/0_1_office/5142_1221/mix.wav,13.368989944458008,13.484661102294922,12.759459495544434,12.924116134643555
/data/public/EchoSet/test/uNb9QFRL6hY/0_1_office/7176_1188/mix.wav,11.37313461303711,11.795889854431152,11.161678314208984,11.630949974060059
/data/public/EchoSet/test/uNb9QFRL6hY/0_1_office/8455_4970/mix.wav,16.802854537963867,16.862117767333984,16.353239059448242,16.507511138916016
/data/public/EchoSet/test/uNb9QFRL6hY/0_1_office/8230_1580/mix.wav,13.38541316986084,13.518926620483398,12.990428924560547,13.198426246643066
/data/public/EchoSet/test/uNb9QFRL6hY/0_1_office/1995_8555/mix.wav,14.117621421813965,14.484951972961426,13.706742286682129,14.139479637145996
/data/public/EchoSet/test/uNb9QFRL6hY/0_1_office/7021_1284/mix.wav,13.093921661376953,13.093921661376953,12.324182510375977,12.375077247619629
/data/public/EchoSet/test/Z6MFQCViBuw/0_4_lounge/5105_1320/mix.wav,12.541763305664062,12.711747169494629,12.230682373046875,12.461404800415039
/data/public/EchoSet/test/Z6MFQCViBuw/0_4_lounge/2961_4970/mix.wav,13.774971008300781,13.931733131408691,13.438724517822266,13.65225601196289
/data/public/EchoSet/test/Z6MFQCViBuw/0_4_lounge/7176_4077/mix.wav,11.945451736450195,12.195980072021484,11.812562942504883,12.104363441467285
/data/public/EchoSet/test/Z6MFQCViBuw/0_4_lounge/7127_5683/mix.wav,13.612125396728516,13.629767417907715,12.721467971801758,12.897436141967773
/data/public/EchoSet/test/Z6MFQCViBuw/0_4_lounge/1089_121/mix.wav,13.800856590270996,13.552957534790039,13.354117393493652,13.227685928344727
/data/public/EchoSet/test/Z6MFQCViBuw/0_4_lounge/2830_2094/mix.wav,13.500566482543945,13.601041793823242,12.919381141662598,13.092300415039062
/data/public/EchoSet/test/Z6MFQCViBuw/0_4_lounge/3570_6930/mix.wav,14.022603988647461,14.164470672607422,12.234243392944336,12.407332420349121
/data/public/EchoSet/test/Z6MFQCViBuw/0_4_lounge/5639_3575/mix.wav,14.462329864501953,14.495843887329102,14.127058029174805,14.219006538391113
/data/public/EchoSet/test/Z6MFQCViBuw/0_4_lounge/2094_7021/mix.wav,14.372535705566406,14.343220710754395,13.587776184082031,13.603860855102539
/data/public/EchoSet/test/Z6MFQCViBuw/0_4_lounge/1995_3570/mix.wav,12.998363494873047,12.569157600402832,12.285316467285156,12.086838722229004
/data/public/EchoSet/test/Z6MFQCViBuw/0_4_lounge/121_260/mix.wav,16.344497680664062,16.271804809570312,15.863334655761719,15.829208374023438
/data/public/EchoSet/test/Z6MFQCViBuw/0_4_lounge/7176_237/mix.wav,15.866437911987305,15.811031341552734,15.639406204223633,15.619278907775879
/data/public/EchoSet/test/Z6MFQCViBuw/0_4_lounge/8463_7729/mix.wav,14.530389785766602,14.557756423950195,14.09431266784668,14.165027618408203
/data/public/EchoSet/test/Z6MFQCViBuw/0_4_lounge/1995_672/mix.wav,12.782186508178711,13.49898910522461,12.68370532989502,13.433229446411133
/data/public/EchoSet/test/Z6MFQCViBuw/0_4_lounge/4077_2300/mix.wav,10.953808784484863,10.979013442993164,10.136155128479004,10.180648803710938
/data/public/EchoSet/test/Z6MFQCViBuw/0_4_lounge/5639_8463/mix.wav,14.73465347290039,14.804987907409668,14.24710464477539,14.3572359085083
/data/public/EchoSet/test/Z6MFQCViBuw/0_4_lounge/1188_1284/mix.wav,13.699543952941895,13.778038024902344,13.408327102661133,13.52849292755127
/data/public/EchoSet/test/Z6MFQCViBuw/0_4_lounge/1284_1188/mix.wav,15.140542030334473,15.190454483032227,14.653265953063965,14.749051094055176
/data/public/EchoSet/test/Z6MFQCViBuw/0_4_lounge/7021_5105/mix.wav,16.966583251953125,17.10506248474121,16.46567153930664,16.666183471679688
/data/public/EchoSet/test/Z6MFQCViBuw/0_4_lounge/7127_4992/mix.wav,12.61635684967041,12.92471694946289,12.169923782348633,12.587179183959961
/data/public/EchoSet/test/Z6MFQCViBuw/0_4_lounge/7729_4970/mix.wav,16.98331642150879,17.063535690307617,16.59921646118164,16.707534790039062
/data/public/EchoSet/test/Z6MFQCViBuw/0_4_lounge/237_7729/mix.wav,13.342074394226074,13.415224075317383,12.992507934570312,13.11924934387207
/data/public/EchoSet/test/Z6MFQCViBuw/0_4_lounge/2094_8555/mix.wav,15.684389114379883,15.412148475646973,15.171394348144531,15.012307167053223
/data/public/EchoSet/test/Z6MFQCViBuw/0_4_lounge/3575_237/mix.wav,16.877315521240234,16.838685989379883,16.321969985961914,16.332679748535156
/data/public/EchoSet/test/Z6MFQCViBuw/0_4_lounge/8230_8224/mix.wav,15.749505996704102,15.773375511169434,13.568095207214355,13.602700233459473
/data/public/EchoSet/test/Z6MFQCViBuw/0_4_lounge/4446_8230/mix.wav,11.38363265991211,11.697684288024902,10.842239379882812,11.245150566101074
/data/public/EchoSet/test/Z6MFQCViBuw/0_4_lounge/4446_260/mix.wav,14.025312423706055,14.305136680603027,13.823173522949219,14.122992515563965
/data/public/EchoSet/test/Z6MFQCViBuw/0_4_lounge/5683_5639/mix.wav,13.077629089355469,13.492862701416016,12.656494140625,13.171340942382812
/data/public/EchoSet/test/Z6MFQCViBuw/0_4_lounge/3729_672/mix.wav,14.919045448303223,14.949374198913574,14.26146125793457,14.401956558227539
/data/public/EchoSet/test/Z6MFQCViBuw/0_4_lounge/5105_5683/mix.wav,15.956273078918457,15.814132690429688,15.520769119262695,15.450000762939453
/data/public/EchoSet/test/Z6MFQCViBuw/0_4_lounge/2300_8224/mix.wav,13.51950454711914,13.717543601989746,13.013700485229492,13.232492446899414
/data/public/EchoSet/test/Z6MFQCViBuw/0_4_lounge/2830_8224/mix.wav,11.333717346191406,11.631298065185547,10.774446487426758,11.178057670593262
/data/public/EchoSet/test/Z6MFQCViBuw/0_4_lounge/1580_2094/mix.wav,11.738237380981445,11.772141456604004,10.509615898132324,10.617408752441406
/data/public/EchoSet/test/Z6MFQCViBuw/0_4_lounge/3729_1221/mix.wav,12.106477737426758,12.047611236572266,11.594969749450684,11.69352912902832
/data/public/EchoSet/test/Z6MFQCViBuw/0_4_lounge/4507_1089/mix.wav,16.031131744384766,16.30736541748047,15.89180850982666,16.185199737548828
/data/public/EchoSet/test/Z6MFQCViBuw/0_4_lounge/3729_2300/mix.wav,17.334911346435547,17.40828514099121,17.103458404541016,17.22333526611328
/data/public/EchoSet/test/Z6MFQCViBuw/0_4_lounge/7729_3729/mix.wav,15.41248607635498,15.456474304199219,14.941390991210938,15.020503044128418
/data/public/EchoSet/test/Z6MFQCViBuw/0_4_lounge/672_7176/mix.wav,10.634988784790039,10.718429565429688,10.27274227142334,10.38082504272461
/data/public/EchoSet/test/Z6MFQCViBuw/0_4_lounge/1188_4077/mix.wav,12.511109352111816,12.60538101196289,11.951635360717773,12.160831451416016
/data/public/EchoSet/test/Z6MFQCViBuw/0_4_lounge/2830_5639/mix.wav,12.450958251953125,12.385564804077148,11.856164932250977,11.941244125366211
/data/public/EchoSet/test/Z6MFQCViBuw/0_4_lounge/2961_8224/mix.wav,9.161307334899902,9.733065605163574,8.740584373474121,9.389939308166504
/data/public/EchoSet/test/Z6MFQCViBuw/0_4_lounge/6930_2961/mix.wav,15.987332344055176,15.905157089233398,15.35083293914795,15.33269214630127
/data/public/EchoSet/test/Z6MFQCViBuw/0_4_lounge/3575_7127/mix.wav,12.872210502624512,13.056567192077637,12.564599990844727,12.765937805175781
/data/public/EchoSet/test/Z6MFQCViBuw/0_4_lounge/61_5142/mix.wav,11.260887145996094,11.073457717895508,10.71030044555664,10.621525764465332
/data/public/EchoSet/test/Z6MFQCViBuw/0_4_lounge/7729_7021/mix.wav,13.293108940124512,13.321017265319824,13.027915954589844,13.149169921875
/data/public/EchoSet/test/Z6MFQCViBuw/0_4_lounge/6829_7729/mix.wav,15.579437255859375,15.734045028686523,15.181083679199219,15.38422679901123
/data/public/EchoSet/test/Z6MFQCViBuw/0_4_lounge/3570_61/mix.wav,10.907222747802734,11.254328727722168,10.6729097366333,11.096362113952637
/data/public/EchoSet/test/Z6MFQCViBuw/0_4_lounge/3575_1320/mix.wav,14.139808654785156,14.189617156982422,13.111103057861328,13.191123962402344
/data/public/EchoSet/test/Z6MFQCViBuw/0_4_lounge/8463_8555/mix.wav,16.294675827026367,16.313230514526367,15.904886245727539,15.953405380249023
/data/public/EchoSet/test/Z6MFQCViBuw/0_4_lounge/8455_4446/mix.wav,13.956151962280273,13.93581485748291,13.602420806884766,13.668357849121094
/data/public/EchoSet/test/Z6MFQCViBuw/0_4_lounge/3570_672/mix.wav,13.852511405944824,14.036908149719238,13.371658325195312,13.61289119720459
/data/public/EchoSet/test/Z6MFQCViBuw/0_4_lounge/2830_2300/mix.wav,14.32789134979248,14.348479270935059,13.411189079284668,13.467364311218262
/data/public/EchoSet/test/Z6MFQCViBuw/0_4_lounge/5683_5142/mix.wav,15.164682388305664,15.070197105407715,14.67492961883545,14.636284828186035
/data/public/EchoSet/test/Z6MFQCViBuw/0_4_lounge/2830_3729/mix.wav,13.815948486328125,13.960500717163086,13.47158432006836,13.700772285461426
/data/public/EchoSet/test/Z6MFQCViBuw/0_4_lounge/1320_5105/mix.wav,12.112077713012695,12.251163482666016,11.111133575439453,11.306735038757324
/data/public/EchoSet/test/Z6MFQCViBuw/0_4_lounge/61_2300/mix.wav,10.74692153930664,10.950915336608887,10.118583679199219,10.354731559753418
/data/public/EchoSet/test/Z6MFQCViBuw/0_4_lounge/5142_237/mix.wav,14.934814453125,14.990610122680664,14.54822826385498,14.639700889587402
/data/public/EchoSet/test/Z6MFQCViBuw/0_4_lounge/1284_4992/mix.wav,8.559582710266113,8.466564178466797,8.005071640014648,7.973158359527588
/data/public/EchoSet/test/Z6MFQCViBuw/0_4_lounge/2094_4446/mix.wav,16.038860321044922,16.212495803833008,15.486007690429688,15.721863746643066
/data/public/EchoSet/test/Z6MFQCViBuw/0_4_lounge/8224_908/mix.wav,13.480213165283203,13.288041114807129,12.957159042358398,12.89041805267334
/data/public/EchoSet/test/Z6MFQCViBuw/0_4_lounge/1995_1089/mix.wav,15.643922805786133,15.669609069824219,15.425663948059082,15.483407974243164
/data/public/EchoSet/test/Z6MFQCViBuw/0_4_lounge/1089_4970/mix.wav,16.358604431152344,16.30303382873535,15.608306884765625,15.784882545471191
/data/public/EchoSet/test/Z6MFQCViBuw/0_4_lounge/1188_61/mix.wav,11.21072769165039,11.333395004272461,10.507713317871094,10.70905876159668
/data/public/EchoSet/test/Z6MFQCViBuw/0_4_lounge/7176_7127/mix.wav,12.766597747802734,12.96925163269043,12.24798583984375,12.500955581665039
/data/public/EchoSet/test/Z6MFQCViBuw/0_4_lounge/61_4507/mix.wav,12.59930419921875,12.914310455322266,12.307394027709961,12.72610092163086
/data/public/EchoSet/test/Z6MFQCViBuw/0_4_lounge/4507_4992/mix.wav,11.816335678100586,12.085259437561035,11.499924659729004,11.812480926513672
/data/public/EchoSet/test/Z6MFQCViBuw/0_4_lounge/1221_672/mix.wav,12.381449699401855,12.42265510559082,11.841673851013184,11.947060585021973
/data/public/EchoSet/test/Z6MFQCViBuw/0_4_lounge/6829_1320/mix.wav,12.377902030944824,12.609993934631348,12.07507038116455,12.34809398651123
/data/public/EchoSet/test/Z6MFQCViBuw/0_4_lounge/6930_121/mix.wav,6.244808197021484,6.5454325675964355,5.46548318862915,5.806891918182373
/data/public/EchoSet/test/Z6MFQCViBuw/0_4_lounge/2300_61/mix.wav,12.59033203125,12.685628890991211,11.861599922180176,12.018776893615723
/data/public/EchoSet/test/Z6MFQCViBuw/0_4_lounge/1221_1580/mix.wav,11.784284591674805,12.004352569580078,11.253142356872559,11.540444374084473
/data/public/EchoSet/test/Z6MFQCViBuw/0_4_lounge/6930_8455/mix.wav,15.603582382202148,15.70326042175293,15.257251739501953,15.401284217834473
/data/public/EchoSet/test/Z6MFQCViBuw/0_4_lounge/3570_908/mix.wav,15.395658493041992,15.310365676879883,14.616289138793945,14.659139633178711
/data/public/EchoSet/test/Z6MFQCViBuw/0_4_lounge/1284_8555/mix.wav,14.682455062866211,14.925786972045898,14.073976516723633,14.38611888885498
/data/public/EchoSet/test/Z6MFQCViBuw/0_4_lounge/1221_4446/mix.wav,14.010955810546875,14.09103012084961,13.72427749633789,13.891097068786621
/data/public/EchoSet/test/Z6MFQCViBuw/0_4_lounge/5683_4507/mix.wav,16.304203033447266,16.44563102722168,15.457168579101562,15.678485870361328
/data/public/EchoSet/test/Z6MFQCViBuw/0_4_lounge/6930_4077/mix.wav,8.960907936096191,8.740121841430664,8.07119083404541,7.959136009216309
/data/public/EchoSet/test/Z6MFQCViBuw/0_4_lounge/1284_8455/mix.wav,13.383720397949219,13.684314727783203,13.028032302856445,13.368158340454102
/data/public/EchoSet/test/Z6MFQCViBuw/0_4_lounge/8455_908/mix.wav,10.657340049743652,10.754263877868652,10.242942810058594,10.381291389465332
/data/public/EchoSet/test/Z6MFQCViBuw/0_4_lounge/908_1284/mix.wav,12.692821502685547,12.72471809387207,12.240945816040039,12.373353958129883
/data/public/EchoSet/test/Z6MFQCViBuw/0_4_lounge/121_237/mix.wav,13.058176040649414,13.263477325439453,12.672247886657715,12.927665710449219
/data/public/EchoSet/test/Z6MFQCViBuw/0_4_lounge/1188_5105/mix.wav,12.007843971252441,12.204976081848145,11.46904182434082,11.74080753326416
/data/public/EchoSet/test/Z6MFQCViBuw/0_4_lounge/2094_1320/mix.wav,8.223991394042969,8.76627254486084,7.25880765914917,7.970775604248047
/data/public/EchoSet/test/Z6MFQCViBuw/0_4_lounge/8230_6829/mix.wav,13.115653991699219,12.99030876159668,12.746892929077148,12.736418724060059
/data/public/EchoSet/test/Z6MFQCViBuw/0_4_lounge/1320_5639/mix.wav,13.917247772216797,14.027360916137695,13.58068561553955,13.750188827514648
/data/public/EchoSet/test/Z6MFQCViBuw/0_4_lounge/7176_4446/mix.wav,15.589529037475586,15.633930206298828,15.187847137451172,15.282946586608887
/data/public/EchoSet/test/Z6MFQCViBuw/0_4_lounge/1995_1221/mix.wav,13.788379669189453,14.165450096130371,13.445241928100586,13.933279037475586
/data/public/EchoSet/test/Z6MFQCViBuw/0_4_lounge/121_4507/mix.wav,11.835887908935547,12.420256614685059,11.377945899963379,12.070399284362793
/data/public/EchoSet/test/Z6MFQCViBuw/0_4_lounge/5105_8455/mix.wav,17.04180145263672,17.07406234741211,16.666879653930664,16.716720581054688
/data/public/EchoSet/test/Z6MFQCViBuw/0_4_lounge/2830_2961/mix.wav,15.978761672973633,16.056381225585938,15.711432456970215,15.821822166442871
/data/public/EchoSet/test/Z6MFQCViBuw/0_4_lounge/5142_4077/mix.wav,16.08415985107422,16.077909469604492,15.68419075012207,15.713882446289062
/data/public/EchoSet/test/Z6MFQCViBuw/0_4_lounge/7176_1580/mix.wav,14.303359985351562,14.435771942138672,14.04455852508545,14.217891693115234
/data/public/EchoSet/test/Z6MFQCViBuw/0_4_lounge/8555_2961/mix.wav,14.651945114135742,14.895442008972168,14.358548164367676,14.644723892211914
/data/public/EchoSet/test/Z6MFQCViBuw/0_4_lounge/8230_5683/mix.wav,13.077096939086914,13.245269775390625,12.633993148803711,12.889195442199707
/data/public/EchoSet/test/Z6MFQCViBuw/0_4_lounge/8455_8230/mix.wav,15.777331352233887,15.840889930725098,15.362735748291016,15.442437171936035
/data/public/EchoSet/test/Z6MFQCViBuw/0_4_lounge/3729_6930/mix.wav,14.134620666503906,14.237205505371094,13.61297607421875,13.775127410888672
/data/public/EchoSet/test/Z6MFQCViBuw/0_4_lounge/4970_672/mix.wav,16.886810302734375,16.891183853149414,16.40953826904297,16.491718292236328
/data/public/EchoSet/test/Z6MFQCViBuw/0_4_lounge/8463_1580/mix.wav,14.43718147277832,14.358234405517578,13.936744689941406,13.931880950927734
/data/public/EchoSet/test/Z6MFQCViBuw/0_4_lounge/4446_7127/mix.wav,14.450489044189453,14.58285903930664,14.082269668579102,14.275655746459961
/data/public/EchoSet/test/Z6MFQCViBuw/0_4_lounge/5639_6829/mix.wav,14.737802505493164,14.946371078491211,14.44137191772461,14.700499534606934
/data/public/EchoSet/test/Z6MFQCViBuw/0_4_lounge/2094_4992/mix.wav,15.798118591308594,15.98080062866211,15.419528007507324,15.629878044128418
/data/public/EchoSet/test/Z6MFQCViBuw/0_4_lounge/5142_260/mix.wav,9.426346778869629,9.848678588867188,8.986627578735352,9.545636177062988
/data/public/EchoSet/test/Z6MFQCViBuw/0_4_lounge/4970_8224/mix.wav,14.392019271850586,14.209074974060059,14.172733306884766,14.064476013183594
/data/public/EchoSet/test/Z6MFQCViBuw/0_4_lounge/4992_6829/mix.wav,9.662275314331055,10.34986686706543,9.42262077331543,10.241302490234375
/data/public/EchoSet/test/Z6MFQCViBuw/0_4_lounge/7021_8230/mix.wav,13.056690216064453,13.182422637939453,12.81273078918457,12.981895446777344
/data/public/EchoSet/test/Z6MFQCViBuw/0_4_lounge/2961_1995/mix.wav,14.795215606689453,14.863479614257812,14.332916259765625,14.449877738952637
/data/public/EchoSet/test/Z6MFQCViBuw/0_4_lounge/4992_1188/mix.wav,15.13818359375,15.034908294677734,14.65317153930664,14.632711410522461
/data/public/EchoSet/test/Z6MFQCViBuw/0_4_lounge/5142_3575/mix.wav,11.800249099731445,12.59492301940918,11.56578254699707,12.398624420166016
/data/public/EchoSet/test/Z6MFQCViBuw/0_4_lounge/1995_3575/mix.wav,9.441843032836914,9.271414756774902,8.932697296142578,8.896913528442383
/data/public/EchoSet/test/Z6MFQCViBuw/0_4_lounge/260_6829/mix.wav,12.050382614135742,12.047423362731934,11.721332550048828,11.825005531311035
/data/public/EchoSet/test/Z6MFQCViBuw/0_4_lounge/4970_4077/mix.wav,12.729852676391602,12.84213638305664,12.204290390014648,12.442346572875977
/data/public/EchoSet/test/Z6MFQCViBuw/0_4_lounge/908_7021/mix.wav,12.797262191772461,13.045076370239258,12.432458877563477,12.713593482971191
/data/public/EchoSet/test/Z6MFQCViBuw/0_4_lounge/8455_8224/mix.wav,12.426944732666016,12.891007423400879,12.170785903930664,12.676894187927246
/data/public/EchoSet/test/Z6MFQCViBuw/0_4_lounge/8463_260/mix.wav,16.088855743408203,16.111013412475586,15.81737232208252,15.90859317779541
/data/public/EchoSet/test/Z6MFQCViBuw/0_4_lounge/8230_4992/mix.wav,13.780714988708496,13.988080978393555,13.150436401367188,13.406476974487305
/data/public/EchoSet/test/Z6MFQCViBuw/0_4_lounge/3575_8555/mix.wav,11.90785026550293,12.691605567932129,11.562850952148438,12.43021011352539
/data/public/EchoSet/test/Z6MFQCViBuw/0_4_lounge/5683_908/mix.wav,14.560990333557129,14.658363342285156,14.006900787353516,14.153453826904297
/data/public/EchoSet/test/Z6MFQCViBuw/0_4_lounge/1089_1221/mix.wav,12.410228729248047,12.512394905090332,12.026853561401367,12.269842147827148
/data/public/EchoSet/test/Z6MFQCViBuw/0_4_lounge/8463_1320/mix.wav,16.414657592773438,16.44058609008789,16.062273025512695,16.128684997558594
/data/public/EchoSet/test/Z6MFQCViBuw/0_4_lounge/3729_7176/mix.wav,15.873876571655273,15.910072326660156,15.542388916015625,15.614100456237793
/data/public/EchoSet/test/Z6MFQCViBuw/0_4_lounge/7127_7021/mix.wav,19.53537368774414,19.564577102661133,19.271793365478516,19.307466506958008
/data/public/EchoSet/test/Z6MFQCViBuw/0_4_lounge/121_1580/mix.wav,13.54072093963623,13.766971588134766,13.22968864440918,13.475728988647461
/data/public/EchoSet/test/Z6MFQCViBuw/0_4_lounge/260_3570/mix.wav,14.455652236938477,14.542125701904297,13.997710227966309,14.125675201416016
/data/public/EchoSet/test/Z6MFQCViBuw/0_4_lounge/672_8555/mix.wav,15.005534172058105,15.101996421813965,14.505929946899414,14.667402267456055
/data/public/EchoSet/test/Z6MFQCViBuw/0_4_lounge/5142_8463/mix.wav,12.448023796081543,12.67156982421875,12.021746635437012,12.29029655456543
/data/public/EchoSet/test/Z6MFQCViBuw/0_4_lounge/8555_4507/mix.wav,14.709242820739746,14.783860206604004,14.34804916381836,14.477035522460938
/data/public/EchoSet/test/Z6MFQCViBuw/0_4_lounge/237_1580/mix.wav,12.167482376098633,12.105535507202148,11.768699645996094,11.758565902709961
/data/public/EchoSet/test/Z6MFQCViBuw/0_4_lounge/908_237/mix.wav,13.682190895080566,13.730701446533203,13.225996017456055,13.325143814086914
/data/public/EchoSet/test/Z6MFQCViBuw/0_7_lounge/1221_4507/mix.wav,12.177616119384766,12.243391990661621,11.859041213989258,11.975857734680176
/data/public/EchoSet/test/Z6MFQCViBuw/0_7_lounge/5639_6829/mix.wav,14.002685546875,13.966836929321289,13.716136932373047,13.78198528289795
/data/public/EchoSet/test/Z6MFQCViBuw/0_7_lounge/3729_7127/mix.wav,9.630615234375,9.517197608947754,9.04970932006836,9.07595157623291
/data/public/EchoSet/test/Z6MFQCViBuw/0_7_lounge/5683_1580/mix.wav,16.33856964111328,16.314865112304688,15.83297348022461,15.871639251708984
/data/public/EchoSet/test/Z6MFQCViBuw/0_7_lounge/5639_1188/mix.wav,11.13154411315918,11.679951667785645,10.868927001953125,11.468657493591309
/data/public/EchoSet/test/Z6MFQCViBuw/0_7_lounge/8455_3729/mix.wav,14.460403442382812,14.376737594604492,13.943605422973633,13.920947074890137
/data/public/EchoSet/test/Z6MFQCViBuw/0_7_lounge/8230_5683/mix.wav,14.698694229125977,14.750727653503418,13.986026763916016,14.08714485168457
/data/public/EchoSet/test/Z6MFQCViBuw/0_7_lounge/2830_4446/mix.wav,10.888866424560547,10.962634086608887,9.573675155639648,9.723204612731934
/data/public/EchoSet/test/Z6MFQCViBuw/0_7_lounge/7729_7176/mix.wav,13.021421432495117,13.030805587768555,12.608652114868164,12.697549819946289
/data/public/EchoSet/test/Z6MFQCViBuw/0_7_lounge/5142_8463/mix.wav,13.465906143188477,13.707472801208496,13.229721069335938,13.507898330688477
/data/public/EchoSet/test/Z6MFQCViBuw/0_7_lounge/8555_4507/mix.wav,14.30182933807373,14.3212251663208,13.707878112792969,13.794732093811035
/data/public/EchoSet/test/Z6MFQCViBuw/0_7_lounge/237_1995/mix.wav,12.808000564575195,13.162837028503418,12.53812026977539,12.956186294555664
/data/public/EchoSet/test/Z6MFQCViBuw/0_7_lounge/260_4446/mix.wav,10.12108039855957,10.03864574432373,9.362015724182129,9.4139986038208
/data/public/EchoSet/test/Z6MFQCViBuw/0_7_lounge/4992_1320/mix.wav,15.227176666259766,15.23758316040039,14.883672714233398,14.960431098937988
/data/public/EchoSet/test/Z6MFQCViBuw/0_7_lounge/4446_1188/mix.wav,15.139978408813477,15.278743743896484,14.287196159362793,14.451420783996582
/data/public/EchoSet/test/Z6MFQCViBuw/0_7_lounge/2300_6930/mix.wav,14.787068367004395,14.79377269744873,13.726276397705078,13.81568431854248
/data/public/EchoSet/test/Z6MFQCViBuw/0_7_lounge/4507_908/mix.wav,14.885883331298828,15.023002624511719,14.679251670837402,14.866779327392578
/data/public/EchoSet/test/Z6MFQCViBuw/0_7_lounge/1284_260/mix.wav,14.099967956542969,14.008064270019531,13.375503540039062,13.351823806762695
/data/public/EchoSet/test/Z6MFQCViBuw/0_7_lounge/8555_237/mix.wav,10.21112060546875,10.471277236938477,9.754829406738281,10.078831672668457
/data/public/EchoSet/test/Z6MFQCViBuw/0_7_lounge/237_2830/mix.wav,13.021652221679688,13.036881446838379,12.285296440124512,12.404642105102539
/data/public/EchoSet/test/Z6MFQCViBuw/0_7_lounge/1089_7729/mix.wav,13.956310272216797,14.05445384979248,13.54067325592041,13.665084838867188
/data/public/EchoSet/test/Z6MFQCViBuw/0_7_lounge/1188_2961/mix.wav,15.053909301757812,15.112242698669434,14.811007499694824,14.898895263671875
/data/public/EchoSet/test/Z6MFQCViBuw/0_7_lounge/6930_121/mix.wav,12.881803512573242,13.105425834655762,12.482179641723633,12.754045486450195
/data/public/EchoSet/test/Z6MFQCViBuw/0_7_lounge/2961_5105/mix.wav,16.753921508789062,16.751440048217773,16.311321258544922,16.3411922454834
/data/public/EchoSet/test/Z6MFQCViBuw/0_7_lounge/1995_8455/mix.wav,13.052580833435059,13.317534446716309,12.747272491455078,13.063560485839844
/data/public/EchoSet/test/Z6MFQCViBuw/0_7_lounge/8555_1320/mix.wav,14.550374984741211,14.568565368652344,13.79951000213623,13.925098419189453
/data/public/EchoSet/test/Z6MFQCViBuw/0_7_lounge/8463_5105/mix.wav,15.604337692260742,15.472355842590332,15.363883972167969,15.341119766235352
/data/public/EchoSet/test/Z6MFQCViBuw/0_7_lounge/672_7729/mix.wav,14.41792106628418,14.671895980834961,13.860597610473633,14.167126655578613
/data/public/EchoSet/test/Z6MFQCViBuw/0_7_lounge/4077_908/mix.wav,11.081769943237305,11.632975578308105,10.82327651977539,11.407394409179688
/data/public/EchoSet/test/Z6MFQCViBuw/0_7_lounge/672_2094/mix.wav,11.47329044342041,11.480563163757324,10.194005966186523,10.273422241210938
/data/public/EchoSet/test/Z6MFQCViBuw/0_7_lounge/1320_8230/mix.wav,10.17410945892334,10.321863174438477,9.639668464660645,9.8270902633667
/data/public/EchoSet/test/Z6MFQCViBuw/0_7_lounge/6829_3570/mix.wav,11.729629516601562,11.772008895874023,11.219051361083984,11.330816268920898
/data/public/EchoSet/test/Z6MFQCViBuw/0_7_lounge/5639_5683/mix.wav,17.421199798583984,17.521717071533203,17.23850440979004,17.360782623291016
/data/public/EchoSet/test/Z6MFQCViBuw/0_7_lounge/6829_4446/mix.wav,13.625568389892578,13.653867721557617,13.233442306518555,13.299692153930664
/data/public/EchoSet/test/Z6MFQCViBuw/0_7_lounge/7127_4970/mix.wav,17.790512084960938,17.751588821411133,17.20158576965332,17.201108932495117
/data/public/EchoSet/test/Z6MFQCViBuw/0_7_lounge/3570_8224/mix.wav,13.182571411132812,13.387571334838867,12.929239273071289,13.158113479614258
/data/public/EchoSet/test/Z6MFQCViBuw/0_7_lounge/6930_260/mix.wav,16.713581085205078,16.670063018798828,15.738311767578125,15.793554306030273
/data/public/EchoSet/test/Z6MFQCViBuw/0_7_lounge/5639_7021/mix.wav,14.411275863647461,14.475736618041992,14.151580810546875,14.332387924194336
/data/public/EchoSet/test/Z6MFQCViBuw/0_7_lounge/1089_1580/mix.wav,15.067432403564453,15.147241592407227,14.688468933105469,14.826010704040527
/data/public/EchoSet/test/Z6MFQCViBuw/0_7_lounge/1284_2961/mix.wav,13.314952850341797,13.343719482421875,11.803855895996094,11.858244895935059
/data/public/EchoSet/test/Z6MFQCViBuw/0_7_lounge/1580_3575/mix.wav,12.414787292480469,12.419137954711914,11.822659492492676,11.898473739624023
/data/public/EchoSet/test/Z6MFQCViBuw/0_7_lounge/4507_8224/mix.wav,14.032804489135742,14.43969440460205,13.916751861572266,14.345192909240723
/data/public/EchoSet/test/Z6MFQCViBuw/0_7_lounge/3575_7176/mix.wav,13.909468650817871,13.774709701538086,13.532953262329102,13.474040031433105
/data/public/EchoSet/test/Z6MFQCViBuw/0_7_lounge/2300_1089/mix.wav,10.824764251708984,11.178644180297852,10.569785118103027,11.005289077758789
/data/public/EchoSet/test/Z6MFQCViBuw/0_7_lounge/2300_8455/mix.wav,13.927536010742188,13.715202331542969,13.48911190032959,13.358187675476074
/data/public/EchoSet/test/Z6MFQCViBuw/0_7_lounge/5105_5683/mix.wav,15.717586517333984,15.663932800292969,14.645034790039062,14.642488479614258
/data/public/EchoSet/test/Z6MFQCViBuw/0_7_lounge/7021_7127/mix.wav,15.31467342376709,15.38439655303955,14.922155380249023,15.037968635559082
/data/public/EchoSet/test/Z6MFQCViBuw/0_7_lounge/7729_5142/mix.wav,13.335826873779297,13.110525131225586,12.48243522644043,12.437665939331055
/data/public/EchoSet/test/Z6MFQCViBuw/0_7_lounge/1221_908/mix.wav,13.500904083251953,13.37419319152832,13.136127471923828,13.074483871459961
/data/public/EchoSet/test/Z6MFQCViBuw/0_7_lounge/6829_3575/mix.wav,13.287862777709961,13.602082252502441,12.484856605529785,12.833391189575195
/data/public/EchoSet/test/Z6MFQCViBuw/0_7_lounge/121_7021/mix.wav,14.476719856262207,14.564831733703613,14.142219543457031,14.374249458312988
/data/public/EchoSet/test/Z6MFQCViBuw/0_7_lounge/2300_3729/mix.wav,14.612269401550293,14.6015625,14.084447860717773,14.148571968078613
/data/public/EchoSet/test/Z6MFQCViBuw/0_7_lounge/2961_5142/mix.wav,11.926481246948242,12.526021957397461,11.653144836425781,12.440484046936035
/data/public/EchoSet/test/Z6MFQCViBuw/0_7_lounge/2094_121/mix.wav,14.058534622192383,14.216543197631836,13.59526252746582,13.811162948608398
/data/public/EchoSet/test/Z6MFQCViBuw/0_7_lounge/61_1284/mix.wav,11.04465389251709,11.431939125061035,9.642500877380371,10.126193046569824
/data/public/EchoSet/test/Z6MFQCViBuw/0_7_lounge/7127_7176/mix.wav,11.808868408203125,11.728591918945312,11.206941604614258,11.177846908569336
/data/public/EchoSet/test/Z6MFQCViBuw/0_7_lounge/5105_4992/mix.wav,13.710660934448242,13.873787879943848,13.358417510986328,13.599413871765137
/data/public/EchoSet/test/Z6MFQCViBuw/0_7_lounge/8224_672/mix.wav,10.505305290222168,10.486593246459961,10.00865650177002,10.032614707946777
/data/public/EchoSet/test/Z6MFQCViBuw/0_7_lounge/8230_4970/mix.wav,14.936824798583984,15.071033477783203,14.498045921325684,14.680572509765625
/data/public/EchoSet/test/Z6MFQCViBuw/0_7_lounge/4992_908/mix.wav,14.956278800964355,15.061517715454102,14.595600128173828,14.726104736328125
/data/public/EchoSet/test/Z6MFQCViBuw/0_7_lounge/2830_4970/mix.wav,14.653100967407227,14.711812973022461,13.870925903320312,14.100728988647461
/data/public/EchoSet/test/Z6MFQCViBuw/0_7_lounge/1995_61/mix.wav,13.541799545288086,13.725724220275879,13.23953914642334,13.469305038452148
/data/public/EchoSet/test/Z6MFQCViBuw/0_7_lounge/237_121/mix.wav,13.817923545837402,14.033248901367188,13.414227485656738,13.674796104431152
/data/public/EchoSet/test/Z6MFQCViBuw/0_7_lounge/8463_2094/mix.wav,16.255088806152344,16.394556045532227,15.88979721069336,16.093820571899414
/data/public/EchoSet/test/Z6MFQCViBuw/0_7_lounge/8455_260/mix.wav,14.561176300048828,14.441061019897461,14.176528930664062,14.102519035339355
/data/public/EchoSet/test/Z6MFQCViBuw/0_7_lounge/4077_1221/mix.wav,12.020437240600586,11.879684448242188,11.48198127746582,11.520182609558105
/data/public/EchoSet/test/Z6MFQCViBuw/0_7_lounge/8463_4970/mix.wav,11.924135208129883,12.139642715454102,11.37320327758789,11.687688827514648
/data/public/EchoSet/test/Z6MFQCViBuw/0_7_lounge/61_8230/mix.wav,11.190790176391602,11.546937942504883,10.817130088806152,11.29190731048584
/data/public/EchoSet/test/Z6MFQCViBuw/0_7_lounge/6930_3570/mix.wav,18.073959350585938,18.10880470275879,17.570350646972656,17.647411346435547
/data/public/EchoSet/test/Z6MFQCViBuw/0_7_lounge/1284_7176/mix.wav,12.648894309997559,12.850568771362305,12.342255592346191,12.589093208312988
/data/public/EchoSet/test/Z6MFQCViBuw/0_7_lounge/3575_2830/mix.wav,15.214681625366211,15.389781951904297,14.750170707702637,14.953367233276367
/data/public/EchoSet/test/Z6MFQCViBuw/0_7_lounge/1995_1320/mix.wav,14.104578018188477,13.996198654174805,13.783248901367188,13.721902847290039
/data/public/EchoSet/test/Z6MFQCViBuw/0_7_lounge/672_61/mix.wav,7.9674787521362305,7.856443881988525,6.520573616027832,6.515340328216553
/data/public/EchoSet/test/Z6MFQCViBuw/0_7_lounge/8555_1089/mix.wav,15.627058029174805,15.78264045715332,15.419035911560059,15.589285850524902
/data/public/EchoSet/test/Z6MFQCViBuw/0_7_lounge/1580_4077/mix.wav,12.48971939086914,12.609622955322266,12.052375793457031,12.240245819091797
/data/public/EchoSet/test/Z6MFQCViBuw/0_7_lounge/7021_4992/mix.wav,14.471426010131836,14.509793281555176,13.76287841796875,13.878801345825195
/data/public/EchoSet/test/Z6MFQCViBuw/0_7_lounge/3729_2094/mix.wav,11.200770378112793,11.370281219482422,10.464864730834961,10.683789253234863
/data/public/EchoSet/test/Z6MFQCViBuw/0_7_lounge/1221_4077/mix.wav,10.635696411132812,10.699292182922363,9.365541458129883,9.481144905090332
/data/public/EchoSet/test/Z6MFQCViBuw/0_7_lounge/3570_1188/mix.wav,16.295137405395508,16.447614669799805,15.985764503479004,16.159290313720703
/data/public/EchoSet/test/Z6MFQCViBuw/0_7_lounge/8224_5142/mix.wav,8.26345443725586,8.216583251953125,2.3051950931549072,2.380675792694092
/data/public/EchoSet/test/Z6MFQCViBuw/0_5_lounge/260_6930/mix.wav,11.380916595458984,11.917378425598145,11.078690528869629,11.661002159118652
/data/public/EchoSet/test/Z6MFQCViBuw/0_5_lounge/2961_5105/mix.wav,13.485628128051758,13.396273612976074,13.037178039550781,13.043170928955078
/data/public/EchoSet/test/Z6MFQCViBuw/0_5_lounge/1320_5142/mix.wav,15.638389587402344,15.610738754272461,14.58575439453125,14.622393608093262
/data/public/EchoSet/test/Z6MFQCViBuw/0_5_lounge/8224_6829/mix.wav,8.553292274475098,8.706609725952148,4.6342387199401855,4.862252712249756
/data/public/EchoSet/test/Z6MFQCViBuw/0_5_lounge/8555_1320/mix.wav,13.672483444213867,13.771114349365234,13.159399032592773,13.295279502868652
/data/public/EchoSet/test/Z6MFQCViBuw/0_5_lounge/8463_5105/mix.wav,12.274185180664062,12.324275970458984,11.939858436584473,12.082273483276367
/data/public/EchoSet/test/Z6MFQCViBuw/0_5_lounge/2961_61/mix.wav,14.49911880493164,14.514446258544922,14.118826866149902,14.200851440429688
/data/public/EchoSet/test/Z6MFQCViBuw/0_5_lounge/1995_8224/mix.wav,13.421749114990234,13.655237197875977,12.990907669067383,13.32076644897461
/data/public/EchoSet/test/Z6MFQCViBuw/0_5_lounge/260_7127/mix.wav,12.209440231323242,12.209203720092773,11.377195358276367,11.429988861083984
/data/public/EchoSet/test/Z6MFQCViBuw/0_5_lounge/260_4446/mix.wav,11.82113265991211,12.127779006958008,11.016120910644531,11.385159492492676
/data/public/EchoSet/test/Z6MFQCViBuw/0_5_lounge/4992_5683/mix.wav,12.696995735168457,12.74742603302002,11.357358932495117,11.448731422424316
/data/public/EchoSet/test/Z6MFQCViBuw/0_5_lounge/5142_8230/mix.wav,16.09937286376953,16.120946884155273,15.652006149291992,15.722865104675293
/data/public/EchoSet/test/Z6MFQCViBuw/0_5_lounge/4446_4507/mix.wav,13.42544174194336,13.462932586669922,12.921777725219727,13.001120567321777
/data/public/EchoSet/test/Z6MFQCViBuw/0_5_lounge/7127_4970/mix.wav,11.596508026123047,11.698563575744629,10.688106536865234,10.921001434326172
/data/public/EchoSet/test/Z6MFQCViBuw/0_5_lounge/1221_1320/mix.wav,12.160648345947266,12.35715103149414,9.321783065795898,9.588274955749512
/data/public/EchoSet/test/Z6MFQCViBuw/0_5_lounge/5105_7021/mix.wav,12.215712547302246,12.164623260498047,11.678373336791992,11.680742263793945
/data/public/EchoSet/test/Z6MFQCViBuw/0_5_lounge/1221_6930/mix.wav,12.970247268676758,13.013092041015625,12.212512016296387,12.316777229309082
/data/public/EchoSet/test/Z6MFQCViBuw/0_5_lounge/2300_6829/mix.wav,8.564630508422852,9.366806983947754,7.197908401489258,8.05737590789795
/data/public/EchoSet/test/Z6MFQCViBuw/0_5_lounge/672_1284/mix.wav,9.98668098449707,10.252819061279297,9.481729507446289,9.82723617553711
/data/public/EchoSet/test/Z6MFQCViBuw/0_5_lounge/121_2961/mix.wav,11.48848819732666,11.76381778717041,11.01488971710205,11.391254425048828
/data/public/EchoSet/test/Z6MFQCViBuw/0_5_lounge/61_3729/mix.wav,12.385589599609375,12.619868278503418,12.129305839538574,12.401256561279297
/data/public/EchoSet/test/Z6MFQCViBuw/0_5_lounge/1995_61/mix.wav,12.857746124267578,13.072519302368164,12.501362800598145,12.746541976928711
/data/public/EchoSet/test/Z6MFQCViBuw/0_5_lounge/1089_908/mix.wav,10.690778732299805,10.716142654418945,10.192169189453125,10.289436340332031
/data/public/EchoSet/test/Z6MFQCViBuw/0_5_lounge/4992_1580/mix.wav,14.226175308227539,14.205366134643555,13.510923385620117,13.546404838562012
/data/public/EchoSet/test/Z6MFQCViBuw/0_5_lounge/5683_4446/mix.wav,14.66189193725586,14.708610534667969,13.876903533935547,13.961922645568848
/data/public/EchoSet/test/Z6MFQCViBuw/0_5_lounge/2830_7176/mix.wav,12.888599395751953,12.999164581298828,12.39703369140625,12.53194808959961
/data/public/EchoSet/test/Z6MFQCViBuw/0_5_lounge/1995_4970/mix.wav,11.68226432800293,11.86903190612793,11.334773063659668,11.602534294128418
/data/public/EchoSet/test/Z6MFQCViBuw/0_5_lounge/3575_7021/mix.wav,15.299072265625,15.403409957885742,14.088215827941895,14.231013298034668
/data/public/EchoSet/test/Z6MFQCViBuw/0_5_lounge/1188_7127/mix.wav,12.507576942443848,12.651912689208984,11.943914413452148,12.130718231201172
/data/public/EchoSet/test/Z6MFQCViBuw/0_5_lounge/1089_8455/mix.wav,15.648001670837402,15.645156860351562,15.24955940246582,15.276365280151367
/data/public/EchoSet/test/Z6MFQCViBuw/0_5_lounge/672_3575/mix.wav,15.104825973510742,15.115017890930176,13.515813827514648,13.544325828552246
/data/public/EchoSet/test/Z6MFQCViBuw/0_5_lounge/3729_1580/mix.wav,9.626533508300781,9.99777889251709,9.228928565979004,9.718303680419922
/data/public/EchoSet/test/Z6MFQCViBuw/0_5_lounge/8455_1089/mix.wav,9.693004608154297,9.72994327545166,9.100111961364746,9.187625885009766
/data/public/EchoSet/test/Z6MFQCViBuw/0_5_lounge/1284_121/mix.wav,10.865767478942871,10.949737548828125,10.241436004638672,10.418561935424805
/data/public/EchoSet/test/Z6MFQCViBuw/0_5_lounge/3729_1995/mix.wav,11.809046745300293,12.205428123474121,11.376568794250488,11.874456405639648
/data/public/EchoSet/test/Z6MFQCViBuw/0_5_lounge/237_4992/mix.wav,13.927214622497559,14.05750560760498,13.486571311950684,13.686712265014648
/data/public/EchoSet/test/Z6MFQCViBuw/0_5_lounge/3570_7729/mix.wav,9.51207160949707,10.319419860839844,9.161360740661621,10.061351776123047
/data/public/EchoSet/test/Z6MFQCViBuw/0_5_lounge/5683_7127/mix.wav,11.086189270019531,11.157618522644043,10.002944946289062,10.172346115112305
/data/public/EchoSet/test/Z6MFQCViBuw/0_5_lounge/4077_4507/mix.wav,12.20625114440918,12.674034118652344,11.835142135620117,12.380034446716309
/data/public/EchoSet/test/Z6MFQCViBuw/0_5_lounge/1188_7176/mix.wav,10.950922012329102,11.123892784118652,10.602864265441895,10.807931900024414
/data/public/EchoSet/test/Z6MFQCViBuw/0_5_lounge/908_3575/mix.wav,15.411895751953125,15.481390953063965,14.729591369628906,14.860757827758789
/data/public/EchoSet/test/Z6MFQCViBuw/0_5_lounge/5683_6930/mix.wav,12.203594207763672,11.937853813171387,10.33180046081543,10.245521545410156
/data/public/EchoSet/test/Z6MFQCViBuw/0_5_lounge/7729_3570/mix.wav,13.637347221374512,13.723373413085938,13.403739929199219,13.53656005859375
/data/public/EchoSet/test/Z6MFQCViBuw/0_5_lounge/8224_2961/mix.wav,14.3993501663208,14.399449348449707,14.019010543823242,14.094839096069336
/data/public/EchoSet/test/Z6MFQCViBuw/0_5_lounge/4507_6930/mix.wav,17.15683364868164,17.110261917114258,16.693317413330078,16.739479064941406
/data/public/EchoSet/test/Z6MFQCViBuw/0_5_lounge/8555_3729/mix.wav,13.346208572387695,13.805084228515625,12.855392456054688,13.393025398254395
/data/public/EchoSet/test/Z6MFQCViBuw/0_5_lounge/8555_2300/mix.wav,15.371833801269531,15.414648056030273,14.884944915771484,14.960490226745605
/data/public/EchoSet/test/Z6MFQCViBuw/0_5_lounge/8463_237/mix.wav,13.307178497314453,13.39554214477539,13.014925003051758,13.15035629272461
/data/public/EchoSet/test/Z6MFQCViBuw/0_5_lounge/672_3570/mix.wav,16.15120506286621,16.31610870361328,15.826481819152832,16.009014129638672
/data/public/EchoSet/test/Z6MFQCViBuw/0_5_lounge/8463_7729/mix.wav,12.494911193847656,12.531594276428223,12.051576614379883,12.12583065032959
/data/public/EchoSet/test/Z6MFQCViBuw/0_5_lounge/4507_2094/mix.wav,19.185771942138672,19.326501846313477,19.09235382080078,19.245868682861328
/data/public/EchoSet/test/Z6MFQCViBuw/0_5_lounge/260_1221/mix.wav,9.379457473754883,9.65414810180664,8.481804847717285,8.80447006225586
/data/public/EchoSet/test/Z6MFQCViBuw/0_5_lounge/121_8230/mix.wav,14.712291717529297,14.664406776428223,14.408084869384766,14.394047737121582
/data/public/EchoSet/test/Z6MFQCViBuw/0_5_lounge/4077_672/mix.wav,10.393280029296875,10.553743362426758,8.03084659576416,8.24360466003418
/data/public/EchoSet/test/Z6MFQCViBuw/0_5_lounge/2094_5142/mix.wav,14.900038719177246,15.009174346923828,13.858440399169922,14.005694389343262
/data/public/EchoSet/test/Z6MFQCViBuw/0_5_lounge/4077_8224/mix.wav,10.286236763000488,10.310869216918945,6.504704475402832,6.5641703605651855
/data/public/EchoSet/test/Z6MFQCViBuw/0_5_lounge/7729_1284/mix.wav,13.916030883789062,14.016274452209473,13.49012565612793,13.631993293762207
/data/public/EchoSet/test/Z6MFQCViBuw/0_5_lounge/1188_2094/mix.wav,14.854060173034668,14.743544578552246,12.939230918884277,13.159103393554688
/data/public/EchoSet/test/Z6MFQCViBuw/0_5_lounge/260_237/mix.wav,12.858039855957031,13.014484405517578,12.353763580322266,12.6046724319458
/data/public/EchoSet/test/Z6MFQCViBuw/0_5_lounge/2830_237/mix.wav,12.740114212036133,12.854952812194824,12.291332244873047,12.4592866897583
/data/public/EchoSet/test/Z6MFQCViBuw/0_5_lounge/1320_1580/mix.wav,11.731033325195312,12.063728332519531,11.284538269042969,11.655854225158691
/data/public/EchoSet/test/Z6MFQCViBuw/0_5_lounge/3570_1188/mix.wav,14.726946830749512,14.853175163269043,14.427905082702637,14.582112312316895
/data/public/EchoSet/test/Z6MFQCViBuw/0_5_lounge/1221_4077/mix.wav,13.475582122802734,13.176822662353516,12.887110710144043,12.704392433166504
/data/public/EchoSet/test/Z6MFQCViBuw/0_5_lounge/1221_8230/mix.wav,14.583650588989258,14.573431015014648,13.636459350585938,13.651824951171875
/data/public/EchoSet/test/Z6MFQCViBuw/0_5_lounge/2300_8463/mix.wav,13.384437561035156,13.490424156188965,13.069459915161133,13.24305534362793
/data/public/EchoSet/test/Z6MFQCViBuw/0_5_lounge/4077_5639/mix.wav,15.896867752075195,15.925277709960938,15.55908203125,15.603105545043945
/data/public/EchoSet/test/Z6MFQCViBuw/0_5_lounge/61_4507/mix.wav,13.927104949951172,13.99433708190918,13.530698776245117,13.6885404586792
/data/public/EchoSet/test/Z6MFQCViBuw/0_5_lounge/5105_6829/mix.wav,10.154741287231445,10.269428253173828,9.362334251403809,9.552010536193848
/data/public/EchoSet/test/Z6MFQCViBuw/0_5_lounge/908_7176/mix.wav,12.400412559509277,12.32882308959961,12.008464813232422,12.129842758178711
/data/public/EchoSet/test/Z6MFQCViBuw/0_5_lounge/2094_2300/mix.wav,14.48342514038086,14.934514045715332,13.872215270996094,14.372339248657227
/data/public/EchoSet/test/Z6MFQCViBuw/0_5_lounge/4446_8230/mix.wav,13.122615814208984,13.245417594909668,12.418907165527344,12.578640937805176
/data/public/EchoSet/test/Z6MFQCViBuw/0_5_lounge/8555_121/mix.wav,11.842203140258789,12.314462661743164,11.508474349975586,12.116790771484375
/data/public/EchoSet/test/Z6MFQCViBuw/0_5_lounge/1580_2094/mix.wav,15.049259185791016,15.091641426086426,14.581474304199219,14.650738716125488
/data/public/EchoSet/test/Z6MFQCViBuw/0_5_lounge/5639_7021/mix.wav,11.290271759033203,11.746586799621582,10.80782413482666,11.425350189208984
/data/public/EchoSet/test/Z6MFQCViBuw/0_5_lounge/8463_8455/mix.wav,14.179417610168457,14.11502456665039,13.944129943847656,13.903263092041016
/data/public/EchoSet/test/Z6MFQCViBuw/0_5_lounge/5639_1089/mix.wav,12.443023681640625,12.166680335998535,12.012378692626953,11.829965591430664
/data/public/EchoSet/test/Z6MFQCViBuw/0_5_lounge/3575_4446/mix.wav,14.024919509887695,14.079684257507324,13.409801483154297,13.639570236206055
/data/public/EchoSet/test/Z6MFQCViBuw/0_5_lounge/7729_8555/mix.wav,14.8186616897583,14.830049514770508,14.487159729003906,14.547112464904785
/data/public/EchoSet/test/Z6MFQCViBuw/0_5_lounge/4992_8224/mix.wav,13.126964569091797,13.130688667297363,12.621722221374512,12.664772033691406
/data/public/EchoSet/test/Z6MFQCViBuw/0_5_lounge/237_4970/mix.wav,12.388566017150879,12.632651329040527,11.875032424926758,12.186320304870605
/data/public/EchoSet/test/Z6MFQCViBuw/0_5_lounge/5142_2830/mix.wav,11.581839561462402,11.494678497314453,10.777220726013184,10.794426918029785
/data/public/EchoSet/test/Z6MFQCViBuw/0_5_lounge/3729_7021/mix.wav,17.329206466674805,17.411958694458008,17.0556640625,17.17082405090332
/data/public/EchoSet/test/Z6MFQCViBuw/0_5_lounge/61_3570/mix.wav,15.809354782104492,15.998506546020508,14.439586639404297,14.653935432434082
/data/public/EchoSet/test/Z6MFQCViBuw/0_5_lounge/3575_908/mix.wav,10.503047943115234,10.303720474243164,9.785024642944336,9.666943550109863
/data/public/EchoSet/test/Z6MFQCViBuw/0_5_lounge/1580_908/mix.wav,13.684347152709961,13.967037200927734,13.303677558898926,13.609644889831543
/data/public/EchoSet/test/Z6MFQCViBuw/0_5_lounge/2830_5142/mix.wav,13.066246032714844,13.124378204345703,12.236612319946289,12.376886367797852
/data/public/EchoSet/test/Z6MFQCViBuw/0_5_lounge/8455_1188/mix.wav,12.109017372131348,12.136324882507324,11.655862808227539,11.741822242736816
/data/public/EchoSet/test/Z6MFQCViBuw/0_5_lounge/7176_4970/mix.wav,14.866913795471191,15.144766807556152,14.53065299987793,14.87798023223877
/data/public/EchoSet/test/Z6MFQCViBuw/0_5_lounge/1995_5683/mix.wav,13.287684440612793,13.603899955749512,13.000043869018555,13.391002655029297
/data/public/EchoSet/test/Z6MFQCViBuw/0_5_lounge/1089_6930/mix.wav,12.297290802001953,12.484131813049316,11.64641284942627,11.913690567016602
/data/public/EchoSet/test/Z6MFQCViBuw/0_5_lounge/7127_6829/mix.wav,10.609491348266602,10.596269607543945,10.016474723815918,10.122268676757812
/data/public/EchoSet/test/Z6MFQCViBuw/0_5_lounge/5639_8230/mix.wav,12.718764305114746,12.982538223266602,12.348676681518555,12.668190002441406
/data/public/EchoSet/test/Z6MFQCViBuw/0_5_lounge/2830_2300/mix.wav,13.770533561706543,13.817928314208984,13.283376693725586,13.367265701293945
/data/public/EchoSet/test/Z6MFQCViBuw/0_5_lounge/8455_7176/mix.wav,11.166625022888184,11.43089771270752,10.803372383117676,11.122201919555664
/data/public/EchoSet/test/Z6MFQCViBuw/0_5_lounge/6829_4970/mix.wav,15.142463684082031,15.316488265991211,14.87483024597168,15.080460548400879
/data/public/EchoSet/test/Z6MFQCViBuw/0_5_lounge/121_1284/mix.wav,12.306808471679688,12.310639381408691,11.721332550048828,11.899602890014648
/data/public/EchoSet/test/Z6MFQCViBuw/0_5_lounge/1320_5105/mix.wav,10.06308364868164,9.375824928283691,8.435371398925781,8.29043960571289
/data/public/EchoSet/test/Z6MFQCViBuw/0_5_lounge/672_2961/mix.wav,15.872838020324707,16.00493812561035,15.587091445922852,15.755431175231934
/data/public/EchoSet/test/Z6MFQCViBuw/0_5_lounge/1284_4992/mix.wav,14.71705436706543,14.666468620300293,14.230151176452637,14.234962463378906
/data/public/EchoSet/test/pLe4wQe7qrG/0_0_other_room/237_5142/mix.wav,14.577080726623535,14.755908966064453,13.43310832977295,13.650505065917969
/data/public/EchoSet/test/pLe4wQe7qrG/0_0_other_room/1995_4077/mix.wav,15.992764472961426,15.832901000976562,15.604077339172363,15.532912254333496
/data/public/EchoSet/test/pLe4wQe7qrG/0_0_other_room/2830_2961/mix.wav,13.872919082641602,13.955469131469727,13.297221183776855,13.426504135131836
/data/public/EchoSet/test/pLe4wQe7qrG/0_0_other_room/7127_2094/mix.wav,10.938859939575195,11.427736282348633,10.38180160522461,10.938591957092285
/data/public/EchoSet/test/pLe4wQe7qrG/0_0_other_room/1188_5105/mix.wav,11.415271759033203,11.371966361999512,10.65408706665039,10.639761924743652
/data/public/EchoSet/test/pLe4wQe7qrG/0_0_other_room/8555_4446/mix.wav,10.597838401794434,10.720507621765137,10.22675609588623,10.46947956085205
/data/public/EchoSet/test/pLe4wQe7qrG/0_0_other_room/8555_1188/mix.wav,16.031444549560547,16.052400588989258,15.292516708374023,15.345510482788086
/data/public/EchoSet/test/pLe4wQe7qrG/0_0_other_room/6930_2300/mix.wav,12.581021308898926,12.683151245117188,12.039257049560547,12.208032608032227
/data/public/EchoSet/test/pLe4wQe7qrG/0_0_other_room/6829_1188/mix.wav,12.661275863647461,12.692342758178711,12.161251068115234,12.263382911682129
/data/public/EchoSet/test/pLe4wQe7qrG/0_0_other_room/5142_61/mix.wav,12.071806907653809,12.247702598571777,11.141727447509766,11.362417221069336
/data/public/EchoSet/test/pLe4wQe7qrG/0_0_other_room/237_1221/mix.wav,11.481527328491211,11.641002655029297,10.769830703735352,10.976892471313477
/data/public/EchoSet/test/pLe4wQe7qrG/0_0_other_room/1284_7021/mix.wav,14.227779388427734,14.04824447631836,13.861831665039062,13.792947769165039
/data/public/EchoSet/test/pLe4wQe7qrG/0_0_other_room/3729_672/mix.wav,13.143177032470703,13.242926597595215,12.82974624633789,12.95525074005127
/data/public/EchoSet/test/pLe4wQe7qrG/0_0_other_room/1995_121/mix.wav,14.343841552734375,14.621782302856445,14.031128883361816,14.387802124023438
/data/public/EchoSet/test/pLe4wQe7qrG/0_0_other_room/1221_4446/mix.wav,8.02505874633789,8.216304779052734,6.314487934112549,6.5583271980285645
/data/public/EchoSet/test/pLe4wQe7qrG/0_0_other_room/6930_1089/mix.wav,13.99375057220459,14.013724327087402,13.213512420654297,13.295626640319824
/data/public/EchoSet/test/pLe4wQe7qrG/0_0_other_room/2961_4992/mix.wav,14.801076889038086,14.842743873596191,14.330865859985352,14.403779983520508
/data/public/EchoSet/test/pLe4wQe7qrG/0_0_other_room/2094_6829/mix.wav,15.101256370544434,15.172476768493652,13.647726058959961,13.784374237060547
/data/public/EchoSet/test/pLe4wQe7qrG/0_0_other_room/61_237/mix.wav,10.785533905029297,11.166318893432617,10.010929107666016,10.460837364196777
/data/public/EchoSet/test/pLe4wQe7qrG/0_0_other_room/61_8224/mix.wav,15.055739402770996,15.193229675292969,14.212352752685547,14.371883392333984
/data/public/EchoSet/test/pLe4wQe7qrG/0_0_other_room/61_8463/mix.wav,15.419092178344727,15.443318367004395,14.808618545532227,14.906255722045898
/data/public/EchoSet/test/pLe4wQe7qrG/0_0_other_room/260_8463/mix.wav,12.545816421508789,12.859224319458008,12.339052200317383,12.701356887817383
/data/public/EchoSet/test/pLe4wQe7qrG/0_0_other_room/4077_5105/mix.wav,9.864105224609375,9.92837142944336,6.800243854522705,6.899921417236328
/data/public/EchoSet/test/pLe4wQe7qrG/0_0_other_room/2830_1320/mix.wav,12.282506942749023,12.413476943969727,11.775571823120117,11.961169242858887
/data/public/EchoSet/test/pLe4wQe7qrG/0_0_other_room/1320_4970/mix.wav,13.161154747009277,13.57132625579834,12.93665599822998,13.42626953125
/data/public/EchoSet/test/pLe4wQe7qrG/0_0_other_room/5105_2094/mix.wav,13.989502906799316,14.05169677734375,12.104843139648438,12.19074821472168
/data/public/EchoSet/test/pLe4wQe7qrG/0_0_other_room/4970_5142/mix.wav,15.122318267822266,15.193927764892578,14.714527130126953,14.838322639465332
/data/public/EchoSet/test/pLe4wQe7qrG/0_0_other_room/5105_7729/mix.wav,12.704378128051758,12.579753875732422,12.026678085327148,12.018987655639648
/data/public/EchoSet/test/pLe4wQe7qrG/0_0_other_room/5683_672/mix.wav,13.248520851135254,13.472503662109375,12.740850448608398,13.002748489379883
/data/public/EchoSet/test/pLe4wQe7qrG/0_0_other_room/4507_1320/mix.wav,16.275184631347656,16.371171951293945,16.11028480529785,16.242977142333984
/data/public/EchoSet/test/pLe4wQe7qrG/0_0_other_room/4446_1188/mix.wav,14.723115921020508,14.71729564666748,14.17759895324707,14.20750904083252
/data/public/EchoSet/test/pLe4wQe7qrG/0_0_other_room/8230_908/mix.wav,11.736775398254395,11.678430557250977,11.348852157592773,11.370397567749023
/data/public/EchoSet/test/pLe4wQe7qrG/0_0_other_room/8455_1089/mix.wav,14.750308990478516,14.732590675354004,14.381937026977539,14.399881362915039
/data/public/EchoSet/test/pLe4wQe7qrG/0_0_other_room/237_8463/mix.wav,17.297027587890625,17.399024963378906,17.020545959472656,17.135643005371094
/data/public/EchoSet/test/pLe4wQe7qrG/0_0_other_room/1089_8555/mix.wav,12.752679824829102,12.81686019897461,12.502227783203125,12.59997844696045
/data/public/EchoSet/test/pLe4wQe7qrG/0_0_other_room/6829_5683/mix.wav,13.681358337402344,13.850077629089355,13.242008209228516,13.44473648071289
/data/public/EchoSet/test/pLe4wQe7qrG/0_0_other_room/4077_5683/mix.wav,11.209516525268555,11.466334342956543,10.593568801879883,10.908113479614258
/data/public/EchoSet/test/pLe4wQe7qrG/0_0_other_room/1089_260/mix.wav,14.622770309448242,14.623515129089355,14.188276290893555,14.261829376220703
/data/public/EchoSet/test/pLe4wQe7qrG/0_0_other_room/5639_4446/mix.wav,14.08497428894043,14.219002723693848,13.86939811706543,14.035221099853516
/data/public/EchoSet/test/pLe4wQe7qrG/0_0_other_room/237_7729/mix.wav,15.417346954345703,15.55670166015625,15.130390167236328,15.293546676635742
/data/public/EchoSet/test/pLe4wQe7qrG/0_0_other_room/8455_3729/mix.wav,14.540416717529297,14.739750862121582,14.232524871826172,14.4722261428833
/data/public/EchoSet/test/pLe4wQe7qrG/0_0_other_room/8455_4077/mix.wav,8.637528419494629,9.066788673400879,7.682272434234619,8.180315017700195
/data/public/EchoSet/test/pLe4wQe7qrG/0_0_other_room/5639_260/mix.wav,10.815109252929688,10.842414855957031,10.491640090942383,10.555157661437988
/data/public/EchoSet/test/pLe4wQe7qrG/0_0_other_room/3575_8455/mix.wav,11.146657943725586,11.562091827392578,10.573189735412598,11.113142967224121
/data/public/EchoSet/test/pLe4wQe7qrG/0_0_other_room/4507_1580/mix.wav,14.699145317077637,14.786218643188477,14.49140739440918,14.631231307983398
/data/public/EchoSet/test/pLe4wQe7qrG/0_0_other_room/5639_1580/mix.wav,16.36703872680664,16.374065399169922,15.887786865234375,15.966464042663574
/data/public/EchoSet/test/pLe4wQe7qrG/0_0_other_room/1995_4970/mix.wav,19.015474319458008,18.97798728942871,18.640844345092773,18.649961471557617
/data/public/EchoSet/test/pLe4wQe7qrG/0_0_other_room/260_3575/mix.wav,11.725293159484863,12.094805717468262,11.253662109375,11.690954208374023
/data/public/EchoSet/test/pLe4wQe7qrG/0_0_other_room/1995_2094/mix.wav,16.63387680053711,16.456722259521484,16.14706039428711,16.004396438598633
/data/public/EchoSet/test/pLe4wQe7qrG/0_0_other_room/4077_2830/mix.wav,11.994564056396484,12.412436485290527,11.557451248168945,11.99427604675293
/data/public/EchoSet/test/pLe4wQe7qrG/0_0_other_room/5683_3570/mix.wav,12.35619068145752,12.496332168579102,12.026196479797363,12.203156471252441
/data/public/EchoSet/test/pLe4wQe7qrG/0_0_other_room/3570_260/mix.wav,11.715950012207031,11.809040069580078,11.306770324707031,11.483264923095703
/data/public/EchoSet/test/pLe4wQe7qrG/0_0_other_room/5639_7176/mix.wav,12.88016414642334,12.976561546325684,12.656492233276367,12.807964324951172
/data/public/EchoSet/test/pLe4wQe7qrG/0_0_other_room/7021_8555/mix.wav,15.096357345581055,15.16932487487793,14.698026657104492,14.81915283203125
/data/public/EchoSet/test/pLe4wQe7qrG/0_0_other_room/61_7729/mix.wav,14.254817962646484,14.301369667053223,13.862357139587402,13.954883575439453
/data/public/EchoSet/test/pLe4wQe7qrG/0_0_other_room/5639_3570/mix.wav,15.170231819152832,15.213301658630371,14.85719108581543,14.926911354064941
/data/public/EchoSet/test/pLe4wQe7qrG/0_0_other_room/8455_4992/mix.wav,13.266193389892578,13.231468200683594,12.801054000854492,12.812702178955078
/data/public/EchoSet/test/pLe4wQe7qrG/0_0_other_room/7176_7021/mix.wav,12.124957084655762,12.007802963256836,11.677488327026367,11.700905799865723
/data/public/EchoSet/test/pLe4wQe7qrG/0_0_other_room/3729_3575/mix.wav,16.858352661132812,16.7833194732666,16.544668197631836,16.539546966552734
/data/public/EchoSet/test/pLe4wQe7qrG/0_0_other_room/908_8555/mix.wav,15.810139656066895,16.050451278686523,15.626304626464844,15.883946418762207
/data/public/EchoSet/test/pLe4wQe7qrG/0_0_other_room/8230_7021/mix.wav,12.586668968200684,12.799175262451172,12.110372543334961,12.383430480957031
/data/public/EchoSet/test/pLe4wQe7qrG/0_0_other_room/1320_6829/mix.wav,14.668458938598633,14.76124382019043,14.397661209106445,14.550200462341309
/data/public/EchoSet/test/pLe4wQe7qrG/0_0_other_room/7127_672/mix.wav,12.67867660522461,12.65691089630127,11.957893371582031,12.02507495880127
/data/public/EchoSet/test/pLe4wQe7qrG/0_0_other_room/5105_7176/mix.wav,13.292699813842773,13.324623107910156,13.03093147277832,13.127108573913574
/data/public/EchoSet/test/pLe4wQe7qrG/0_0_other_room/3575_2961/mix.wav,-0.41033220291137695,0.13140201568603516,-2.3657939434051514,-1.7772250175476074
/data/public/EchoSet/test/pLe4wQe7qrG/0_0_other_room/6829_7021/mix.wav,14.730422973632812,14.707304000854492,13.805534362792969,13.827160835266113
/data/public/EchoSet/test/pLe4wQe7qrG/0_0_other_room/6930_7127/mix.wav,14.181711196899414,13.712298393249512,13.397993087768555,13.379901885986328
/data/public/EchoSet/test/pLe4wQe7qrG/0_0_other_room/1221_3729/mix.wav,11.932668685913086,12.406905174255371,11.668758392333984,12.165791511535645
/data/public/EchoSet/test/pLe4wQe7qrG/0_0_other_room/237_1320/mix.wav,14.081809043884277,14.19882869720459,13.697673797607422,13.87511920928955
/data/public/EchoSet/test/pLe4wQe7qrG/0_0_other_room/2961_8463/mix.wav,12.45681095123291,12.394835472106934,11.551019668579102,11.626032829284668
/data/public/EchoSet/test/pLe4wQe7qrG/0_0_other_room/4970_2961/mix.wav,15.139547348022461,15.375057220458984,15.00724983215332,15.26152515411377
/data/public/EchoSet/test/pLe4wQe7qrG/0_0_other_room/1221_2300/mix.wav,16.266834259033203,16.365327835083008,15.915224075317383,16.047927856445312
/data/public/EchoSet/test/pLe4wQe7qrG/0_0_other_room/4507_8463/mix.wav,14.663400650024414,14.774747848510742,14.031207084655762,14.204926490783691
/data/public/EchoSet/test/pLe4wQe7qrG/0_0_other_room/8224_8230/mix.wav,13.656901359558105,13.848657608032227,12.35605239868164,12.570247650146484
/data/public/EchoSet/test/pLe4wQe7qrG/0_0_other_room/1089_2961/mix.wav,11.97890853881836,12.095061302185059,11.621614456176758,11.805418968200684
/data/public/EchoSet/test/pLe4wQe7qrG/0_0_other_room/2094_5142/mix.wav,11.96657943725586,12.056806564331055,11.172528266906738,11.314030647277832
/data/public/EchoSet/test/pLe4wQe7qrG/0_0_other_room/3729_1284/mix.wav,15.521794319152832,15.572093963623047,15.135856628417969,15.227028846740723
/data/public/EchoSet/test/pLe4wQe7qrG/0_0_other_room/1284_6829/mix.wav,13.97416877746582,13.938352584838867,13.36601448059082,13.380668640136719
/data/public/EchoSet/test/pLe4wQe7qrG/0_0_other_room/7729_1284/mix.wav,11.608953475952148,11.607315063476562,11.30296802520752,11.347635269165039
/data/public/EchoSet/test/pLe4wQe7qrG/0_0_other_room/61_7176/mix.wav,12.430139541625977,12.53533935546875,11.848367691040039,12.006271362304688
/data/public/EchoSet/test/pLe4wQe7qrG/0_0_other_room/260_3570/mix.wav,12.479734420776367,12.715304374694824,11.899654388427734,12.257176399230957
/data/public/EchoSet/test/pLe4wQe7qrG/0_0_other_room/4077_2300/mix.wav,11.876554489135742,11.947144508361816,11.28091049194336,11.41605281829834
/data/public/EchoSet/test/pLe4wQe7qrG/0_0_other_room/4446_908/mix.wav,14.315099716186523,14.309581756591797,13.874244689941406,13.917184829711914
/data/public/EchoSet/test/pLe4wQe7qrG/0_0_other_room/2830_121/mix.wav,13.198488235473633,13.41634464263916,12.926521301269531,13.178807258605957
/data/public/EchoSet/test/pLe4wQe7qrG/0_0_other_room/1188_908/mix.wav,15.293787002563477,15.42756462097168,15.023808479309082,15.178108215332031
/data/public/EchoSet/test/pLe4wQe7qrG/0_0_other_room/6930_1995/mix.wav,17.24370574951172,17.32399559020996,16.86170196533203,16.99540138244629
/data/public/EchoSet/test/pLe4wQe7qrG/0_0_other_room/1995_3570/mix.wav,15.305522918701172,15.281660079956055,14.883947372436523,14.92808723449707
/data/public/EchoSet/test/pLe4wQe7qrG/0_0_other_room/4992_1284/mix.wav,10.27023983001709,10.347317695617676,8.083763122558594,8.185975074768066
/data/public/EchoSet/test/pLe4wQe7qrG/0_0_other_room/4077_8555/mix.wav,12.737238883972168,12.933220863342285,12.433037757873535,12.721366882324219
/data/public/EchoSet/test/pLe4wQe7qrG/0_0_other_room/121_4446/mix.wav,11.507781028747559,11.668135643005371,11.134313583374023,11.37319564819336
/data/public/EchoSet/test/pLe4wQe7qrG/0_0_other_room/4507_1284/mix.wav,14.241894721984863,14.317771911621094,13.60316276550293,13.740141868591309
/data/public/EchoSet/test/pLe4wQe7qrG/0_0_other_room/121_1188/mix.wav,12.475255966186523,12.439200401306152,11.399923324584961,11.451416969299316
/data/public/EchoSet/test/pLe4wQe7qrG/0_0_other_room/5683_4970/mix.wav,13.134394645690918,13.477231979370117,12.735893249511719,13.137954711914062
/data/public/EchoSet/test/pLe4wQe7qrG/0_0_other_room/2094_8455/mix.wav,10.682775497436523,10.611695289611816,9.680379867553711,9.721378326416016
/data/public/EchoSet/test/pLe4wQe7qrG/0_0_other_room/7176_2300/mix.wav,14.147202491760254,14.161428451538086,13.973026275634766,14.019686698913574
/data/public/EchoSet/test/pLe4wQe7qrG/0_0_other_room/3570_6930/mix.wav,18.86374855041504,18.9323673248291,17.35373878479004,17.482955932617188
/data/public/EchoSet/test/pLe4wQe7qrG/0_0_other_room/260_1188/mix.wav,13.7692289352417,13.899984359741211,13.10053825378418,13.296998023986816
/data/public/EchoSet/test/pLe4wQe7qrG/0_0_other_room/1320_672/mix.wav,13.888288497924805,13.912312507629395,12.585643768310547,12.712613105773926
/data/public/EchoSet/test/pLe4wQe7qrG/0_0_other_room/4992_4970/mix.wav,15.851103782653809,15.955883026123047,15.17855167388916,15.331276893615723
/data/public/EchoSet/test/pLe4wQe7qrG/0_0_other_room/1580_1089/mix.wav,13.817641258239746,13.827136993408203,13.236807823181152,13.312589645385742
/data/public/EchoSet/test/pLe4wQe7qrG/0_0_other_room/908_8224/mix.wav,10.234012603759766,9.933040618896484,9.771403312683105,9.665428161621094
/data/public/EchoSet/test/pLe4wQe7qrG/0_0_other_room/7176_672/mix.wav,13.44396686553955,13.488149642944336,12.963113784790039,13.063860893249512
/data/public/EchoSet/test/pLe4wQe7qrG/0_0_other_room/8230_2300/mix.wav,10.606081008911133,10.897035598754883,10.189435958862305,10.550884246826172
/data/public/EchoSet/test/pLe4wQe7qrG/0_0_other_room/5142_1580/mix.wav,13.186849594116211,13.348638534545898,12.753233909606934,12.96426010131836
/data/public/EchoSet/test/pLe4wQe7qrG/0_0_other_room/8224_7021/mix.wav,12.82435417175293,12.766805648803711,12.426502227783203,12.417354583740234
/data/public/EchoSet/test/pLe4wQe7qrG/0_0_other_room/2830_4077/mix.wav,9.755179405212402,9.788071632385254,9.039533615112305,9.151829719543457
/data/public/EchoSet/test/pLe4wQe7qrG/0_0_other_room/5683_8230/mix.wav,13.427799224853516,13.887861251831055,13.01032829284668,13.48977279663086
/data/public/EchoSet/test/pLe4wQe7qrG/0_0_other_room/3575_6930/mix.wav,14.313068389892578,14.511083602905273,13.723779678344727,13.9650239944458
/data/public/EchoSet/test/pLe4wQe7qrG/0_0_other_room/7127_1995/mix.wav,12.61211109161377,12.61668872833252,12.08415412902832,12.264039993286133
/data/public/EchoSet/test/pLe4wQe7qrG/0_0_other_room/6930_121/mix.wav,13.005374908447266,13.226408958435059,12.761150360107422,13.012688636779785
/data/public/EchoSet/test/pLe4wQe7qrG/0_0_other_room/5105_4507/mix.wav,17.49660301208496,17.548030853271484,17.293292999267578,17.370641708374023
/data/public/EchoSet/test/pLe4wQe7qrG/0_0_other_room/4507_5142/mix.wav,13.533626556396484,13.623905181884766,12.126150131225586,12.298568725585938
/data/public/EchoSet/test/pLe4wQe7qrG/0_0_other_room/7176_7729/mix.wav,12.087510108947754,12.359987258911133,11.845428466796875,12.202651977539062
/data/public/EchoSet/test/pLe4wQe7qrG/0_0_other_room/8555_7729/mix.wav,10.842689514160156,11.341378211975098,10.400707244873047,10.989992141723633
/data/public/EchoSet/test/pLe4wQe7qrG/0_0_other_room/5105_672/mix.wav,17.588741302490234,17.62395668029785,17.06116485595703,17.1177978515625
/data/public/EchoSet/test/pLe4wQe7qrG/0_0_other_room/7127_1580/mix.wav,14.27863883972168,14.308751106262207,13.965951919555664,14.041109085083008
/data/public/EchoSet/test/pLe4wQe7qrG/0_0_other_room/2830_1221/mix.wav,8.826330184936523,8.852739334106445,7.939069747924805,8.142410278320312
/data/public/EchoSet/test/pLe4wQe7qrG/0_0_other_room/5683_5142/mix.wav,13.252488136291504,13.525383949279785,12.535560607910156,12.8828125
/data/public/EchoSet/test/pLe4wQe7qrG/0_0_other_room/8230_121/mix.wav,12.544303894042969,12.55799674987793,12.218413352966309,12.301735877990723
/data/public/EchoSet/test/pLe4wQe7qrG/0_0_other_room/3575_1320/mix.wav,14.371228218078613,14.552833557128906,13.879596710205078,14.119769096374512
/data/public/EchoSet/test/pLe4wQe7qrG/0_0_other_room/8224_908/mix.wav,4.195807456970215,4.737214088439941,1.5859267711639404,2.210608720779419
/data/public/EchoSet/test/pLe4wQe7qrG/0_0_other_room/6829_1284/mix.wav,12.490971565246582,12.591461181640625,11.59203815460205,11.753599166870117
/data/public/EchoSet/test/pLe4wQe7qrG/0_0_other_room/7127_3570/mix.wav,15.62134075164795,15.676225662231445,11.2361421585083,11.760871887207031
/data/public/EchoSet/test/pLe4wQe7qrG/0_0_other_room/5683_3729/mix.wav,11.998072624206543,12.451149940490723,11.664079666137695,12.153007507324219
/data/public/EchoSet/test/pLe4wQe7qrG/0_0_other_room/6930_2961/mix.wav,13.261367797851562,13.467679977416992,12.757905960083008,13.033928871154785
/data/public/EchoSet/test/pLe4wQe7qrG/0_0_other_room/5639_908/mix.wav,10.974386215209961,10.740017890930176,10.699478149414062,10.5537109375
/data/public/EchoSet/test/pLe4wQe7qrG/0_0_other_room/8455_1580/mix.wav,13.237004280090332,13.445755004882812,12.68628215789795,12.95831298828125
/data/public/EchoSet/test/pLe4wQe7qrG/0_0_other_room/8463_672/mix.wav,15.442238807678223,15.394580841064453,15.194099426269531,15.186149597167969
/data/public/EchoSet/test/pLe4wQe7qrG/0_0_other_room/8463_8224/mix.wav,13.497081756591797,13.73614501953125,13.121515274047852,13.539657592773438
/data/public/EchoSet/test/pLe4wQe7qrG/0_0_other_room/2300_5639/mix.wav,14.003852844238281,14.118682861328125,13.51587200164795,13.686492919921875
/data/public/EchoSet/test/pLe4wQe7qrG/0_0_other_room/4970_6829/mix.wav,14.341190338134766,14.3118257522583,14.04051399230957,14.046727180480957
/data/public/EchoSet/test/pLe4wQe7qrG/0_0_other_room/2961_8224/mix.wav,13.556126594543457,13.657855987548828,13.1821928024292,13.38990306854248
/data/public/EchoSet/test/pLe4wQe7qrG/0_0_other_room/8455_7127/mix.wav,9.082820892333984,9.49649715423584,6.402449131011963,6.871757984161377
/data/public/EchoSet/test/pLe4wQe7qrG/0_0_other_room/3575_1580/mix.wav,13.992769241333008,14.307042121887207,13.668272018432617,14.018219947814941
/data/public/EchoSet/test/pLe4wQe7qrG/0_0_other_room/3729_237/mix.wav,12.340513229370117,12.755096435546875,12.111278533935547,12.587400436401367
/data/public/EchoSet/test/pLe4wQe7qrG/0_0_other_room/4992_1089/mix.wav,12.927558898925781,12.946554183959961,12.668846130371094,12.741009712219238
/data/public/EchoSet/test/pLe4wQe7qrG/0_0_other_room/1580_4970/mix.wav,13.355127334594727,13.454973220825195,12.883973121643066,13.034942626953125
/data/public/EchoSet/test/pLe4wQe7qrG/0_0_other_room/3729_2300/mix.wav,15.911430358886719,15.984216690063477,15.617152214050293,15.735990524291992
/data/public/EchoSet/test/pLe4wQe7qrG/0_0_other_room/4446_1221/mix.wav,14.575481414794922,14.577986717224121,14.223394393920898,14.260919570922852
/data/public/EchoSet/test/pLe4wQe7qrG/0_0_other_room/61_4992/mix.wav,12.64577865600586,12.680633544921875,12.311777114868164,12.412762641906738
/data/public/EchoSet/test/pLe4wQe7qrG/0_0_other_room/4992_7021/mix.wav,13.720945358276367,13.875871658325195,13.251863479614258,13.449416160583496
/data/public/EchoSet/test/pLe4wQe7qrG/0_0_other_room/3575_121/mix.wav,11.2748441696167,11.738319396972656,10.815509796142578,11.328950881958008
/data/public/EchoSet/test/pLe4wQe7qrG/0_0_other_room/121_5105/mix.wav,13.818814277648926,13.81722640991211,13.476545333862305,13.556510925292969
/data/public/EchoSet/test/pLe4wQe7qrG/0_0_other_room/908_7729/mix.wav,14.701539993286133,14.678107261657715,14.17542839050293,14.185734748840332
/data/public/EchoSet/test/pLe4wQe7qrG/0_0_other_room/1284_2830/mix.wav,14.412823677062988,14.530787467956543,14.003646850585938,14.173027038574219
/data/public/EchoSet/test/pLe4wQe7qrG/0_0_other_room/4992_61/mix.wav,12.57341194152832,12.751623153686523,12.118001937866211,12.34202766418457
/data/public/EchoSet/test/pLe4wQe7qrG/0_0_other_room/7729_8230/mix.wav,13.508342742919922,13.451136589050293,13.179052352905273,13.152868270874023
/data/public/EchoSet/test/pLe4wQe7qrG/0_0_other_room/2830_1089/mix.wav,13.663267135620117,13.808857917785645,13.296438217163086,13.65898323059082
/data/public/EchoSet/test/pLe4wQe7qrG/0_1_other_room/4970_5105/mix.wav,15.558539390563965,15.670271873474121,15.146283149719238,15.358661651611328
/data/public/EchoSet/test/pLe4wQe7qrG/0_1_other_room/5683_4970/mix.wav,11.195587158203125,11.437551498413086,10.208232879638672,10.539648056030273
/data/public/EchoSet/test/pLe4wQe7qrG/0_1_other_room/1995_1188/mix.wav,15.432851791381836,15.501065254211426,14.923934936523438,15.036812782287598
/data/public/EchoSet/test/pLe4wQe7qrG/0_1_other_room/2094_1089/mix.wav,16.276823043823242,16.23719596862793,15.271933555603027,15.283279418945312
/data/public/EchoSet/test/pLe4wQe7qrG/0_1_other_room/8555_4077/mix.wav,14.0628023147583,14.124109268188477,13.570587158203125,13.661253929138184
/data/public/EchoSet/test/pLe4wQe7qrG/0_1_other_room/2830_1284/mix.wav,10.484371185302734,10.637114524841309,9.380410194396973,9.634756088256836
/data/public/EchoSet/test/pLe4wQe7qrG/0_1_other_room/1995_6829/mix.wav,13.161867141723633,13.079588890075684,12.702579498291016,12.695099830627441
/data/public/EchoSet/test/pLe4wQe7qrG/0_1_other_room/1580_8455/mix.wav,14.816423416137695,14.953351974487305,14.357107162475586,14.529375076293945
/data/public/EchoSet/test/pLe4wQe7qrG/0_1_other_room/4970_672/mix.wav,14.43834114074707,14.502979278564453,13.886520385742188,14.009923934936523
/data/public/EchoSet/test/pLe4wQe7qrG/0_1_other_room/260_6930/mix.wav,15.793489456176758,15.676438331604004,14.794393539428711,14.826215744018555
/data/public/EchoSet/test/pLe4wQe7qrG/0_1_other_room/2300_3575/mix.wav,13.35949420928955,13.338144302368164,11.564416885375977,11.606253623962402
/data/public/EchoSet/test/pLe4wQe7qrG/0_1_other_room/6930_1580/mix.wav,15.72613525390625,16.015037536621094,15.534202575683594,15.843826293945312
/data/public/EchoSet/test/pLe4wQe7qrG/0_1_other_room/5639_7729/mix.wav,11.020256042480469,11.649810791015625,10.868620872497559,11.52657413482666
/data/public/EchoSet/test/pLe4wQe7qrG/0_1_other_room/4507_7729/mix.wav,11.835864067077637,11.814702987670898,11.170492172241211,11.290843963623047
/data/public/EchoSet/test/pLe4wQe7qrG/0_1_other_room/4992_260/mix.wav,11.981828689575195,12.256624221801758,11.38363265991211,11.781106948852539
/data/public/EchoSet/test/pLe4wQe7qrG/0_1_other_room/8224_5639/mix.wav,11.677382469177246,11.527955055236816,11.235698699951172,11.159234046936035
/data/public/EchoSet/test/pLe4wQe7qrG/0_1_other_room/908_8555/mix.wav,14.021270751953125,14.185019493103027,13.773733139038086,13.966904640197754
/data/public/EchoSet/test/pLe4wQe7qrG/0_1_other_room/1995_3570/mix.wav,9.773344039916992,10.573531150817871,9.359654426574707,10.206605911254883
/data/public/EchoSet/test/pLe4wQe7qrG/0_1_other_room/7127_4992/mix.wav,13.795003890991211,13.78431224822998,13.494087219238281,13.537921905517578
/data/public/EchoSet/test/pLe4wQe7qrG/0_1_other_room/5683_8463/mix.wav,10.37498950958252,10.543050765991211,9.985593795776367,10.3115234375
/data/public/EchoSet/test/pLe4wQe7qrG/0_1_other_room/4446_2094/mix.wav,13.409428596496582,13.510274887084961,12.966915130615234,13.109599113464355
/data/public/EchoSet/test/pLe4wQe7qrG/0_1_other_room/121_7176/mix.wav,12.291288375854492,12.25229263305664,11.657344818115234,11.700894355773926
/data/public/EchoSet/test/pLe4wQe7qrG/0_1_other_room/1221_8555/mix.wav,12.38348388671875,12.400374412536621,11.784955978393555,11.931143760681152
/data/public/EchoSet/test/pLe4wQe7qrG/0_1_other_room/121_908/mix.wav,12.191753387451172,12.115400314331055,11.891870498657227,11.890121459960938
/data/public/EchoSet/test/pLe4wQe7qrG/0_1_other_room/3570_6829/mix.wav,13.067176818847656,13.131318092346191,12.400592803955078,12.500714302062988
/data/public/EchoSet/test/pLe4wQe7qrG/0_1_other_room/260_1188/mix.wav,12.306976318359375,12.37073040008545,11.721809387207031,11.869891166687012
/data/public/EchoSet/test/pLe4wQe7qrG/0_1_other_room/3570_1580/mix.wav,16.330894470214844,16.469881057739258,15.90774917602539,16.087228775024414
/data/public/EchoSet/test/pLe4wQe7qrG/0_1_other_room/8230_8224/mix.wav,13.580772399902344,13.571667671203613,13.1787109375,13.232500076293945
/data/public/EchoSet/test/pLe4wQe7qrG/0_1_other_room/7176_7021/mix.wav,10.834495544433594,11.02270221710205,10.386220932006836,10.660680770874023
/data/public/EchoSet/test/pLe4wQe7qrG/0_1_other_room/1320_3570/mix.wav,15.85816764831543,15.957023620605469,15.475750923156738,15.596270561218262
/data/public/EchoSet/test/pLe4wQe7qrG/0_1_other_room/61_5683/mix.wav,12.556379318237305,12.628414154052734,11.264883041381836,11.403834342956543
/data/public/EchoSet/test/pLe4wQe7qrG/0_1_other_room/7729_237/mix.wav,14.641899108886719,14.777342796325684,14.392723083496094,14.556472778320312
/data/public/EchoSet/test/pLe4wQe7qrG/0_1_other_room/8455_4992/mix.wav,10.809553146362305,11.227012634277344,10.064159393310547,10.558571815490723
/data/public/EchoSet/test/pLe4wQe7qrG/0_1_other_room/4446_3575/mix.wav,15.399892807006836,15.361927032470703,14.828461647033691,14.829060554504395
/data/public/EchoSet/test/pLe4wQe7qrG/0_1_other_room/260_7176/mix.wav,13.779455184936523,13.777506828308105,13.544624328613281,13.578344345092773
/data/public/EchoSet/test/pLe4wQe7qrG/0_1_other_room/5105_1995/mix.wav,11.266825675964355,11.92799186706543,10.793771743774414,11.541521072387695
/data/public/EchoSet/test/pLe4wQe7qrG/0_1_other_room/3729_4970/mix.wav,13.004857063293457,12.954519271850586,12.652286529541016,12.72216796875
/data/public/EchoSet/test/pLe4wQe7qrG/0_1_other_room/5142_7127/mix.wav,10.647276878356934,10.718179702758789,10.115547180175781,10.291851997375488
/data/public/EchoSet/test/pLe4wQe7qrG/0_1_other_room/6930_672/mix.wav,5.9001312255859375,6.324521064758301,3.6562728881835938,4.117649078369141
/data/public/EchoSet/test/pLe4wQe7qrG/0_1_other_room/1221_8230/mix.wav,14.288135528564453,14.25830078125,13.778154373168945,13.783051490783691
/data/public/EchoSet/test/pLe4wQe7qrG/0_1_other_room/1089_908/mix.wav,14.426198959350586,14.307954788208008,14.114557266235352,14.044891357421875
/data/public/EchoSet/test/pLe4wQe7qrG/0_1_other_room/672_2094/mix.wav,10.432887077331543,10.561513900756836,9.792389869689941,10.002588272094727
/data/public/EchoSet/test/pLe4wQe7qrG/0_1_other_room/8224_908/mix.wav,11.926612854003906,11.91269588470459,10.997293472290039,11.04910945892334
/data/public/EchoSet/test/pLe4wQe7qrG/0_1_other_room/7729_5142/mix.wav,11.842018127441406,11.876599311828613,11.270450592041016,11.45622444152832
/data/public/EchoSet/test/pLe4wQe7qrG/0_1_other_room/5105_2961/mix.wav,12.299333572387695,12.622133255004883,11.987133026123047,12.361716270446777
/data/public/EchoSet/test/pLe4wQe7qrG/0_1_other_room/61_1995/mix.wav,11.540109634399414,11.740289688110352,11.119369506835938,11.469696998596191
/data/public/EchoSet/test/pLe4wQe7qrG/0_1_other_room/8224_1284/mix.wav,12.048026084899902,12.012706756591797,11.418720245361328,11.447731018066406
/data/public/EchoSet/test/pLe4wQe7qrG/0_1_other_room/2300_5639/mix.wav,10.610641479492188,11.132453918457031,10.33224868774414,10.928156852722168
/data/public/EchoSet/test/pLe4wQe7qrG/0_1_other_room/908_8463/mix.wav,12.887569427490234,12.938863754272461,12.425905227661133,12.528027534484863
/data/public/EchoSet/test/pLe4wQe7qrG/0_1_other_room/1284_2961/mix.wav,12.001354217529297,12.254402160644531,11.37358283996582,11.711488723754883
/data/public/EchoSet/test/pLe4wQe7qrG/0_1_other_room/1089_6829/mix.wav,12.851729393005371,13.075541496276855,12.448278427124023,12.730854034423828
/data/public/EchoSet/test/pLe4wQe7qrG/0_1_other_room/8230_61/mix.wav,12.2890625,12.451451301574707,11.719685554504395,11.929291725158691
/data/public/EchoSet/test/pLe4wQe7qrG/0_1_other_room/8463_7021/mix.wav,13.668492317199707,13.699445724487305,13.156936645507812,13.293327331542969
/data/public/EchoSet/test/pLe4wQe7qrG/0_1_other_room/5142_5105/mix.wav,10.908288955688477,11.536269187927246,10.647510528564453,11.322793960571289
/data/public/EchoSet/test/pLe4wQe7qrG/0_1_other_room/4507_1089/mix.wav,12.354655265808105,12.350210189819336,11.949790000915527,12.044140815734863
/data/public/EchoSet/test/pLe4wQe7qrG/0_1_other_room/2961_3729/mix.wav,12.511761665344238,12.554017066955566,11.899415969848633,12.034366607666016
/data/public/EchoSet/test/pLe4wQe7qrG/0_1_other_room/2300_5142/mix.wav,13.113224029541016,13.535918235778809,12.894403457641602,13.362380027770996
/data/public/EchoSet/test/pLe4wQe7qrG/0_1_other_room/1580_121/mix.wav,11.522279739379883,11.529740333557129,11.154167175292969,11.215397834777832
/data/public/EchoSet/test/pLe4wQe7qrG/0_1_other_room/4507_8555/mix.wav,12.704324722290039,12.80952262878418,12.023874282836914,12.26634693145752
/data/public/EchoSet/test/pLe4wQe7qrG/0_1_other_room/8463_4077/mix.wav,11.313871383666992,11.16231918334961,10.25944709777832,10.294994354248047
/data/public/EchoSet/test/pLe4wQe7qrG/0_1_other_room/6930_2961/mix.wav,13.450592041015625,13.512468338012695,12.764009475708008,12.85861873626709
/data/public/EchoSet/test/pLe4wQe7qrG/0_1_other_room/7729_8455/mix.wav,14.914527893066406,15.004659652709961,14.612039566040039,14.730836868286133
/data/public/EchoSet/test/pLe4wQe7qrG/0_1_other_room/2300_8230/mix.wav,9.321420669555664,9.449399948120117,9.009782791137695,9.200178146362305
/data/public/EchoSet/test/pLe4wQe7qrG/0_1_other_room/4992_1221/mix.wav,13.493393898010254,13.800617218017578,13.177133560180664,13.519486427307129
/data/public/EchoSet/test/pLe4wQe7qrG/0_1_other_room/121_4992/mix.wav,10.747111320495605,10.926314353942871,10.21449089050293,10.511942863464355
/data/public/EchoSet/test/pLe4wQe7qrG/0_1_other_room/7176_1284/mix.wav,11.74968433380127,11.632349967956543,11.328961372375488,11.292778015136719
/data/public/EchoSet/test/pLe4wQe7qrG/0_1_other_room/2830_4077/mix.wav,9.533256530761719,8.506037712097168,7.805454730987549,7.125544548034668
/data/public/EchoSet/test/pLe4wQe7qrG/0_1_other_room/2094_8463/mix.wav,16.443395614624023,16.563465118408203,16.13865852355957,16.287601470947266
/data/public/EchoSet/test/pLe4wQe7qrG/0_1_other_room/6829_672/mix.wav,14.451332092285156,14.437219619750977,14.094646453857422,14.098930358886719
/data/public/EchoSet/test/pLe4wQe7qrG/0_1_other_room/237_908/mix.wav,13.106465339660645,13.009957313537598,12.677388191223145,12.6770658493042
/data/public/EchoSet/test/pLe4wQe7qrG/0_1_other_room/5639_8230/mix.wav,12.664407730102539,12.649728775024414,12.118757247924805,12.19987964630127
/data/public/EchoSet/test/pLe4wQe7qrG/0_1_other_room/7021_4446/mix.wav,13.882532119750977,14.107415199279785,13.619998931884766,13.880511283874512
/data/public/EchoSet/test/pLe4wQe7qrG/0_1_other_room/7021_1188/mix.wav,11.604900360107422,11.693380355834961,11.149417877197266,11.395471572875977
/data/public/EchoSet/test/pLe4wQe7qrG/0_1_other_room/8455_7176/mix.wav,14.332820892333984,14.429621696472168,14.177183151245117,14.301265716552734
/data/public/EchoSet/test/pLe4wQe7qrG/0_1_other_room/3729_237/mix.wav,12.915919303894043,12.888345718383789,12.255390167236328,12.360042572021484
/data/public/EchoSet/test/pLe4wQe7qrG/0_1_other_room/5683_5142/mix.wav,9.126224517822266,8.99429988861084,7.2916131019592285,7.398849010467529
/data/public/EchoSet/test/pLe4wQe7qrG/0_1_other_room/8555_7127/mix.wav,13.13585090637207,13.542741775512695,13.008630752563477,13.44043254852295
/data/public/EchoSet/test/pLe4wQe7qrG/0_1_other_room/8224_1188/mix.wav,9.866591453552246,10.052343368530273,8.387081146240234,8.63546371459961
/data/public/EchoSet/test/pLe4wQe7qrG/0_1_other_room/8224_4446/mix.wav,10.682602882385254,11.050148010253906,10.009357452392578,10.549788475036621
/data/public/EchoSet/test/pLe4wQe7qrG/0_1_other_room/8463_237/mix.wav,14.056800842285156,14.069255828857422,13.63902473449707,13.713244438171387
/data/public/EchoSet/test/pLe4wQe7qrG/0_1_other_room/1580_4446/mix.wav,14.542034149169922,14.710899353027344,14.16004753112793,14.385811805725098
/data/public/EchoSet/test/pLe4wQe7qrG/0_1_other_room/121_2300/mix.wav,14.420110702514648,14.326434135437012,13.835710525512695,13.844528198242188
/data/public/EchoSet/test/pLe4wQe7qrG/0_1_other_room/5105_3729/mix.wav,14.730552673339844,15.016311645507812,14.571025848388672,14.87088394165039
/data/public/EchoSet/test/pLe4wQe7qrG/0_1_other_room/5105_4077/mix.wav,9.888411521911621,10.181092262268066,8.968963623046875,9.323142051696777
/data/public/EchoSet/test/pLe4wQe7qrG/0_1_other_room/2830_4507/mix.wav,14.320636749267578,14.213327407836914,13.570749282836914,13.70513916015625
/data/public/EchoSet/test/pLe4wQe7qrG/0_1_other_room/1221_7176/mix.wav,11.669961929321289,11.970931053161621,11.319660186767578,11.719012260437012
/data/public/EchoSet/test/pLe4wQe7qrG/0_1_other_room/672_6829/mix.wav,11.487418174743652,11.536349296569824,10.8701171875,10.985812187194824
/data/public/EchoSet/test/pLe4wQe7qrG/0_1_other_room/5142_5639/mix.wav,16.454944610595703,16.490760803222656,15.920820236206055,15.989432334899902
/data/public/EchoSet/test/pLe4wQe7qrG/0_1_other_room/5639_61/mix.wav,14.97248363494873,15.076539993286133,14.751325607299805,14.871112823486328
/data/public/EchoSet/test/pLe4wQe7qrG/0_1_other_room/4077_7127/mix.wav,10.859545707702637,10.949655532836914,10.025190353393555,10.175405502319336
/data/public/EchoSet/test/pLe4wQe7qrG/0_1_other_room/5639_4507/mix.wav,15.56157398223877,15.667778015136719,15.363053321838379,15.508672714233398
/data/public/EchoSet/test/pLe4wQe7qrG/0_1_other_room/260_7021/mix.wav,14.07623291015625,14.126005172729492,13.81244945526123,13.87354564666748
/data/public/EchoSet/test/pLe4wQe7qrG/0_1_other_room/1320_1089/mix.wav,11.455587387084961,11.861627578735352,11.026407241821289,11.473299026489258
/data/public/EchoSet/test/pLe4wQe7qrG/0_1_other_room/4077_1580/mix.wav,13.175516128540039,13.22871208190918,12.690799713134766,12.792882919311523
/data/public/EchoSet/test/pLe4wQe7qrG/0_1_other_room/1320_7021/mix.wav,13.890094757080078,14.029492378234863,13.48813247680664,13.66774845123291
/data/public/EchoSet/test/pLe4wQe7qrG/0_1_other_room/2830_237/mix.wav,12.011956214904785,12.22799301147461,11.685606002807617,11.950098037719727
/data/public/EchoSet/test/pLe4wQe7qrG/0_1_other_room/6930_1221/mix.wav,9.65251636505127,9.743752479553223,9.017532348632812,9.166196823120117
/data/public/EchoSet/test/pLe4wQe7qrG/0_1_other_room/4077_6829/mix.wav,12.196432113647461,12.436283111572266,11.442593574523926,11.713786125183105
/data/public/EchoSet/test/pLe4wQe7qrG/0_1_other_room/1320_8455/mix.wav,13.996700286865234,14.0421142578125,13.52645492553711,13.645301818847656
/data/public/EchoSet/test/pLe4wQe7qrG/0_1_other_room/4992_5683/mix.wav,10.080204010009766,10.500398635864258,8.874500274658203,9.387836456298828
/data/public/EchoSet/test/pLe4wQe7qrG/0_1_other_room/7729_121/mix.wav,15.221911430358887,15.282308578491211,14.749515533447266,14.851617813110352
/data/public/EchoSet/test/pLe4wQe7qrG/0_1_other_room/4507_5683/mix.wav,14.45248794555664,14.82521915435791,14.322413444519043,14.709634780883789
/data/public/EchoSet/test/pLe4wQe7qrG/0_1_other_room/2094_6930/mix.wav,10.644752502441406,11.003073692321777,8.99889087677002,9.408629417419434
/data/public/EchoSet/test/pLe4wQe7qrG/0_1_other_room/8455_3575/mix.wav,14.635186195373535,14.679549217224121,13.817412376403809,13.893814086914062
/data/public/EchoSet/test/pLe4wQe7qrG/0_1_other_room/5142_8555/mix.wav,13.284915924072266,13.628031730651855,12.913505554199219,13.306783676147461
/data/public/EchoSet/test/pLe4wQe7qrG/0_1_other_room/672_1320/mix.wav,10.707094192504883,10.770065307617188,10.090055465698242,10.249134063720703
/data/public/EchoSet/test/pLe4wQe7qrG/0_1_other_room/3570_672/mix.wav,15.441349029541016,15.478753089904785,14.8544340133667,14.90915584564209
/data/public/EchoSet/test/pLe4wQe7qrG/0_1_other_room/4446_4992/mix.wav,12.410123825073242,12.578328132629395,11.987916946411133,12.196064949035645
/data/public/EchoSet/test/pLe4wQe7qrG/0_1_other_room/260_61/mix.wav,10.915520668029785,11.041193008422852,10.23067855834961,10.399736404418945
/data/public/EchoSet/test/pLe4wQe7qrG/0_1_other_room/1221_6930/mix.wav,8.674274444580078,8.945568084716797,6.805469512939453,7.113653659820557
/data/public/EchoSet/test/pLe4wQe7qrG/0_1_other_room/8555_4446/mix.wav,11.198577880859375,11.836858749389648,10.941520690917969,11.61465072631836
/data/public/EchoSet/test/pLe4wQe7qrG/0_1_other_room/121_8224/mix.wav,11.255373001098633,11.585638046264648,10.731916427612305,11.177278518676758
/data/public/EchoSet/test/pLe4wQe7qrG/0_1_other_room/8455_4970/mix.wav,13.559646606445312,13.769739151000977,13.256133079528809,13.533998489379883
/data/public/EchoSet/test/pLe4wQe7qrG/0_1_other_room/4507_3570/mix.wav,16.495119094848633,16.437143325805664,15.803457260131836,15.905961990356445
/data/public/EchoSet/test/pLe4wQe7qrG/0_1_other_room/2961_1188/mix.wav,12.729942321777344,13.029921531677246,12.53042984008789,12.87244987487793
/data/public/EchoSet/test/pLe4wQe7qrG/0_1_other_room/260_8463/mix.wav,14.748209953308105,14.60136890411377,14.129867553710938,14.123895645141602
/data/public/EchoSet/test/pLe4wQe7qrG/0_1_other_room/1995_4970/mix.wav,14.225881576538086,14.364975929260254,13.854475975036621,14.046467781066895
/data/public/EchoSet/test/pLe4wQe7qrG/0_1_other_room/3729_7127/mix.wav,15.96905517578125,16.14096450805664,15.661563873291016,15.891910552978516
/data/public/EchoSet/test/pLe4wQe7qrG/0_1_other_room/3575_1089/mix.wav,12.201242446899414,12.352959632873535,11.80108642578125,12.15018367767334
/data/public/EchoSet/test/pLe4wQe7qrG/0_1_other_room/8230_2830/mix.wav,9.943071365356445,10.251350402832031,9.397045135498047,9.802229881286621
/data/public/EchoSet/test/pLe4wQe7qrG/0_1_other_room/3575_7021/mix.wav,17.36554527282715,17.206844329833984,17.066139221191406,16.948564529418945
/data/public/EchoSet/test/pLe4wQe7qrG/0_1_other_room/1320_1284/mix.wav,10.779123306274414,11.168707847595215,10.237136840820312,10.682167053222656
/data/public/EchoSet/test/pLe4wQe7qrG/0_1_other_room/3729_1188/mix.wav,11.711275100708008,12.083742141723633,11.439711570739746,11.85102367401123
/data/public/EchoSet/test/pLe4wQe7qrG/0_1_other_room/3570_2094/mix.wav,5.448520183563232,5.417146682739258,0.7986623048782349,0.8671677112579346
/data/public/EchoSet/test/pLe4wQe7qrG/0_1_other_room/1221_2961/mix.wav,16.732990264892578,16.903369903564453,16.36503028869629,16.56307601928711
/data/public/EchoSet/test/pLe4wQe7qrG/0_1_other_room/1089_2300/mix.wav,12.41156005859375,12.414066314697266,11.831838607788086,11.897599220275879
/data/public/EchoSet/test/pLe4wQe7qrG/0_1_other_room/5683_7127/mix.wav,16.833740234375,16.946365356445312,16.53636360168457,16.66459846496582
/data/public/EchoSet/test/pLe4wQe7qrG/0_1_other_room/3729_6829/mix.wav,13.16307258605957,13.321992874145508,12.725936889648438,12.960258483886719
/data/public/EchoSet/test/pLe4wQe7qrG/0_1_other_room/1284_908/mix.wav,10.906412124633789,11.073039054870605,10.335569381713867,10.6414213180542
/data/public/EchoSet/test/pLe4wQe7qrG/0_1_other_room/5105_3575/mix.wav,12.39267349243164,12.373245239257812,11.724071502685547,11.818615913391113
/data/public/EchoSet/test/pLe4wQe7qrG/0_1_other_room/1995_61/mix.wav,12.313944816589355,12.406194686889648,12.039697647094727,12.169425964355469
/data/public/EchoSet/test/pLe4wQe7qrG/0_1_other_room/237_7729/mix.wav,13.893539428710938,13.93833065032959,13.548458099365234,13.66683578491211
/data/public/EchoSet/test/pLe4wQe7qrG/0_1_other_room/1320_4970/mix.wav,16.199970245361328,16.279834747314453,15.553524017333984,15.68647575378418
/data/public/EchoSet/test/pLe4wQe7qrG/0_1_other_room/3575_237/mix.wav,12.613554000854492,12.809212684631348,12.071832656860352,12.332832336425781
/data/public/EchoSet/test/pLe4wQe7qrG/0_1_other_room/2094_2961/mix.wav,13.434576034545898,13.846259117126465,13.23447036743164,13.769174575805664
/data/public/EchoSet/test/pLe4wQe7qrG/0_1_other_room/2300_7127/mix.wav,13.164892196655273,13.16541862487793,12.784027099609375,12.844277381896973
/data/public/EchoSet/test/pLe4wQe7qrG/0_1_other_room/1580_61/mix.wav,13.442448616027832,13.5611572265625,12.946918487548828,13.1187105178833
/data/public/EchoSet/test/pLe4wQe7qrG/0_1_other_room/1188_7176/mix.wav,11.659492492675781,11.74264144897461,11.408645629882812,11.535255432128906
/data/public/EchoSet/test/zsNo4HB9uLZ/0_13_living_room/4507_7021/mix.wav,20.651479721069336,20.67702865600586,20.45752716064453,20.49513053894043
/data/public/EchoSet/test/zsNo4HB9uLZ/0_13_living_room/2300_672/mix.wav,11.662788391113281,11.636160850524902,10.671411514282227,10.731136322021484
/data/public/EchoSet/test/zsNo4HB9uLZ/0_13_living_room/5639_8455/mix.wav,14.018600463867188,13.997164726257324,13.58399772644043,13.637293815612793
/data/public/EchoSet/test/zsNo4HB9uLZ/0_13_living_room/1995_4992/mix.wav,16.726152420043945,16.744447708129883,16.312639236450195,16.405126571655273
/data/public/EchoSet/test/zsNo4HB9uLZ/0_13_living_room/6930_4507/mix.wav,14.673480987548828,14.318994522094727,13.695733070373535,14.110203742980957
/data/public/EchoSet/test/zsNo4HB9uLZ/0_13_living_room/8455_1320/mix.wav,13.694868087768555,13.832837104797363,13.264084815979004,13.447502136230469
/data/public/EchoSet/test/zsNo4HB9uLZ/0_13_living_room/1221_2094/mix.wav,10.027351379394531,10.141715049743652,5.700522422790527,5.898550987243652
/data/public/EchoSet/test/zsNo4HB9uLZ/0_13_living_room/1188_4077/mix.wav,11.578819274902344,11.809344291687012,10.652180671691895,10.933999061584473
/data/public/EchoSet/test/zsNo4HB9uLZ/0_13_living_room/1284_2961/mix.wav,14.572883605957031,14.854610443115234,14.01948070526123,14.343269348144531
/data/public/EchoSet/test/zsNo4HB9uLZ/0_13_living_room/7127_672/mix.wav,11.016500473022461,11.241059303283691,10.387079238891602,10.668387413024902
/data/public/EchoSet/test/zsNo4HB9uLZ/0_13_living_room/5639_61/mix.wav,12.575138092041016,12.672845840454102,11.85178279876709,12.029457092285156
/data/public/EchoSet/test/zsNo4HB9uLZ/0_13_living_room/8230_8463/mix.wav,16.826862335205078,16.80941390991211,16.31165885925293,16.33243179321289
/data/public/EchoSet/test/zsNo4HB9uLZ/0_13_living_room/121_260/mix.wav,14.133798599243164,14.383642196655273,13.578252792358398,13.854057312011719
/data/public/EchoSet/test/zsNo4HB9uLZ/0_13_living_room/1188_8230/mix.wav,11.835102081298828,12.04338264465332,11.268753051757812,11.587652206420898
/data/public/EchoSet/test/zsNo4HB9uLZ/0_13_living_room/672_1089/mix.wav,10.919447898864746,11.106016159057617,10.29106330871582,10.611207962036133
/data/public/EchoSet/test/zsNo4HB9uLZ/0_13_living_room/2830_8224/mix.wav,11.491035461425781,11.797667503356934,10.641755104064941,11.042485237121582
/data/public/EchoSet/test/zsNo4HB9uLZ/0_13_living_room/237_7127/mix.wav,13.355403900146484,13.246655464172363,12.78201675415039,12.75338363647461
/data/public/EchoSet/test/zsNo4HB9uLZ/0_13_living_room/121_1320/mix.wav,14.534440994262695,14.553133010864258,13.988875389099121,14.08655071258545
/data/public/EchoSet/test/zsNo4HB9uLZ/0_13_living_room/8455_3570/mix.wav,15.2029390335083,15.299945831298828,14.681257247924805,14.936163902282715
/data/public/EchoSet/test/zsNo4HB9uLZ/0_13_living_room/7021_1188/mix.wav,10.676309585571289,11.097936630249023,10.17757797241211,10.695523262023926
/data/public/EchoSet/test/zsNo4HB9uLZ/0_13_living_room/4970_6930/mix.wav,17.74108123779297,17.79987144470215,17.32147979736328,17.39678192138672
/data/public/EchoSet/test/zsNo4HB9uLZ/0_13_living_room/7176_7729/mix.wav,14.032219886779785,14.279860496520996,13.809877395629883,14.100995063781738
/data/public/EchoSet/test/zsNo4HB9uLZ/0_13_living_room/2830_8555/mix.wav,13.90968132019043,14.052421569824219,13.258872985839844,13.470771789550781
/data/public/EchoSet/test/zsNo4HB9uLZ/0_13_living_room/5142_2961/mix.wav,15.88966178894043,16.040813446044922,15.486974716186523,15.678089141845703
/data/public/EchoSet/test/zsNo4HB9uLZ/0_13_living_room/8230_2094/mix.wav,11.658924102783203,11.680791854858398,11.02786636352539,11.074973106384277
/data/public/EchoSet/test/zsNo4HB9uLZ/0_13_living_room/7021_61/mix.wav,10.293434143066406,10.277485847473145,9.7467622756958,9.804008483886719
/data/public/EchoSet/test/zsNo4HB9uLZ/0_13_living_room/7729_1089/mix.wav,15.799009323120117,15.717964172363281,15.404186248779297,15.365116119384766
/data/public/EchoSet/test/zsNo4HB9uLZ/0_13_living_room/5683_8555/mix.wav,16.663043975830078,16.725067138671875,16.118850708007812,16.233036041259766
/data/public/EchoSet/test/zsNo4HB9uLZ/0_13_living_room/260_6829/mix.wav,11.559795379638672,11.349030494689941,10.405111312866211,10.280694007873535
/data/public/EchoSet/test/zsNo4HB9uLZ/0_13_living_room/2830_8230/mix.wav,10.860359191894531,10.702264785766602,10.030019760131836,9.992069244384766
/data/public/EchoSet/test/zsNo4HB9uLZ/0_13_living_room/5683_3729/mix.wav,13.331851959228516,13.751224517822266,12.865730285644531,13.343636512756348
/data/public/EchoSet/test/zsNo4HB9uLZ/0_13_living_room/7176_3575/mix.wav,19.533103942871094,19.5523624420166,19.070289611816406,19.119216918945312
/data/public/EchoSet/test/zsNo4HB9uLZ/0_13_living_room/8455_1188/mix.wav,10.406740188598633,10.463781356811523,9.868314743041992,10.132702827453613
/data/public/EchoSet/test/zsNo4HB9uLZ/0_13_living_room/908_8224/mix.wav,13.913558959960938,14.118080139160156,13.733131408691406,13.976359367370605
/data/public/EchoSet/test/zsNo4HB9uLZ/0_13_living_room/260_4446/mix.wav,13.971101760864258,14.010424613952637,13.606226921081543,13.694985389709473
/data/public/EchoSet/test/zsNo4HB9uLZ/0_13_living_room/7729_8224/mix.wav,13.140565872192383,13.550980567932129,12.977225303649902,13.42314624786377
/data/public/EchoSet/test/zsNo4HB9uLZ/0_13_living_room/237_7176/mix.wav,14.25225830078125,14.359798431396484,13.943643569946289,14.088475227355957
/data/public/EchoSet/test/zsNo4HB9uLZ/0_13_living_room/5639_1284/mix.wav,15.155284881591797,15.230474472045898,14.688427925109863,14.815902709960938
/data/public/EchoSet/test/zsNo4HB9uLZ/0_13_living_room/5639_237/mix.wav,15.216116905212402,15.380236625671387,14.918055534362793,15.145907402038574
/data/public/EchoSet/test/zsNo4HB9uLZ/0_13_living_room/2830_672/mix.wav,12.796640396118164,12.92378044128418,9.55661392211914,9.765193939208984
/data/public/EchoSet/test/zsNo4HB9uLZ/0_13_living_room/6829_3729/mix.wav,13.341428756713867,13.298113822937012,12.900260925292969,12.939553260803223
/data/public/EchoSet/test/zsNo4HB9uLZ/0_13_living_room/7176_5142/mix.wav,11.819417953491211,12.39649486541748,11.591991424560547,12.232994079589844
/data/public/EchoSet/test/zsNo4HB9uLZ/0_13_living_room/908_8463/mix.wav,12.561677932739258,12.652824401855469,12.114068984985352,12.256143569946289
/data/public/EchoSet/test/zsNo4HB9uLZ/0_13_living_room/8463_2094/mix.wav,18.074016571044922,18.087024688720703,17.807350158691406,17.8525390625
/data/public/EchoSet/test/zsNo4HB9uLZ/0_13_living_room/6829_2300/mix.wav,13.994697570800781,13.881498336791992,13.36656379699707,13.292831420898438
/data/public/EchoSet/test/zsNo4HB9uLZ/0_13_living_room/2961_7729/mix.wav,11.647144317626953,12.206039428710938,11.37137222290039,12.01578426361084
/data/public/EchoSet/test/zsNo4HB9uLZ/0_13_living_room/6930_6829/mix.wav,11.404289245605469,11.431558609008789,10.65328311920166,10.731806755065918
/data/public/EchoSet/test/zsNo4HB9uLZ/0_13_living_room/1221_8224/mix.wav,10.131479263305664,10.161802291870117,8.487794876098633,8.559577941894531
/data/public/EchoSet/test/zsNo4HB9uLZ/0_13_living_room/1284_260/mix.wav,8.056047439575195,8.163858413696289,4.719171047210693,4.9242730140686035
/data/public/EchoSet/test/zsNo4HB9uLZ/0_13_living_room/4077_5142/mix.wav,11.031881332397461,11.375466346740723,9.912442207336426,10.373818397521973
/data/public/EchoSet/test/zsNo4HB9uLZ/0_13_living_room/2830_1284/mix.wav,12.789576530456543,13.025049209594727,11.740593910217285,12.025015830993652
/data/public/EchoSet/test/zsNo4HB9uLZ/0_13_living_room/4970_4992/mix.wav,14.962421417236328,14.91525650024414,14.580970764160156,14.595403671264648
/data/public/EchoSet/test/zsNo4HB9uLZ/0_13_living_room/8463_4970/mix.wav,14.04541015625,14.447308540344238,13.87153148651123,14.293868064880371
/data/public/EchoSet/test/zsNo4HB9uLZ/0_13_living_room/5142_1580/mix.wav,14.966226577758789,15.05807876586914,14.523618698120117,14.653042793273926
/data/public/EchoSet/test/zsNo4HB9uLZ/0_13_living_room/1995_1580/mix.wav,17.362266540527344,17.456531524658203,16.99979019165039,17.134052276611328
/data/public/EchoSet/test/zsNo4HB9uLZ/0_13_living_room/3575_5105/mix.wav,14.085208892822266,13.99832534790039,13.562946319580078,13.55786418914795
/data/public/EchoSet/test/zsNo4HB9uLZ/0_13_living_room/672_2094/mix.wav,8.889705657958984,9.230585098266602,6.700751304626465,7.073707580566406
/data/public/EchoSet/test/zsNo4HB9uLZ/0_13_living_room/5105_1320/mix.wav,14.014276504516602,13.722016334533691,13.258356094360352,13.170554161071777
/data/public/EchoSet/test/zsNo4HB9uLZ/0_13_living_room/4970_5105/mix.wav,13.462215423583984,13.562567710876465,12.95524787902832,13.125442504882812
/data/public/EchoSet/test/zsNo4HB9uLZ/0_13_living_room/5683_4970/mix.wav,15.731131553649902,15.737068176269531,15.256843566894531,15.332093238830566
/data/public/EchoSet/test/zsNo4HB9uLZ/0_13_living_room/8230_8555/mix.wav,14.867412567138672,15.103360176086426,14.47986125946045,14.856415748596191
/data/public/EchoSet/test/zsNo4HB9uLZ/0_13_living_room/4446_4970/mix.wav,14.639070510864258,14.595635414123535,13.9771728515625,14.052505493164062
/data/public/EchoSet/test/zsNo4HB9uLZ/0_13_living_room/1320_7176/mix.wav,13.289167404174805,13.319978713989258,12.926801681518555,13.001516342163086
/data/public/EchoSet/test/zsNo4HB9uLZ/0_13_living_room/7729_3575/mix.wav,13.254948616027832,13.407655715942383,12.753398895263672,12.988061904907227
/data/public/EchoSet/test/zsNo4HB9uLZ/0_13_living_room/8555_7021/mix.wav,16.289113998413086,16.17417335510254,15.949907302856445,15.948413848876953
/data/public/EchoSet/test/zsNo4HB9uLZ/0_13_living_room/8455_4992/mix.wav,12.645975112915039,12.828042030334473,12.332084655761719,12.579174041748047
/data/public/EchoSet/test/zsNo4HB9uLZ/0_13_living_room/4077_8224/mix.wav,9.56768798828125,9.503561973571777,8.040082931518555,8.053387641906738
/data/public/EchoSet/test/zsNo4HB9uLZ/0_13_living_room/4970_2961/mix.wav,13.692468643188477,13.559078216552734,13.30974292755127,13.261472702026367
/data/public/EchoSet/test/zsNo4HB9uLZ/0_13_living_room/1580_61/mix.wav,12.655360221862793,12.915040016174316,12.144329071044922,12.466200828552246
/data/public/EchoSet/test/zsNo4HB9uLZ/0_13_living_room/1221_4077/mix.wav,12.092281341552734,11.881112098693848,11.74721908569336,11.595107078552246
/data/public/EchoSet/test/zsNo4HB9uLZ/0_13_living_room/3570_1188/mix.wav,13.367344856262207,13.318065643310547,12.52762508392334,12.592748641967773
/data/public/EchoSet/test/zsNo4HB9uLZ/0_13_living_room/8224_5142/mix.wav,13.001598358154297,13.135738372802734,12.396707534790039,12.539205551147461
/data/public/EchoSet/test/zsNo4HB9uLZ/0_13_living_room/3570_1995/mix.wav,15.255779266357422,15.391584396362305,13.760498046875,13.928205490112305
/data/public/EchoSet/test/zsNo4HB9uLZ/0_13_living_room/7127_4992/mix.wav,14.348091125488281,14.313936233520508,13.909734725952148,13.991971015930176
/data/public/EchoSet/test/zsNo4HB9uLZ/0_13_living_room/7021_5105/mix.wav,11.843628883361816,11.771900177001953,10.695220947265625,10.66639518737793
/data/public/EchoSet/test/zsNo4HB9uLZ/0_13_living_room/2300_7176/mix.wav,11.495733261108398,11.522911071777344,11.255306243896484,11.352044105529785
/data/public/EchoSet/test/zsNo4HB9uLZ/0_13_living_room/3570_8463/mix.wav,17.94109344482422,17.988698959350586,17.530803680419922,17.594457626342773
/data/public/EchoSet/test/zsNo4HB9uLZ/0_13_living_room/4077_2961/mix.wav,14.173480987548828,14.183499336242676,13.492776870727539,13.539502143859863
/data/public/EchoSet/test/zsNo4HB9uLZ/0_13_living_room/121_8230/mix.wav,15.550975799560547,15.5169677734375,15.253473281860352,15.28072452545166
/data/public/EchoSet/test/zsNo4HB9uLZ/0_13_living_room/2300_3570/mix.wav,12.88578987121582,13.020827293395996,12.461535453796387,12.65570068359375
/data/public/EchoSet/test/zsNo4HB9uLZ/0_13_living_room/260_2300/mix.wav,13.468006134033203,13.749608993530273,12.995440483093262,13.342546463012695
/data/public/EchoSet/test/zsNo4HB9uLZ/0_13_living_room/260_908/mix.wav,12.962505340576172,12.952568054199219,12.486164093017578,12.52790641784668
/data/public/EchoSet/test/zsNo4HB9uLZ/0_13_living_room/4992_61/mix.wav,13.921653747558594,13.84792709350586,13.268152236938477,13.285755157470703
/data/public/EchoSet/test/zsNo4HB9uLZ/0_13_living_room/4446_1320/mix.wav,13.812204360961914,13.871941566467285,13.116661071777344,13.234620094299316
/data/public/EchoSet/test/zsNo4HB9uLZ/0_13_living_room/4507_1188/mix.wav,12.811708450317383,13.36478328704834,12.644628524780273,13.243125915527344
/data/public/EchoSet/test/zsNo4HB9uLZ/0_13_living_room/2961_1995/mix.wav,16.620651245117188,16.748910903930664,16.341594696044922,16.504810333251953
/data/public/EchoSet/test/zsNo4HB9uLZ/0_13_living_room/7176_5683/mix.wav,14.228137016296387,14.133072853088379,13.237537384033203,13.216898918151855
/data/public/EchoSet/test/zsNo4HB9uLZ/0_13_living_room/2830_4446/mix.wav,7.760907173156738,7.182312488555908,5.976792335510254,5.7695088386535645
/data/public/EchoSet/test/zsNo4HB9uLZ/0_13_living_room/672_1580/mix.wav,14.511449813842773,14.651247024536133,13.126707077026367,13.402551651000977
/data/public/EchoSet/test/zsNo4HB9uLZ/0_13_living_room/1995_121/mix.wav,14.261454582214355,14.612924575805664,14.016639709472656,14.436376571655273
/data/public/EchoSet/test/zsNo4HB9uLZ/0_13_living_room/5105_908/mix.wav,14.024521827697754,13.735299110412598,13.606201171875,13.51341438293457
/data/public/EchoSet/test/zsNo4HB9uLZ/0_13_living_room/1320_3575/mix.wav,15.435134887695312,15.126118659973145,14.652164459228516,14.432879447937012
/data/public/EchoSet/test/zsNo4HB9uLZ/0_13_living_room/121_908/mix.wav,14.032947540283203,14.140302658081055,13.534334182739258,13.679999351501465
/data/public/EchoSet/test/zsNo4HB9uLZ/0_13_living_room/7127_1089/mix.wav,13.823600769042969,13.993496894836426,13.515752792358398,13.740692138671875
/data/public/EchoSet/test/zsNo4HB9uLZ/0_13_living_room/3575_5142/mix.wav,13.420101165771484,13.619891166687012,12.832071304321289,13.141632080078125
/data/public/EchoSet/test/zsNo4HB9uLZ/0_13_living_room/7021_1089/mix.wav,14.62660026550293,14.708946228027344,14.314170837402344,14.431414604187012
/data/public/EchoSet/test/zsNo4HB9uLZ/0_13_living_room/2094_5683/mix.wav,9.392343521118164,9.957658767700195,8.223886489868164,8.869848251342773
/data/public/EchoSet/test/zsNo4HB9uLZ/0_13_living_room/7021_8455/mix.wav,15.110445022583008,15.153919219970703,14.652421951293945,14.728282928466797
/data/public/EchoSet/test/zsNo4HB9uLZ/0_13_living_room/7127_8224/mix.wav,16.69208526611328,16.7790470123291,16.28280258178711,16.405189514160156
/data/public/EchoSet/test/zsNo4HB9uLZ/0_13_living_room/1221_237/mix.wav,13.84005069732666,13.932939529418945,12.67578411102295,12.806988716125488
/data/public/EchoSet/test/zsNo4HB9uLZ/0_13_living_room/2961_7127/mix.wav,13.824275970458984,13.800691604614258,13.381393432617188,13.439157485961914
/data/public/EchoSet/test/zsNo4HB9uLZ/0_13_living_room/908_6829/mix.wav,13.469136238098145,13.343448638916016,13.0662841796875,13.020344734191895
/data/public/EchoSet/test/zsNo4HB9uLZ/0_13_living_room/1221_5683/mix.wav,13.11082649230957,13.186580657958984,12.197948455810547,12.350055694580078
/data/public/EchoSet/test/zsNo4HB9uLZ/0_13_living_room/61_5683/mix.wav,14.161230087280273,14.361257553100586,13.700370788574219,13.967947006225586
/data/public/EchoSet/test/zsNo4HB9uLZ/0_13_living_room/8555_4992/mix.wav,14.415505409240723,14.403581619262695,13.970626831054688,14.061177253723145
/data/public/EchoSet/test/zsNo4HB9uLZ/0_13_living_room/4970_3729/mix.wav,16.611970901489258,16.704917907714844,16.26816177368164,16.39668083190918
/data/public/EchoSet/test/zsNo4HB9uLZ/0_13_living_room/3570_1284/mix.wav,11.262998580932617,11.77275276184082,10.682186126708984,11.242189407348633
/data/public/EchoSet/test/zsNo4HB9uLZ/0_13_living_room/1089_4077/mix.wav,11.247734069824219,11.211275100708008,10.846999168395996,10.8356294631958
/data/public/EchoSet/test/zsNo4HB9uLZ/0_13_living_room/4446_1580/mix.wav,18.543880462646484,18.49075698852539,18.249008178710938,18.246627807617188
/data/public/EchoSet/test/zsNo4HB9uLZ/0_13_living_room/3575_8555/mix.wav,14.894962310791016,14.872501373291016,14.368764877319336,14.432826042175293
/data/public/EchoSet/test/zsNo4HB9uLZ/0_13_living_room/121_237/mix.wav,14.436655044555664,14.53675365447998,14.018680572509766,14.144901275634766
/data/public/EchoSet/test/zsNo4HB9uLZ/0_13_living_room/2961_237/mix.wav,14.639092445373535,14.65846061706543,14.193185806274414,14.28140926361084
/data/public/EchoSet/test/zsNo4HB9uLZ/0_13_living_room/1284_7729/mix.wav,13.766368865966797,13.916972160339355,13.365275382995605,13.600014686584473
/data/public/EchoSet/test/zsNo4HB9uLZ/0_13_living_room/6930_8463/mix.wav,13.229072570800781,13.167759895324707,12.399779319763184,12.511670112609863
/data/public/EchoSet/test/zsNo4HB9uLZ/0_13_living_room/1089_672/mix.wav,12.846305847167969,13.138721466064453,12.530269622802734,12.874704360961914
/data/public/EchoSet/test/zsNo4HB9uLZ/0_13_living_room/2830_6930/mix.wav,6.006679534912109,5.98267936706543,5.103603839874268,5.131001949310303
/data/public/EchoSet/test/zsNo4HB9uLZ/0_13_living_room/3575_3729/mix.wav,12.106221199035645,11.996256828308105,11.696744918823242,11.680293083190918
/data/public/EchoSet/test/zsNo4HB9uLZ/0_13_living_room/5639_4507/mix.wav,15.840295791625977,15.901750564575195,15.543590545654297,15.652885437011719
/data/public/EchoSet/test/zsNo4HB9uLZ/0_13_living_room/3729_260/mix.wav,16.317676544189453,16.290504455566406,15.949825286865234,15.97479248046875
/data/public/EchoSet/test/zsNo4HB9uLZ/0_13_living_room/1320_3729/mix.wav,15.049654006958008,15.036360740661621,14.684026718139648,14.733646392822266
/data/public/EchoSet/test/zsNo4HB9uLZ/0_13_living_room/672_4992/mix.wav,15.238557815551758,15.383520126342773,14.556249618530273,14.798892974853516
/data/public/EchoSet/test/zsNo4HB9uLZ/0_13_living_room/8463_4507/mix.wav,14.914226531982422,14.980841636657715,14.493768692016602,14.749441146850586
/data/public/EchoSet/test/zsNo4HB9uLZ/0_13_living_room/3570_4077/mix.wav,13.830697059631348,13.995619773864746,12.801136016845703,13.061833381652832
/data/public/EchoSet/test/zsNo4HB9uLZ/0_13_living_room/1284_8555/mix.wav,14.495658874511719,14.581128120422363,14.030454635620117,14.304191589355469
/data/public/EchoSet/test/zsNo4HB9uLZ/0_13_living_room/61_1188/mix.wav,8.596489906311035,8.441130638122559,7.029458522796631,6.940563201904297
/data/public/EchoSet/test/zsNo4HB9uLZ/0_13_living_room/5142_5639/mix.wav,16.869956970214844,16.91449546813965,16.649532318115234,16.726505279541016
/data/public/EchoSet/test/zsNo4HB9uLZ/0_13_living_room/1995_7021/mix.wav,17.39037322998047,17.50720977783203,17.071102142333984,17.203235626220703
/data/public/EchoSet/test/zsNo4HB9uLZ/0_13_living_room/1221_7176/mix.wav,13.373083114624023,13.615457534790039,12.994359970092773,13.315984725952148
/data/public/EchoSet/test/zsNo4HB9uLZ/0_13_living_room/1995_1089/mix.wav,15.238433837890625,15.429100036621094,15.003705024719238,15.223006248474121
/data/public/EchoSet/test/zsNo4HB9uLZ/0_13_living_room/6829_6930/mix.wav,12.750189781188965,12.954195022583008,11.865234375,12.170599937438965
/data/public/EchoSet/test/zsNo4HB9uLZ/0_13_living_room/4077_121/mix.wav,13.58117961883545,13.546570777893066,12.763618469238281,12.858854293823242
/data/public/EchoSet/test/zsNo4HB9uLZ/0_13_living_room/8224_1580/mix.wav,16.02196502685547,16.01007843017578,15.581148147583008,15.612081527709961
/data/public/EchoSet/test/zsNo4HB9uLZ/0_13_living_room/1221_3570/mix.wav,17.279428482055664,17.325708389282227,17.004779815673828,17.11458396911621
/data/public/EchoSet/test/zsNo4HB9uLZ/0_13_living_room/5105_2300/mix.wav,12.245814323425293,12.387635231018066,11.162736892700195,11.369685173034668
/data/public/EchoSet/test/zsNo4HB9uLZ/0_13_living_room/237_7729/mix.wav,17.087080001831055,16.682050704956055,16.68548011779785,16.441316604614258
/data/public/EchoSet/test/zsNo4HB9uLZ/0_13_living_room/5639_2830/mix.wav,11.65086841583252,11.881024360656738,11.266690254211426,11.60771369934082
/data/public/EchoSet/test/zsNo4HB9uLZ/0_13_living_room/3729_5105/mix.wav,15.821348190307617,15.81002426147461,15.511932373046875,15.596139907836914
/data/public/EchoSet/test/zsNo4HB9uLZ/0_13_living_room/4446_4992/mix.wav,13.742813110351562,13.891098976135254,13.313800811767578,13.61436939239502
/data/public/EchoSet/test/zsNo4HB9uLZ/0_13_living_room/7127_2094/mix.wav,17.574466705322266,17.574691772460938,17.04867935180664,17.086318969726562
/data/public/EchoSet/test/zsNo4HB9uLZ/0_13_living_room/61_6930/mix.wav,10.38470458984375,10.375893592834473,9.57209300994873,9.611382484436035
/data/public/EchoSet/test/zsNo4HB9uLZ/0_13_living_room/8230_1188/mix.wav,9.130388259887695,9.511960983276367,8.18894100189209,8.61223316192627
/data/public/EchoSet/test/zsNo4HB9uLZ/0_13_living_room/121_2094/mix.wav,12.955483436584473,13.494046211242676,12.669378280639648,13.256450653076172
/data/public/EchoSet/test/zsNo4HB9uLZ/0_13_living_room/1995_3729/mix.wav,13.197392463684082,13.429092407226562,12.860763549804688,13.13719367980957
/data/public/EchoSet/test/zsNo4HB9uLZ/0_13_living_room/7729_4507/mix.wav,15.913191795349121,15.96182632446289,15.728432655334473,15.801627159118652
/data/public/EchoSet/test/zsNo4HB9uLZ/0_13_living_room/2300_237/mix.wav,11.452852249145508,11.518470764160156,10.562637329101562,10.681198120117188
/data/public/EchoSet/test/zsNo4HB9uLZ/0_13_living_room/5105_5639/mix.wav,14.20629596710205,14.147089958190918,13.586071014404297,13.813023567199707
/data/public/EchoSet/test/zsNo4HB9uLZ/0_13_living_room/3575_908/mix.wav,12.22652816772461,12.811326026916504,11.983577728271484,12.605047225952148
/data/public/EchoSet/test/zsNo4HB9uLZ/0_13_living_room/908_4507/mix.wav,15.903076171875,15.925007820129395,15.592500686645508,15.715398788452148
/data/public/EchoSet/test/zsNo4HB9uLZ/0_13_living_room/1221_7127/mix.wav,15.742044448852539,15.806318283081055,15.314715385437012,15.46203899383545
/data/public/EchoSet/test/zsNo4HB9uLZ/0_13_living_room/6829_4446/mix.wav,13.450784683227539,13.735210418701172,13.04428482055664,13.398536682128906
/data/public/EchoSet/test/zsNo4HB9uLZ/0_13_living_room/6930_2300/mix.wav,8.159713745117188,8.323153495788574,5.009018898010254,5.242020606994629
/data/public/EchoSet/test/zsNo4HB9uLZ/0_13_living_room/1320_8455/mix.wav,13.065485000610352,13.435256004333496,12.494625091552734,12.922001838684082
/data/public/EchoSet/test/zsNo4HB9uLZ/0_13_living_room/260_2094/mix.wav,14.579438209533691,14.82978343963623,14.054515838623047,14.397581100463867
/data/public/EchoSet/test/zsNo4HB9uLZ/0_9_dining_room/908_1221/mix.wav,15.491888046264648,15.459212303161621,15.101469993591309,15.11913013458252
/data/public/EchoSet/test/zsNo4HB9uLZ/0_9_dining_room/7021_4970/mix.wav,14.449031829833984,14.623470306396484,14.261667251586914,14.491909980773926
/data/public/EchoSet/test/zsNo4HB9uLZ/0_9_dining_room/1284_1089/mix.wav,14.775568008422852,14.59850788116455,14.196504592895508,14.108389854431152
/data/public/EchoSet/test/zsNo4HB9uLZ/0_9_dining_room/908_3729/mix.wav,11.999540328979492,12.059630393981934,11.612428665161133,11.75674819946289
/data/public/EchoSet/test/zsNo4HB9uLZ/0_9_dining_room/5105_5639/mix.wav,14.72767448425293,14.581930160522461,14.46000862121582,14.361549377441406
/data/public/EchoSet/test/zsNo4HB9uLZ/0_9_dining_room/2830_61/mix.wav,11.670207977294922,11.462203025817871,11.042577743530273,10.941012382507324
/data/public/EchoSet/test/zsNo4HB9uLZ/0_9_dining_room/908_8555/mix.wav,16.828330993652344,16.90009880065918,16.465450286865234,16.564088821411133
/data/public/EchoSet/test/zsNo4HB9uLZ/0_9_dining_room/6829_1995/mix.wav,13.29401683807373,13.687572479248047,12.973182678222656,13.457157135009766
/data/public/EchoSet/test/zsNo4HB9uLZ/0_9_dining_room/2961_5683/mix.wav,16.97740936279297,17.192899703979492,16.6964054107666,16.94107437133789
/data/public/EchoSet/test/zsNo4HB9uLZ/0_9_dining_room/7127_7729/mix.wav,13.03915023803711,13.135051727294922,12.347275733947754,12.492463111877441
/data/public/EchoSet/test/zsNo4HB9uLZ/0_9_dining_room/5142_8555/mix.wav,17.100629806518555,17.160884857177734,16.586017608642578,16.704917907714844
/data/public/EchoSet/test/zsNo4HB9uLZ/0_9_dining_room/2830_2961/mix.wav,13.042463302612305,13.135866165161133,12.4215087890625,12.579852104187012
/data/public/EchoSet/test/zsNo4HB9uLZ/0_9_dining_room/8224_7127/mix.wav,12.06374740600586,12.204266548156738,11.329851150512695,11.574446678161621
/data/public/EchoSet/test/zsNo4HB9uLZ/0_9_dining_room/3729_5105/mix.wav,13.676344871520996,13.747868537902832,13.269946098327637,13.417001724243164
/data/public/EchoSet/test/zsNo4HB9uLZ/0_9_dining_room/237_1995/mix.wav,16.353530883789062,16.347204208374023,16.09190559387207,16.14063835144043
/data/public/EchoSet/test/zsNo4HB9uLZ/0_9_dining_room/5683_237/mix.wav,15.402894973754883,15.255322456359863,14.742268562316895,14.777007102966309
/data/public/EchoSet/test/zsNo4HB9uLZ/0_9_dining_room/260_3570/mix.wav,12.394044876098633,12.186891555786133,11.229830741882324,11.137351036071777
/data/public/EchoSet/test/zsNo4HB9uLZ/0_9_dining_room/7176_7127/mix.wav,12.920658111572266,13.0586576461792,12.663483619689941,12.8765287399292
/data/public/EchoSet/test/zsNo4HB9uLZ/0_9_dining_room/2094_1580/mix.wav,13.840166091918945,14.017755508422852,12.85698413848877,13.103368759155273
/data/public/EchoSet/test/zsNo4HB9uLZ/0_9_dining_room/672_1221/mix.wav,12.37761116027832,12.605874061584473,11.183882713317871,11.439491271972656
/data/public/EchoSet/test/zsNo4HB9uLZ/0_9_dining_room/1580_6829/mix.wav,11.194122314453125,11.802854537963867,10.895600318908691,11.631599426269531
/data/public/EchoSet/test/zsNo4HB9uLZ/0_9_dining_room/5142_7021/mix.wav,15.344947814941406,15.601814270019531,15.08952522277832,15.368892669677734
/data/public/EchoSet/test/zsNo4HB9uLZ/0_9_dining_room/2300_4507/mix.wav,17.3575382232666,17.294294357299805,17.09555435180664,17.113449096679688
/data/public/EchoSet/test/zsNo4HB9uLZ/0_9_dining_room/1995_5639/mix.wav,14.584369659423828,14.911643028259277,13.698827743530273,14.275472640991211
/data/public/EchoSet/test/zsNo4HB9uLZ/0_9_dining_room/3570_4077/mix.wav,14.093594551086426,14.284797668457031,13.756196022033691,14.017851829528809
/data/public/EchoSet/test/zsNo4HB9uLZ/0_9_dining_room/908_8455/mix.wav,10.625682830810547,11.530854225158691,10.36766242980957,11.318342208862305
/data/public/EchoSet/test/zsNo4HB9uLZ/0_9_dining_room/3575_7729/mix.wav,13.708940505981445,13.684185028076172,13.145092964172363,13.220498085021973
/data/public/EchoSet/test/zsNo4HB9uLZ/0_9_dining_room/2300_4992/mix.wav,12.685983657836914,12.927556037902832,11.77774429321289,12.040457725524902
/data/public/EchoSet/test/zsNo4HB9uLZ/0_9_dining_room/5142_121/mix.wav,12.775161743164062,12.760207176208496,12.412471771240234,12.467337608337402
/data/public/EchoSet/test/zsNo4HB9uLZ/0_9_dining_room/1320_1221/mix.wav,14.323660850524902,14.647184371948242,13.976494789123535,14.354523658752441
/data/public/EchoSet/test/zsNo4HB9uLZ/0_9_dining_room/3575_2094/mix.wav,12.34267807006836,12.726373672485352,11.498600959777832,11.935999870300293
/data/public/EchoSet/test/zsNo4HB9uLZ/0_9_dining_room/3570_8555/mix.wav,14.558795928955078,14.597670555114746,14.382734298706055,14.463050842285156
/data/public/EchoSet/test/zsNo4HB9uLZ/0_9_dining_room/1320_4077/mix.wav,7.455444812774658,7.106616973876953,6.396319389343262,6.296907424926758
/data/public/EchoSet/test/zsNo4HB9uLZ/0_9_dining_room/7176_6930/mix.wav,13.344100952148438,13.759333610534668,13.053362846374512,13.556356430053711
/data/public/EchoSet/test/zsNo4HB9uLZ/0_9_dining_room/2300_5105/mix.wav,14.798267364501953,14.625868797302246,13.863296508789062,13.790050506591797
/data/public/EchoSet/test/zsNo4HB9uLZ/0_9_dining_room/4970_2094/mix.wav,16.136009216308594,16.28646469116211,15.782605171203613,15.98004150390625
/data/public/EchoSet/test/zsNo4HB9uLZ/0_9_dining_room/4446_5683/mix.wav,13.123427391052246,13.199710845947266,12.45805549621582,12.592388153076172
/data/public/EchoSet/test/zsNo4HB9uLZ/0_9_dining_room/8463_4507/mix.wav,14.410425186157227,14.395342826843262,14.030293464660645,14.087600708007812
/data/public/EchoSet/test/zsNo4HB9uLZ/0_9_dining_room/3729_5683/mix.wav,12.776838302612305,12.876803398132324,12.389132499694824,12.661361694335938
/data/public/EchoSet/test/zsNo4HB9uLZ/0_9_dining_room/4970_2300/mix.wav,14.84611701965332,14.882695198059082,14.488919258117676,14.627339363098145
/data/public/EchoSet/test/zsNo4HB9uLZ/0_9_dining_room/7176_61/mix.wav,12.174055099487305,12.274003028869629,11.685422897338867,11.835429191589355
/data/public/EchoSet/test/zsNo4HB9uLZ/0_9_dining_room/1188_4446/mix.wav,13.367990493774414,13.865103721618652,13.141244888305664,13.687972068786621
/data/public/EchoSet/test/zsNo4HB9uLZ/0_9_dining_room/1188_1995/mix.wav,14.819236755371094,14.933610916137695,14.605449676513672,14.760100364685059
/data/public/EchoSet/test/zsNo4HB9uLZ/0_9_dining_room/5639_1320/mix.wav,15.118959426879883,15.261351585388184,14.992035865783691,15.18175220489502
/data/public/EchoSet/test/zsNo4HB9uLZ/0_9_dining_room/61_260/mix.wav,13.679327011108398,13.611455917358398,13.201446533203125,13.238218307495117
/data/public/EchoSet/test/zsNo4HB9uLZ/0_9_dining_room/1320_7729/mix.wav,13.61238956451416,13.769120216369629,13.327674865722656,13.546683311462402
/data/public/EchoSet/test/zsNo4HB9uLZ/0_9_dining_room/8224_2830/mix.wav,10.906476974487305,11.224205017089844,10.086236953735352,10.497870445251465
/data/public/EchoSet/test/zsNo4HB9uLZ/0_9_dining_room/7176_4992/mix.wav,15.686525344848633,15.793031692504883,15.323720932006836,15.466490745544434
/data/public/EchoSet/test/zsNo4HB9uLZ/0_9_dining_room/8463_6930/mix.wav,14.7252197265625,14.832647323608398,14.336811065673828,14.510848045349121
/data/public/EchoSet/test/zsNo4HB9uLZ/0_9_dining_room/3575_5142/mix.wav,10.777994155883789,11.55389404296875,10.526512145996094,11.349343299865723
/data/public/EchoSet/test/zsNo4HB9uLZ/0_9_dining_room/4992_672/mix.wav,10.817825317382812,11.485995292663574,10.529048919677734,11.251643180847168
/data/public/EchoSet/test/zsNo4HB9uLZ/0_9_dining_room/8224_5683/mix.wav,12.914644241333008,13.086837768554688,12.543045043945312,12.77474594116211
/data/public/EchoSet/test/zsNo4HB9uLZ/0_9_dining_room/61_2830/mix.wav,11.217744827270508,11.182875633239746,10.725963592529297,10.898428916931152
/data/public/EchoSet/test/zsNo4HB9uLZ/0_9_dining_room/2300_1188/mix.wav,13.084625244140625,13.192194938659668,12.768575668334961,12.977462768554688
/data/public/EchoSet/test/zsNo4HB9uLZ/0_9_dining_room/7127_3729/mix.wav,13.104637145996094,13.287675857543945,12.86555290222168,13.093550682067871
/data/public/EchoSet/test/zsNo4HB9uLZ/0_9_dining_room/7127_8555/mix.wav,12.134805679321289,12.565892219543457,11.72348403930664,12.215121269226074
/data/public/EchoSet/test/zsNo4HB9uLZ/0_9_dining_room/2830_1995/mix.wav,17.972225189208984,17.890518188476562,17.45315933227539,17.449325561523438
/data/public/EchoSet/test/zsNo4HB9uLZ/0_9_dining_room/4970_5639/mix.wav,16.237430572509766,16.479610443115234,16.063278198242188,16.323545455932617
/data/public/EchoSet/test/zsNo4HB9uLZ/0_9_dining_room/672_8463/mix.wav,15.202378273010254,15.43249797821045,14.956006050109863,15.218905448913574
/data/public/EchoSet/test/zsNo4HB9uLZ/0_9_dining_room/2830_6829/mix.wav,12.439970016479492,12.632110595703125,11.566308975219727,11.77479362487793
/data/public/EchoSet/test/zsNo4HB9uLZ/0_9_dining_room/1089_5639/mix.wav,15.085006713867188,15.05949878692627,14.841442108154297,14.849325180053711
/data/public/EchoSet/test/zsNo4HB9uLZ/0_9_dining_room/7021_4077/mix.wav,13.000598907470703,13.258744239807129,12.558708190917969,12.848215103149414
/data/public/EchoSet/test/zsNo4HB9uLZ/0_9_dining_room/6930_260/mix.wav,14.8678560256958,15.18613052368164,14.555688858032227,14.934645652770996
/data/public/EchoSet/test/zsNo4HB9uLZ/0_9_dining_room/4992_1995/mix.wav,15.707601547241211,15.822010040283203,15.326089859008789,15.503556251525879
/data/public/EchoSet/test/zsNo4HB9uLZ/0_9_dining_room/2961_4446/mix.wav,14.433197021484375,14.847495079040527,14.122505187988281,14.556212425231934
/data/public/EchoSet/test/zsNo4HB9uLZ/0_9_dining_room/4446_1320/mix.wav,13.724699974060059,13.989091873168945,12.856903076171875,13.156872749328613
/data/public/EchoSet/test/zsNo4HB9uLZ/0_9_dining_room/4970_8455/mix.wav,16.173538208007812,16.284955978393555,15.77576732635498,15.937314987182617
/data/public/EchoSet/test/zsNo4HB9uLZ/0_9_dining_room/5142_4970/mix.wav,17.677223205566406,17.720684051513672,17.387786865234375,17.450544357299805
/data/public/EchoSet/test/zsNo4HB9uLZ/0_9_dining_room/4507_6829/mix.wav,14.56619644165039,14.705127716064453,14.158117294311523,14.32667064666748
/data/public/EchoSet/test/zsNo4HB9uLZ/0_9_dining_room/237_5105/mix.wav,12.667464256286621,12.968743324279785,12.357131004333496,12.69741439819336
/data/public/EchoSet/test/zsNo4HB9uLZ/0_9_dining_room/5142_6930/mix.wav,11.17473030090332,11.437220573425293,10.475587844848633,10.793169975280762
/data/public/EchoSet/test/zsNo4HB9uLZ/0_9_dining_room/3570_1188/mix.wav,13.890907287597656,14.23572063446045,13.537946701049805,13.927153587341309
/data/public/EchoSet/test/zsNo4HB9uLZ/0_9_dining_room/5105_7176/mix.wav,13.796736717224121,13.80528450012207,13.524042129516602,13.631402969360352
/data/public/EchoSet/test/zsNo4HB9uLZ/0_9_dining_room/5683_8463/mix.wav,16.18785858154297,16.418851852416992,16.005687713623047,16.290334701538086
/data/public/EchoSet/test/zsNo4HB9uLZ/0_9_dining_room/1188_1284/mix.wav,12.263500213623047,12.231810569763184,10.715340614318848,10.773860931396484
/data/public/EchoSet/test/zsNo4HB9uLZ/0_9_dining_room/1284_6829/mix.wav,13.157647132873535,13.29053020477295,12.678510665893555,12.868577003479004
/data/public/EchoSet/test/zsNo4HB9uLZ/0_9_dining_room/7729_260/mix.wav,12.832383155822754,13.163830757141113,12.525922775268555,12.977798461914062
/data/public/EchoSet/test/zsNo4HB9uLZ/0_9_dining_room/1580_3729/mix.wav,15.254430770874023,15.373319625854492,14.86333179473877,15.019134521484375
/data/public/EchoSet/test/zsNo4HB9uLZ/0_9_dining_room/8463_237/mix.wav,15.327021598815918,15.410493850708008,15.017232894897461,15.14803409576416
/data/public/EchoSet/test/zsNo4HB9uLZ/0_9_dining_room/237_4077/mix.wav,17.079086303710938,17.123220443725586,16.782997131347656,16.866418838500977
/data/public/EchoSet/test/zsNo4HB9uLZ/0_9_dining_room/237_8555/mix.wav,14.643499374389648,14.936918258666992,14.413891792297363,14.748208999633789
/data/public/EchoSet/test/zsNo4HB9uLZ/0_9_dining_room/121_2300/mix.wav,16.230070114135742,16.398141860961914,15.962661743164062,16.16933250427246
/data/public/EchoSet/test/zsNo4HB9uLZ/0_9_dining_room/908_6930/mix.wav,15.555825233459473,15.582420349121094,14.645179748535156,14.724262237548828
/data/public/EchoSet/test/zsNo4HB9uLZ/0_9_dining_room/672_1580/mix.wav,12.005302429199219,12.498356819152832,11.564712524414062,12.216510772705078
/data/public/EchoSet/test/zsNo4HB9uLZ/0_9_dining_room/8230_1089/mix.wav,12.96650505065918,13.079619407653809,12.629915237426758,12.79182243347168
/data/public/EchoSet/test/zsNo4HB9uLZ/0_9_dining_room/1284_7176/mix.wav,13.843660354614258,14.021727561950684,13.592266082763672,13.814148902893066
/data/public/EchoSet/test/zsNo4HB9uLZ/0_9_dining_room/7729_4970/mix.wav,17.637815475463867,17.686912536621094,17.4194278717041,17.488195419311523
/data/public/EchoSet/test/zsNo4HB9uLZ/0_9_dining_room/121_8555/mix.wav,18.736953735351562,18.75531578063965,18.244220733642578,18.300073623657227
/data/public/EchoSet/test/zsNo4HB9uLZ/0_9_dining_room/61_8230/mix.wav,10.063161849975586,10.209094047546387,9.726632118225098,9.907114028930664
/data/public/EchoSet/test/zsNo4HB9uLZ/0_9_dining_room/7127_2961/mix.wav,13.933040618896484,14.207125663757324,13.62172794342041,13.94589614868164
/data/public/EchoSet/test/zsNo4HB9uLZ/0_9_dining_room/2094_1089/mix.wav,16.266239166259766,16.35919189453125,15.81294059753418,15.946686744689941
/data/public/EchoSet/test/zsNo4HB9uLZ/0_9_dining_room/4507_3575/mix.wav,12.501346588134766,12.978938102722168,12.285219192504883,12.811676025390625
/data/public/EchoSet/test/zsNo4HB9uLZ/0_9_dining_room/8230_3729/mix.wav,15.95271110534668,15.942709922790527,15.708131790161133,15.78676700592041
/data/public/EchoSet/test/zsNo4HB9uLZ/0_9_dining_room/5142_4446/mix.wav,12.163537979125977,12.659469604492188,11.907913208007812,12.437223434448242
/data/public/EchoSet/test/zsNo4HB9uLZ/0_9_dining_room/1995_1188/mix.wav,16.054719924926758,16.382015228271484,15.873115539550781,16.236328125
/data/public/EchoSet/test/zsNo4HB9uLZ/0_9_dining_room/1580_8224/mix.wav,15.221864700317383,15.168224334716797,14.743881225585938,14.771181106567383
/data/public/EchoSet/test/zsNo4HB9uLZ/0_9_dining_room/8230_8555/mix.wav,15.076229095458984,15.214191436767578,14.574783325195312,14.753094673156738
/data/public/EchoSet/test/zsNo4HB9uLZ/0_9_dining_room/1995_121/mix.wav,14.556406021118164,14.427928924560547,14.146957397460938,14.143535614013672
/data/public/EchoSet/test/zsNo4HB9uLZ/0_9_dining_room/6930_7176/mix.wav,16.915069580078125,17.000486373901367,16.554819107055664,16.688152313232422
/data/public/EchoSet/test/zsNo4HB9uLZ/0_9_dining_room/6829_8230/mix.wav,14.128023147583008,14.317574501037598,13.641016960144043,13.86772346496582
/data/public/EchoSet/test/zsNo4HB9uLZ/0_9_dining_room/8224_7021/mix.wav,12.625022888183594,13.257895469665527,12.197737693786621,12.87358570098877
/data/public/EchoSet/test/zsNo4HB9uLZ/0_9_dining_room/1580_8455/mix.wav,18.342041015625,18.364547729492188,17.993465423583984,18.031478881835938
/data/public/EchoSet/test/zsNo4HB9uLZ/0_9_dining_room/1188_121/mix.wav,14.784395217895508,14.921326637268066,14.386454582214355,14.732118606567383
/data/public/EchoSet/test/zsNo4HB9uLZ/0_9_dining_room/8224_1089/mix.wav,13.088072776794434,13.041325569152832,12.813556671142578,12.842585563659668
/data/public/EchoSet/test/zsNo4HB9uLZ/0_9_dining_room/5639_672/mix.wav,16.90830421447754,16.978897094726562,16.737255096435547,16.81926155090332
/data/public/EchoSet/test/zsNo4HB9uLZ/0_9_dining_room/6829_1221/mix.wav,14.063629150390625,14.033097267150879,13.47714614868164,13.500115394592285
/data/public/EchoSet/test/zsNo4HB9uLZ/0_9_dining_room/4992_2094/mix.wav,18.331249237060547,18.404613494873047,17.955432891845703,18.050106048583984
/data/public/EchoSet/test/zsNo4HB9uLZ/0_9_dining_room/4507_1284/mix.wav,12.615043640136719,13.217355728149414,12.474710464477539,13.141651153564453
/data/public/EchoSet/test/zsNo4HB9uLZ/0_9_dining_room/5105_237/mix.wav,12.252762794494629,12.140878677368164,10.781570434570312,10.753494262695312
/data/public/EchoSet/test/zsNo4HB9uLZ/0_9_dining_room/4446_8224/mix.wav,11.797351837158203,12.541253089904785,11.332571983337402,12.105424880981445
/data/public/EchoSet/test/zsNo4HB9uLZ/0_9_dining_room/8455_260/mix.wav,12.77791976928711,13.078559875488281,12.508492469787598,12.84954833984375
/data/public/EchoSet/test/zsNo4HB9uLZ/0_9_dining_room/8230_3575/mix.wav,17.292490005493164,17.306188583374023,16.843645095825195,16.911352157592773
/data/public/EchoSet/test/zsNo4HB9uLZ/0_9_dining_room/1320_4507/mix.wav,18.625431060791016,18.557119369506836,18.261489868164062,18.269927978515625
/data/public/EchoSet/test/zsNo4HB9uLZ/0_9_dining_room/7729_1089/mix.wav,13.075630187988281,13.152338027954102,12.742172241210938,12.86511516571045
/data/public/EchoSet/test/zsNo4HB9uLZ/0_9_dining_room/4507_1221/mix.wav,11.740400314331055,12.345462799072266,11.3286771774292,12.01900577545166
/data/public/EchoSet/test/zsNo4HB9uLZ/0_9_dining_room/2961_2300/mix.wav,13.351847648620605,13.713830947875977,12.993697166442871,13.430943489074707
/data/public/EchoSet/test/zsNo4HB9uLZ/0_9_dining_room/3729_7021/mix.wav,14.590622901916504,14.798897743225098,14.380292892456055,14.651363372802734
/data/public/EchoSet/test/zsNo4HB9uLZ/0_9_dining_room/4077_2094/mix.wav,9.27112865447998,9.569673538208008,4.808851718902588,5.172612190246582
/data/public/EchoSet/test/zsNo4HB9uLZ/0_9_dining_room/6829_2094/mix.wav,13.955801963806152,14.12973690032959,13.522832870483398,13.741673469543457
/data/public/EchoSet/test/zsNo4HB9uLZ/0_9_dining_room/3729_5639/mix.wav,14.900880813598633,14.923315048217773,14.539239883422852,14.637269973754883
/data/public/EchoSet/test/zsNo4HB9uLZ/0_9_dining_room/4077_121/mix.wav,14.253376007080078,14.290188789367676,13.665750503540039,13.751810073852539
/data/public/EchoSet/test/zsNo4HB9uLZ/0_9_dining_room/4507_5142/mix.wav,14.93148136138916,14.771719932556152,14.626265525817871,14.560181617736816
/data/public/EchoSet/test/zsNo4HB9uLZ/0_9_dining_room/121_61/mix.wav,15.303098678588867,15.412213325500488,14.84324836730957,14.975411415100098
/data/public/EchoSet/test/zsNo4HB9uLZ/0_9_dining_room/5683_8230/mix.wav,16.383333206176758,16.410444259643555,15.404861450195312,15.46592903137207
/data/public/EchoSet/test/zsNo4HB9uLZ/0_9_dining_room/2300_8555/mix.wav,11.964380264282227,12.373993873596191,11.49225902557373,12.036696434020996
/data/public/EchoSet/test/zsNo4HB9uLZ/0_9_dining_room/4077_3575/mix.wav,13.210424423217773,13.296515464782715,12.383155822753906,12.511768341064453
/data/public/EchoSet/test/zsNo4HB9uLZ/0_9_dining_room/1580_8463/mix.wav,13.729476928710938,13.865172386169434,13.292439460754395,13.51223373413086
/data/public/EchoSet/test/zsNo4HB9uLZ/0_9_dining_room/1284_5105/mix.wav,14.153421401977539,14.438931465148926,13.892601013183594,14.377098083496094
/data/public/EchoSet/test/zsNo4HB9uLZ/0_9_dining_room/7021_4446/mix.wav,15.311277389526367,15.627838134765625,14.798786163330078,15.13783073425293
/data/public/EchoSet/test/zsNo4HB9uLZ/0_9_dining_room/8455_3570/mix.wav,15.20732307434082,15.286270141601562,14.737066268920898,14.885310173034668
/data/public/EchoSet/test/zsNo4HB9uLZ/0_9_dining_room/672_2961/mix.wav,14.172735214233398,14.304344177246094,13.705934524536133,13.863584518432617
/data/public/EchoSet/test/zsNo4HB9uLZ/0_9_dining_room/908_5105/mix.wav,13.409246444702148,13.221258163452148,12.708219528198242,12.89626693725586
/data/public/EchoSet/test/zsNo4HB9uLZ/0_9_dining_room/8224_7729/mix.wav,13.430047988891602,13.707178115844727,13.19430160522461,13.587984085083008
/data/public/EchoSet/test/zsNo4HB9uLZ/0_9_dining_room/121_1284/mix.wav,13.61126708984375,13.633387565612793,13.155384063720703,13.312300682067871
/data/public/EchoSet/test/zsNo4HB9uLZ/0_9_dining_room/1221_3575/mix.wav,13.560709953308105,13.54916000366211,12.850700378417969,12.890312194824219
/data/public/EchoSet/test/zsNo4HB9uLZ/0_9_dining_room/6930_61/mix.wav,9.713622093200684,9.544800758361816,8.518184661865234,8.395028114318848
/data/public/EchoSet/test/zsNo4HB9uLZ/0_9_dining_room/672_5683/mix.wav,14.93067741394043,14.9849853515625,14.34167194366455,14.42755126953125
/data/public/EchoSet/test/zsNo4HB9uLZ/0_9_dining_room/908_4992/mix.wav,18.061809539794922,18.089946746826172,17.57623863220215,17.644372940063477
/data/public/EchoSet/test/zsNo4HB9uLZ/0_9_dining_room/3575_7176/mix.wav,15.345415115356445,15.252243995666504,14.982368469238281,14.951796531677246
/data/public/EchoSet/test/zsNo4HB9uLZ/0_9_dining_room/237_672/mix.wav,15.353302001953125,15.379532814025879,14.563760757446289,14.667618751525879
/data/public/EchoSet/test/zsNo4HB9uLZ/0_9_dining_room/1221_2094/mix.wav,15.195531845092773,15.249235153198242,14.674985885620117,14.766122817993164
/data/public/EchoSet/test/zsNo4HB9uLZ/0_9_dining_room/2830_5639/mix.wav,10.807220458984375,10.872751235961914,9.99957275390625,10.20085334777832
/data/public/EchoSet/test/zsNo4HB9uLZ/0_9_dining_room/8455_1320/mix.wav,13.490734100341797,13.660221099853516,12.853120803833008,13.10490608215332
/data/public/EchoSet/test/zsNo4HB9uLZ/0_9_dining_room/4970_1580/mix.wav,15.25975513458252,15.255816459655762,14.729736328125,14.757701873779297
/data/public/EchoSet/test/zsNo4HB9uLZ/0_9_dining_room/1188_4077/mix.wav,11.165349006652832,11.275404930114746,9.30008316040039,9.574009895324707
/data/public/EchoSet/test/zsNo4HB9uLZ/0_9_dining_room/8463_8455/mix.wav,15.300752639770508,15.144035339355469,14.778593063354492,14.726264953613281
/data/public/EchoSet/test/zsNo4HB9uLZ/0_9_dining_room/4992_1089/mix.wav,15.013628005981445,15.000787734985352,14.744154930114746,14.786955833435059
/data/public/EchoSet/test/zsNo4HB9uLZ/0_9_dining_room/4992_7021/mix.wav,17.915355682373047,17.797555923461914,17.56833839416504,17.555517196655273
/data/public/EchoSet/test/zsNo4HB9uLZ/0_9_dining_room/1221_1284/mix.wav,11.970391273498535,11.957954406738281,9.093414306640625,9.142838478088379
/data/public/EchoSet/test/zsNo4HB9uLZ/0_9_dining_room/7127_908/mix.wav,14.433448791503906,14.472002983093262,14.190498352050781,14.279192924499512
/data/public/EchoSet/test/zsNo4HB9uLZ/0_9_dining_room/8463_7021/mix.wav,15.611095428466797,15.729296684265137,15.288450241088867,15.441865921020508
/data/public/EchoSet/test/zsNo4HB9uLZ/0_9_dining_room/2961_8455/mix.wav,13.141316413879395,13.557186126708984,12.892570495605469,13.3533296585083
/data/public/EchoSet/test/zsNo4HB9uLZ/0_11_familyroom_lounge/672_7729/mix.wav,14.214815139770508,13.956616401672363,13.452350616455078,13.299765586853027
/data/public/EchoSet/test/zsNo4HB9uLZ/0_11_familyroom_lounge/4507_237/mix.wav,12.10984992980957,12.529593467712402,11.682061195373535,12.222230911254883
/data/public/EchoSet/test/zsNo4HB9uLZ/0_11_familyroom_lounge/3729_2830/mix.wav,15.570456504821777,15.463313102722168,15.101546287536621,15.262746810913086
/data/public/EchoSet/test/zsNo4HB9uLZ/0_11_familyroom_lounge/8230_1320/mix.wav,12.95406723022461,13.137762069702148,12.349878311157227,12.570061683654785
/data/public/EchoSet/test/zsNo4HB9uLZ/0_11_familyroom_lounge/1580_4446/mix.wav,13.596918106079102,13.67021369934082,13.120277404785156,13.25374698638916
/data/public/EchoSet/test/zsNo4HB9uLZ/0_11_familyroom_lounge/1221_672/mix.wav,12.691668510437012,12.790964126586914,11.900404930114746,12.068899154663086
/data/public/EchoSet/test/zsNo4HB9uLZ/0_11_familyroom_lounge/908_61/mix.wav,12.763784408569336,13.065095901489258,12.357577323913574,12.727638244628906
/data/public/EchoSet/test/zsNo4HB9uLZ/0_11_familyroom_lounge/8455_8463/mix.wav,11.619781494140625,11.958389282226562,11.370612144470215,11.797837257385254
/data/public/EchoSet/test/zsNo4HB9uLZ/0_11_familyroom_lounge/3570_2300/mix.wav,20.055463790893555,20.25797462463379,19.79511070251465,20.085418701171875
/data/public/EchoSet/test/zsNo4HB9uLZ/0_11_familyroom_lounge/3570_1221/mix.wav,13.80579948425293,14.104500770568848,13.301352500915527,13.653473854064941
/data/public/EchoSet/test/zsNo4HB9uLZ/0_11_familyroom_lounge/2830_5105/mix.wav,9.431839942932129,9.85517692565918,8.95754623413086,9.472121238708496
/data/public/EchoSet/test/zsNo4HB9uLZ/0_11_familyroom_lounge/2094_3570/mix.wav,13.017023086547852,13.00246810913086,10.369768142700195,10.43802547454834
/data/public/EchoSet/test/zsNo4HB9uLZ/0_11_familyroom_lounge/2961_672/mix.wav,13.199926376342773,13.284019470214844,12.869377136230469,13.009488105773926
/data/public/EchoSet/test/zsNo4HB9uLZ/0_11_familyroom_lounge/1188_2961/mix.wav,12.659515380859375,12.847020149230957,12.289437294006348,12.677865028381348
/data/public/EchoSet/test/zsNo4HB9uLZ/0_11_familyroom_lounge/3575_2094/mix.wav,15.040682792663574,15.157317161560059,13.901739120483398,14.081443786621094
/data/public/EchoSet/test/zsNo4HB9uLZ/0_11_familyroom_lounge/7021_3575/mix.wav,16.738136291503906,16.76215362548828,15.951484680175781,16.013107299804688
/data/public/EchoSet/test/zsNo4HB9uLZ/0_11_familyroom_lounge/2300_2830/mix.wav,10.761226654052734,11.045806884765625,10.208257675170898,10.559298515319824
/data/public/EchoSet/test/zsNo4HB9uLZ/0_11_familyroom_lounge/3575_121/mix.wav,12.396438598632812,12.768835067749023,12.050579071044922,12.494498252868652
/data/public/EchoSet/test/zsNo4HB9uLZ/0_11_familyroom_lounge/8455_1284/mix.wav,15.314308166503906,15.359771728515625,14.471359252929688,14.656394004821777
/data/public/EchoSet/test/zsNo4HB9uLZ/0_11_familyroom_lounge/237_4992/mix.wav,15.032608032226562,14.948528289794922,14.663204193115234,14.796265602111816
/data/public/EchoSet/test/zsNo4HB9uLZ/0_11_familyroom_lounge/4077_1580/mix.wav,13.072837829589844,13.281188011169434,12.806364059448242,13.049290657043457
/data/public/EchoSet/test/zsNo4HB9uLZ/0_11_familyroom_lounge/8224_6930/mix.wav,10.872428894042969,10.931769371032715,8.513957977294922,8.66761302947998
/data/public/EchoSet/test/zsNo4HB9uLZ/0_11_familyroom_lounge/1320_1089/mix.wav,9.455378532409668,9.451486587524414,9.066160202026367,9.118459701538086
/data/public/EchoSet/test/zsNo4HB9uLZ/0_11_familyroom_lounge/8555_4446/mix.wav,15.195038795471191,15.34857177734375,14.85667896270752,15.046723365783691
/data/public/EchoSet/test/zsNo4HB9uLZ/0_11_familyroom_lounge/1320_260/mix.wav,15.628985404968262,15.581972122192383,15.302675247192383,15.308062553405762
/data/public/EchoSet/test/zsNo4HB9uLZ/0_11_familyroom_lounge/3729_5105/mix.wav,14.402364730834961,14.17116928100586,13.613500595092773,13.684563636779785
/data/public/EchoSet/test/zsNo4HB9uLZ/0_11_familyroom_lounge/2830_5683/mix.wav,6.258724689483643,6.320743083953857,3.274714231491089,3.380784511566162
/data/public/EchoSet/test/zsNo4HB9uLZ/0_11_familyroom_lounge/4992_2830/mix.wav,14.883476257324219,14.802734375,14.423173904418945,14.433449745178223
/data/public/EchoSet/test/zsNo4HB9uLZ/0_11_familyroom_lounge/61_1284/mix.wav,12.776246070861816,13.16632080078125,12.46784496307373,12.91116714477539
/data/public/EchoSet/test/zsNo4HB9uLZ/0_11_familyroom_lounge/5142_4077/mix.wav,13.119441032409668,13.246127128601074,12.269166946411133,12.441710472106934
/data/public/EchoSet/test/zsNo4HB9uLZ/0_11_familyroom_lounge/7021_1284/mix.wav,12.745940208435059,12.693882942199707,12.211000442504883,12.345174789428711
/data/public/EchoSet/test/zsNo4HB9uLZ/0_11_familyroom_lounge/1221_6930/mix.wav,10.293050765991211,10.712944984436035,9.825849533081055,10.292951583862305
/data/public/EchoSet/test/zsNo4HB9uLZ/0_11_familyroom_lounge/1995_8555/mix.wav,13.354413986206055,13.521842956542969,12.942132949829102,13.19998836517334
/data/public/EchoSet/test/zsNo4HB9uLZ/0_11_familyroom_lounge/2094_7127/mix.wav,12.424184799194336,12.671443939208984,10.18095588684082,10.46590805053711
/data/public/EchoSet/test/zsNo4HB9uLZ/0_11_familyroom_lounge/3729_4992/mix.wav,12.580156326293945,12.784995079040527,11.620216369628906,11.9614839553833
/data/public/EchoSet/test/zsNo4HB9uLZ/0_11_familyroom_lounge/5105_8455/mix.wav,11.75339412689209,11.946682929992676,10.489733695983887,10.727682113647461
/data/public/EchoSet/test/zsNo4HB9uLZ/0_11_familyroom_lounge/2830_2961/mix.wav,16.815338134765625,16.837831497192383,16.06521224975586,16.181224822998047
/data/public/EchoSet/test/zsNo4HB9uLZ/0_11_familyroom_lounge/5683_2830/mix.wav,14.396036148071289,14.570289611816406,11.150923728942871,11.356510162353516
/data/public/EchoSet/test/zsNo4HB9uLZ/0_11_familyroom_lounge/7021_8555/mix.wav,14.668746948242188,14.693583488464355,14.141582489013672,14.254583358764648
/data/public/EchoSet/test/zsNo4HB9uLZ/0_11_familyroom_lounge/4970_5639/mix.wav,11.373464584350586,11.812003135681152,11.022622108459473,11.554616928100586
/data/public/EchoSet/test/zsNo4HB9uLZ/0_11_familyroom_lounge/61_237/mix.wav,15.089479446411133,15.085031509399414,14.430912017822266,14.461076736450195
/data/public/EchoSet/test/zsNo4HB9uLZ/0_11_familyroom_lounge/2300_1188/mix.wav,16.266368865966797,16.257667541503906,15.610827445983887,15.63890552520752
/data/public/EchoSet/test/zsNo4HB9uLZ/0_11_familyroom_lounge/7127_8555/mix.wav,11.443208694458008,11.583351135253906,10.828620910644531,11.118932723999023
/data/public/EchoSet/test/zsNo4HB9uLZ/0_11_familyroom_lounge/672_1089/mix.wav,11.698957443237305,11.623848915100098,11.107719421386719,11.135880470275879
/data/public/EchoSet/test/zsNo4HB9uLZ/0_11_familyroom_lounge/5142_7729/mix.wav,15.880577087402344,15.842424392700195,15.332193374633789,15.341507911682129
/data/public/EchoSet/test/zsNo4HB9uLZ/0_11_familyroom_lounge/7127_8230/mix.wav,14.318310737609863,14.410273551940918,13.593745231628418,13.722298622131348
/data/public/EchoSet/test/zsNo4HB9uLZ/0_11_familyroom_lounge/260_672/mix.wav,10.415464401245117,10.78940200805664,9.819358825683594,10.266755104064941
/data/public/EchoSet/test/zsNo4HB9uLZ/0_11_familyroom_lounge/4970_8224/mix.wav,15.077131271362305,14.748030662536621,14.279476165771484,14.03751277923584
/data/public/EchoSet/test/zsNo4HB9uLZ/0_11_familyroom_lounge/908_2300/mix.wav,12.693888664245605,12.923711776733398,12.08782958984375,12.39501667022705
/data/public/EchoSet/test/zsNo4HB9uLZ/0_11_familyroom_lounge/8224_4992/mix.wav,12.505630493164062,12.501577377319336,11.504586219787598,11.550957679748535
/data/public/EchoSet/test/zsNo4HB9uLZ/0_11_familyroom_lounge/4970_7021/mix.wav,16.899518966674805,16.900550842285156,16.563053131103516,16.57993507385254
/data/public/EchoSet/test/zsNo4HB9uLZ/0_11_familyroom_lounge/4507_1995/mix.wav,12.565450668334961,12.666755676269531,12.321861267089844,12.599082946777344
/data/public/EchoSet/test/zsNo4HB9uLZ/0_11_familyroom_lounge/5639_1995/mix.wav,16.107192993164062,16.17734146118164,15.798521995544434,15.889659881591797
/data/public/EchoSet/test/zsNo4HB9uLZ/0_11_familyroom_lounge/260_1320/mix.wav,11.76071834564209,11.855403900146484,11.317085266113281,11.537999153137207
/data/public/EchoSet/test/zsNo4HB9uLZ/0_11_familyroom_lounge/4970_8555/mix.wav,14.377466201782227,14.463098526000977,14.134041786193848,14.258560180664062
/data/public/EchoSet/test/zsNo4HB9uLZ/0_11_familyroom_lounge/4446_6829/mix.wav,13.487360954284668,13.647415161132812,12.952329635620117,13.141013145446777
/data/public/EchoSet/test/zsNo4HB9uLZ/0_11_familyroom_lounge/1089_3729/mix.wav,13.73098373413086,13.705367088317871,13.376413345336914,13.413045883178711
/data/public/EchoSet/test/zsNo4HB9uLZ/0_11_familyroom_lounge/7176_5105/mix.wav,13.553043365478516,13.617596626281738,13.187590599060059,13.306231498718262
/data/public/EchoSet/test/zsNo4HB9uLZ/0_11_familyroom_lounge/8230_672/mix.wav,12.67266845703125,12.810872077941895,11.045276641845703,11.202778816223145
/data/public/EchoSet/test/zsNo4HB9uLZ/0_11_familyroom_lounge/1188_4446/mix.wav,12.002113342285156,12.26780891418457,11.485370635986328,11.950372695922852
/data/public/EchoSet/test/zsNo4HB9uLZ/0_11_familyroom_lounge/908_260/mix.wav,10.478635787963867,10.945781707763672,10.019254684448242,10.535442352294922
/data/public/EchoSet/test/zsNo4HB9uLZ/0_11_familyroom_lounge/1580_5683/mix.wav,13.262868881225586,13.26535415649414,12.466083526611328,12.519779205322266
/data/public/EchoSet/test/zsNo4HB9uLZ/0_11_familyroom_lounge/237_1995/mix.wav,15.278772354125977,15.637018203735352,14.945135116577148,15.31656551361084
/data/public/EchoSet/test/zsNo4HB9uLZ/0_11_familyroom_lounge/2961_121/mix.wav,16.805889129638672,16.800891876220703,16.4621524810791,16.490869522094727
/data/public/EchoSet/test/zsNo4HB9uLZ/0_11_familyroom_lounge/3729_7176/mix.wav,15.276701927185059,15.313261032104492,14.887519836425781,15.010164260864258
/data/public/EchoSet/test/zsNo4HB9uLZ/0_11_familyroom_lounge/1320_4970/mix.wav,15.225727081298828,15.218074798583984,14.836833953857422,14.962396621704102
/data/public/EchoSet/test/zsNo4HB9uLZ/0_11_familyroom_lounge/121_1188/mix.wav,15.086963653564453,15.278514862060547,13.636550903320312,13.886364936828613
/data/public/EchoSet/test/zsNo4HB9uLZ/0_11_familyroom_lounge/8463_6930/mix.wav,15.136262893676758,15.115333557128906,14.59090805053711,14.629265785217285
/data/public/EchoSet/test/zsNo4HB9uLZ/0_11_familyroom_lounge/8555_4507/mix.wav,16.949878692626953,16.687334060668945,16.721364974975586,16.53972053527832
/data/public/EchoSet/test/zsNo4HB9uLZ/0_11_familyroom_lounge/1089_8230/mix.wav,13.718271255493164,13.974523544311523,13.360614776611328,13.657081604003906
/data/public/EchoSet/test/zsNo4HB9uLZ/0_11_familyroom_lounge/121_8463/mix.wav,11.667682647705078,11.909811973571777,11.234020233154297,11.518378257751465
/data/public/EchoSet/test/zsNo4HB9uLZ/0_11_familyroom_lounge/8224_7021/mix.wav,13.963872909545898,14.024186134338379,13.428911209106445,13.558272361755371
/data/public/EchoSet/test/zsNo4HB9uLZ/0_11_familyroom_lounge/7176_4077/mix.wav,12.374536514282227,12.474630355834961,11.921712875366211,12.05234432220459
/data/public/EchoSet/test/zsNo4HB9uLZ/0_11_familyroom_lounge/4970_4992/mix.wav,14.202001571655273,14.252599716186523,13.791955947875977,13.901729583740234
/data/public/EchoSet/test/zsNo4HB9uLZ/0_11_familyroom_lounge/7127_5683/mix.wav,13.098039627075195,13.290037155151367,12.225265502929688,12.463839530944824
/data/public/EchoSet/test/zsNo4HB9uLZ/0_11_familyroom_lounge/5142_6829/mix.wav,14.798957824707031,14.777031898498535,14.412312507629395,14.448040008544922
/data/public/EchoSet/test/zsNo4HB9uLZ/0_11_familyroom_lounge/1995_1580/mix.wav,16.527048110961914,16.761005401611328,16.16852378845215,16.46674919128418
/data/public/EchoSet/test/zsNo4HB9uLZ/0_11_familyroom_lounge/5142_1188/mix.wav,16.04936408996582,16.062152862548828,14.811935424804688,14.878650665283203
/data/public/EchoSet/test/zsNo4HB9uLZ/0_11_familyroom_lounge/3570_6930/mix.wav,15.26340389251709,15.421568870544434,14.715398788452148,14.910483360290527
/data/public/EchoSet/test/zsNo4HB9uLZ/0_11_familyroom_lounge/5639_3575/mix.wav,16.598697662353516,16.650205612182617,16.286624908447266,16.35887336730957
/data/public/EchoSet/test/zsNo4HB9uLZ/0_11_familyroom_lounge/4970_5105/mix.wav,16.247276306152344,16.18650245666504,15.89218521118164,15.90212345123291
/data/public/EchoSet/test/zsNo4HB9uLZ/0_11_familyroom_lounge/2300_7729/mix.wav,13.30706787109375,12.919646263122559,12.301295280456543,12.079972267150879
/data/public/EchoSet/test/zsNo4HB9uLZ/0_11_familyroom_lounge/4077_8230/mix.wav,11.462833404541016,11.588314056396484,10.832059860229492,11.070503234863281
/data/public/EchoSet/test/zsNo4HB9uLZ/0_11_familyroom_lounge/7176_61/mix.wav,13.007970809936523,13.106439590454102,12.54986572265625,12.679807662963867
/data/public/EchoSet/test/zsNo4HB9uLZ/0_11_familyroom_lounge/4507_1284/mix.wav,15.706095695495605,15.298306465148926,14.874167442321777,14.774518966674805
/data/public/EchoSet/test/zsNo4HB9uLZ/0_11_familyroom_lounge/1995_7176/mix.wav,13.847503662109375,14.13968563079834,13.678476333618164,14.010501861572266
/data/public/EchoSet/test/zsNo4HB9uLZ/0_11_familyroom_lounge/6930_4446/mix.wav,13.397041320800781,13.328088760375977,12.764615058898926,12.740384101867676
/data/public/EchoSet/test/zsNo4HB9uLZ/0_11_familyroom_lounge/908_2961/mix.wav,11.914397239685059,12.44045352935791,11.745615005493164,12.316141128540039
/data/public/EchoSet/test/zsNo4HB9uLZ/0_11_familyroom_lounge/3570_121/mix.wav,14.227788925170898,14.391154289245605,13.84577751159668,14.046847343444824
/data/public/EchoSet/test/zsNo4HB9uLZ/0_11_familyroom_lounge/3729_1284/mix.wav,12.642987251281738,12.669416427612305,12.285041809082031,12.358356475830078
/data/public/EchoSet/test/zsNo4HB9uLZ/0_11_familyroom_lounge/260_1284/mix.wav,10.975415229797363,11.112658500671387,10.134357452392578,10.302590370178223
/data/public/EchoSet/test/zsNo4HB9uLZ/0_11_familyroom_lounge/1580_8230/mix.wav,16.56576919555664,16.517948150634766,16.03118133544922,16.050716400146484
/data/public/EchoSet/test/zsNo4HB9uLZ/0_11_familyroom_lounge/4992_8463/mix.wav,13.821113586425781,14.149026870727539,13.572549819946289,13.946906089782715
/data/public/EchoSet/test/zsNo4HB9uLZ/0_11_familyroom_lounge/3575_5683/mix.wav,13.20683765411377,13.421847343444824,12.358720779418945,12.647379875183105
/data/public/EchoSet/test/zsNo4HB9uLZ/0_11_familyroom_lounge/908_4507/mix.wav,13.253974914550781,13.437536239624023,12.849626541137695,13.239447593688965
/data/public/EchoSet/test/zsNo4HB9uLZ/0_11_familyroom_lounge/1284_1580/mix.wav,14.15823745727539,14.426146507263184,13.828024864196777,14.20254898071289
/data/public/EchoSet/test/zsNo4HB9uLZ/0_11_familyroom_lounge/6829_1089/mix.wav,12.26908016204834,12.560111045837402,12.069305419921875,12.401922225952148
/data/public/EchoSet/test/zsNo4HB9uLZ/0_11_familyroom_lounge/2094_8230/mix.wav,14.844350814819336,14.851119995117188,14.503808975219727,14.552526473999023
/data/public/EchoSet/test/zsNo4HB9uLZ/0_11_familyroom_lounge/237_2094/mix.wav,13.58511734008789,13.783528327941895,13.229522705078125,13.482870101928711
/data/public/EchoSet/test/zsNo4HB9uLZ/0_11_familyroom_lounge/3570_7176/mix.wav,13.385595321655273,13.547825813293457,13.028575897216797,13.25291633605957
/data/public/EchoSet/test/zsNo4HB9uLZ/0_11_familyroom_lounge/908_5105/mix.wav,14.157634735107422,14.345914840698242,13.642260551452637,13.995433807373047
/data/public/EchoSet/test/zsNo4HB9uLZ/0_11_familyroom_lounge/8224_1221/mix.wav,13.466556549072266,13.48130989074707,11.93269157409668,12.10175895690918
/data/public/EchoSet/test/zsNo4HB9uLZ/0_11_familyroom_lounge/121_7729/mix.wav,15.954721450805664,16.02366065979004,15.699722290039062,15.799532890319824
/data/public/EchoSet/test/zsNo4HB9uLZ/0_11_familyroom_lounge/5639_260/mix.wav,13.746334075927734,13.935260772705078,13.366825103759766,13.645698547363281
/data/public/EchoSet/test/zsNo4HB9uLZ/0_11_familyroom_lounge/2300_8455/mix.wav,11.823556900024414,12.472408294677734,11.621830940246582,12.313562393188477
/data/public/EchoSet/test/zsNo4HB9uLZ/0_11_familyroom_lounge/3575_3570/mix.wav,14.125570297241211,14.175938606262207,13.378402709960938,13.491037368774414
/data/public/EchoSet/test/zsNo4HB9uLZ/0_11_familyroom_lounge/121_1221/mix.wav,12.585981369018555,12.925076484680176,12.243916511535645,12.618331909179688
/data/public/EchoSet/test/zsNo4HB9uLZ/0_11_familyroom_lounge/61_7127/mix.wav,13.008502006530762,13.221059799194336,12.791318893432617,13.047094345092773
/data/public/EchoSet/test/zsNo4HB9uLZ/0_11_familyroom_lounge/4992_5639/mix.wav,16.065397262573242,16.12003517150879,15.504847526550293,15.601388931274414
/data/public/EchoSet/test/zsNo4HB9uLZ/0_11_familyroom_lounge/237_1221/mix.wav,13.274741172790527,13.45431900024414,12.790702819824219,13.008661270141602
/data/public/EchoSet/test/zsNo4HB9uLZ/0_11_familyroom_lounge/8224_2094/mix.wav,13.464412689208984,13.16372299194336,12.02508544921875,11.800090789794922
/data/public/EchoSet/test/zsNo4HB9uLZ/0_11_familyroom_lounge/4446_2300/mix.wav,13.722831726074219,13.79189395904541,12.618917465209961,12.728318214416504
/data/public/EchoSet/test/zsNo4HB9uLZ/0_11_familyroom_lounge/2961_1089/mix.wav,11.285888671875,11.300948143005371,10.594476699829102,10.754643440246582
/data/public/EchoSet/test/zsNo4HB9uLZ/0_11_familyroom_lounge/2961_8455/mix.wav,15.527427673339844,15.670490264892578,15.12216567993164,15.362447738647461
/data/public/EchoSet/test/zsNo4HB9uLZ/0_11_familyroom_lounge/7127_6930/mix.wav,12.268573760986328,12.29530143737793,11.725587844848633,11.87527847290039
/data/public/EchoSet/test/zsNo4HB9uLZ/0_11_familyroom_lounge/1320_5683/mix.wav,12.95346450805664,13.307897567749023,12.050134658813477,12.42353630065918
/data/public/EchoSet/test/zsNo4HB9uLZ/0_11_familyroom_lounge/260_8555/mix.wav,15.559568405151367,15.696854591369629,15.244165420532227,15.41894245147705
/data/public/EchoSet/test/zsNo4HB9uLZ/0_11_familyroom_lounge/5683_8455/mix.wav,12.72019100189209,13.018974304199219,11.192699432373047,11.585465431213379
/data/public/EchoSet/test/zsNo4HB9uLZ/0_11_familyroom_lounge/7729_4077/mix.wav,13.597953796386719,13.757789611816406,13.31181526184082,13.543639183044434
/data/public/EchoSet/test/zsNo4HB9uLZ/0_11_familyroom_lounge/4077_8463/mix.wav,14.41895866394043,14.43121337890625,13.88644027709961,13.950661659240723
/data/public/EchoSet/test/zsNo4HB9uLZ/0_11_familyroom_lounge/908_6829/mix.wav,16.058609008789062,15.947471618652344,15.75870418548584,15.684623718261719
/data/public/EchoSet/test/zsNo4HB9uLZ/0_11_familyroom_lounge/1221_237/mix.wav,12.146873474121094,12.709787368774414,11.697226524353027,12.33186149597168
/data/public/EchoSet/test/zsNo4HB9uLZ/0_11_familyroom_lounge/1188_8455/mix.wav,14.55500602722168,14.578176498413086,13.889375686645508,13.958542823791504
/data/public/EchoSet/test/zsNo4HB9uLZ/0_11_familyroom_lounge/1089_672/mix.wav,10.517524719238281,11.34470272064209,9.818655967712402,10.692594528198242
/data/public/EchoSet/test/zsNo4HB9uLZ/0_11_familyroom_lounge/3729_8224/mix.wav,15.445209503173828,15.481224060058594,14.94523811340332,15.052043914794922
/data/public/EchoSet/test/zsNo4HB9uLZ/0_11_familyroom_lounge/5639_4077/mix.wav,14.48304557800293,14.545135498046875,14.044523239135742,14.184964179992676
/data/public/EchoSet/test/zsNo4HB9uLZ/0_11_familyroom_lounge/1320_4507/mix.wav,15.391315460205078,15.545478820800781,15.215486526489258,15.425394058227539
/data/public/EchoSet/test/zsNo4HB9uLZ/0_11_familyroom_lounge/61_1580/mix.wav,15.554925918579102,15.497394561767578,14.91258430480957,14.939266204833984
/data/public/EchoSet/test/zsNo4HB9uLZ/0_11_familyroom_lounge/7176_7729/mix.wav,13.006990432739258,13.011238098144531,12.524091720581055,12.660303115844727
/data/public/EchoSet/test/zsNo4HB9uLZ/0_11_familyroom_lounge/5105_4507/mix.wav,14.662803649902344,13.395475387573242,13.799922943115234,13.450928688049316
/data/public/EchoSet/test/zsNo4HB9uLZ/0_11_familyroom_lounge/7021_6829/mix.wav,13.91861629486084,14.120736122131348,13.203027725219727,13.478135108947754
/data/public/EchoSet/test/zsNo4HB9uLZ/0_11_familyroom_lounge/2094_8463/mix.wav,16.585168838500977,16.6314640045166,16.2510929107666,16.326974868774414
/data/public/EchoSet/test/zsNo4HB9uLZ/0_11_familyroom_lounge/3575_6930/mix.wav,12.459139823913574,12.781512260437012,11.851343154907227,12.230260848999023
/data/public/EchoSet/test/zsNo4HB9uLZ/0_11_familyroom_lounge/8463_5142/mix.wav,13.902559280395508,14.140501022338867,13.609565734863281,13.860201835632324
/data/public/EchoSet/test/PuKPg4mmafe/0_4_dining_room/1580_8230/mix.wav,12.893627166748047,12.928030967712402,12.43862533569336,12.515390396118164
/data/public/EchoSet/test/PuKPg4mmafe/0_4_dining_room/6930_7127/mix.wav,12.211711883544922,12.271517753601074,11.575942993164062,11.663982391357422
/data/public/EchoSet/test/PuKPg4mmafe/0_4_dining_room/3729_2094/mix.wav,15.286993026733398,15.400876998901367,15.044532775878906,15.209966659545898
/data/public/EchoSet/test/PuKPg4mmafe/0_4_dining_room/5105_7176/mix.wav,13.376073837280273,13.5416841506958,13.03982162475586,13.239120483398438
/data/public/EchoSet/test/PuKPg4mmafe/0_4_dining_room/1580_4077/mix.wav,15.420448303222656,15.545147895812988,14.834603309631348,15.030988693237305
/data/public/EchoSet/test/PuKPg4mmafe/0_4_dining_room/5105_1580/mix.wav,5.289970874786377,5.404173374176025,3.539731502532959,3.725954532623291
/data/public/EchoSet/test/PuKPg4mmafe/0_4_dining_room/8463_672/mix.wav,18.070632934570312,18.181541442871094,17.881601333618164,18.004531860351562
/data/public/EchoSet/test/PuKPg4mmafe/0_4_dining_room/8224_1089/mix.wav,14.554159164428711,14.557538986206055,13.981268882751465,14.032028198242188
/data/public/EchoSet/test/PuKPg4mmafe/0_4_dining_room/237_2961/mix.wav,13.880563735961914,13.86478042602539,13.498270034790039,13.551958084106445
/data/public/EchoSet/test/PuKPg4mmafe/0_4_dining_room/6930_3570/mix.wav,15.716078758239746,15.967653274536133,15.144062042236328,15.43249225616455
/data/public/EchoSet/test/PuKPg4mmafe/0_4_dining_room/1284_6930/mix.wav,13.641705513000488,13.62816333770752,12.400946617126465,12.472718238830566
/data/public/EchoSet/test/PuKPg4mmafe/0_4_dining_room/4507_237/mix.wav,11.78790283203125,12.059101104736328,11.288050651550293,11.679793357849121
/data/public/EchoSet/test/PuKPg4mmafe/0_4_dining_room/2094_5639/mix.wav,19.842979431152344,19.90058135986328,19.67160415649414,19.746322631835938
/data/public/EchoSet/test/PuKPg4mmafe/0_4_dining_room/1284_260/mix.wav,13.104242324829102,13.588927268981934,12.693340301513672,13.220048904418945
/data/public/EchoSet/test/PuKPg4mmafe/0_4_dining_room/2300_4970/mix.wav,14.627405166625977,14.786870002746582,14.358587265014648,14.551135063171387
/data/public/EchoSet/test/PuKPg4mmafe/0_4_dining_room/3570_908/mix.wav,13.09999942779541,13.329273223876953,12.57125473022461,12.864943504333496
/data/public/EchoSet/test/PuKPg4mmafe/0_4_dining_room/672_4970/mix.wav,17.18614959716797,17.22216796875,16.717514038085938,16.77471923828125
/data/public/EchoSet/test/PuKPg4mmafe/0_4_dining_room/5683_7729/mix.wav,16.344614028930664,16.49139404296875,16.00897216796875,16.178552627563477
/data/public/EchoSet/test/PuKPg4mmafe/0_4_dining_room/1221_8455/mix.wav,10.09764289855957,10.605624198913574,9.297301292419434,9.919023513793945
/data/public/EchoSet/test/PuKPg4mmafe/0_4_dining_room/7729_8463/mix.wav,12.448969841003418,12.652974128723145,12.103252410888672,12.355572700500488
/data/public/EchoSet/test/PuKPg4mmafe/0_4_dining_room/4970_260/mix.wav,16.383056640625,16.469552993774414,16.178171157836914,16.2852840423584
/data/public/EchoSet/test/PuKPg4mmafe/0_4_dining_room/8230_5142/mix.wav,16.04252815246582,16.0585880279541,15.652450561523438,15.727635383605957
/data/public/EchoSet/test/PuKPg4mmafe/0_4_dining_room/1320_7127/mix.wav,10.890280723571777,10.91465950012207,10.295177459716797,10.42754077911377
/data/public/EchoSet/test/PuKPg4mmafe/0_4_dining_room/2300_3575/mix.wav,14.744207382202148,14.856865882873535,14.276954650878906,14.422782897949219
/data/public/EchoSet/test/PuKPg4mmafe/0_4_dining_room/8463_7729/mix.wav,13.902885437011719,13.820778846740723,13.585412979125977,13.565756797790527
/data/public/EchoSet/test/PuKPg4mmafe/0_4_dining_room/1580_260/mix.wav,16.38701057434082,16.39542007446289,15.951513290405273,16.03404998779297
/data/public/EchoSet/test/PuKPg4mmafe/0_4_dining_room/5683_8555/mix.wav,11.557893753051758,11.757715225219727,10.390710830688477,10.658781051635742
/data/public/EchoSet/test/PuKPg4mmafe/0_4_dining_room/8455_6829/mix.wav,13.799097061157227,13.830162048339844,13.407657623291016,13.465814590454102
/data/public/EchoSet/test/PuKPg4mmafe/0_4_dining_room/7176_3575/mix.wav,11.109344482421875,11.527403831481934,10.666744232177734,11.170035362243652
/data/public/EchoSet/test/PuKPg4mmafe/0_4_dining_room/6829_2094/mix.wav,15.985150337219238,16.12799835205078,15.668055534362793,15.844156265258789
/data/public/EchoSet/test/PuKPg4mmafe/0_4_dining_room/4077_2094/mix.wav,14.915069580078125,14.874741554260254,13.341919898986816,13.358577728271484
/data/public/EchoSet/test/PuKPg4mmafe/0_4_dining_room/3570_4507/mix.wav,13.828728675842285,13.954707145690918,13.25518798828125,13.490217208862305
/data/public/EchoSet/test/PuKPg4mmafe/0_4_dining_room/2830_8230/mix.wav,13.516773223876953,13.509805679321289,12.74577522277832,12.807713508605957
/data/public/EchoSet/test/PuKPg4mmafe/0_4_dining_room/260_6829/mix.wav,13.73265266418457,13.96022891998291,13.483376502990723,13.736305236816406
/data/public/EchoSet/test/PuKPg4mmafe/0_4_dining_room/5683_2300/mix.wav,15.141128540039062,15.210359573364258,14.306346893310547,14.404315948486328
/data/public/EchoSet/test/PuKPg4mmafe/0_4_dining_room/1320_4507/mix.wav,14.382817268371582,14.547174453735352,14.078897476196289,14.272961616516113
/data/public/EchoSet/test/PuKPg4mmafe/0_4_dining_room/2300_5142/mix.wav,15.903688430786133,15.908549308776855,14.99795913696289,15.037931442260742
/data/public/EchoSet/test/PuKPg4mmafe/0_4_dining_room/4077_3575/mix.wav,12.52345085144043,12.828692436218262,12.091245651245117,12.467894554138184
/data/public/EchoSet/test/PuKPg4mmafe/0_4_dining_room/7021_4446/mix.wav,13.229336738586426,13.052850723266602,12.574605941772461,12.518022537231445
/data/public/EchoSet/test/PuKPg4mmafe/0_4_dining_room/7021_1995/mix.wav,13.889853477478027,13.818584442138672,13.552587509155273,13.613024711608887
/data/public/EchoSet/test/PuKPg4mmafe/0_4_dining_room/8455_3570/mix.wav,12.136219024658203,12.50037956237793,11.77530288696289,12.194814682006836
/data/public/EchoSet/test/PuKPg4mmafe/0_4_dining_room/3729_5639/mix.wav,16.273218154907227,16.431961059570312,15.981066703796387,16.185317993164062
/data/public/EchoSet/test/PuKPg4mmafe/0_4_dining_room/8230_2094/mix.wav,11.962350845336914,12.486212730407715,11.72553825378418,12.269969940185547
/data/public/EchoSet/test/PuKPg4mmafe/0_4_dining_room/237_4446/mix.wav,13.52994441986084,13.485330581665039,12.844908714294434,12.8583345413208
/data/public/EchoSet/test/PuKPg4mmafe/0_4_dining_room/2961_5142/mix.wav,15.303382873535156,15.275491714477539,15.038368225097656,15.058449745178223
/data/public/EchoSet/test/PuKPg4mmafe/0_4_dining_room/4507_5142/mix.wav,17.48720932006836,17.421178817749023,16.828853607177734,16.825565338134766
/data/public/EchoSet/test/PuKPg4mmafe/0_4_dining_room/61_1221/mix.wav,12.71494197845459,12.702308654785156,12.204170227050781,12.253652572631836
/data/public/EchoSet/test/PuKPg4mmafe/0_4_dining_room/7021_6829/mix.wav,15.75975513458252,15.814434051513672,15.252364158630371,15.37718677520752
/data/public/EchoSet/test/PuKPg4mmafe/0_4_dining_room/5683_61/mix.wav,14.093599319458008,14.35009765625,13.454422950744629,13.789970397949219
/data/public/EchoSet/test/PuKPg4mmafe/0_4_dining_room/7729_237/mix.wav,13.972606658935547,14.027311325073242,13.439401626586914,13.536643028259277
/data/public/EchoSet/test/PuKPg4mmafe/0_4_dining_room/672_8555/mix.wav,15.197628021240234,15.176965713500977,14.727001190185547,14.790316581726074
/data/public/EchoSet/test/PuKPg4mmafe/0_4_dining_room/7176_1284/mix.wav,12.496710777282715,12.621328353881836,11.97964859008789,12.172271728515625
/data/public/EchoSet/test/PuKPg4mmafe/0_4_dining_room/8555_1284/mix.wav,16.275634765625,16.039350509643555,15.735774040222168,15.57111930847168
/data/public/EchoSet/test/PuKPg4mmafe/0_4_dining_room/6930_2830/mix.wav,12.04630184173584,12.12612533569336,10.407957077026367,10.58517074584961
/data/public/EchoSet/test/PuKPg4mmafe/0_4_dining_room/5105_121/mix.wav,13.273589134216309,13.213333129882812,12.981027603149414,12.976556777954102
/data/public/EchoSet/test/PuKPg4mmafe/0_4_dining_room/121_1320/mix.wav,16.81521987915039,16.707063674926758,16.48316192626953,16.47808074951172
/data/public/EchoSet/test/PuKPg4mmafe/0_4_dining_room/3570_2830/mix.wav,14.195779800415039,14.294519424438477,9.53818130493164,10.330578804016113
/data/public/EchoSet/test/PuKPg4mmafe/0_4_dining_room/2830_260/mix.wav,13.138708114624023,13.25760269165039,12.767065048217773,12.934693336486816
/data/public/EchoSet/test/PuKPg4mmafe/0_4_dining_room/908_4077/mix.wav,14.199137687683105,14.226263999938965,13.850860595703125,13.90717601776123
/data/public/EchoSet/test/PuKPg4mmafe/0_4_dining_room/6829_121/mix.wav,14.655895233154297,14.650769233703613,14.396343231201172,14.438302993774414
/data/public/EchoSet/test/PuKPg4mmafe/0_4_dining_room/1089_4446/mix.wav,12.936249732971191,13.20188045501709,12.72981071472168,13.06921100616455
/data/public/EchoSet/test/PuKPg4mmafe/0_4_dining_room/1089_6829/mix.wav,14.130228042602539,14.113595962524414,13.63774299621582,13.739562034606934
/data/public/EchoSet/test/PuKPg4mmafe/0_4_dining_room/3729_8555/mix.wav,10.957447052001953,10.789565086364746,10.429140090942383,10.472428321838379
/data/public/EchoSet/test/PuKPg4mmafe/0_4_dining_room/1221_7729/mix.wav,12.062753677368164,12.1990327835083,11.560834884643555,11.77702808380127
/data/public/EchoSet/test/PuKPg4mmafe/0_4_dining_room/8463_8224/mix.wav,14.729293823242188,14.751937866210938,14.312257766723633,14.400650024414062
/data/public/EchoSet/test/PuKPg4mmafe/0_4_dining_room/8463_5683/mix.wav,11.251514434814453,11.337442398071289,8.03683853149414,8.165949821472168
/data/public/EchoSet/test/PuKPg4mmafe/0_4_dining_room/3570_8455/mix.wav,12.72468090057373,12.767851829528809,12.416709899902344,12.526606559753418
/data/public/EchoSet/test/PuKPg4mmafe/0_4_dining_room/2300_2830/mix.wav,12.604808807373047,12.658613204956055,11.551050186157227,11.616782188415527
/data/public/EchoSet/test/PuKPg4mmafe/0_4_dining_room/7127_908/mix.wav,13.429065704345703,13.176919937133789,12.528482437133789,12.42333698272705
/data/public/EchoSet/test/PuKPg4mmafe/0_4_dining_room/6829_1995/mix.wav,13.819751739501953,13.589550018310547,13.551288604736328,13.431535720825195
/data/public/EchoSet/test/PuKPg4mmafe/0_4_dining_room/2300_5683/mix.wav,14.672971725463867,14.787842750549316,14.002707481384277,14.165475845336914
/data/public/EchoSet/test/PuKPg4mmafe/0_4_dining_room/8555_4446/mix.wav,12.963418960571289,13.183977127075195,12.117635726928711,12.408794403076172
/data/public/EchoSet/test/PuKPg4mmafe/0_4_dining_room/8224_7127/mix.wav,11.798290252685547,11.891239166259766,11.384116172790527,11.543597221374512
/data/public/EchoSet/test/PuKPg4mmafe/0_4_dining_room/8230_6829/mix.wav,11.081628799438477,11.489130020141602,10.761615753173828,11.200907707214355
/data/public/EchoSet/test/PuKPg4mmafe/0_4_dining_room/8230_1188/mix.wav,12.088621139526367,12.070173263549805,11.379011154174805,11.445239067077637
/data/public/EchoSet/test/PuKPg4mmafe/0_4_dining_room/1188_4992/mix.wav,11.877165794372559,12.308794975280762,10.461089134216309,10.962150573730469
/data/public/EchoSet/test/PuKPg4mmafe/0_4_dining_room/3729_4992/mix.wav,12.097222328186035,12.007063865661621,11.770333290100098,11.758822441101074
/data/public/EchoSet/test/PuKPg4mmafe/0_4_dining_room/121_1284/mix.wav,13.396684646606445,13.347389221191406,12.607491493225098,12.648393630981445
/data/public/EchoSet/test/PuKPg4mmafe/0_4_dining_room/237_8463/mix.wav,12.563283920288086,12.494232177734375,12.087140083312988,12.086339950561523
/data/public/EchoSet/test/PuKPg4mmafe/0_4_dining_room/1995_1089/mix.wav,13.370940208435059,13.674500465393066,13.083915710449219,13.445487022399902
/data/public/EchoSet/test/PuKPg4mmafe/0_4_dining_room/4992_5105/mix.wav,11.983439445495605,12.578790664672852,11.54551887512207,12.162882804870605
/data/public/EchoSet/test/PuKPg4mmafe/0_4_dining_room/1188_2830/mix.wav,12.075770378112793,12.093184471130371,11.455991744995117,11.581879615783691
/data/public/EchoSet/test/PuKPg4mmafe/0_4_dining_room/1995_8455/mix.wav,14.430368423461914,14.574115753173828,14.100003242492676,14.297313690185547
/data/public/EchoSet/test/PuKPg4mmafe/0_4_dining_room/4992_61/mix.wav,12.919689178466797,12.90155029296875,12.444211959838867,12.49016284942627
/data/public/EchoSet/test/PuKPg4mmafe/0_4_dining_room/4507_5105/mix.wav,14.140169143676758,14.224878311157227,13.684028625488281,13.839447021484375
/data/public/EchoSet/test/PuKPg4mmafe/0_4_dining_room/4077_6930/mix.wav,8.969154357910156,9.274173736572266,8.13564395904541,8.492239952087402
/data/public/EchoSet/test/PuKPg4mmafe/0_4_dining_room/5639_4992/mix.wav,10.976360321044922,10.88517951965332,10.211592674255371,10.235917091369629
/data/public/EchoSet/test/PuKPg4mmafe/0_4_dining_room/8555_121/mix.wav,14.192497253417969,14.165266036987305,13.690803527832031,13.74326229095459
/data/public/EchoSet/test/PuKPg4mmafe/0_4_dining_room/1580_1188/mix.wav,15.219510078430176,15.45887565612793,14.933382034301758,15.203394889831543
/data/public/EchoSet/test/PuKPg4mmafe/0_4_dining_room/5105_1221/mix.wav,13.812162399291992,13.75379753112793,13.084534645080566,13.09033489227295
/data/public/EchoSet/test/PuKPg4mmafe/0_4_dining_room/908_2830/mix.wav,14.05891227722168,13.56897258758545,13.614946365356445,13.44332218170166
/data/public/EchoSet/test/PuKPg4mmafe/0_4_dining_room/5683_672/mix.wav,14.601760864257812,14.602945327758789,13.231182098388672,13.386880874633789
/data/public/EchoSet/test/PuKPg4mmafe/0_4_dining_room/1089_7729/mix.wav,10.748071670532227,11.341451644897461,10.51511287689209,11.158784866333008
/data/public/EchoSet/test/PuKPg4mmafe/0_4_dining_room/4970_2094/mix.wav,3.3008861541748047,3.5207293033599854,2.2334470748901367,2.513164758682251
/data/public/EchoSet/test/PuKPg4mmafe/0_4_dining_room/8224_7176/mix.wav,8.499049186706543,8.760571479797363,7.877897262573242,8.269225120544434
/data/public/EchoSet/test/PuKPg4mmafe/0_4_dining_room/8463_61/mix.wav,16.654111862182617,16.711977005004883,15.769983291625977,15.841249465942383
/data/public/EchoSet/test/PuKPg4mmafe/0_4_dining_room/1221_1995/mix.wav,14.794517517089844,14.968198776245117,14.449467658996582,14.669334411621094
/data/public/EchoSet/test/PuKPg4mmafe/0_4_dining_room/1284_8555/mix.wav,14.2225980758667,14.448591232299805,13.794523239135742,14.054583549499512
/data/public/EchoSet/test/PuKPg4mmafe/0_4_dining_room/1089_1284/mix.wav,15.71517562866211,15.887250900268555,14.898653030395508,15.088318824768066
/data/public/EchoSet/test/PuKPg4mmafe/0_4_dining_room/3729_260/mix.wav,10.796197891235352,11.362607955932617,10.398058891296387,11.060529708862305
/data/public/EchoSet/test/PuKPg4mmafe/0_4_dining_room/1188_672/mix.wav,16.385480880737305,16.39084815979004,15.785484313964844,15.839872360229492
/data/public/EchoSet/test/PuKPg4mmafe/0_4_dining_room/1320_1221/mix.wav,15.803069114685059,15.659014701843262,15.472643852233887,15.451895713806152
/data/public/EchoSet/test/PuKPg4mmafe/0_4_dining_room/3575_2300/mix.wav,12.63941478729248,12.694194793701172,12.085405349731445,12.207097053527832
/data/public/EchoSet/test/PuKPg4mmafe/0_4_dining_room/5683_121/mix.wav,17.487518310546875,17.620939254760742,17.022106170654297,17.16783332824707
/data/public/EchoSet/test/PuKPg4mmafe/0_4_dining_room/908_4446/mix.wav,13.761541366577148,13.967340469360352,13.521319389343262,13.782991409301758
/data/public/EchoSet/test/PuKPg4mmafe/0_4_dining_room/8455_7021/mix.wav,13.521829605102539,13.597797393798828,13.22085189819336,13.328536987304688
/data/public/EchoSet/test/PuKPg4mmafe/0_4_dining_room/7176_4992/mix.wav,13.107540130615234,13.120232582092285,12.835307121276855,12.923185348510742
/data/public/EchoSet/test/PuKPg4mmafe/0_4_dining_room/2961_237/mix.wav,12.704258918762207,12.867202758789062,12.316559791564941,12.516304016113281
/data/public/EchoSet/test/PuKPg4mmafe/0_4_dining_room/4970_1221/mix.wav,12.8597412109375,13.23897933959961,12.652959823608398,13.07322883605957
/data/public/EchoSet/test/PuKPg4mmafe/0_4_dining_room/3729_1188/mix.wav,15.447479248046875,15.684795379638672,15.214967727661133,15.478655815124512
/data/public/EchoSet/test/PuKPg4mmafe/0_4_dining_room/2961_1320/mix.wav,12.617432594299316,12.929431915283203,12.145160675048828,12.55140209197998
/data/public/EchoSet/test/PuKPg4mmafe/0_4_dining_room/1188_1995/mix.wav,15.709714889526367,15.953927993774414,15.442998886108398,15.710589408874512
/data/public/EchoSet/test/PuKPg4mmafe/0_4_dining_room/4507_1320/mix.wav,13.759116172790527,13.886906623840332,13.478401184082031,13.712821006774902
/data/public/EchoSet/test/PuKPg4mmafe/0_4_dining_room/4970_5142/mix.wav,15.385519027709961,15.54392147064209,15.152151107788086,15.326048851013184
/data/public/EchoSet/test/PuKPg4mmafe/0_4_dining_room/672_7127/mix.wav,11.386469841003418,11.847811698913574,11.12081527709961,11.61959171295166
/data/public/EchoSet/test/PuKPg4mmafe/0_4_dining_room/5105_908/mix.wav,12.263357162475586,12.421977043151855,11.744260787963867,11.964462280273438
/data/public/EchoSet/test/PuKPg4mmafe/0_4_dining_room/1320_4970/mix.wav,14.143896102905273,14.338468551635742,13.736723899841309,14.0172700881958
/data/public/EchoSet/test/PuKPg4mmafe/0_4_dining_room/260_61/mix.wav,12.841985702514648,13.178922653198242,12.545306205749512,12.903545379638672
/data/public/EchoSet/test/PuKPg4mmafe/0_4_dining_room/2961_6930/mix.wav,14.16399097442627,14.215845108032227,13.717069625854492,13.830848693847656
/data/public/EchoSet/test/PuKPg4mmafe/0_4_dining_room/3570_3575/mix.wav,15.627378463745117,15.807699203491211,15.286712646484375,15.505402565002441
/data/public/EchoSet/test/PuKPg4mmafe/0_4_dining_room/8455_5639/mix.wav,12.003239631652832,12.598085403442383,11.811244010925293,12.434052467346191
/data/public/EchoSet/test/PuKPg4mmafe/0_4_dining_room/121_7021/mix.wav,13.272446632385254,13.596963882446289,12.597925186157227,12.95849323272705
/data/public/EchoSet/test/PuKPg4mmafe/0_4_dining_room/7021_4077/mix.wav,13.606698989868164,13.78586196899414,12.957002639770508,13.163410186767578
/data/public/EchoSet/test/PuKPg4mmafe/0_4_dining_room/5639_7176/mix.wav,11.68777084350586,11.747259140014648,11.277144432067871,11.381697654724121
/data/public/EchoSet/test/PuKPg4mmafe/0_4_dining_room/5142_1284/mix.wav,12.087486267089844,12.226463317871094,10.961392402648926,11.139676094055176
/data/public/EchoSet/test/PuKPg4mmafe/0_4_dining_room/1089_8224/mix.wav,13.739557266235352,13.793270111083984,13.486532211303711,13.575965881347656
/data/public/EchoSet/test/PuKPg4mmafe/0_4_dining_room/3729_7127/mix.wav,14.369721412658691,14.4713773727417,14.030056953430176,14.171248435974121
/data/public/EchoSet/test/PuKPg4mmafe/0_4_dining_room/908_1320/mix.wav,10.158376693725586,10.599340438842773,9.750328063964844,10.301400184631348
/data/public/EchoSet/test/PuKPg4mmafe/0_4_dining_room/1580_5105/mix.wav,11.227249145507812,11.65695858001709,10.747132301330566,11.240960121154785
/data/public/EchoSet/test/PuKPg4mmafe/0_4_dining_room/5639_1580/mix.wav,13.6146240234375,13.857954025268555,13.336660385131836,13.607856750488281
/data/public/EchoSet/test/PuKPg4mmafe/0_4_dining_room/8230_61/mix.wav,9.891931533813477,9.9617919921875,9.375466346740723,9.50706958770752
/data/public/EchoSet/test/PuKPg4mmafe/0_4_dining_room/1995_3575/mix.wav,14.826911926269531,14.850994110107422,14.410745620727539,14.473905563354492
/data/public/EchoSet/test/PuKPg4mmafe/0_4_dining_room/4507_61/mix.wav,11.270211219787598,11.940621376037598,11.05709171295166,11.797245025634766
/data/public/EchoSet/test/PuKPg4mmafe/0_4_dining_room/2961_4446/mix.wav,13.65768814086914,13.665987014770508,13.328619956970215,13.391219139099121
/data/public/EchoSet/test/PuKPg4mmafe/0_4_dining_room/7021_8230/mix.wav,13.325732231140137,13.266610145568848,12.99081039428711,12.98481273651123
/data/public/EchoSet/test/PuKPg4mmafe/0_4_dining_room/61_7176/mix.wav,10.818172454833984,10.877153396606445,10.140344619750977,10.222283363342285
/data/public/EchoSet/test/PuKPg4mmafe/0_4_dining_room/4507_4446/mix.wav,12.360124588012695,12.148563385009766,11.703542709350586,11.653448104858398
/data/public/EchoSet/test/PuKPg4mmafe/0_0_lounge/5105_2094/mix.wav,11.617254257202148,11.947221755981445,8.955465316772461,9.345914840698242
/data/public/EchoSet/test/PuKPg4mmafe/0_0_lounge/3570_4970/mix.wav,16.469196319580078,16.51059341430664,15.770715713500977,15.867216110229492
/data/public/EchoSet/test/PuKPg4mmafe/0_0_lounge/4077_4992/mix.wav,11.186832427978516,11.521133422851562,10.831314086914062,11.327987670898438
/data/public/EchoSet/test/PuKPg4mmafe/0_0_lounge/1580_5683/mix.wav,17.546688079833984,17.664989471435547,17.366817474365234,17.5035400390625
/data/public/EchoSet/test/PuKPg4mmafe/0_0_lounge/1089_672/mix.wav,17.373760223388672,17.37735939025879,16.954078674316406,16.99250030517578
/data/public/EchoSet/test/PuKPg4mmafe/0_0_lounge/8224_672/mix.wav,11.47042465209961,11.234060287475586,11.237866401672363,11.06513786315918
/data/public/EchoSet/test/PuKPg4mmafe/0_0_lounge/5105_7729/mix.wav,14.269567489624023,14.353397369384766,13.468692779541016,13.587892532348633
/data/public/EchoSet/test/PuKPg4mmafe/0_0_lounge/260_121/mix.wav,13.760194778442383,13.79136848449707,13.24272346496582,13.374614715576172
/data/public/EchoSet/test/PuKPg4mmafe/0_0_lounge/7127_8455/mix.wav,13.217315673828125,13.220175743103027,12.615790367126465,12.662233352661133
/data/public/EchoSet/test/PuKPg4mmafe/0_0_lounge/4970_8230/mix.wav,14.88038444519043,14.926048278808594,14.644420623779297,14.731280326843262
/data/public/EchoSet/test/PuKPg4mmafe/0_0_lounge/260_8455/mix.wav,12.017847061157227,12.14910888671875,11.540732383728027,11.763742446899414
/data/public/EchoSet/test/PuKPg4mmafe/0_0_lounge/8555_4507/mix.wav,17.690887451171875,17.74447250366211,17.489009857177734,17.5750675201416
/data/public/EchoSet/test/PuKPg4mmafe/0_0_lounge/7176_4507/mix.wav,13.937254905700684,14.088406562805176,13.665011405944824,13.861576080322266
/data/public/EchoSet/test/PuKPg4mmafe/0_0_lounge/3570_3575/mix.wav,12.829994201660156,12.849289894104004,12.518451690673828,12.585824012756348
/data/public/EchoSet/test/PuKPg4mmafe/0_0_lounge/1320_4970/mix.wav,15.16944694519043,15.126913070678711,14.677345275878906,14.764791488647461
/data/public/EchoSet/test/PuKPg4mmafe/0_0_lounge/8463_7127/mix.wav,12.113475799560547,12.295862197875977,11.741034507751465,11.992591857910156
/data/public/EchoSet/test/PuKPg4mmafe/0_0_lounge/3570_1284/mix.wav,14.87358283996582,15.052888870239258,14.605290412902832,14.844830513000488
/data/public/EchoSet/test/PuKPg4mmafe/0_0_lounge/7729_6829/mix.wav,15.0008544921875,15.072742462158203,14.737558364868164,14.848112106323242
/data/public/EchoSet/test/PuKPg4mmafe/0_0_lounge/61_3575/mix.wav,14.693563461303711,14.777499198913574,14.319389343261719,14.425610542297363
/data/public/EchoSet/test/PuKPg4mmafe/0_0_lounge/1995_121/mix.wav,13.816694259643555,14.195152282714844,13.412124633789062,13.831013679504395
/data/public/EchoSet/test/PuKPg4mmafe/0_0_lounge/3729_4446/mix.wav,13.49130630493164,13.458112716674805,13.071466445922852,13.146659851074219
/data/public/EchoSet/test/PuKPg4mmafe/0_0_lounge/5639_61/mix.wav,12.183723449707031,12.380081176757812,11.75187873840332,12.027339935302734
/data/public/EchoSet/test/PuKPg4mmafe/0_0_lounge/8455_8224/mix.wav,13.407089233398438,13.618035316467285,13.120270729064941,13.384515762329102
/data/public/EchoSet/test/PuKPg4mmafe/0_0_lounge/4992_1320/mix.wav,14.904919624328613,15.113941192626953,14.597335815429688,14.868491172790527
/data/public/EchoSet/test/PuKPg4mmafe/0_0_lounge/1284_2094/mix.wav,16.59129524230957,16.436479568481445,15.097734451293945,15.100802421569824
/data/public/EchoSet/test/PuKPg4mmafe/0_0_lounge/7729_1188/mix.wav,15.665321350097656,15.817623138427734,15.371867179870605,15.559080123901367
/data/public/EchoSet/test/PuKPg4mmafe/0_0_lounge/7176_5105/mix.wav,12.423627853393555,12.781644821166992,12.19848918914795,12.673004150390625
/data/public/EchoSet/test/PuKPg4mmafe/0_0_lounge/8555_5105/mix.wav,18.655872344970703,18.7088623046875,18.044645309448242,18.13077735900879
/data/public/EchoSet/test/PuKPg4mmafe/0_0_lounge/1089_1221/mix.wav,10.591017723083496,10.908620834350586,9.90005111694336,10.314375877380371
/data/public/EchoSet/test/PuKPg4mmafe/0_0_lounge/8463_1320/mix.wav,16.027782440185547,16.10555648803711,15.644280433654785,15.764732360839844
/data/public/EchoSet/test/PuKPg4mmafe/0_0_lounge/61_672/mix.wav,10.35291576385498,10.571436882019043,8.937776565551758,9.216318130493164
/data/public/EchoSet/test/PuKPg4mmafe/0_0_lounge/237_1221/mix.wav,14.1590576171875,14.25786018371582,13.555841445922852,13.774479866027832
/data/public/EchoSet/test/PuKPg4mmafe/0_0_lounge/1284_8463/mix.wav,17.11155128479004,17.03484344482422,16.64687728881836,16.589385986328125
/data/public/EchoSet/test/PuKPg4mmafe/0_0_lounge/5683_4446/mix.wav,11.23013687133789,11.52428913116455,10.456607818603516,10.8975191116333
/data/public/EchoSet/test/PuKPg4mmafe/0_0_lounge/5683_1995/mix.wav,16.713775634765625,16.699417114257812,16.08763885498047,16.12298011779785
/data/public/EchoSet/test/PuKPg4mmafe/0_0_lounge/4077_2961/mix.wav,15.818353652954102,15.194342613220215,15.014554977416992,14.930904388427734
/data/public/EchoSet/test/PuKPg4mmafe/0_0_lounge/8463_1580/mix.wav,12.00940990447998,12.142072677612305,11.459779739379883,11.655820846557617
/data/public/EchoSet/test/PuKPg4mmafe/0_0_lounge/7021_5142/mix.wav,13.918367385864258,13.889671325683594,13.359049797058105,13.413134574890137
/data/public/EchoSet/test/PuKPg4mmafe/0_0_lounge/7021_237/mix.wav,13.35051441192627,13.481767654418945,12.152067184448242,12.371726989746094
/data/public/EchoSet/test/PuKPg4mmafe/0_0_lounge/5639_6829/mix.wav,13.087496757507324,13.225793838500977,12.699334144592285,12.873523712158203
/data/public/EchoSet/test/PuKPg4mmafe/0_0_lounge/3575_1089/mix.wav,12.991453170776367,13.041461944580078,12.435870170593262,12.57337474822998
/data/public/EchoSet/test/PuKPg4mmafe/0_0_lounge/1188_260/mix.wav,13.159817695617676,13.306051254272461,12.851943969726562,13.035740852355957
/data/public/EchoSet/test/PuKPg4mmafe/0_0_lounge/121_1221/mix.wav,11.605005264282227,12.155641555786133,11.31152629852295,11.938196182250977
/data/public/EchoSet/test/PuKPg4mmafe/0_0_lounge/6829_5683/mix.wav,15.291500091552734,15.461172103881836,14.712224006652832,14.915943145751953
/data/public/EchoSet/test/PuKPg4mmafe/0_0_lounge/4446_1320/mix.wav,14.00771713256836,13.92195987701416,13.280223846435547,13.310124397277832
/data/public/EchoSet/test/PuKPg4mmafe/0_0_lounge/4507_1995/mix.wav,12.45684814453125,13.070518493652344,12.306596755981445,12.944917678833008
/data/public/EchoSet/test/PuKPg4mmafe/0_0_lounge/121_2300/mix.wav,15.712587356567383,15.74924087524414,15.500594139099121,15.5713529586792
/data/public/EchoSet/test/PuKPg4mmafe/0_0_lounge/672_1995/mix.wav,13.639738082885742,13.853833198547363,13.310184478759766,13.56646728515625
/data/public/EchoSet/test/PuKPg4mmafe/0_0_lounge/672_4446/mix.wav,11.636279106140137,11.80865478515625,10.956159591674805,11.183045387268066
/data/public/EchoSet/test/PuKPg4mmafe/0_0_lounge/1320_8463/mix.wav,14.581597328186035,14.55461311340332,14.045923233032227,14.124488830566406
/data/public/EchoSet/test/PuKPg4mmafe/0_0_lounge/2830_1580/mix.wav,15.321773529052734,15.34251880645752,14.847196578979492,14.925902366638184
/data/public/EchoSet/test/PuKPg4mmafe/0_0_lounge/260_3729/mix.wav,10.937898635864258,10.774515151977539,10.469644546508789,10.422586441040039
/data/public/EchoSet/test/PuKPg4mmafe/0_0_lounge/2961_7176/mix.wav,12.528565406799316,12.626688957214355,12.088554382324219,12.286659240722656
/data/public/EchoSet/test/PuKPg4mmafe/0_0_lounge/2300_6829/mix.wav,15.326606750488281,15.454750061035156,15.084988594055176,15.248091697692871
/data/public/EchoSet/test/PuKPg4mmafe/0_0_lounge/7021_3729/mix.wav,17.820568084716797,17.884674072265625,17.571170806884766,17.669992446899414
/data/public/EchoSet/test/PuKPg4mmafe/0_0_lounge/5639_7176/mix.wav,13.129104614257812,13.350288391113281,12.865381240844727,13.131852149963379
/data/public/EchoSet/test/PuKPg4mmafe/0_0_lounge/7127_2300/mix.wav,14.041810989379883,14.1090669631958,13.520051956176758,13.624679565429688
/data/public/EchoSet/test/PuKPg4mmafe/0_0_lounge/8463_3570/mix.wav,13.649114608764648,13.679644584655762,13.179317474365234,13.345458030700684
/data/public/EchoSet/test/PuKPg4mmafe/0_0_lounge/7176_2961/mix.wav,13.064996719360352,13.040536880493164,12.557350158691406,12.627158164978027
/data/public/EchoSet/test/PuKPg4mmafe/0_0_lounge/8455_8230/mix.wav,12.263751983642578,12.109790802001953,11.649227142333984,11.627959251403809
/data/public/EchoSet/test/PuKPg4mmafe/0_0_lounge/6930_3575/mix.wav,13.687058448791504,13.711414337158203,11.732996940612793,11.784849166870117
/data/public/EchoSet/test/PuKPg4mmafe/0_0_lounge/908_1320/mix.wav,11.062681198120117,11.562362670898438,10.570446014404297,11.131694793701172
/data/public/EchoSet/test/PuKPg4mmafe/0_0_lounge/4077_2830/mix.wav,11.607108116149902,7.346400737762451,6.692477226257324,3.689906358718872
/data/public/EchoSet/test/PuKPg4mmafe/0_0_lounge/2830_1995/mix.wav,16.736988067626953,16.66612434387207,16.385353088378906,16.385021209716797
/data/public/EchoSet/test/PuKPg4mmafe/0_0_lounge/2094_4507/mix.wav,16.213682174682617,16.418296813964844,16.005645751953125,16.263113021850586
/data/public/EchoSet/test/PuKPg4mmafe/0_0_lounge/260_1221/mix.wav,14.706216812133789,14.737321853637695,14.306341171264648,14.394563674926758
/data/public/EchoSet/test/PuKPg4mmafe/0_0_lounge/7127_3729/mix.wav,12.40699577331543,12.399746894836426,11.930030822753906,12.275503158569336
/data/public/EchoSet/test/PuKPg4mmafe/0_0_lounge/5142_2300/mix.wav,14.93191146850586,15.082714080810547,14.433229446411133,14.641611099243164
/data/public/EchoSet/test/PuKPg4mmafe/0_0_lounge/2961_2830/mix.wav,16.989646911621094,17.032136917114258,16.557567596435547,16.645673751831055
/data/public/EchoSet/test/PuKPg4mmafe/0_0_lounge/4446_5105/mix.wav,13.568255424499512,13.949100494384766,13.45741081237793,13.854009628295898
/data/public/EchoSet/test/PuKPg4mmafe/0_0_lounge/1995_1221/mix.wav,14.207818984985352,14.37607479095459,13.86346435546875,14.076603889465332
/data/public/EchoSet/test/PuKPg4mmafe/0_0_lounge/672_2830/mix.wav,12.334214210510254,12.819259643554688,11.904998779296875,12.403204917907715
/data/public/EchoSet/test/PuKPg4mmafe/0_0_lounge/8224_7127/mix.wav,13.057228088378906,13.216455459594727,12.660505294799805,12.87846565246582
/data/public/EchoSet/test/PuKPg4mmafe/0_0_lounge/61_8224/mix.wav,10.712841987609863,11.20276165008545,8.02210807800293,8.545926094055176
/data/public/EchoSet/test/PuKPg4mmafe/0_0_lounge/7021_7729/mix.wav,12.174941062927246,12.37092113494873,11.936304092407227,12.199247360229492
/data/public/EchoSet/test/PuKPg4mmafe/0_0_lounge/6930_5142/mix.wav,14.181367874145508,14.188288688659668,13.098550796508789,13.159014701843262
/data/public/EchoSet/test/PuKPg4mmafe/0_0_lounge/121_672/mix.wav,14.057544708251953,14.206537246704102,13.461677551269531,13.661665916442871
/data/public/EchoSet/test/PuKPg4mmafe/0_0_lounge/237_3575/mix.wav,10.865339279174805,11.58727741241455,10.604604721069336,11.384757995605469
/data/public/EchoSet/test/PuKPg4mmafe/0_0_lounge/2300_237/mix.wav,15.080865859985352,15.027044296264648,14.664814949035645,14.654963493347168
/data/public/EchoSet/test/PuKPg4mmafe/0_0_lounge/1995_4077/mix.wav,15.951078414916992,16.048526763916016,15.702411651611328,15.82851505279541
/data/public/EchoSet/test/PuKPg4mmafe/0_0_lounge/8555_6829/mix.wav,16.558130264282227,16.59992790222168,16.0653076171875,16.16244125366211
/data/public/EchoSet/test/PuKPg4mmafe/0_0_lounge/2830_2961/mix.wav,11.793570518493652,12.136543273925781,10.88792610168457,11.337321281433105
/data/public/EchoSet/test/PuKPg4mmafe/0_0_lounge/1995_3729/mix.wav,14.31226921081543,14.670333862304688,14.17518424987793,14.575699806213379
/data/public/EchoSet/test/PuKPg4mmafe/0_0_lounge/4077_7176/mix.wav,11.259971618652344,11.496920585632324,10.558775901794434,10.868884086608887
/data/public/EchoSet/test/PuKPg4mmafe/0_0_lounge/8230_4446/mix.wav,14.301239013671875,14.301534652709961,14.00497817993164,14.113348960876465
/data/public/EchoSet/test/PuKPg4mmafe/0_0_lounge/1188_4992/mix.wav,15.480862617492676,15.491461753845215,15.1055908203125,15.19521427154541
/data/public/EchoSet/test/PuKPg4mmafe/0_0_lounge/4077_3570/mix.wav,14.156774520874023,14.156757354736328,13.622236251831055,13.65803050994873
/data/public/EchoSet/test/PuKPg4mmafe/0_0_lounge/6930_4077/mix.wav,8.444963455200195,9.141690254211426,7.717639923095703,8.512751579284668
/data/public/EchoSet/test/PuKPg4mmafe/0_0_lounge/1284_8455/mix.wav,14.108637809753418,14.037957191467285,13.291847229003906,13.324311256408691
/data/public/EchoSet/test/PuKPg4mmafe/0_0_lounge/4077_1188/mix.wav,17.150390625,17.20318603515625,16.951303482055664,17.021560668945312
/data/public/EchoSet/test/PuKPg4mmafe/0_0_lounge/2300_908/mix.wav,14.995972633361816,15.140318870544434,14.520442962646484,14.747036933898926
/data/public/EchoSet/test/PuKPg4mmafe/0_0_lounge/3729_4507/mix.wav,17.154705047607422,17.2728271484375,16.689361572265625,16.84649658203125
/data/public/EchoSet/test/PuKPg4mmafe/0_0_lounge/6930_8555/mix.wav,15.073418617248535,15.13571548461914,14.518940925598145,14.641385078430176
/data/public/EchoSet/test/PuKPg4mmafe/0_0_lounge/5105_5639/mix.wav,12.674145698547363,12.622795104980469,12.185392379760742,12.392044067382812
/data/public/EchoSet/test/PuKPg4mmafe/0_0_lounge/4446_4507/mix.wav,16.724145889282227,16.97734832763672,16.63981056213379,16.8994140625
/data/public/EchoSet/test/PuKPg4mmafe/0_0_lounge/7729_4507/mix.wav,15.431970596313477,15.454720497131348,15.143733978271484,15.207403182983398
/data/public/EchoSet/test/PuKPg4mmafe/0_0_lounge/4992_2961/mix.wav,11.416561126708984,11.573450088500977,11.025728225708008,11.228089332580566
/data/public/EchoSet/test/PuKPg4mmafe/0_0_lounge/6829_1580/mix.wav,14.63028621673584,14.740997314453125,14.151285171508789,14.294942855834961
/data/public/EchoSet/test/PuKPg4mmafe/0_0_lounge/8555_260/mix.wav,13.541486740112305,13.248373985290527,13.281230926513672,13.05186653137207
/data/public/EchoSet/test/PuKPg4mmafe/0_0_lounge/6930_1221/mix.wav,11.73403263092041,11.790194511413574,10.802861213684082,10.945615768432617
/data/public/EchoSet/test/PuKPg4mmafe/0_0_lounge/1580_6930/mix.wav,14.327496528625488,14.295154571533203,13.47873592376709,13.521194458007812
/data/public/EchoSet/test/PuKPg4mmafe/0_0_lounge/908_5105/mix.wav,9.97774887084961,9.769450187683105,7.773484230041504,7.868155002593994
/data/public/EchoSet/test/PuKPg4mmafe/0_0_lounge/7729_5683/mix.wav,14.520406723022461,14.461402893066406,13.981269836425781,13.997417449951172
/data/public/EchoSet/test/PuKPg4mmafe/0_0_lounge/8224_7176/mix.wav,12.025850296020508,12.251736640930176,11.867422103881836,12.121313095092773
/data/public/EchoSet/test/PuKPg4mmafe/0_0_lounge/1089_2094/mix.wav,13.833962440490723,14.087191581726074,12.780853271484375,13.134546279907227
/data/public/EchoSet/test/PuKPg4mmafe/0_0_lounge/3729_5683/mix.wav,14.888043403625488,14.915107727050781,14.497908592224121,14.574365615844727
/data/public/EchoSet/test/PuKPg4mmafe/0_0_lounge/672_260/mix.wav,12.771121978759766,12.72241497039795,12.04096794128418,12.147510528564453
/data/public/EchoSet/test/PuKPg4mmafe/0_0_lounge/7176_908/mix.wav,15.552872657775879,15.641359329223633,15.219196319580078,15.319990158081055
/data/public/EchoSet/test/PuKPg4mmafe/0_0_lounge/2094_7176/mix.wav,16.01703643798828,16.063417434692383,15.647462844848633,15.730029106140137
/data/public/EchoSet/test/PuKPg4mmafe/0_0_lounge/7729_2961/mix.wav,18.41181755065918,18.371322631835938,17.9913330078125,17.997827529907227
/data/public/EchoSet/test/PuKPg4mmafe/0_0_lounge/1221_1995/mix.wav,14.352617263793945,14.275617599487305,13.926901817321777,13.941601753234863
/data/public/EchoSet/test/PuKPg4mmafe/0_0_lounge/6930_1089/mix.wav,14.360040664672852,14.483835220336914,13.460216522216797,13.61213493347168
/data/public/EchoSet/test/PuKPg4mmafe/0_0_lounge/8230_237/mix.wav,11.649492263793945,12.430130004882812,11.350614547729492,12.168292045593262
/data/public/EchoSet/test/PuKPg4mmafe/0_0_lounge/5105_3729/mix.wav,12.906793594360352,13.08083724975586,12.19081974029541,12.41466236114502
/data/public/EchoSet/test/PuKPg4mmafe/0_0_lounge/5142_7021/mix.wav,14.393095970153809,14.440038681030273,13.20296859741211,13.332169532775879
/data/public/EchoSet/test/PuKPg4mmafe/0_0_lounge/8230_7127/mix.wav,12.634648323059082,12.908296585083008,12.238239288330078,12.562905311584473
/data/public/EchoSet/test/PuKPg4mmafe/0_0_lounge/5639_5105/mix.wav,14.327789306640625,14.253987312316895,13.54532241821289,13.548818588256836
/data/public/EchoSet/test/PuKPg4mmafe/0_0_lounge/6829_6930/mix.wav,13.138883590698242,13.329839706420898,12.797249794006348,13.046164512634277
/data/public/EchoSet/test/PuKPg4mmafe/0_0_lounge/5142_8455/mix.wav,15.583693504333496,15.719139099121094,15.38418960571289,15.538134574890137
/data/public/EchoSet/test/PuKPg4mmafe/0_0_lounge/7127_8463/mix.wav,11.038352966308594,11.553312301635742,10.758145332336426,11.334144592285156
/data/public/EchoSet/test/PuKPg4mmafe/0_0_lounge/61_8555/mix.wav,15.35036849975586,15.14316177368164,14.963737487792969,14.827392578125
/data/public/EchoSet/test/PuKPg4mmafe/0_0_lounge/1320_237/mix.wav,13.298870086669922,13.312749862670898,12.506254196166992,12.551342964172363
/data/public/EchoSet/test/PuKPg4mmafe/0_0_lounge/6930_908/mix.wav,13.410052299499512,13.705711364746094,12.619878768920898,12.974260330200195
/data/public/EchoSet/test/PuKPg4mmafe/0_0_lounge/5142_8224/mix.wav,11.869579315185547,12.230084419250488,10.089372634887695,10.515508651733398
/data/public/EchoSet/test/PuKPg4mmafe/0_0_lounge/1580_4446/mix.wav,16.184358596801758,16.20954704284668,15.801088333129883,15.889142036437988
/data/public/EchoSet/test/PuKPg4mmafe/0_0_lounge/2961_4992/mix.wav,11.971351623535156,12.271766662597656,11.73431396484375,12.0955810546875
/data/public/EchoSet/test/PuKPg4mmafe/0_0_lounge/1320_8230/mix.wav,13.660802841186523,13.603045463562012,13.384641647338867,13.384289741516113
/data/public/EchoSet/test/PuKPg4mmafe/0_0_lounge/1580_1995/mix.wav,15.87864875793457,15.978740692138672,15.549570083618164,15.722382545471191
/data/public/EchoSet/test/PuKPg4mmafe/0_0_lounge/1284_5105/mix.wav,13.234286308288574,13.259641647338867,12.509319305419922,12.583568572998047
/data/public/EchoSet/test/PuKPg4mmafe/0_0_lounge/260_908/mix.wav,14.647857666015625,14.73548698425293,14.028711318969727,14.151226997375488
/data/public/EchoSet/test/PuKPg4mmafe/0_0_lounge/1320_4992/mix.wav,16.27134895324707,16.271526336669922,16.001405715942383,16.029071807861328
/data/public/EchoSet/test/PuKPg4mmafe/0_0_lounge/8230_1284/mix.wav,12.134424209594727,12.265880584716797,11.700254440307617,11.91866683959961
/data/public/EchoSet/test/PuKPg4mmafe/0_0_lounge/1995_237/mix.wav,16.113525390625,16.276012420654297,15.980756759643555,16.181285858154297
/data/public/EchoSet/test/PuKPg4mmafe/0_0_lounge/7127_6829/mix.wav,13.156614303588867,13.228578567504883,11.830339431762695,11.945131301879883
/data/public/EchoSet/test/PuKPg4mmafe/0_0_lounge/8455_3570/mix.wav,12.907722473144531,12.918157577514648,12.001819610595703,12.08957576751709
/data/public/EchoSet/test/PuKPg4mmafe/0_0_lounge/260_1188/mix.wav,12.614404678344727,12.855390548706055,11.890207290649414,12.22253131866455
/data/public/EchoSet/test/PuKPg4mmafe/0_0_lounge/8224_8463/mix.wav,15.606121063232422,15.620172500610352,15.16643238067627,15.254592895507812
/data/public/EchoSet/test/PuKPg4mmafe/0_0_lounge/8230_672/mix.wav,9.483558654785156,10.112330436706543,8.529274940490723,9.21591854095459
/data/public/EchoSet/test/PuKPg4mmafe/0_0_lounge/3570_5105/mix.wav,9.612687110900879,9.73409652709961,6.489248275756836,6.679080009460449
/data/public/EchoSet/test/PuKPg4mmafe/0_0_lounge/121_3570/mix.wav,16.85198211669922,16.898845672607422,15.474563598632812,15.564168930053711
/data/public/EchoSet/test/PuKPg4mmafe/0_0_lounge/2830_3729/mix.wav,14.506938934326172,14.465842247009277,14.025496482849121,14.084070205688477
/data/public/EchoSet/test/PuKPg4mmafe/0_0_lounge/260_1580/mix.wav,14.622802734375,14.722724914550781,14.095891952514648,14.265682220458984
/data/public/EchoSet/test/PuKPg4mmafe/0_0_lounge/6829_4970/mix.wav,14.674596786499023,14.857181549072266,14.379905700683594,14.619887351989746
/data/public/EchoSet/test/PuKPg4mmafe/0_0_lounge/2830_4077/mix.wav,13.39098834991455,13.354568481445312,12.827863693237305,12.847345352172852
/data/public/EchoSet/test/PuKPg4mmafe/0_0_lounge/4992_121/mix.wav,16.661651611328125,16.802854537963867,16.398548126220703,16.551015853881836
/data/public/EchoSet/test/PuKPg4mmafe/0_0_lounge/7127_1188/mix.wav,14.220101356506348,14.269268035888672,13.849526405334473,13.92971134185791
/data/public/EchoSet/test/PuKPg4mmafe/0_0_lounge/1188_237/mix.wav,15.286650657653809,15.184518814086914,14.731084823608398,14.68647575378418
/data/public/EchoSet/test/PuKPg4mmafe/0_0_lounge/61_4507/mix.wav,14.1630220413208,14.462769508361816,13.762626647949219,14.126730918884277
/data/public/EchoSet/test/PuKPg4mmafe/0_0_lounge/7127_3570/mix.wav,15.617366790771484,15.756363868713379,14.769815444946289,15.08532428741455
/data/public/EchoSet/test/PuKPg4mmafe/0_0_lounge/5683_4077/mix.wav,13.516220092773438,13.547435760498047,11.143662452697754,11.252791404724121
/data/public/EchoSet/test/PuKPg4mmafe/0_0_lounge/8555_3575/mix.wav,13.075668334960938,13.247468948364258,12.604782104492188,12.832191467285156
/data/public/EchoSet/test/PuKPg4mmafe/0_0_lounge/237_6829/mix.wav,15.044757843017578,15.132746696472168,14.539670944213867,14.663286209106445
/data/public/EchoSet/test/PuKPg4mmafe/0_0_lounge/6930_2961/mix.wav,13.481268882751465,13.562234878540039,12.951658248901367,13.082618713378906
/data/public/EchoSet/test/PuKPg4mmafe/0_0_lounge/1089_1320/mix.wav,14.059225082397461,14.167863845825195,13.776556968688965,13.936746597290039
/data/public/EchoSet/test/PuKPg4mmafe/0_0_lounge/121_4446/mix.wav,14.29562759399414,14.526859283447266,14.012285232543945,14.26207160949707
/data/public/EchoSet/test/PuKPg4mmafe/0_0_lounge/4446_7021/mix.wav,14.572620391845703,14.587263107299805,13.968459129333496,14.068767547607422
/data/public/EchoSet/test/PuKPg4mmafe/0_0_lounge/5639_2300/mix.wav,13.605579376220703,13.592065811157227,13.294614791870117,13.353466033935547
/data/public/EchoSet/test/PuKPg4mmafe/0_0_lounge/1188_7021/mix.wav,14.681913375854492,15.00771713256836,14.028949737548828,14.372591018676758
/data/public/EchoSet/test/PuKPg4mmafe/0_0_lounge/6829_7729/mix.wav,12.869625091552734,12.715607643127441,12.622194290161133,12.53203010559082
/data/public/EchoSet/test/PuKPg4mmafe/0_0_lounge/3729_7021/mix.wav,12.96768569946289,13.444791793823242,12.670991897583008,13.175508499145508
/data/public/EchoSet/test/PuKPg4mmafe/0_0_lounge/7021_7176/mix.wav,12.673941612243652,12.763060569763184,12.409051895141602,12.563837051391602
/data/public/EchoSet/test/PuKPg4mmafe/0_0_lounge/237_4446/mix.wav,11.078119277954102,11.63668441772461,10.503240585327148,11.14865493774414
/data/public/EchoSet/test/PuKPg4mmafe/0_0_lounge/8463_3729/mix.wav,12.006354331970215,12.014933586120605,11.630830764770508,11.706239700317383
/data/public/EchoSet/test/PuKPg4mmafe/0_0_lounge/1089_7127/mix.wav,12.534513473510742,12.812427520751953,12.164828300476074,12.491820335388184
/data/public/EchoSet/test/PuKPg4mmafe/0_0_lounge/5683_1221/mix.wav,11.433126449584961,11.468137741088867,10.974262237548828,11.276759147644043
/data/public/EchoSet/test/PuKPg4mmafe/0_0_lounge/4970_1995/mix.wav,16.950790405273438,17.023509979248047,16.36614418029785,16.47120475769043
/data/public/EchoSet/test/PuKPg4mmafe/0_0_lounge/1221_1284/mix.wav,15.091972351074219,15.040377616882324,14.30169677734375,14.300041198730469
/data/public/EchoSet/test/PuKPg4mmafe/0_0_lounge/1221_260/mix.wav,14.289678573608398,14.459686279296875,13.886728286743164,14.099757194519043
/data/public/EchoSet/test/PuKPg4mmafe/0_0_lounge/8463_7021/mix.wav,15.752159118652344,15.603650093078613,15.236138343811035,15.324441909790039
/data/public/EchoSet/test/PuKPg4mmafe/0_0_lounge/672_1089/mix.wav,12.61707878112793,12.709406852722168,11.81543254852295,11.93770980834961
/data/public/EchoSet/test/PuKPg4mmafe/0_0_lounge/4970_672/mix.wav,12.507049560546875,12.806669235229492,11.615479469299316,11.983047485351562
/data/public/EchoSet/test/PuKPg4mmafe/0_0_lounge/8463_8455/mix.wav,15.593461036682129,15.599745750427246,15.313554763793945,15.42668342590332
/data/public/EchoSet/test/PuKPg4mmafe/0_0_lounge/7729_2300/mix.wav,13.317109107971191,13.17194652557373,12.876504898071289,12.868331909179688
/data/public/EchoSet/test/PuKPg4mmafe/0_0_lounge/2961_1089/mix.wav,14.682756423950195,14.843133926391602,14.466753959655762,14.65024471282959
/data/public/EchoSet/test/PuKPg4mmafe/0_0_lounge/5683_8455/mix.wav,14.248018264770508,14.25511360168457,13.581953048706055,13.68205451965332
/data/public/EchoSet/test/PuKPg4mmafe/0_0_lounge/7127_672/mix.wav,13.10782527923584,13.217333793640137,12.63785171508789,12.807580947875977
/data/public/EchoSet/test/PuKPg4mmafe/0_0_lounge/61_2830/mix.wav,8.765741348266602,9.349798202514648,7.924094200134277,8.588661193847656
/data/public/EchoSet/test/PuKPg4mmafe/0_0_lounge/1188_3729/mix.wav,11.918619155883789,12.301414489746094,11.586160659790039,12.068340301513672
/data/public/EchoSet/test/PuKPg4mmafe/0_0_lounge/3729_4077/mix.wav,12.47367000579834,12.68589973449707,11.800058364868164,12.068014144897461
/data/public/EchoSet/test/PuKPg4mmafe/0_0_lounge/672_8224/mix.wav,9.413414001464844,9.583925247192383,8.911323547363281,9.11342716217041
/data/public/EchoSet/test/PuKPg4mmafe/0_0_lounge/237_1320/mix.wav,13.030424118041992,13.2257661819458,12.146951675415039,12.401225090026855
/data/public/EchoSet/test/PuKPg4mmafe/0_0_lounge/1188_8555/mix.wav,15.909671783447266,15.911269187927246,15.436037063598633,15.487427711486816
/data/public/EchoSet/test/PuKPg4mmafe/0_0_lounge/4077_61/mix.wav,11.83768081665039,11.976842880249023,10.793840408325195,11.038908958435059
/data/public/EchoSet/test/PuKPg4mmafe/0_0_lounge/908_8230/mix.wav,14.83651351928711,14.910948753356934,14.46066951751709,14.559852600097656
/data/public/EchoSet/test/PuKPg4mmafe/0_0_lounge/8224_3575/mix.wav,11.954019546508789,12.136286735534668,11.461246490478516,11.696707725524902
/data/public/EchoSet/test/PuKPg4mmafe/0_0_lounge/121_908/mix.wav,14.051778793334961,14.141881942749023,13.482038497924805,13.653647422790527
/data/public/EchoSet/test/PuKPg4mmafe/0_0_lounge/2830_5639/mix.wav,13.126134872436523,13.412033081054688,12.948678016662598,13.264892578125
/data/public/EchoSet/test/PuKPg4mmafe/0_0_lounge/4970_6829/mix.wav,12.780396461486816,13.037005424499512,12.222548484802246,12.515124320983887
/data/public/EchoSet/test/PuKPg4mmafe/0_0_lounge/1284_61/mix.wav,10.27076244354248,10.547674179077148,8.494867324829102,8.850948333740234
/data/public/EchoSet/test/PuKPg4mmafe/0_0_lounge/5142_4507/mix.wav,18.745872497558594,18.743026733398438,18.343351364135742,18.36277961730957
/data/public/EchoSet/test/PuKPg4mmafe/0_0_lounge/260_1320/mix.wav,13.717185974121094,13.792318344116211,13.265560150146484,13.410959243774414
/data/public/EchoSet/test/PuKPg4mmafe/0_0_lounge/908_8555/mix.wav,15.788939476013184,15.787068367004395,15.552465438842773,15.614358901977539
/data/public/EchoSet/test/PuKPg4mmafe/0_0_lounge/8463_121/mix.wav,15.077848434448242,15.141735076904297,14.72462272644043,14.824773788452148
/data/public/EchoSet/test/PuKPg4mmafe/0_0_lounge/3570_2830/mix.wav,14.718582153320312,14.713160514831543,13.905799865722656,14.012928009033203
/data/public/EchoSet/test/PuKPg4mmafe/0_0_lounge/7176_61/mix.wav,10.739887237548828,10.786331176757812,10.47685432434082,10.574871063232422
/data/public/EchoSet/test/PuKPg4mmafe/0_0_lounge/1580_7729/mix.wav,14.688798904418945,14.638322830200195,14.429411888122559,14.429605484008789
/data/public/EchoSet/test/PuKPg4mmafe/0_0_lounge/3729_5142/mix.wav,14.222468376159668,14.443989753723145,13.722038269042969,14.013091087341309
/data/public/EchoSet/test/PuKPg4mmafe/0_0_lounge/4992_5639/mix.wav,14.794180870056152,14.845544815063477,14.361522674560547,14.549371719360352
/data/public/EchoSet/test/PuKPg4mmafe/0_0_lounge/2961_5639/mix.wav,14.498337745666504,14.517690658569336,14.071369171142578,14.198149681091309
/data/public/EchoSet/test/PuKPg4mmafe/0_0_lounge/1089_3570/mix.wav,15.606393814086914,15.949559211730957,15.369586944580078,15.762739181518555
/data/public/EchoSet/test/PuKPg4mmafe/0_0_lounge/4446_5142/mix.wav,14.410995483398438,14.457168579101562,14.010457992553711,14.092286109924316
/data/public/EchoSet/test/PuKPg4mmafe/0_0_lounge/1580_2094/mix.wav,17.609638214111328,17.751834869384766,17.124969482421875,17.29638671875
/data/public/EchoSet/test/PuKPg4mmafe/0_0_lounge/5105_1188/mix.wav,10.563051223754883,10.694108963012695,8.52845573425293,8.715780258178711
/data/public/EchoSet/test/PuKPg4mmafe/0_0_lounge/1188_4970/mix.wav,13.43789291381836,13.611915588378906,12.824813842773438,13.04445743560791
/data/public/EchoSet/test/PuKPg4mmafe/0_0_lounge/121_4992/mix.wav,13.096700668334961,13.241949081420898,12.661539077758789,12.898441314697266
/data/public/EchoSet/test/PuKPg4mmafe/0_0_lounge/2094_8555/mix.wav,17.30516815185547,17.182783126831055,16.37738800048828,16.33075714111328
/data/public/EchoSet/test/PuKPg4mmafe/0_0_lounge/2300_8463/mix.wav,14.691481590270996,14.96546745300293,14.50947380065918,14.809721946716309
/data/public/EchoSet/test/PuKPg4mmafe/0_0_lounge/7127_121/mix.wav,15.264472961425781,15.334002494812012,14.893950462341309,15.046370506286621
/data/public/EchoSet/test/PuKPg4mmafe/0_0_lounge/8224_1221/mix.wav,13.38530158996582,13.532886505126953,12.524129867553711,12.701264381408691
/data/public/EchoSet/test/PuKPg4mmafe/0_0_lounge/4077_5639/mix.wav,16.385818481445312,16.45099639892578,16.18075942993164,16.277015686035156
/data/public/EchoSet/test/PuKPg4mmafe/0_0_lounge/8455_4992/mix.wav,14.169650077819824,14.333660125732422,13.894899368286133,14.120184898376465
/data/public/EchoSet/test/PuKPg4mmafe/0_0_lounge/7176_1089/mix.wav,13.01716136932373,13.249077796936035,12.78424072265625,13.095084190368652
/data/public/EchoSet/test/PuKPg4mmafe/0_0_lounge/8555_1089/mix.wav,15.563078880310059,15.465648651123047,15.242578506469727,15.216623306274414
/data/public/EchoSet/test/PuKPg4mmafe/0_0_lounge/908_1284/mix.wav,11.96963882446289,11.908413887023926,11.431392669677734,11.562076568603516
/data/public/EchoSet/test/PuKPg4mmafe/0_0_lounge/7021_4507/mix.wav,15.913211822509766,16.051206588745117,15.690864562988281,15.894143104553223
/data/public/EchoSet/test/PuKPg4mmafe/0_0_lounge/61_6829/mix.wav,8.172220230102539,8.210649490356445,6.026442527770996,6.163298606872559
/data/public/EchoSet/test/PuKPg4mmafe/0_0_lounge/2094_2300/mix.wav,11.436838150024414,11.567024230957031,10.407991409301758,10.613656044006348
/data/public/EchoSet/test/PuKPg4mmafe/0_0_lounge/7729_3575/mix.wav,15.294193267822266,15.324954986572266,14.175636291503906,14.254255294799805
/data/public/EchoSet/test/PuKPg4mmafe/0_0_lounge/260_4507/mix.wav,16.535079956054688,16.82047462463379,16.401460647583008,16.70218276977539
/data/public/EchoSet/test/PuKPg4mmafe/0_0_lounge/7176_8455/mix.wav,13.344039916992188,13.349120140075684,13.102519989013672,13.195202827453613
/data/public/EchoSet/test/PuKPg4mmafe/0_0_lounge/4992_8463/mix.wav,11.425825119018555,11.66323184967041,11.060811996459961,11.407445907592773
/data/public/EchoSet/test/PuKPg4mmafe/0_0_lounge/3575_5683/mix.wav,14.097742080688477,14.171637535095215,13.035390853881836,13.170625686645508
/data/public/EchoSet/test/PuKPg4mmafe/0_0_lounge/1221_2300/mix.wav,13.762348175048828,13.930472373962402,12.887527465820312,13.117874145507812
/data/public/EchoSet/test/PuKPg4mmafe/0_0_lounge/8230_61/mix.wav,11.464174270629883,11.619827270507812,10.675943374633789,10.857818603515625
/data/public/EchoSet/test/PuKPg4mmafe/0_0_lounge/1188_1284/mix.wav,11.672595977783203,12.261455535888672,11.13081169128418,11.839957237243652
/data/public/EchoSet/test/PuKPg4mmafe/0_0_lounge/1580_8230/mix.wav,12.038204193115234,12.662874221801758,11.576144218444824,12.261293411254883
/data/public/EchoSet/test/PuKPg4mmafe/0_0_lounge/7021_5105/mix.wav,15.168159484863281,15.245085716247559,14.760045051574707,14.85305118560791
/data/public/EchoSet/test/PuKPg4mmafe/0_0_lounge/4970_5683/mix.wav,11.245527267456055,11.346235275268555,8.001089096069336,8.139134407043457
/data/public/EchoSet/test/PuKPg4mmafe/0_0_lounge/908_4970/mix.wav,16.26274871826172,16.189638137817383,15.85267162322998,15.958660125732422
/data/public/EchoSet/test/PuKPg4mmafe/0_0_lounge/4446_7729/mix.wav,14.899445533752441,14.929155349731445,14.355762481689453,14.436822891235352
/data/public/EchoSet/test/PuKPg4mmafe/0_0_lounge/5142_6930/mix.wav,16.19753646850586,16.23332405090332,15.619440078735352,15.72150707244873
/data/public/EchoSet/test/PuKPg4mmafe/0_0_lounge/7176_5142/mix.wav,16.335914611816406,16.303804397583008,15.733685493469238,15.77790641784668
/data/public/EchoSet/test/PuKPg4mmafe/0_0_lounge/5142_3570/mix.wav,15.208776473999023,15.384655952453613,14.697367668151855,14.945690155029297
/data/public/EchoSet/test/PuKPg4mmafe/0_0_lounge/4507_2094/mix.wav,17.662338256835938,17.75433921813965,17.518047332763672,17.62594985961914
/data/public/EchoSet/test/PuKPg4mmafe/0_0_lounge/5639_2094/mix.wav,17.379650115966797,17.285140991210938,17.05820083618164,17.012109756469727
/data/public/EchoSet/test/PuKPg4mmafe/0_0_lounge/8555_8230/mix.wav,14.379642486572266,14.358871459960938,13.730134963989258,13.784625053405762
/data/public/EchoSet/test/PuKPg4mmafe/0_0_lounge/1320_121/mix.wav,10.749896049499512,11.148661613464355,10.514623641967773,11.053298950195312
/data/public/EchoSet/test/PuKPg4mmafe/0_0_lounge/5683_1284/mix.wav,13.817444801330566,14.188931465148926,13.441401481628418,13.862835884094238
/data/public/EchoSet/test/PuKPg4mmafe/0_0_lounge/5639_4970/mix.wav,13.477882385253906,13.44254207611084,12.843402862548828,12.93394660949707
/data/public/EchoSet/test/PuKPg4mmafe/0_0_lounge/2300_1284/mix.wav,15.40203857421875,15.329068183898926,14.822861671447754,14.801225662231445
/data/public/EchoSet/test/PuKPg4mmafe/0_0_lounge/1580_1089/mix.wav,15.67209243774414,15.843453407287598,15.322969436645508,15.565658569335938
/data/public/EchoSet/test/PuKPg4mmafe/0_0_lounge/8224_237/mix.wav,14.685171127319336,14.783167839050293,13.881185531616211,14.336339950561523
/data/public/EchoSet/test/PuKPg4mmafe/0_0_lounge/4507_908/mix.wav,15.722867965698242,15.701516151428223,15.312776565551758,15.335325241088867
/data/public/EchoSet/test/PuKPg4mmafe/0_0_lounge/1284_260/mix.wav,12.58350944519043,12.815309524536133,12.071247100830078,12.472468376159668
/data/public/EchoSet/test/PuKPg4mmafe/0_0_lounge/8555_237/mix.wav,17.610740661621094,17.65239906311035,17.1907958984375,17.257503509521484
/data/public/EchoSet/test/PuKPg4mmafe/0_0_lounge/8455_2830/mix.wav,15.564005851745605,15.521228790283203,15.159452438354492,15.136682510375977
/data/public/EchoSet/test/PuKPg4mmafe/0_0_lounge/4077_237/mix.wav,11.706358909606934,11.991204261779785,11.156622886657715,11.475204467773438
/data/public/EchoSet/test/PuKPg4mmafe/0_0_lounge/5683_3575/mix.wav,19.531452178955078,19.56545066833496,18.803890228271484,18.852352142333984
/data/public/EchoSet/test/PuKPg4mmafe/0_0_lounge/8555_4077/mix.wav,15.085380554199219,15.120444297790527,14.547643661499023,14.688131332397461
/data/public/EchoSet/test/PuKPg4mmafe/0_0_lounge/2094_8224/mix.wav,8.769182205200195,8.670501708984375,6.970308303833008,6.902385234832764
/data/public/EchoSet/test/PuKPg4mmafe/0_0_lounge/8224_61/mix.wav,9.208794593811035,9.099743843078613,8.075763702392578,8.010225296020508
/data/public/EchoSet/test/PuKPg4mmafe/0_0_lounge/2830_61/mix.wav,10.697135925292969,10.149945259094238,9.979547500610352,9.60836124420166
/data/public/EchoSet/test/PuKPg4mmafe/0_0_lounge/672_3575/mix.wav,15.77295207977295,15.844555854797363,14.996817588806152,15.174090385437012
/data/public/EchoSet/test/PuKPg4mmafe/0_0_lounge/1221_5639/mix.wav,15.094942092895508,15.208907127380371,14.767972946166992,14.930490493774414
/data/public/EchoSet/test/PuKPg4mmafe/0_0_lounge/4992_3575/mix.wav,8.764779090881348,8.252528190612793,8.212783813476562,7.794532299041748
/data/public/EchoSet/test/PuKPg4mmafe/0_0_lounge/3570_6930/mix.wav,15.849281311035156,15.902945518493652,15.283363342285156,15.473654747009277
/data/public/EchoSet/test/PuKPg4mmafe/0_0_lounge/2300_2094/mix.wav,10.274827003479004,10.932943344116211,8.076047897338867,8.778326988220215
/data/public/EchoSet/test/PuKPg4mmafe/0_0_lounge/5142_1995/mix.wav,13.756595611572266,13.723270416259766,13.124939918518066,13.284995079040527
/data/public/EchoSet/test/PuKPg4mmafe/0_0_lounge/2830_7729/mix.wav,12.704795837402344,12.725067138671875,12.172590255737305,12.271486282348633
/data/public/EchoSet/test/PuKPg4mmafe/0_0_lounge/5142_4446/mix.wav,15.92310619354248,15.898706436157227,15.487699508666992,15.507984161376953
/data/public/EchoSet/test/PuKPg4mmafe/0_0_lounge/2094_7021/mix.wav,15.035638809204102,15.052898406982422,14.781068801879883,14.83526611328125
/data/public/EchoSet/test/PuKPg4mmafe/0_5_dining_room/4992_7127/mix.wav,12.568260192871094,12.778264045715332,10.722979545593262,10.966066360473633
/data/public/EchoSet/test/PuKPg4mmafe/0_5_dining_room/8455_61/mix.wav,8.802938461303711,8.918883323669434,7.913570404052734,8.109310150146484
/data/public/EchoSet/test/PuKPg4mmafe/0_5_dining_room/1221_5683/mix.wav,11.975526809692383,12.387306213378906,11.619527816772461,12.083293914794922
/data/public/EchoSet/test/PuKPg4mmafe/0_5_dining_room/1320_2094/mix.wav,13.824798583984375,13.847686767578125,12.852240562438965,12.944026947021484
/data/public/EchoSet/test/PuKPg4mmafe/0_5_dining_room/672_4992/mix.wav,14.069562911987305,14.220192909240723,13.606852531433105,13.874881744384766
/data/public/EchoSet/test/PuKPg4mmafe/0_5_dining_room/672_5105/mix.wav,10.055376052856445,9.935181617736816,8.954360008239746,8.964314460754395
/data/public/EchoSet/test/PuKPg4mmafe/0_5_dining_room/61_8463/mix.wav,15.028563499450684,15.0853271484375,14.77180290222168,14.878726959228516
/data/public/EchoSet/test/PuKPg4mmafe/0_5_dining_room/1320_1284/mix.wav,11.272851943969727,11.463804244995117,10.672833442687988,10.957528114318848
/data/public/EchoSet/test/PuKPg4mmafe/0_5_dining_room/4077_121/mix.wav,9.945963859558105,9.986881256103516,9.028127670288086,9.218816757202148
/data/public/EchoSet/test/PuKPg4mmafe/0_5_dining_room/4970_5142/mix.wav,12.762245178222656,13.176416397094727,12.42460823059082,12.867423057556152
/data/public/EchoSet/test/PuKPg4mmafe/0_5_dining_room/2830_7127/mix.wav,12.902841567993164,12.642759323120117,12.279141426086426,12.280147552490234
/data/public/EchoSet/test/PuKPg4mmafe/0_5_dining_room/7176_908/mix.wav,11.213979721069336,11.308362007141113,10.793794631958008,10.973738670349121
/data/public/EchoSet/test/PuKPg4mmafe/0_5_dining_room/8224_2961/mix.wav,14.867111206054688,14.977788925170898,14.358844757080078,14.538722038269043
/data/public/EchoSet/test/PuKPg4mmafe/0_5_dining_room/5142_1284/mix.wav,14.403985977172852,14.521135330200195,14.01398754119873,14.152069091796875
/data/public/EchoSet/test/PuKPg4mmafe/0_5_dining_room/7021_3729/mix.wav,13.803182601928711,14.014849662780762,13.415767669677734,13.65463638305664
/data/public/EchoSet/test/PuKPg4mmafe/0_5_dining_room/4077_260/mix.wav,12.598371505737305,12.61911392211914,12.133386611938477,12.217455863952637
/data/public/EchoSet/test/PuKPg4mmafe/0_5_dining_room/7176_2961/mix.wav,11.616220474243164,12.169419288635254,11.283809661865234,11.87070369720459
/data/public/EchoSet/test/PuKPg4mmafe/0_5_dining_room/7021_8555/mix.wav,14.152579307556152,14.268078804016113,13.5265474319458,13.672907829284668
/data/public/EchoSet/test/PuKPg4mmafe/0_5_dining_room/8224_4507/mix.wav,14.408502578735352,14.563132286071777,14.17287826538086,14.370007514953613
/data/public/EchoSet/test/PuKPg4mmafe/0_5_dining_room/1995_2094/mix.wav,15.204265594482422,15.326122283935547,14.781049728393555,14.920978546142578
/data/public/EchoSet/test/PuKPg4mmafe/0_5_dining_room/5639_260/mix.wav,14.166181564331055,14.443779945373535,13.920818328857422,14.234123229980469
/data/public/EchoSet/test/PuKPg4mmafe/0_5_dining_room/5683_1188/mix.wav,12.074628829956055,12.163744926452637,11.150577545166016,11.32461929321289
/data/public/EchoSet/test/PuKPg4mmafe/0_5_dining_room/5639_6829/mix.wav,15.427102088928223,15.629189491271973,15.193154335021973,15.44823169708252
/data/public/EchoSet/test/PuKPg4mmafe/0_5_dining_room/2300_237/mix.wav,11.579286575317383,11.891400337219238,11.240650177001953,11.581131935119629
/data/public/EchoSet/test/PuKPg4mmafe/0_5_dining_room/7127_8230/mix.wav,15.373336791992188,15.408883094787598,14.57041072845459,14.620674133300781
/data/public/EchoSet/test/PuKPg4mmafe/0_5_dining_room/3570_8463/mix.wav,14.590797424316406,14.8270263671875,14.213106155395508,14.538140296936035
/data/public/EchoSet/test/PuKPg4mmafe/0_5_dining_room/3729_1320/mix.wav,13.340798377990723,13.306543350219727,13.05933952331543,13.121025085449219
/data/public/EchoSet/test/PuKPg4mmafe/0_5_dining_room/260_7729/mix.wav,13.25815200805664,13.190269470214844,12.909729957580566,12.921424865722656
/data/public/EchoSet/test/PuKPg4mmafe/0_5_dining_room/4507_1995/mix.wav,13.803096771240234,13.645027160644531,13.343757629394531,13.280821800231934
/data/public/EchoSet/test/PuKPg4mmafe/0_5_dining_room/3570_7021/mix.wav,11.368473052978516,11.812774658203125,11.273796081542969,11.742661476135254
/data/public/EchoSet/test/PuKPg4mmafe/0_5_dining_room/4077_4446/mix.wav,10.19259262084961,10.57586669921875,9.269325256347656,9.724923133850098
/data/public/EchoSet/test/PuKPg4mmafe/0_5_dining_room/7021_908/mix.wav,15.260610580444336,15.362711906433105,14.709441184997559,14.862968444824219
/data/public/EchoSet/test/PuKPg4mmafe/0_5_dining_room/8463_5683/mix.wav,13.574678421020508,13.512565612792969,13.15272045135498,13.148042678833008
/data/public/EchoSet/test/PuKPg4mmafe/0_5_dining_room/5105_5639/mix.wav,10.647193908691406,10.81490421295166,10.426772117614746,10.644089698791504
/data/public/EchoSet/test/PuKPg4mmafe/0_5_dining_room/4507_2961/mix.wav,12.58755874633789,13.009312629699707,12.318069458007812,12.785572052001953
/data/public/EchoSet/test/PuKPg4mmafe/0_5_dining_room/6829_908/mix.wav,10.732501983642578,11.657798767089844,10.591082572937012,11.577400207519531
/data/public/EchoSet/test/PuKPg4mmafe/0_5_dining_room/1580_6930/mix.wav,16.01369285583496,16.087265014648438,15.61456298828125,15.724233627319336
/data/public/EchoSet/test/PuKPg4mmafe/0_5_dining_room/8463_908/mix.wav,11.885231971740723,12.099032402038574,11.398979187011719,11.789097785949707
/data/public/EchoSet/test/PuKPg4mmafe/0_5_dining_room/1580_7127/mix.wav,10.874368667602539,11.112783432006836,10.448418617248535,10.76838493347168
/data/public/EchoSet/test/PuKPg4mmafe/0_5_dining_room/4992_2830/mix.wav,13.33036994934082,13.366949081420898,12.880044937133789,13.036687850952148
/data/public/EchoSet/test/PuKPg4mmafe/0_5_dining_room/2094_1320/mix.wav,12.25757122039795,12.314376831054688,11.251874923706055,11.400582313537598
/data/public/EchoSet/test/PuKPg4mmafe/0_5_dining_room/2830_5683/mix.wav,14.279396057128906,14.515849113464355,13.579532623291016,13.862130165100098
/data/public/EchoSet/test/PuKPg4mmafe/0_5_dining_room/5142_1221/mix.wav,10.973520278930664,11.164827346801758,10.505224227905273,10.7692289352417
/data/public/EchoSet/test/PuKPg4mmafe/0_5_dining_room/8463_2830/mix.wav,16.65196418762207,16.656068801879883,16.313941955566406,16.366783142089844
/data/public/EchoSet/test/PuKPg4mmafe/0_5_dining_room/61_8230/mix.wav,11.905319213867188,11.991799354553223,11.52303409576416,11.691201210021973
/data/public/EchoSet/test/PuKPg4mmafe/0_5_dining_room/3570_5639/mix.wav,13.201425552368164,13.566349983215332,12.696178436279297,13.179115295410156
/data/public/EchoSet/test/PuKPg4mmafe/0_5_dining_room/8230_4446/mix.wav,12.924169540405273,13.025769233703613,11.915386199951172,12.066934585571289
/data/public/EchoSet/test/PuKPg4mmafe/0_5_dining_room/8455_672/mix.wav,12.788824081420898,13.086868286132812,12.22342300415039,12.5587158203125
/data/public/EchoSet/test/PuKPg4mmafe/0_5_dining_room/3729_2830/mix.wav,12.052501678466797,12.11843490600586,11.759330749511719,12.076961517333984
/data/public/EchoSet/test/PuKPg4mmafe/0_5_dining_room/8230_7127/mix.wav,12.275391578674316,12.551297187805176,11.789497375488281,12.172409057617188
/data/public/EchoSet/test/PuKPg4mmafe/0_5_dining_room/6829_6930/mix.wav,13.09121322631836,13.210323333740234,12.405094146728516,12.567187309265137
/data/public/EchoSet/test/PuKPg4mmafe/0_5_dining_room/3570_672/mix.wav,16.13042449951172,16.291736602783203,15.916839599609375,16.121381759643555
/data/public/EchoSet/test/PuKPg4mmafe/0_5_dining_room/1995_121/mix.wav,16.775360107421875,16.772958755493164,16.556922912597656,16.57370376586914
/data/public/EchoSet/test/PuKPg4mmafe/0_5_dining_room/1221_7176/mix.wav,13.05743408203125,13.216314315795898,12.681052207946777,12.914603233337402
/data/public/EchoSet/test/PuKPg4mmafe/0_5_dining_room/4970_3575/mix.wav,17.627254486083984,17.595613479614258,17.29918670654297,17.319149017333984
/data/public/EchoSet/test/PuKPg4mmafe/0_5_dining_room/1089_3575/mix.wav,11.846811294555664,11.64232349395752,11.285029411315918,11.191471099853516
/data/public/EchoSet/test/PuKPg4mmafe/0_5_dining_room/8230_1320/mix.wav,11.738525390625,11.967460632324219,11.397296905517578,11.664637565612793
/data/public/EchoSet/test/PuKPg4mmafe/0_5_dining_room/4446_5683/mix.wav,9.143532752990723,9.129326820373535,2.3659181594848633,2.3901290893554688
/data/public/EchoSet/test/PuKPg4mmafe/0_5_dining_room/1580_3570/mix.wav,14.284652709960938,14.423891067504883,13.61983871459961,13.83535099029541
/data/public/EchoSet/test/PuKPg4mmafe/0_5_dining_room/6930_8224/mix.wav,11.511760711669922,11.431412696838379,10.537458419799805,10.515268325805664
/data/public/EchoSet/test/PuKPg4mmafe/0_5_dining_room/8455_8463/mix.wav,17.031532287597656,17.073843002319336,16.758705139160156,16.82487678527832
/data/public/EchoSet/test/PuKPg4mmafe/0_5_dining_room/8555_672/mix.wav,14.372401237487793,14.370718955993652,13.865078926086426,13.9436674118042
/data/public/EchoSet/test/PuKPg4mmafe/0_5_dining_room/8455_6829/mix.wav,15.307107925415039,15.310286521911621,14.544618606567383,14.687244415283203
/data/public/EchoSet/test/PuKPg4mmafe/0_5_dining_room/5683_3729/mix.wav,12.589704513549805,13.062172889709473,12.438400268554688,12.942904472351074
/data/public/EchoSet/test/PuKPg4mmafe/0_5_dining_room/8555_3575/mix.wav,12.445303916931152,12.909367561340332,11.958490371704102,12.50847053527832
/data/public/EchoSet/test/PuKPg4mmafe/0_5_dining_room/1284_61/mix.wav,9.40481948852539,9.601421356201172,8.850460052490234,9.100064277648926
/data/public/EchoSet/test/PuKPg4mmafe/0_5_dining_room/1188_8455/mix.wav,12.391426086425781,12.47299861907959,11.975984573364258,12.091606140136719
/data/public/EchoSet/test/PuKPg4mmafe/0_5_dining_room/7729_7021/mix.wav,11.904119491577148,11.984004974365234,11.389581680297852,11.549006462097168
/data/public/EchoSet/test/PuKPg4mmafe/0_5_dining_room/1188_1089/mix.wav,13.579509735107422,13.836404800415039,13.232468605041504,13.594904899597168
/data/public/EchoSet/test/PuKPg4mmafe/0_5_dining_room/2961_2300/mix.wav,15.032001495361328,15.208000183105469,14.71603012084961,14.951189041137695
/data/public/EchoSet/test/PuKPg4mmafe/0_5_dining_room/4507_4077/mix.wav,12.45473861694336,12.050708770751953,11.631332397460938,12.099207878112793
/data/public/EchoSet/test/PuKPg4mmafe/0_5_dining_room/3729_8224/mix.wav,13.006179809570312,13.060615539550781,12.50959587097168,12.638120651245117
/data/public/EchoSet/test/PuKPg4mmafe/0_5_dining_room/1995_5683/mix.wav,17.26403045654297,17.275840759277344,16.79275894165039,16.865680694580078
/data/public/EchoSet/test/PuKPg4mmafe/0_5_dining_room/5639_8230/mix.wav,14.386405944824219,14.521142959594727,14.00533676147461,14.275529861450195
/data/public/EchoSet/test/PuKPg4mmafe/0_5_dining_room/8455_3570/mix.wav,17.839725494384766,17.83637237548828,17.576885223388672,17.603553771972656
/data/public/EchoSet/test/PuKPg4mmafe/0_5_dining_room/2300_8555/mix.wav,12.599902153015137,12.796924591064453,12.156973838806152,12.414962768554688
/data/public/EchoSet/test/PuKPg4mmafe/0_5_dining_room/4507_5142/mix.wav,17.677501678466797,17.806608200073242,17.379745483398438,17.529918670654297
/data/public/EchoSet/test/PuKPg4mmafe/0_5_dining_room/5142_2961/mix.wav,12.906396865844727,13.270493507385254,12.669137954711914,13.059142112731934
/data/public/EchoSet/test/PuKPg4mmafe/0_5_dining_room/1580_1284/mix.wav,15.882238388061523,15.893978118896484,15.036779403686523,15.095709800720215
/data/public/EchoSet/test/PuKPg4mmafe/0_5_dining_room/6930_4992/mix.wav,11.618328094482422,11.68603801727295,11.070409774780273,11.183146476745605
/data/public/EchoSet/test/PuKPg4mmafe/0_5_dining_room/2830_1089/mix.wav,13.461419105529785,14.039825439453125,13.369786262512207,13.973530769348145
/data/public/EchoSet/test/PuKPg4mmafe/0_5_dining_room/1221_3575/mix.wav,12.503927230834961,12.620651245117188,11.703182220458984,11.861275672912598
/data/public/EchoSet/test/PuKPg4mmafe/0_5_dining_room/2300_8224/mix.wav,9.604662895202637,10.046167373657227,8.01778793334961,8.639579772949219
/data/public/EchoSet/test/PuKPg4mmafe/0_5_dining_room/1580_7729/mix.wav,16.310054779052734,16.252466201782227,15.630659103393555,15.664061546325684
/data/public/EchoSet/test/PuKPg4mmafe/0_5_dining_room/3729_237/mix.wav,11.188112258911133,11.77642822265625,10.965179443359375,11.608181953430176
/data/public/EchoSet/test/PuKPg4mmafe/0_5_dining_room/8455_6930/mix.wav,11.679723739624023,11.714411735534668,9.632329940795898,9.721601486206055
/data/public/EchoSet/test/PuKPg4mmafe/0_5_dining_room/260_237/mix.wav,13.028155326843262,13.11667537689209,12.759976387023926,12.901387214660645
/data/public/EchoSet/test/PuKPg4mmafe/0_5_dining_room/121_5105/mix.wav,14.033246994018555,14.168996810913086,13.59618854522705,13.76507568359375
/data/public/EchoSet/test/PuKPg4mmafe/0_5_dining_room/4970_1188/mix.wav,11.224422454833984,11.62419319152832,10.92111587524414,11.397738456726074
/data/public/EchoSet/test/PuKPg4mmafe/0_5_dining_room/1089_4446/mix.wav,12.871804237365723,12.76603889465332,12.373590469360352,12.346871376037598
/data/public/EchoSet/test/PuKPg4mmafe/0_5_dining_room/3575_6829/mix.wav,13.474053382873535,13.578912734985352,13.110551834106445,13.262306213378906
/data/public/EchoSet/test/PuKPg4mmafe/0_5_dining_room/3570_5683/mix.wav,16.14053726196289,16.309518814086914,15.697152137756348,15.983174324035645
/data/public/EchoSet/test/PuKPg4mmafe/0_5_dining_room/7729_2300/mix.wav,10.084304809570312,10.269819259643555,9.811065673828125,10.051887512207031
/data/public/EchoSet/test/PuKPg4mmafe/0_5_dining_room/237_4992/mix.wav,14.741579055786133,14.920282363891602,14.347000122070312,14.615382194519043
/data/public/EchoSet/test/PuKPg4mmafe/0_5_dining_room/908_1284/mix.wav,14.060243606567383,14.1399564743042,13.630317687988281,13.754942893981934
/data/public/EchoSet/test/PuKPg4mmafe/0_5_dining_room/237_5105/mix.wav,11.383285522460938,11.719778060913086,10.293256759643555,10.701685905456543
/data/public/EchoSet/test/PuKPg4mmafe/0_5_dining_room/1284_121/mix.wav,9.512035369873047,10.072717666625977,9.163009643554688,9.830534934997559
/data/public/EchoSet/test/PuKPg4mmafe/0_5_dining_room/908_2094/mix.wav,13.30830192565918,13.596280097961426,13.085182189941406,13.409988403320312
/data/public/EchoSet/test/PuKPg4mmafe/0_5_dining_room/2300_5639/mix.wav,14.213104248046875,14.404379844665527,13.93655776977539,14.176469802856445
/data/public/EchoSet/test/PuKPg4mmafe/0_5_dining_room/4507_8224/mix.wav,18.77694320678711,18.87667465209961,18.614376068115234,18.73695945739746
/data/public/EchoSet/test/PuKPg4mmafe/0_5_dining_room/7729_8555/mix.wav,13.974955558776855,14.322622299194336,13.70946216583252,14.09293270111084
/data/public/EchoSet/test/PuKPg4mmafe/0_5_dining_room/2830_5639/mix.wav,11.199901580810547,11.456027030944824,10.635229110717773,11.100479125976562
/data/public/EchoSet/test/PuKPg4mmafe/0_5_dining_room/260_7127/mix.wav,11.7215576171875,12.14321231842041,11.412811279296875,11.960125923156738
/data/public/EchoSet/test/PuKPg4mmafe/0_5_dining_room/4970_2961/mix.wav,15.102424621582031,15.3382568359375,14.956409454345703,15.215052604675293
/data/public/EchoSet/test/PuKPg4mmafe/0_5_dining_room/5639_8463/mix.wav,9.669221878051758,10.491329193115234,9.446415901184082,10.351556777954102
/data/public/EchoSet/test/PuKPg4mmafe/0_5_dining_room/4992_260/mix.wav,11.479791641235352,11.737445831298828,11.056766510009766,11.404720306396484
/data/public/EchoSet/test/PuKPg4mmafe/0_5_dining_room/1284_6829/mix.wav,11.192695617675781,11.120745658874512,10.503026962280273,10.629854202270508
/data/public/EchoSet/test/PuKPg4mmafe/0_5_dining_room/1284_4446/mix.wav,15.118171691894531,15.10605525970459,14.510207176208496,14.532121658325195
/data/public/EchoSet/test/PuKPg4mmafe/0_5_dining_room/121_6930/mix.wav,8.734626770019531,8.833038330078125,6.630929470062256,6.814345359802246
/data/public/EchoSet/test/PuKPg4mmafe/0_5_dining_room/237_61/mix.wav,12.777493476867676,13.18716812133789,12.49072265625,12.921066284179688
/data/public/EchoSet/test/PuKPg4mmafe/0_5_dining_room/4446_2094/mix.wav,15.188190460205078,15.18330192565918,14.642911911010742,14.6705322265625
/data/public/EchoSet/test/PuKPg4mmafe/0_5_dining_room/3570_1995/mix.wav,14.657469749450684,14.81224536895752,14.400188446044922,14.593465805053711
/data/public/EchoSet/test/PuKPg4mmafe/0_5_dining_room/8224_5142/mix.wav,7.803400039672852,7.683656692504883,3.7093353271484375,3.673834800720215
/data/public/EchoSet/test/PuKPg4mmafe/0_5_dining_room/7729_4970/mix.wav,13.218599319458008,13.523033142089844,12.886068344116211,13.254465103149414
/data/public/EchoSet/test/PuKPg4mmafe/0_5_dining_room/7127_4507/mix.wav,12.424522399902344,12.836675643920898,12.048605918884277,12.575399398803711
/data/public/EchoSet/test/PuKPg4mmafe/0_5_dining_room/1580_1221/mix.wav,15.533103942871094,15.568860054016113,15.233366012573242,15.292296409606934
/data/public/EchoSet/test/PuKPg4mmafe/0_5_dining_room/8230_7021/mix.wav,14.419178009033203,14.649850845336914,14.150562286376953,14.423526763916016
/data/public/EchoSet/test/PuKPg4mmafe/0_5_dining_room/5105_1995/mix.wav,15.516940116882324,15.664392471313477,15.094686508178711,15.330402374267578
/data/public/EchoSet/test/PuKPg4mmafe/0_5_dining_room/1221_8230/mix.wav,15.043082237243652,15.304376602172852,14.76321792602539,15.064007759094238
/data/public/EchoSet/test/PuKPg4mmafe/0_5_dining_room/2094_8555/mix.wav,14.142026901245117,13.63286304473877,13.478544235229492,13.212418556213379
/data/public/EchoSet/test/PuKPg4mmafe/0_5_dining_room/2961_260/mix.wav,15.482357025146484,15.472460746765137,15.132268905639648,15.157205581665039
/data/public/EchoSet/test/PuKPg4mmafe/0_5_dining_room/1221_5142/mix.wav,14.86123275756836,14.897265434265137,14.210394859313965,14.319215774536133
/data/public/EchoSet/test/PuKPg4mmafe/0_5_dining_room/7176_7021/mix.wav,14.270332336425781,14.11525821685791,14.025875091552734,13.924116134643555
/data/public/EchoSet/test/PuKPg4mmafe/0_5_dining_room/1580_7021/mix.wav,15.273786544799805,15.288309097290039,14.730575561523438,14.811094284057617
/data/public/EchoSet/test/PuKPg4mmafe/0_5_dining_room/5105_61/mix.wav,9.12610149383545,8.637364387512207,8.353501319885254,7.969011306762695
/data/public/EchoSet/test/PuKPg4mmafe/0_5_dining_room/237_1188/mix.wav,16.136873245239258,16.246015548706055,15.20288372039795,15.34111499786377
/data/public/EchoSet/test/PuKPg4mmafe/0_5_dining_room/1995_908/mix.wav,13.573751449584961,13.445611953735352,12.887914657592773,12.962112426757812
/data/public/EchoSet/test/PuKPg4mmafe/0_5_dining_room/672_3729/mix.wav,10.719931602478027,10.680276870727539,10.043072700500488,10.083995819091797
/data/public/EchoSet/test/PuKPg4mmafe/0_5_dining_room/7729_237/mix.wav,11.406150817871094,11.611870765686035,10.942342758178711,11.191282272338867
/data/public/EchoSet/test/PuKPg4mmafe/0_5_dining_room/4970_4992/mix.wav,14.68734073638916,14.699445724487305,14.339385032653809,14.38405704498291
/data/public/EchoSet/test/PuKPg4mmafe/0_5_dining_room/7176_4077/mix.wav,11.0084228515625,11.322405815124512,10.486665725708008,10.989400863647461
/data/public/EchoSet/test/PuKPg4mmafe/0_5_dining_room/8555_1221/mix.wav,13.608768463134766,13.709209442138672,13.124852180480957,13.332499504089355
/data/public/EchoSet/test/PuKPg4mmafe/0_5_dining_room/1089_5105/mix.wav,11.526596069335938,11.898147583007812,11.190571784973145,11.6662015914917
/data/public/EchoSet/test/PuKPg4mmafe/0_5_dining_room/8463_3575/mix.wav,10.848753929138184,11.013673782348633,9.512313842773438,9.731799125671387
/data/public/EchoSet/test/PuKPg4mmafe/0_5_dining_room/3575_4992/mix.wav,14.840127944946289,14.807193756103516,14.041988372802734,14.051947593688965
/data/public/EchoSet/test/PuKPg4mmafe/0_5_dining_room/2830_121/mix.wav,14.050710678100586,14.15622329711914,13.71633529663086,13.87778091430664
/data/public/EchoSet/test/PuKPg4mmafe/0_5_dining_room/5142_1995/mix.wav,16.70966911315918,16.661054611206055,15.710405349731445,15.77115249633789
/data/public/EchoSet/test/PuKPg4mmafe/0_5_dining_room/61_4446/mix.wav,10.09697151184082,10.317909240722656,9.369609832763672,9.725370407104492
/data/public/EchoSet/test/PuKPg4mmafe/0_5_dining_room/6930_1188/mix.wav,11.898688316345215,12.041190147399902,10.940244674682617,11.175844192504883
/data/public/EchoSet/test/PuKPg4mmafe/0_5_dining_room/2300_4970/mix.wav,12.028984069824219,12.374407768249512,11.689258575439453,12.081785202026367
/data/public/EchoSet/test/PuKPg4mmafe/0_5_dining_room/1320_7127/mix.wav,13.816003799438477,13.836724281311035,13.52258014678955,13.664436340332031
/data/public/EchoSet/test/PuKPg4mmafe/0_5_dining_room/2961_2094/mix.wav,10.882530212402344,10.969926834106445,10.397174835205078,10.58107852935791
/data/public/EchoSet/test/PuKPg4mmafe/0_5_dining_room/61_1580/mix.wav,12.744166374206543,12.86588191986084,12.050857543945312,12.271942138671875
/data/public/EchoSet/test/PuKPg4mmafe/0_5_dining_room/6829_2300/mix.wav,14.032730102539062,13.978635787963867,13.722415924072266,13.728249549865723
/data/public/EchoSet/test/PuKPg4mmafe/0_5_dining_room/7176_672/mix.wav,12.89999771118164,13.265708923339844,12.49844741821289,12.905381202697754
/data/public/EchoSet/test/PuKPg4mmafe/0_5_dining_room/1089_4507/mix.wav,13.298873901367188,13.52853012084961,13.130739212036133,13.389524459838867
/data/public/EchoSet/test/RPmz2sHmrrY/0_7_office/7021_8555/mix.wav,15.311566352844238,15.182754516601562,14.399345397949219,14.313750267028809
/data/public/EchoSet/test/RPmz2sHmrrY/0_7_office/8224_4507/mix.wav,16.848190307617188,16.861501693725586,16.592416763305664,16.708276748657227
/data/public/EchoSet/test/RPmz2sHmrrY/0_7_office/237_6930/mix.wav,13.996752738952637,13.944713592529297,13.224553108215332,13.220243453979492
/data/public/EchoSet/test/RPmz2sHmrrY/0_7_office/2961_7176/mix.wav,14.781317710876465,14.958223342895508,14.569064140319824,14.780960083007812
/data/public/EchoSet/test/RPmz2sHmrrY/0_7_office/2300_672/mix.wav,10.608470916748047,11.064910888671875,9.637144088745117,10.132647514343262
/data/public/EchoSet/test/RPmz2sHmrrY/0_7_office/7021_4077/mix.wav,11.241268157958984,11.579822540283203,10.440591812133789,10.820243835449219
/data/public/EchoSet/test/RPmz2sHmrrY/0_7_office/4446_7127/mix.wav,9.517257690429688,9.551297187805176,8.511619567871094,8.807174682617188
/data/public/EchoSet/test/RPmz2sHmrrY/0_7_office/3575_1089/mix.wav,13.93423080444336,14.001073837280273,13.457602500915527,13.616944313049316
/data/public/EchoSet/test/RPmz2sHmrrY/0_7_office/121_7127/mix.wav,12.599507331848145,12.6276216506958,12.321457862854004,12.431325912475586
/data/public/EchoSet/test/RPmz2sHmrrY/0_7_office/2830_7176/mix.wav,16.962858200073242,16.88606071472168,16.39553451538086,16.390026092529297
/data/public/EchoSet/test/RPmz2sHmrrY/0_7_office/1995_4970/mix.wav,15.516254425048828,15.579514503479004,15.318577766418457,15.429075241088867
/data/public/EchoSet/test/RPmz2sHmrrY/0_7_office/8463_1188/mix.wav,15.166925430297852,15.120609283447266,14.775327682495117,14.784076690673828
/data/public/EchoSet/test/RPmz2sHmrrY/0_7_office/260_6930/mix.wav,13.055895805358887,12.935857772827148,12.835824966430664,12.731501579284668
/data/public/EchoSet/test/RPmz2sHmrrY/0_7_office/2094_5105/mix.wav,14.591371536254883,14.723393440246582,13.100767135620117,13.244036674499512
/data/public/EchoSet/test/RPmz2sHmrrY/0_7_office/3729_1320/mix.wav,15.639222145080566,15.746240615844727,15.258696556091309,15.405771255493164
/data/public/EchoSet/test/RPmz2sHmrrY/0_7_office/7729_1320/mix.wav,13.476783752441406,13.652498245239258,12.879232406616211,13.143573760986328
/data/public/EchoSet/test/RPmz2sHmrrY/0_7_office/7021_5639/mix.wav,14.313863754272461,14.298027992248535,13.992134094238281,14.106390953063965
/data/public/EchoSet/test/RPmz2sHmrrY/0_7_office/3729_1580/mix.wav,12.384708404541016,12.527959823608398,12.107985496520996,12.297502517700195
/data/public/EchoSet/test/RPmz2sHmrrY/0_7_office/1284_7729/mix.wav,15.302825927734375,15.180644035339355,14.966230392456055,14.915206909179688
/data/public/EchoSet/test/RPmz2sHmrrY/0_7_office/1188_4446/mix.wav,12.40447998046875,12.558944702148438,11.526955604553223,11.748369216918945
/data/public/EchoSet/test/RPmz2sHmrrY/0_7_office/6829_4992/mix.wav,12.36972427368164,12.342534065246582,11.876644134521484,11.910497665405273
/data/public/EchoSet/test/RPmz2sHmrrY/0_7_office/2830_7127/mix.wav,14.012004852294922,13.669759750366211,13.437368392944336,13.299025535583496
/data/public/EchoSet/test/RPmz2sHmrrY/0_7_office/3575_8230/mix.wav,16.08661651611328,16.242887496948242,15.645730972290039,15.840078353881836
/data/public/EchoSet/test/RPmz2sHmrrY/0_7_office/7127_7021/mix.wav,14.840462684631348,15.101068496704102,14.644067764282227,14.929792404174805
/data/public/EchoSet/test/RPmz2sHmrrY/0_7_office/8463_6930/mix.wav,10.954631805419922,10.783821105957031,10.271476745605469,10.240998268127441
/data/public/EchoSet/test/RPmz2sHmrrY/0_7_office/1995_237/mix.wav,16.873199462890625,16.767213821411133,16.435916900634766,16.445964813232422
/data/public/EchoSet/test/RPmz2sHmrrY/0_7_office/8555_4507/mix.wav,15.794281005859375,16.067445755004883,15.618967056274414,15.932380676269531
/data/public/EchoSet/test/RPmz2sHmrrY/0_7_office/8455_5639/mix.wav,13.419116973876953,13.440879821777344,13.11544418334961,13.183043479919434
/data/public/EchoSet/test/RPmz2sHmrrY/0_7_office/6829_5105/mix.wav,10.926786422729492,11.411324501037598,10.486623764038086,11.008951187133789
/data/public/EchoSet/test/RPmz2sHmrrY/0_7_office/4970_260/mix.wav,15.867494583129883,16.11765480041504,15.56119155883789,15.83985710144043
/data/public/EchoSet/test/RPmz2sHmrrY/0_7_office/260_672/mix.wav,11.540307998657227,11.463125228881836,10.857231140136719,10.935638427734375
/data/public/EchoSet/test/RPmz2sHmrrY/0_7_office/260_2961/mix.wav,13.798059463500977,13.917943954467773,13.386112213134766,13.603556632995605
/data/public/EchoSet/test/RPmz2sHmrrY/0_7_office/4507_908/mix.wav,15.589506149291992,15.274759292602539,14.92300796508789,15.31836986541748
/data/public/EchoSet/test/RPmz2sHmrrY/0_7_office/4077_237/mix.wav,14.016002655029297,14.020576477050781,12.43411922454834,12.683852195739746
/data/public/EchoSet/test/RPmz2sHmrrY/0_7_office/3570_1221/mix.wav,14.902032852172852,15.004766464233398,14.41436767578125,14.566890716552734
/data/public/EchoSet/test/RPmz2sHmrrY/0_7_office/121_5683/mix.wav,13.634833335876465,13.766716957092285,12.299163818359375,12.50860595703125
/data/public/EchoSet/test/RPmz2sHmrrY/0_7_office/2094_3570/mix.wav,12.72854232788086,12.952407836914062,12.32243537902832,12.701128959655762
/data/public/EchoSet/test/RPmz2sHmrrY/0_7_office/3570_3729/mix.wav,14.936417579650879,15.18287467956543,14.752089500427246,15.025436401367188
/data/public/EchoSet/test/RPmz2sHmrrY/0_7_office/1221_1995/mix.wav,19.229778289794922,19.21190071105957,18.93678855895996,18.94223976135254
/data/public/EchoSet/test/RPmz2sHmrrY/0_7_office/1089_1284/mix.wav,13.281574249267578,13.17491340637207,12.612924575805664,12.628935813903809
/data/public/EchoSet/test/RPmz2sHmrrY/0_7_office/3575_7729/mix.wav,12.742048263549805,12.741667747497559,12.22641658782959,12.35594654083252
/data/public/EchoSet/test/RPmz2sHmrrY/0_7_office/3729_2961/mix.wav,12.8220796585083,13.151605606079102,12.32577133178711,12.750260353088379
/data/public/EchoSet/test/RPmz2sHmrrY/0_7_office/5639_908/mix.wav,15.73664665222168,15.937789916992188,15.522473335266113,15.745888710021973
/data/public/EchoSet/test/RPmz2sHmrrY/0_7_office/1284_4077/mix.wav,10.83629035949707,10.775646209716797,9.003096580505371,8.991525650024414
/data/public/EchoSet/test/RPmz2sHmrrY/0_7_office/4446_61/mix.wav,7.440887451171875,7.689549446105957,5.684962272644043,6.015313148498535
/data/public/EchoSet/test/RPmz2sHmrrY/0_7_office/8230_7176/mix.wav,12.407218933105469,13.020452499389648,12.261409759521484,12.906623840332031
/data/public/EchoSet/test/RPmz2sHmrrY/0_7_office/1320_8224/mix.wav,14.213849067687988,14.450847625732422,13.728605270385742,13.991636276245117
/data/public/EchoSet/test/RPmz2sHmrrY/0_7_office/1089_8463/mix.wav,14.560575485229492,14.32686710357666,14.042858123779297,13.941020965576172
/data/public/EchoSet/test/RPmz2sHmrrY/0_7_office/8555_1188/mix.wav,15.500199317932129,15.546688079833984,15.004362106323242,15.074610710144043
/data/public/EchoSet/test/RPmz2sHmrrY/0_7_office/5105_8224/mix.wav,9.976605415344238,9.971282958984375,8.863140106201172,8.879563331604004
/data/public/EchoSet/test/RPmz2sHmrrY/0_7_office/1995_2300/mix.wav,18.27685546875,18.260425567626953,17.89670181274414,17.922529220581055
/data/public/EchoSet/test/RPmz2sHmrrY/0_7_office/237_4992/mix.wav,14.359519958496094,14.326152801513672,13.50394058227539,13.52924633026123
/data/public/EchoSet/test/RPmz2sHmrrY/0_7_office/6930_5142/mix.wav,12.476198196411133,12.186280250549316,11.638080596923828,11.442292213439941
/data/public/EchoSet/test/RPmz2sHmrrY/0_7_office/1188_5105/mix.wav,16.650972366333008,16.752689361572266,16.157875061035156,16.277915954589844
/data/public/EchoSet/test/RPmz2sHmrrY/0_7_office/7729_5105/mix.wav,13.868675231933594,13.884016990661621,13.450462341308594,13.534408569335938
/data/public/EchoSet/test/RPmz2sHmrrY/0_7_office/5142_4077/mix.wav,8.426677703857422,8.479506492614746,7.264618873596191,7.424482822418213
/data/public/EchoSet/test/RPmz2sHmrrY/0_7_office/237_5105/mix.wav,13.38314437866211,13.320632934570312,12.810566902160645,12.812501907348633
/data/public/EchoSet/test/RPmz2sHmrrY/0_7_office/6930_8230/mix.wav,12.145257949829102,11.917159080505371,11.66408634185791,11.51587200164795
/data/public/EchoSet/test/RPmz2sHmrrY/0_7_office/908_2094/mix.wav,13.198089599609375,13.27509880065918,12.641772270202637,12.830430030822754
/data/public/EchoSet/test/RPmz2sHmrrY/0_7_office/1580_1284/mix.wav,17.128894805908203,17.1243839263916,16.41558265686035,16.465171813964844
/data/public/EchoSet/test/RPmz2sHmrrY/0_7_office/672_3570/mix.wav,12.85842514038086,12.796749114990234,9.909680366516113,9.923442840576172
/data/public/EchoSet/test/RPmz2sHmrrY/0_7_office/6829_908/mix.wav,12.921123504638672,12.803548812866211,12.575334548950195,12.520530700683594
/data/public/EchoSet/test/RPmz2sHmrrY/0_7_office/1320_2830/mix.wav,10.727574348449707,10.185760498046875,10.252907752990723,9.857606887817383
/data/public/EchoSet/test/RPmz2sHmrrY/0_7_office/1221_3575/mix.wav,15.123385429382324,15.041719436645508,13.945687294006348,13.902945518493652
/data/public/EchoSet/test/RPmz2sHmrrY/0_7_office/4970_7176/mix.wav,15.109989166259766,15.076080322265625,14.750465393066406,14.829093933105469
/data/public/EchoSet/test/RPmz2sHmrrY/0_7_office/8224_2094/mix.wav,5.612384796142578,5.826470375061035,-0.11266230046749115,0.13301433622837067
/data/public/EchoSet/test/RPmz2sHmrrY/0_7_office/1580_7729/mix.wav,14.228933334350586,14.500467300415039,13.720024108886719,14.05211067199707
/data/public/EchoSet/test/RPmz2sHmrrY/0_7_office/4446_2300/mix.wav,13.072741508483887,13.360884666442871,12.671517372131348,13.037670135498047
/data/public/EchoSet/test/RPmz2sHmrrY/0_7_office/3570_5683/mix.wav,14.668558120727539,14.787690162658691,14.244236946105957,14.428735733032227
/data/public/EchoSet/test/RPmz2sHmrrY/0_7_office/4992_1089/mix.wav,14.766519546508789,14.904559135437012,14.303056716918945,14.4869384765625
/data/public/EchoSet/test/RPmz2sHmrrY/0_7_office/5639_7021/mix.wav,14.278440475463867,14.449533462524414,14.004181861877441,14.267868041992188
/data/public/EchoSet/test/RPmz2sHmrrY/0_7_office/7176_61/mix.wav,12.86928653717041,12.911638259887695,12.525444030761719,12.589920043945312
/data/public/EchoSet/test/RPmz2sHmrrY/0_7_office/1284_5683/mix.wav,12.688687324523926,12.672243118286133,11.731538772583008,11.786492347717285
/data/public/EchoSet/test/RPmz2sHmrrY/0_7_office/61_5683/mix.wav,16.440135955810547,16.584190368652344,16.1336669921875,16.30685806274414
/data/public/EchoSet/test/RPmz2sHmrrY/0_7_office/4992_8224/mix.wav,11.669034957885742,11.66193962097168,10.399101257324219,10.436311721801758
/data/public/EchoSet/test/RPmz2sHmrrY/0_7_office/6930_4507/mix.wav,19.18032455444336,19.188642501831055,18.941347122192383,19.046524047851562
/data/public/EchoSet/test/RPmz2sHmrrY/0_7_office/1089_1580/mix.wav,13.136911392211914,13.197854995727539,12.271398544311523,12.3873291015625
/data/public/EchoSet/test/RPmz2sHmrrY/0_7_office/3575_1995/mix.wav,13.390458106994629,13.320562362670898,12.710476875305176,12.72869873046875
/data/public/EchoSet/test/RPmz2sHmrrY/0_7_office/3575_1188/mix.wav,12.678327560424805,13.0060453414917,11.693714141845703,12.069334030151367
/data/public/EchoSet/test/RPmz2sHmrrY/0_7_office/3729_1089/mix.wav,13.934959411621094,14.319241523742676,13.622052192687988,14.069634437561035
/data/public/EchoSet/test/RPmz2sHmrrY/0_7_office/4446_121/mix.wav,10.053871154785156,10.148603439331055,8.754476547241211,8.974873542785645
/data/public/EchoSet/test/RPmz2sHmrrY/0_7_office/4446_7021/mix.wav,17.71703338623047,17.76653289794922,17.39415168762207,17.46689224243164
/data/public/EchoSet/test/RPmz2sHmrrY/0_7_office/672_1320/mix.wav,9.940713882446289,10.125445365905762,8.604217529296875,8.850970268249512
/data/public/EchoSet/test/RPmz2sHmrrY/0_7_office/1995_2830/mix.wav,15.182275772094727,15.105055809020996,14.376466751098633,14.411907196044922
/data/public/EchoSet/test/RPmz2sHmrrY/0_7_office/7729_8455/mix.wav,12.841188430786133,13.004219055175781,12.337775230407715,12.590019226074219
/data/public/EchoSet/test/RPmz2sHmrrY/0_7_office/2961_908/mix.wav,14.463630676269531,14.614608764648438,14.122629165649414,14.315064430236816
/data/public/EchoSet/test/RPmz2sHmrrY/0_7_office/121_8455/mix.wav,15.716227531433105,15.797348022460938,15.29350471496582,15.392378807067871
/data/public/EchoSet/test/RPmz2sHmrrY/0_7_office/3729_8455/mix.wav,13.410196304321289,13.530299186706543,13.000186920166016,13.18285083770752
/data/public/EchoSet/test/RPmz2sHmrrY/0_7_office/3570_672/mix.wav,15.511392593383789,15.650548934936523,14.893077850341797,15.061929702758789
/data/public/EchoSet/test/RPmz2sHmrrY/0_7_office/7021_3570/mix.wav,14.309791564941406,14.708006858825684,13.864805221557617,14.330782890319824
/data/public/EchoSet/test/RPmz2sHmrrY/0_7_office/7176_4970/mix.wav,17.523351669311523,17.581195831298828,17.283462524414062,17.374155044555664
/data/public/EchoSet/test/RPmz2sHmrrY/0_7_office/5639_8555/mix.wav,14.331369400024414,14.257701873779297,13.773883819580078,13.785567283630371
/data/public/EchoSet/test/RPmz2sHmrrY/0_7_office/5142_237/mix.wav,12.423110961914062,12.590003967285156,11.785158157348633,11.990531921386719
/data/public/EchoSet/test/RPmz2sHmrrY/0_7_office/260_8455/mix.wav,12.011716842651367,12.624044418334961,11.612982749938965,12.272642135620117
/data/public/EchoSet/test/RPmz2sHmrrY/0_7_office/7127_1580/mix.wav,13.208307266235352,13.169490814208984,12.594318389892578,12.630411148071289
/data/public/EchoSet/test/RPmz2sHmrrY/0_7_office/1580_8463/mix.wav,13.382773399353027,13.425186157226562,12.791450500488281,12.901153564453125
/data/public/EchoSet/test/RPmz2sHmrrY/0_7_office/61_4992/mix.wav,14.897828102111816,14.896841049194336,14.592639923095703,14.635440826416016
/data/public/EchoSet/test/RPmz2sHmrrY/0_7_office/908_1580/mix.wav,16.418800354003906,16.20989418029785,15.791382789611816,15.731071472167969
/data/public/EchoSet/test/RPmz2sHmrrY/0_7_office/2300_3729/mix.wav,16.005199432373047,15.996277809143066,15.652156829833984,15.678116798400879
/data/public/EchoSet/test/RPmz2sHmrrY/0_7_office/2830_8555/mix.wav,17.536212921142578,17.47444725036621,15.141977310180664,15.113956451416016
/data/public/EchoSet/test/RPmz2sHmrrY/0_7_office/1995_2961/mix.wav,14.902849197387695,14.77996826171875,14.542905807495117,14.49371337890625
/data/public/EchoSet/test/RPmz2sHmrrY/0_7_office/260_237/mix.wav,15.448087692260742,15.473506927490234,14.807258605957031,14.907706260681152
/data/public/EchoSet/test/RPmz2sHmrrY/0_7_office/5683_8230/mix.wav,14.090316772460938,13.9463472366333,13.53370475769043,13.53123664855957
/data/public/EchoSet/test/RPmz2sHmrrY/0_7_office/1188_672/mix.wav,10.909477233886719,11.107657432556152,8.649954795837402,8.953499794006348
/data/public/EchoSet/test/RPmz2sHmrrY/0_7_office/672_4992/mix.wav,15.103431701660156,15.356291770935059,14.819051742553711,15.099774360656738
/data/public/EchoSet/test/RPmz2sHmrrY/0_7_office/4077_5142/mix.wav,10.494579315185547,10.655766487121582,9.482948303222656,9.735377311706543
/data/public/EchoSet/test/RPmz2sHmrrY/0_7_office/7127_5683/mix.wav,14.697965621948242,14.787046432495117,13.909451484680176,14.050149917602539
/data/public/EchoSet/test/RPmz2sHmrrY/0_7_office/5639_4970/mix.wav,15.165491104125977,15.230974197387695,14.856724739074707,14.954273223876953
/data/public/EchoSet/test/RPmz2sHmrrY/0_7_office/8230_2300/mix.wav,9.969627380371094,10.23433780670166,9.352720260620117,9.68136978149414
/data/public/EchoSet/test/RPmz2sHmrrY/0_7_office/2961_3575/mix.wav,12.378612518310547,12.458876609802246,10.489410400390625,10.616449356079102
/data/public/EchoSet/test/RPmz2sHmrrY/0_7_office/2830_7729/mix.wav,15.510307312011719,15.542815208435059,15.152216911315918,15.201146125793457
/data/public/EchoSet/test/RPmz2sHmrrY/0_7_office/2961_1284/mix.wav,10.879280090332031,10.940970420837402,9.337125778198242,9.4830322265625
/data/public/EchoSet/test/RPmz2sHmrrY/0_7_office/4077_8555/mix.wav,13.02922534942627,13.337667465209961,12.524909019470215,12.899271965026855
/data/public/EchoSet/test/RPmz2sHmrrY/0_7_office/1221_8455/mix.wav,12.303634643554688,12.539709091186523,11.705902099609375,11.992351531982422
/data/public/EchoSet/test/RPmz2sHmrrY/0_7_office/121_8463/mix.wav,12.814438819885254,12.92975902557373,12.46554183959961,12.637693405151367
/data/public/EchoSet/test/RPmz2sHmrrY/0_7_office/5639_121/mix.wav,15.693464279174805,15.791708946228027,15.18698501586914,15.391172409057617
/data/public/EchoSet/test/RPmz2sHmrrY/0_7_office/1089_4507/mix.wav,13.727951049804688,13.936942100524902,13.434889793395996,13.743917465209961
/data/public/EchoSet/test/RPmz2sHmrrY/0_7_office/8230_5142/mix.wav,15.293015480041504,15.55008316040039,14.761474609375,15.04365062713623
/data/public/EchoSet/test/RPmz2sHmrrY/0_7_office/4992_2094/mix.wav,9.549610137939453,9.201139450073242,8.286452293395996,8.034584045410156
/data/public/EchoSet/test/RPmz2sHmrrY/0_7_office/260_4970/mix.wav,13.932955741882324,14.178668022155762,13.648956298828125,13.947861671447754
/data/public/EchoSet/test/RPmz2sHmrrY/0_7_office/1320_4446/mix.wav,12.876392364501953,12.886421203613281,11.882711410522461,11.958135604858398
/data/public/EchoSet/test/RPmz2sHmrrY/0_7_office/1221_2300/mix.wav,11.821718215942383,11.873276710510254,11.04169750213623,11.138813972473145
/data/public/EchoSet/test/RPmz2sHmrrY/0_7_office/1221_4077/mix.wav,11.825753211975098,11.665188789367676,11.343212127685547,11.301599502563477
/data/public/EchoSet/test/RPmz2sHmrrY/0_7_office/5142_6930/mix.wav,12.79208755493164,12.894913673400879,12.227112770080566,12.424872398376465
/data/public/EchoSet/test/RPmz2sHmrrY/0_7_office/1221_8555/mix.wav,15.428836822509766,15.64039421081543,14.8984375,15.164649963378906
/data/public/EchoSet/test/RPmz2sHmrrY/0_7_office/121_2094/mix.wav,15.281067848205566,15.216480255126953,14.666324615478516,14.726310729980469
/data/public/EchoSet/test/RPmz2sHmrrY/0_7_office/6829_8455/mix.wav,11.69111442565918,12.06124496459961,11.270559310913086,11.681509017944336
/data/public/EchoSet/test/RPmz2sHmrrY/0_7_office/1284_1188/mix.wav,13.419464111328125,13.669633865356445,11.730636596679688,12.058111190795898
/data/public/EchoSet/test/RPmz2sHmrrY/0_7_office/2094_8230/mix.wav,9.839293479919434,9.746804237365723,5.225550651550293,5.229726791381836
/data/public/EchoSet/test/RPmz2sHmrrY/0_7_office/61_6829/mix.wav,12.02640151977539,12.124747276306152,11.678009986877441,11.80750560760498
/data/public/EchoSet/test/RPmz2sHmrrY/0_7_office/5683_8463/mix.wav,15.018668174743652,14.935795783996582,14.651325225830078,14.630437850952148
/data/public/EchoSet/test/RPmz2sHmrrY/0_7_office/8224_2300/mix.wav,11.784520149230957,11.915040969848633,11.2777099609375,11.457489013671875
/data/public/EchoSet/test/RPmz2sHmrrY/0_7_office/908_4507/mix.wav,13.958377838134766,14.007476806640625,13.465005874633789,13.559890747070312
/data/public/EchoSet/test/RPmz2sHmrrY/0_7_office/5142_7127/mix.wav,16.047327041625977,16.15583610534668,15.648388862609863,15.77320384979248
/data/public/EchoSet/test/RPmz2sHmrrY/0_7_office/2830_8463/mix.wav,14.839600563049316,14.789606094360352,14.313632011413574,14.410012245178223
/data/public/EchoSet/test/RPmz2sHmrrY/0_7_office/4507_61/mix.wav,17.16253662109375,17.146732330322266,16.666671752929688,16.741531372070312
/data/public/EchoSet/test/RPmz2sHmrrY/0_5_living_room/8555_5639/mix.wav,18.99910545349121,19.030637741088867,18.687225341796875,18.734800338745117
/data/public/EchoSet/test/RPmz2sHmrrY/0_5_living_room/1284_4446/mix.wav,14.809459686279297,14.808298110961914,13.776771545410156,13.856473922729492
/data/public/EchoSet/test/RPmz2sHmrrY/0_5_living_room/1320_6829/mix.wav,13.284502029418945,13.28839111328125,12.507129669189453,12.599637031555176
/data/public/EchoSet/test/RPmz2sHmrrY/0_5_living_room/1995_6930/mix.wav,14.987898826599121,15.264498710632324,14.808252334594727,15.097429275512695
/data/public/EchoSet/test/RPmz2sHmrrY/0_5_living_room/6829_1089/mix.wav,13.155965805053711,13.31906795501709,12.783536911010742,13.005488395690918
/data/public/EchoSet/test/RPmz2sHmrrY/0_5_living_room/6829_7021/mix.wav,17.5795955657959,17.612228393554688,16.994953155517578,17.052431106567383
/data/public/EchoSet/test/RPmz2sHmrrY/0_5_living_room/3729_7729/mix.wav,14.784893035888672,14.964530944824219,14.401464462280273,14.621919631958008
/data/public/EchoSet/test/RPmz2sHmrrY/0_5_living_room/61_2961/mix.wav,14.84814167022705,14.882436752319336,14.593607902526855,14.662909507751465
/data/public/EchoSet/test/RPmz2sHmrrY/0_5_living_room/8230_8455/mix.wav,14.820733070373535,14.926410675048828,13.591822624206543,13.738922119140625
/data/public/EchoSet/test/RPmz2sHmrrY/0_5_living_room/237_4077/mix.wav,14.469932556152344,14.631952285766602,13.875417709350586,14.131217956542969
/data/public/EchoSet/test/RPmz2sHmrrY/0_5_living_room/7176_7021/mix.wav,11.57692813873291,11.761006355285645,11.273483276367188,11.59164047241211
/data/public/EchoSet/test/RPmz2sHmrrY/0_5_living_room/237_2300/mix.wav,14.972448348999023,14.933204650878906,14.455231666564941,14.452457427978516
/data/public/EchoSet/test/RPmz2sHmrrY/0_5_living_room/8455_672/mix.wav,15.025472640991211,15.024923324584961,14.480987548828125,14.616456031799316
/data/public/EchoSet/test/RPmz2sHmrrY/0_5_living_room/1995_1320/mix.wav,17.184833526611328,17.294593811035156,16.874324798583984,17.018911361694336
/data/public/EchoSet/test/RPmz2sHmrrY/0_5_living_room/1221_5142/mix.wav,14.360908508300781,14.313953399658203,13.894562721252441,13.882965087890625
/data/public/EchoSet/test/RPmz2sHmrrY/0_5_living_room/8555_1089/mix.wav,16.053253173828125,16.09810447692871,15.318354606628418,15.499944686889648
/data/public/EchoSet/test/RPmz2sHmrrY/0_5_living_room/8224_3729/mix.wav,14.903780937194824,15.152850151062012,14.717764854431152,14.985147476196289
/data/public/EchoSet/test/RPmz2sHmrrY/0_5_living_room/4992_4970/mix.wav,15.107118606567383,15.227919578552246,14.813081741333008,14.97675609588623
/data/public/EchoSet/test/RPmz2sHmrrY/0_5_living_room/3575_5105/mix.wav,13.639107704162598,13.752992630004883,12.841980934143066,13.059876441955566
/data/public/EchoSet/test/RPmz2sHmrrY/0_5_living_room/7176_8555/mix.wav,13.438372611999512,13.800836563110352,13.147897720336914,13.584590911865234
/data/public/EchoSet/test/RPmz2sHmrrY/0_5_living_room/908_7176/mix.wav,14.146013259887695,14.166823387145996,13.830126762390137,13.890373229980469
/data/public/EchoSet/test/RPmz2sHmrrY/0_5_living_room/4992_3575/mix.wav,13.377511978149414,13.539631843566895,13.143969535827637,13.337093353271484
/data/public/EchoSet/test/RPmz2sHmrrY/0_5_living_room/6930_4446/mix.wav,9.333612442016602,9.473721504211426,8.768832206726074,8.961585998535156
/data/public/EchoSet/test/RPmz2sHmrrY/0_5_living_room/1221_7021/mix.wav,12.709539413452148,12.938698768615723,12.109350204467773,12.384806632995605
/data/public/EchoSet/test/RPmz2sHmrrY/0_5_living_room/2830_4970/mix.wav,15.664719581604004,15.699976921081543,15.104410171508789,15.308613777160645
/data/public/EchoSet/test/RPmz2sHmrrY/0_5_living_room/1188_8463/mix.wav,13.841887474060059,14.024466514587402,13.328006744384766,13.556554794311523
/data/public/EchoSet/test/RPmz2sHmrrY/0_5_living_room/6829_8555/mix.wav,12.046117782592773,12.3192777633667,11.685195922851562,12.006566047668457
/data/public/EchoSet/test/RPmz2sHmrrY/0_5_living_room/8455_5683/mix.wav,13.45462417602539,13.54490852355957,12.06513500213623,12.183218955993652
/data/public/EchoSet/test/RPmz2sHmrrY/0_5_living_room/4507_2094/mix.wav,13.847831726074219,13.819398880004883,13.170833587646484,13.301034927368164
/data/public/EchoSet/test/RPmz2sHmrrY/0_5_living_room/8230_5142/mix.wav,13.673599243164062,13.861841201782227,12.604652404785156,12.873246192932129
/data/public/EchoSet/test/RPmz2sHmrrY/0_5_living_room/8463_61/mix.wav,11.578582763671875,11.815072059631348,11.218973159790039,11.607908248901367
/data/public/EchoSet/test/RPmz2sHmrrY/0_5_living_room/908_4446/mix.wav,14.177253723144531,14.404215812683105,13.871788024902344,14.149045944213867
/data/public/EchoSet/test/RPmz2sHmrrY/0_5_living_room/8224_5639/mix.wav,12.355245590209961,12.282905578613281,11.703943252563477,11.783019065856934
/data/public/EchoSet/test/RPmz2sHmrrY/0_5_living_room/908_1995/mix.wav,15.010557174682617,15.077707290649414,14.58956241607666,14.734021186828613
/data/public/EchoSet/test/RPmz2sHmrrY/0_5_living_room/5683_1284/mix.wav,15.76241683959961,15.745512962341309,15.010589599609375,15.072531700134277
/data/public/EchoSet/test/RPmz2sHmrrY/0_5_living_room/8463_1221/mix.wav,12.940818786621094,13.21307373046875,12.50564193725586,12.812958717346191
/data/public/EchoSet/test/RPmz2sHmrrY/0_5_living_room/8463_2300/mix.wav,15.731314659118652,15.991077423095703,15.518693923950195,15.809788703918457
/data/public/EchoSet/test/RPmz2sHmrrY/0_5_living_room/7127_3570/mix.wav,12.211019515991211,12.511651992797852,11.879096031188965,12.243401527404785
/data/public/EchoSet/test/RPmz2sHmrrY/0_5_living_room/1995_2830/mix.wav,12.399139404296875,12.572900772094727,11.897037506103516,12.192425727844238
/data/public/EchoSet/test/RPmz2sHmrrY/0_5_living_room/3729_260/mix.wav,11.189536094665527,11.191863059997559,10.186363220214844,10.346010208129883
/data/public/EchoSet/test/RPmz2sHmrrY/0_5_living_room/3575_7127/mix.wav,11.483152389526367,11.62911605834961,10.29107666015625,10.494518280029297
/data/public/EchoSet/test/RPmz2sHmrrY/0_5_living_room/1284_4507/mix.wav,14.949427604675293,14.749945640563965,14.573336601257324,14.454906463623047
/data/public/EchoSet/test/RPmz2sHmrrY/0_5_living_room/5639_2300/mix.wav,14.930919647216797,15.162749290466309,14.724810600280762,15.025741577148438
/data/public/EchoSet/test/RPmz2sHmrrY/0_5_living_room/4992_1221/mix.wav,12.633914947509766,13.042263984680176,12.283991813659668,12.730202674865723
/data/public/EchoSet/test/RPmz2sHmrrY/0_5_living_room/3575_1320/mix.wav,17.13302993774414,17.245697021484375,16.515844345092773,16.676156997680664
/data/public/EchoSet/test/RPmz2sHmrrY/0_5_living_room/6930_5683/mix.wav,12.944575309753418,13.130252838134766,11.441497802734375,11.671319961547852
/data/public/EchoSet/test/RPmz2sHmrrY/0_5_living_room/7021_7176/mix.wav,13.623189926147461,13.37572193145752,13.412494659423828,13.204702377319336
/data/public/EchoSet/test/RPmz2sHmrrY/0_5_living_room/4507_3729/mix.wav,14.345966339111328,14.443888664245605,14.053155899047852,14.236889839172363
/data/public/EchoSet/test/RPmz2sHmrrY/0_5_living_room/1188_8224/mix.wav,12.20538330078125,12.549341201782227,11.690755844116211,12.085644721984863
/data/public/EchoSet/test/RPmz2sHmrrY/0_5_living_room/7729_8224/mix.wav,13.597204208374023,13.692734718322754,13.108854293823242,13.238059997558594
/data/public/EchoSet/test/RPmz2sHmrrY/0_5_living_room/1089_121/mix.wav,14.707412719726562,14.750511169433594,14.210409164428711,14.33757209777832
/data/public/EchoSet/test/RPmz2sHmrrY/0_5_living_room/1284_5105/mix.wav,12.826709747314453,12.943069458007812,11.768159866333008,11.951556205749512
/data/public/EchoSet/test/RPmz2sHmrrY/0_5_living_room/2830_1221/mix.wav,9.5890474319458,9.690561294555664,6.940670967102051,7.181836128234863
/data/public/EchoSet/test/RPmz2sHmrrY/0_5_living_room/7127_1580/mix.wav,12.879243850708008,13.030768394470215,12.527862548828125,12.704070091247559
/data/public/EchoSet/test/RPmz2sHmrrY/0_5_living_room/121_8463/mix.wav,10.540783882141113,10.713029861450195,9.871747016906738,10.231348991394043
/data/public/EchoSet/test/RPmz2sHmrrY/0_5_living_room/6930_2830/mix.wav,7.050955772399902,7.080961227416992,4.593361854553223,4.719484329223633
/data/public/EchoSet/test/RPmz2sHmrrY/0_5_living_room/2094_8463/mix.wav,13.926301956176758,13.973312377929688,12.899847030639648,13.072286605834961
/data/public/EchoSet/test/RPmz2sHmrrY/0_5_living_room/61_7127/mix.wav,12.149051666259766,12.049270629882812,11.726229667663574,11.669764518737793
/data/public/EchoSet/test/RPmz2sHmrrY/0_5_living_room/1580_1284/mix.wav,18.000389099121094,17.99140167236328,17.29676055908203,17.313196182250977
/data/public/EchoSet/test/RPmz2sHmrrY/0_5_living_room/237_7729/mix.wav,15.601330757141113,15.688461303710938,15.215239524841309,15.39117431640625
/data/public/EchoSet/test/RPmz2sHmrrY/0_5_living_room/1580_7729/mix.wav,16.249412536621094,16.203264236450195,15.971661567687988,15.985535621643066
/data/public/EchoSet/test/RPmz2sHmrrY/0_5_living_room/1089_4446/mix.wav,13.521018981933594,13.69882583618164,13.165047645568848,13.36925983428955
/data/public/EchoSet/test/RPmz2sHmrrY/0_5_living_room/2300_237/mix.wav,13.274160385131836,13.512166976928711,12.866015434265137,13.133594512939453
/data/public/EchoSet/test/RPmz2sHmrrY/0_5_living_room/1995_5105/mix.wav,17.936464309692383,17.975011825561523,17.588924407958984,17.66533660888672
/data/public/EchoSet/test/RPmz2sHmrrY/0_5_living_room/4970_1995/mix.wav,17.48737335205078,17.570180892944336,17.145709991455078,17.282007217407227
/data/public/EchoSet/test/RPmz2sHmrrY/0_5_living_room/7729_1221/mix.wav,14.742511749267578,14.869067192077637,14.170415878295898,14.353752136230469
/data/public/EchoSet/test/RPmz2sHmrrY/0_5_living_room/1188_2300/mix.wav,11.100455284118652,11.241236686706543,8.835650444030762,9.042113304138184
/data/public/EchoSet/test/RPmz2sHmrrY/0_5_living_room/3729_1221/mix.wav,10.66723918914795,10.714882850646973,9.48861312866211,9.596317291259766
/data/public/EchoSet/test/RPmz2sHmrrY/0_5_living_room/3570_5683/mix.wav,15.796039581298828,15.866640090942383,15.125869750976562,15.228859901428223
/data/public/EchoSet/test/RPmz2sHmrrY/0_5_living_room/61_7176/mix.wav,10.520554542541504,10.63636589050293,10.062477111816406,10.248331069946289
/data/public/EchoSet/test/RPmz2sHmrrY/0_5_living_room/4992_8224/mix.wav,13.188319206237793,13.459922790527344,12.83172607421875,13.184089660644531
/data/public/EchoSet/test/RPmz2sHmrrY/0_5_living_room/3575_8463/mix.wav,13.573774337768555,13.755535125732422,13.091621398925781,13.331706047058105
/data/public/EchoSet/test/RPmz2sHmrrY/0_5_living_room/8230_3570/mix.wav,13.155340194702148,13.175183296203613,12.582071304321289,12.670693397521973
/data/public/EchoSet/test/RPmz2sHmrrY/0_5_living_room/2094_6930/mix.wav,5.217573165893555,4.940980911254883,1.4534693956375122,1.2597060203552246
/data/public/EchoSet/test/RPmz2sHmrrY/0_5_living_room/1188_4507/mix.wav,15.190505027770996,15.328557968139648,14.960376739501953,15.127029418945312
/data/public/EchoSet/test/RPmz2sHmrrY/0_5_living_room/5639_2961/mix.wav,14.25499153137207,14.450319290161133,14.072484016418457,14.28662109375
/data/public/EchoSet/test/RPmz2sHmrrY/0_5_living_room/4077_1580/mix.wav,11.885404586791992,11.99433708190918,11.199874877929688,11.375632286071777
/data/public/EchoSet/test/RPmz2sHmrrY/0_5_living_room/1580_6930/mix.wav,13.587995529174805,13.551604270935059,12.87546443939209,13.090190887451172
/data/public/EchoSet/test/RPmz2sHmrrY/0_5_living_room/6930_2300/mix.wav,12.557409286499023,12.440736770629883,12.141864776611328,12.088887214660645
/data/public/EchoSet/test/RPmz2sHmrrY/0_5_living_room/4077_6829/mix.wav,11.830716133117676,11.933408737182617,11.339550018310547,11.480191230773926
/data/public/EchoSet/test/RPmz2sHmrrY/0_5_living_room/5142_1221/mix.wav,10.195442199707031,10.276820182800293,8.769503593444824,8.937117576599121
/data/public/EchoSet/test/RPmz2sHmrrY/0_5_living_room/5142_2300/mix.wav,13.531780242919922,13.820296287536621,13.396522521972656,13.732221603393555
/data/public/EchoSet/test/RPmz2sHmrrY/0_5_living_room/8555_1188/mix.wav,13.183753967285156,13.211977005004883,12.263713836669922,12.367795944213867
/data/public/EchoSet/test/RPmz2sHmrrY/0_5_living_room/1995_4077/mix.wav,13.461477279663086,13.686244010925293,12.955699920654297,13.23839282989502
/data/public/EchoSet/test/RPmz2sHmrrY/0_5_living_room/3570_5639/mix.wav,15.004735946655273,15.13441276550293,13.846372604370117,14.008880615234375
/data/public/EchoSet/test/RPmz2sHmrrY/0_5_living_room/3575_672/mix.wav,12.848363876342773,12.786192893981934,12.073631286621094,12.166403770446777
/data/public/EchoSet/test/RPmz2sHmrrY/0_5_living_room/2830_260/mix.wav,11.759681701660156,11.898794174194336,11.487138748168945,11.70903205871582
/data/public/EchoSet/test/RPmz2sHmrrY/0_5_living_room/7021_1284/mix.wav,14.515584945678711,14.692174911499023,14.191197395324707,14.385483741760254
/data/public/EchoSet/test/RPmz2sHmrrY/0_5_living_room/4446_4992/mix.wav,12.591041564941406,12.698663711547852,11.639965057373047,11.8171968460083
/data/public/EchoSet/test/RPmz2sHmrrY/0_5_living_room/260_121/mix.wav,15.53580093383789,15.698774337768555,15.150099754333496,15.370804786682129
/data/public/EchoSet/test/RPmz2sHmrrY/0_5_living_room/1320_5142/mix.wav,12.331823348999023,12.732234001159668,11.796455383300781,12.249052047729492
/data/public/EchoSet/test/RPmz2sHmrrY/0_5_living_room/2961_5105/mix.wav,14.394269943237305,14.425324440002441,12.8102445602417,12.869604110717773
/data/public/EchoSet/test/RPmz2sHmrrY/0_5_living_room/5105_3729/mix.wav,10.614830017089844,10.334545135498047,7.070090293884277,7.069611549377441
/data/public/EchoSet/test/RPmz2sHmrrY/0_5_living_room/672_4077/mix.wav,7.255491256713867,7.272775650024414,6.5749921798706055,6.648538589477539
/data/public/EchoSet/test/RPmz2sHmrrY/0_5_living_room/5105_8555/mix.wav,14.860223770141602,15.08410358428955,14.528203964233398,14.80051040649414
/data/public/EchoSet/test/RPmz2sHmrrY/0_5_living_room/2830_4507/mix.wav,12.952892303466797,12.012118339538574,12.56789779663086,12.885009765625
/data/public/EchoSet/test/RPmz2sHmrrY/0_5_living_room/121_1580/mix.wav,13.743876457214355,13.863492965698242,13.285764694213867,13.444659233093262
/data/public/EchoSet/test/RPmz2sHmrrY/0_5_living_room/2830_121/mix.wav,14.77796745300293,14.784412384033203,14.309752464294434,14.358397483825684
/data/public/EchoSet/test/RPmz2sHmrrY/0_5_living_room/3575_61/mix.wav,11.38267993927002,11.58090877532959,11.01419448852539,11.232841491699219
/data/public/EchoSet/test/RPmz2sHmrrY/0_5_living_room/2094_1580/mix.wav,16.667591094970703,17.021469116210938,16.071857452392578,16.476787567138672
/data/public/EchoSet/test/RPmz2sHmrrY/0_5_living_room/672_2300/mix.wav,11.384014129638672,11.929368019104004,10.097524642944336,10.706854820251465
/data/public/EchoSet/test/RPmz2sHmrrY/0_5_living_room/237_6829/mix.wav,12.26943588256836,12.42829418182373,11.348435401916504,11.580598831176758
/data/public/EchoSet/test/RPmz2sHmrrY/0_5_living_room/1089_4970/mix.wav,12.40439224243164,12.716283798217773,11.985973358154297,12.415404319763184
/data/public/EchoSet/test/RPmz2sHmrrY/0_5_living_room/908_672/mix.wav,14.717748641967773,14.800018310546875,14.399223327636719,14.51413631439209
/data/public/EchoSet/test/RPmz2sHmrrY/0_5_living_room/121_3570/mix.wav,15.283010482788086,15.341608047485352,15.04541301727295,15.144579887390137
/data/public/EchoSet/test/RPmz2sHmrrY/0_5_living_room/8224_3570/mix.wav,13.935884475708008,13.849496841430664,13.577831268310547,13.581493377685547
/data/public/EchoSet/test/RPmz2sHmrrY/0_5_living_room/1089_7729/mix.wav,12.30978775024414,12.638108253479004,12.097875595092773,12.452412605285645
/data/public/EchoSet/test/RPmz2sHmrrY/0_5_living_room/2961_4507/mix.wav,14.614473342895508,14.808825492858887,14.21150016784668,14.476917266845703
/data/public/EchoSet/test/RPmz2sHmrrY/0_5_living_room/260_4446/mix.wav,11.46132755279541,11.82788372039795,11.223552703857422,11.668132781982422
/data/public/EchoSet/test/RPmz2sHmrrY/0_5_living_room/4446_237/mix.wav,12.817420959472656,12.922718048095703,11.977080345153809,12.119288444519043
/data/public/EchoSet/test/RPmz2sHmrrY/0_5_living_room/6829_7127/mix.wav,13.375394821166992,13.30593204498291,12.941091537475586,12.934036254882812
/data/public/EchoSet/test/RPmz2sHmrrY/0_5_living_room/8230_672/mix.wav,10.339874267578125,10.79091739654541,9.7357759475708,10.22456169128418
/data/public/EchoSet/test/RPmz2sHmrrY/0_5_living_room/237_7176/mix.wav,14.827377319335938,14.777416229248047,14.345128059387207,14.386031150817871
/data/public/EchoSet/test/RPmz2sHmrrY/0_5_living_room/8555_4992/mix.wav,17.00337791442871,17.10494041442871,16.505447387695312,16.633468627929688
/data/public/EchoSet/test/RPmz2sHmrrY/0_5_living_room/5683_1320/mix.wav,11.884645462036133,12.325069427490234,11.614372253417969,12.140510559082031
/data/public/EchoSet/test/RPmz2sHmrrY/0_5_living_room/1089_4077/mix.wav,16.274219512939453,16.192882537841797,15.948932647705078,15.906675338745117
/data/public/EchoSet/test/RPmz2sHmrrY/0_5_living_room/4970_260/mix.wav,15.481725692749023,15.482725143432617,15.023143768310547,15.067270278930664
/data/public/EchoSet/test/RPmz2sHmrrY/0_5_living_room/2961_1320/mix.wav,13.762685775756836,13.995977401733398,13.540855407714844,13.82496166229248
/data/public/EchoSet/test/RPmz2sHmrrY/0_5_living_room/2961_672/mix.wav,16.052879333496094,16.09962272644043,15.391368865966797,15.478531837463379
/data/public/EchoSet/test/RPmz2sHmrrY/0_5_living_room/4077_4507/mix.wav,14.50074291229248,14.104959487915039,14.309134483337402,14.599010467529297
/data/public/EchoSet/test/RPmz2sHmrrY/0_5_living_room/1284_4970/mix.wav,13.813313484191895,14.033843040466309,13.262866973876953,13.532369613647461
/data/public/EchoSet/test/RPmz2sHmrrY/0_5_living_room/2094_2961/mix.wav,15.51150131225586,15.679024696350098,15.23584270477295,15.495614051818848
/data/public/EchoSet/test/RPmz2sHmrrY/0_5_living_room/7021_8224/mix.wav,13.90233039855957,14.03809642791748,13.66700553894043,13.827102661132812
/data/public/EchoSet/test/RPmz2sHmrrY/0_5_living_room/1089_908/mix.wav,12.74323844909668,13.0372314453125,12.562093734741211,12.892562866210938
/data/public/EchoSet/test/RPmz2sHmrrY/0_5_living_room/3570_4970/mix.wav,13.55656909942627,13.711020469665527,13.255437850952148,13.469905853271484
/data/public/EchoSet/test/RPmz2sHmrrY/0_5_living_room/3729_3570/mix.wav,14.390121459960938,14.393350601196289,13.324579238891602,13.409042358398438
/data/public/EchoSet/test/RPmz2sHmrrY/0_5_living_room/672_2094/mix.wav,7.901864051818848,8.405839920043945,7.316694736480713,7.860360622406006
/data/public/EchoSet/test/RPmz2sHmrrY/0_5_living_room/61_3729/mix.wav,15.738086700439453,15.779458999633789,15.386439323425293,15.466643333435059
/data/public/EchoSet/test/RPmz2sHmrrY/0_5_living_room/8455_5639/mix.wav,11.960055351257324,11.521015167236328,11.404470443725586,11.121408462524414
/data/public/EchoSet/test/RPmz2sHmrrY/0_5_living_room/1580_2961/mix.wav,15.669500350952148,15.680221557617188,15.022907257080078,15.073636054992676
/data/public/EchoSet/test/RPmz2sHmrrY/0_5_living_room/5639_7176/mix.wav,16.93334197998047,16.978717803955078,16.668039321899414,16.73196792602539
/data/public/EchoSet/test/RPmz2sHmrrY/0_5_living_room/237_260/mix.wav,10.778083801269531,11.169976234436035,9.440863609313965,9.922569274902344
/data/public/EchoSet/test/RPmz2sHmrrY/0_5_living_room/8230_260/mix.wav,11.18411636352539,11.717658996582031,10.925851821899414,11.5049467086792
/data/public/EchoSet/test/RPmz2sHmrrY/0_5_living_room/8455_8230/mix.wav,15.932080268859863,16.07767105102539,15.482013702392578,15.671651840209961
/data/public/EchoSet/test/RPmz2sHmrrY/0_5_living_room/7127_8555/mix.wav,17.25333595275879,17.38629150390625,16.89306640625,17.069076538085938
/data/public/EchoSet/test/RPmz2sHmrrY/0_5_living_room/61_7021/mix.wav,12.605659484863281,12.753561973571777,11.848640441894531,12.055665016174316
/data/public/EchoSet/test/RPmz2sHmrrY/0_5_living_room/7127_4077/mix.wav,13.476739883422852,13.450312614440918,13.043158531188965,13.054827690124512
/data/public/EchoSet/test/RPmz2sHmrrY/0_5_living_room/5142_2094/mix.wav,10.815718650817871,10.966343879699707,9.276288032531738,9.484423637390137
/data/public/EchoSet/test/RPmz2sHmrrY/0_5_living_room/2094_4507/mix.wav,14.371919631958008,14.548830032348633,14.000730514526367,14.246298789978027
/data/public/EchoSet/test/RPmz2sHmrrY/0_5_living_room/5683_1995/mix.wav,18.259796142578125,18.22414779663086,17.40955352783203,17.445817947387695
/data/public/EchoSet/test/RPmz2sHmrrY/0_5_living_room/8455_908/mix.wav,14.502687454223633,14.385558128356934,14.073297500610352,14.01948356628418
/data/public/EchoSet/test/RPmz2sHmrrY/0_5_living_room/5142_4970/mix.wav,14.685234069824219,14.9318208694458,14.435649871826172,14.729985237121582
/data/public/EchoSet/test/RPmz2sHmrrY/0_5_living_room/5639_6829/mix.wav,16.21747589111328,16.301069259643555,15.979676246643066,16.084749221801758
/data/public/EchoSet/test/RPmz2sHmrrY/0_5_living_room/3575_7021/mix.wav,14.284310340881348,14.332846641540527,13.900243759155273,14.015243530273438
/data/public/EchoSet/test/RPmz2sHmrrY/0_5_living_room/121_5105/mix.wav,14.402139663696289,14.545585632324219,13.977935791015625,14.214693069458008
/data/public/EchoSet/test/RPmz2sHmrrY/0_5_living_room/908_7729/mix.wav,12.863371849060059,13.086851119995117,12.385641098022461,12.63618278503418
/data/public/EchoSet/test/RPmz2sHmrrY/0_5_living_room/4992_1188/mix.wav,12.259331703186035,12.655941009521484,10.025936126708984,10.493667602539062
/data/public/EchoSet/test/RPmz2sHmrrY/0_4_dining_room/4446_7127/mix.wav,14.273902893066406,14.248682975769043,13.792703628540039,13.815747261047363
/data/public/EchoSet/test/RPmz2sHmrrY/0_4_dining_room/3570_121/mix.wav,17.098243713378906,17.119522094726562,16.807697296142578,16.860639572143555
/data/public/EchoSet/test/RPmz2sHmrrY/0_4_dining_room/4507_1580/mix.wav,14.351673126220703,14.670893669128418,14.176324844360352,14.530733108520508
/data/public/EchoSet/test/RPmz2sHmrrY/0_4_dining_room/5639_1580/mix.wav,16.19742202758789,16.31015396118164,15.955967903137207,16.109909057617188
/data/public/EchoSet/test/RPmz2sHmrrY/0_4_dining_room/2094_672/mix.wav,9.838947296142578,10.092469215393066,9.513263702392578,9.850117683410645
/data/public/EchoSet/test/RPmz2sHmrrY/0_4_dining_room/5683_1188/mix.wav,12.55824089050293,13.024626731872559,11.974641799926758,12.553327560424805
/data/public/EchoSet/test/RPmz2sHmrrY/0_4_dining_room/8224_4992/mix.wav,12.701715469360352,12.834985733032227,10.63438606262207,10.929952621459961
/data/public/EchoSet/test/RPmz2sHmrrY/0_4_dining_room/8455_4077/mix.wav,15.690526962280273,15.709031105041504,15.373961448669434,15.419258117675781
/data/public/EchoSet/test/RPmz2sHmrrY/0_4_dining_room/7176_2830/mix.wav,15.196490287780762,15.377570152282715,15.03960132598877,15.269968032836914
/data/public/EchoSet/test/RPmz2sHmrrY/0_4_dining_room/8455_3729/mix.wav,15.541434288024902,15.419973373413086,14.908344268798828,14.988166809082031
/data/public/EchoSet/test/RPmz2sHmrrY/0_4_dining_room/2961_1188/mix.wav,13.85610294342041,13.93658447265625,13.303869247436523,13.477438926696777
/data/public/EchoSet/test/RPmz2sHmrrY/0_4_dining_room/4507_1995/mix.wav,13.923178672790527,14.412223815917969,13.708887100219727,14.239594459533691
/data/public/EchoSet/test/RPmz2sHmrrY/0_4_dining_room/2300_4446/mix.wav,15.33340072631836,15.44159984588623,14.84887409210205,15.009393692016602
/data/public/EchoSet/test/RPmz2sHmrrY/0_4_dining_room/6829_4992/mix.wav,13.74011516571045,13.75624942779541,13.462838172912598,13.538925170898438
/data/public/EchoSet/test/RPmz2sHmrrY/0_4_dining_room/4077_4992/mix.wav,14.348134994506836,14.460792541503906,13.99105167388916,14.148681640625
/data/public/EchoSet/test/RPmz2sHmrrY/0_4_dining_room/7021_8224/mix.wav,13.447229385375977,13.6690673828125,12.986930847167969,13.286882400512695
/data/public/EchoSet/test/RPmz2sHmrrY/0_4_dining_room/1995_8463/mix.wav,16.881397247314453,16.872440338134766,16.410476684570312,16.46066665649414
/data/public/EchoSet/test/RPmz2sHmrrY/0_4_dining_room/5105_1284/mix.wav,14.287988662719727,14.215737342834473,13.813477516174316,13.790111541748047
/data/public/EchoSet/test/RPmz2sHmrrY/0_4_dining_room/1089_260/mix.wav,13.170034408569336,13.290122032165527,12.876031875610352,13.023374557495117
/data/public/EchoSet/test/RPmz2sHmrrY/0_4_dining_room/61_2830/mix.wav,12.003379821777344,12.107002258300781,11.55319881439209,11.72204303741455
/data/public/EchoSet/test/RPmz2sHmrrY/0_4_dining_room/8224_260/mix.wav,13.497413635253906,13.504974365234375,13.254083633422852,13.308281898498535
/data/public/EchoSet/test/RPmz2sHmrrY/0_4_dining_room/5105_3575/mix.wav,15.445746421813965,15.500904083251953,14.831236839294434,14.909061431884766
/data/public/EchoSet/test/RPmz2sHmrrY/0_4_dining_room/7729_1580/mix.wav,14.268921852111816,14.52363109588623,13.917606353759766,14.298699378967285
/data/public/EchoSet/test/RPmz2sHmrrY/0_4_dining_room/61_2961/mix.wav,14.903668403625488,14.864227294921875,14.495858192443848,14.512369155883789
/data/public/EchoSet/test/RPmz2sHmrrY/0_4_dining_room/8555_5105/mix.wav,15.493537902832031,15.686762809753418,15.148504257202148,15.377237319946289
/data/public/EchoSet/test/RPmz2sHmrrY/0_4_dining_room/1089_2300/mix.wav,13.901555061340332,14.03369426727295,13.535150527954102,13.733973503112793
/data/public/EchoSet/test/RPmz2sHmrrY/0_4_dining_room/6829_4507/mix.wav,17.049545288085938,17.124309539794922,16.848651885986328,16.953901290893555
/data/public/EchoSet/test/RPmz2sHmrrY/0_4_dining_room/61_5683/mix.wav,15.807781219482422,15.781085968017578,14.778733253479004,14.786781311035156
/data/public/EchoSet/test/RPmz2sHmrrY/0_4_dining_room/1284_2094/mix.wav,16.575103759765625,16.628124237060547,15.506406784057617,15.627618789672852
/data/public/EchoSet/test/RPmz2sHmrrY/0_4_dining_room/7127_5639/mix.wav,12.814970016479492,12.725951194763184,12.46776008605957,12.457687377929688
/data/public/EchoSet/test/RPmz2sHmrrY/0_4_dining_room/1320_1284/mix.wav,15.087137222290039,14.892387390136719,14.736482620239258,14.623651504516602
/data/public/EchoSet/test/RPmz2sHmrrY/0_4_dining_room/4970_1284/mix.wav,15.096369743347168,15.064251899719238,14.536737442016602,14.64100456237793
/data/public/EchoSet/test/RPmz2sHmrrY/0_4_dining_room/3729_2961/mix.wav,12.13080883026123,11.905692100524902,11.514791488647461,11.470216751098633
/data/public/EchoSet/test/RPmz2sHmrrY/0_4_dining_room/4446_2830/mix.wav,20.231136322021484,20.322729110717773,20.131916046142578,20.250364303588867
/data/public/EchoSet/test/RPmz2sHmrrY/0_4_dining_room/7729_2830/mix.wav,16.227622985839844,16.27208709716797,15.62808609008789,15.693793296813965
/data/public/EchoSet/test/RPmz2sHmrrY/0_4_dining_room/8230_1320/mix.wav,12.391083717346191,12.47034740447998,12.154264450073242,12.274386405944824
/data/public/EchoSet/test/RPmz2sHmrrY/0_4_dining_room/7021_8463/mix.wav,17.297399520874023,17.374116897583008,16.934646606445312,17.045255661010742
/data/public/EchoSet/test/RPmz2sHmrrY/0_4_dining_room/8555_7127/mix.wav,16.215829849243164,16.192689895629883,14.927111625671387,14.978058815002441
/data/public/EchoSet/test/RPmz2sHmrrY/0_4_dining_room/5105_908/mix.wav,14.964282989501953,14.451021194458008,14.510385513305664,14.303922653198242
/data/public/EchoSet/test/RPmz2sHmrrY/0_4_dining_room/3570_672/mix.wav,16.993183135986328,17.21968650817871,16.825008392333984,17.074443817138672
/data/public/EchoSet/test/RPmz2sHmrrY/0_4_dining_room/121_1089/mix.wav,14.615020751953125,14.80958080291748,14.235107421875,14.492390632629395
/data/public/EchoSet/test/RPmz2sHmrrY/0_4_dining_room/4077_7176/mix.wav,14.305261611938477,14.47610855102539,13.683752059936523,13.903868675231934
/data/public/EchoSet/test/RPmz2sHmrrY/0_4_dining_room/3570_7021/mix.wav,16.330486297607422,16.329078674316406,16.088605880737305,16.161527633666992
/data/public/EchoSet/test/RPmz2sHmrrY/0_4_dining_room/2094_6930/mix.wav,13.612171173095703,13.348872184753418,11.292557716369629,11.093132972717285
/data/public/EchoSet/test/RPmz2sHmrrY/0_4_dining_room/2961_5683/mix.wav,14.821674346923828,14.96757698059082,14.144571304321289,14.391066551208496
/data/public/EchoSet/test/RPmz2sHmrrY/0_4_dining_room/4077_672/mix.wav,10.568971633911133,10.509130477905273,8.188811302185059,8.256284713745117
/data/public/EchoSet/test/RPmz2sHmrrY/0_4_dining_room/8463_2961/mix.wav,13.663890838623047,13.800619125366211,13.354743957519531,13.54495620727539
/data/public/EchoSet/test/RPmz2sHmrrY/0_4_dining_room/5142_908/mix.wav,12.004100799560547,12.633777618408203,11.745580673217773,12.44204044342041
/data/public/EchoSet/test/RPmz2sHmrrY/0_4_dining_room/3570_8224/mix.wav,12.844467163085938,13.012833595275879,12.66649055480957,12.97346305847168
/data/public/EchoSet/test/RPmz2sHmrrY/0_4_dining_room/2830_237/mix.wav,12.510416030883789,12.934592247009277,11.910239219665527,12.42662525177002
/data/public/EchoSet/test/RPmz2sHmrrY/0_4_dining_room/237_5639/mix.wav,13.485420227050781,13.727851867675781,13.269813537597656,13.5642728805542
/data/public/EchoSet/test/RPmz2sHmrrY/0_4_dining_room/3729_1221/mix.wav,13.583442687988281,13.682602882385254,13.049747467041016,13.229284286499023
/data/public/EchoSet/test/RPmz2sHmrrY/0_4_dining_room/1188_1221/mix.wav,14.607504844665527,14.620201110839844,14.115996360778809,14.16149616241455
/data/public/EchoSet/test/RPmz2sHmrrY/0_4_dining_room/1995_5105/mix.wav,13.757266998291016,14.094440460205078,13.241891860961914,13.651087760925293
/data/public/EchoSet/test/RPmz2sHmrrY/0_4_dining_room/1089_1188/mix.wav,14.401371002197266,14.408647537231445,14.157981872558594,14.217508316040039
/data/public/EchoSet/test/RPmz2sHmrrY/0_4_dining_room/1089_4446/mix.wav,13.519352912902832,13.64875316619873,13.275017738342285,13.475235939025879
/data/public/EchoSet/test/RPmz2sHmrrY/0_4_dining_room/5639_8224/mix.wav,14.35806655883789,14.139703750610352,14.04891300201416,13.879247665405273
/data/public/EchoSet/test/RPmz2sHmrrY/0_4_dining_room/6930_121/mix.wav,10.98818302154541,11.143525123596191,10.217700958251953,10.488512992858887
/data/public/EchoSet/test/RPmz2sHmrrY/0_4_dining_room/4970_260/mix.wav,12.643278121948242,13.110411643981934,12.393681526184082,12.923983573913574
/data/public/EchoSet/test/RPmz2sHmrrY/0_4_dining_room/7729_8555/mix.wav,16.24250030517578,16.276647567749023,15.583834648132324,15.75244426727295
/data/public/EchoSet/test/RPmz2sHmrrY/0_4_dining_room/5639_908/mix.wav,14.640389442443848,14.596604347229004,14.392058372497559,14.414079666137695
/data/public/EchoSet/test/RPmz2sHmrrY/0_4_dining_room/237_61/mix.wav,10.946985244750977,11.240486145019531,9.918950080871582,10.297762870788574
/data/public/EchoSet/test/RPmz2sHmrrY/0_4_dining_room/4446_5142/mix.wav,11.385185241699219,11.540718078613281,10.889355659484863,11.122194290161133
/data/public/EchoSet/test/RPmz2sHmrrY/0_4_dining_room/260_4992/mix.wav,13.372710227966309,13.54684829711914,12.997637748718262,13.225419998168945
/data/public/EchoSet/test/RPmz2sHmrrY/0_4_dining_room/7021_1995/mix.wav,20.53911590576172,20.522546768188477,20.270030975341797,20.27495002746582
/data/public/EchoSet/test/RPmz2sHmrrY/0_4_dining_room/7176_7729/mix.wav,9.22334098815918,9.723884582519531,8.766073226928711,9.313674926757812
/data/public/EchoSet/test/RPmz2sHmrrY/0_4_dining_room/4970_6930/mix.wav,12.766965866088867,12.796380996704102,12.464585304260254,12.532079696655273
/data/public/EchoSet/test/RPmz2sHmrrY/0_4_dining_room/7127_6829/mix.wav,13.429640769958496,13.475983619689941,13.069643020629883,13.175869941711426
/data/public/EchoSet/test/RPmz2sHmrrY/0_4_dining_room/8230_2094/mix.wav,13.307676315307617,13.66757583618164,12.43617057800293,12.827441215515137
/data/public/EchoSet/test/RPmz2sHmrrY/0_4_dining_room/121_4507/mix.wav,14.430789947509766,14.969586372375488,14.102594375610352,14.689023971557617
/data/public/EchoSet/test/RPmz2sHmrrY/0_4_dining_room/8463_672/mix.wav,11.444860458374023,11.841064453125,10.950069427490234,11.464309692382812
/data/public/EchoSet/test/RPmz2sHmrrY/0_4_dining_room/7729_7021/mix.wav,16.537649154663086,16.516712188720703,16.220001220703125,16.240135192871094
/data/public/EchoSet/test/RPmz2sHmrrY/0_4_dining_room/4077_7729/mix.wav,8.443077087402344,9.131641387939453,8.10128402709961,8.918222427368164
/data/public/EchoSet/test/RPmz2sHmrrY/0_4_dining_room/4970_1320/mix.wav,18.870952606201172,18.89005470275879,18.598114013671875,18.674707412719727
/data/public/EchoSet/test/RPmz2sHmrrY/0_4_dining_room/6829_2094/mix.wav,13.171504974365234,13.124656677246094,10.134628295898438,10.186447143554688
/data/public/EchoSet/test/RPmz2sHmrrY/0_4_dining_room/3729_8455/mix.wav,13.12979507446289,13.213682174682617,12.71304702758789,12.990458488464355
/data/public/EchoSet/test/RPmz2sHmrrY/0_4_dining_room/4992_8555/mix.wav,13.62784194946289,13.82773208618164,13.37974739074707,13.662087440490723
/data/public/EchoSet/test/RPmz2sHmrrY/0_4_dining_room/8230_3575/mix.wav,12.17623519897461,12.148147583007812,9.13327693939209,9.138623237609863
/data/public/EchoSet/test/RPmz2sHmrrY/0_4_dining_room/61_8463/mix.wav,16.325260162353516,16.28830909729004,15.78306770324707,15.809707641601562
/data/public/EchoSet/test/RPmz2sHmrrY/0_4_dining_room/3575_4507/mix.wav,17.089866638183594,17.134620666503906,16.825923919677734,16.89003562927246
/data/public/EchoSet/test/RPmz2sHmrrY/0_4_dining_room/7176_5142/mix.wav,15.828543663024902,15.812383651733398,15.47486686706543,15.549543380737305
/data/public/EchoSet/test/RPmz2sHmrrY/0_4_dining_room/5142_3570/mix.wav,15.109363555908203,15.131246566772461,14.782633781433105,14.883584022521973
/data/public/EchoSet/test/RPmz2sHmrrY/0_4_dining_room/6930_1188/mix.wav,4.557628631591797,4.87974739074707,3.9944276809692383,4.360313415527344
/data/public/EchoSet/test/RPmz2sHmrrY/0_4_dining_room/7176_8230/mix.wav,12.616214752197266,12.798971176147461,12.284008026123047,12.555865287780762
/data/public/EchoSet/test/RPmz2sHmrrY/0_4_dining_room/2300_672/mix.wav,11.255252838134766,11.433317184448242,10.333328247070312,10.567970275878906
/data/public/EchoSet/test/RPmz2sHmrrY/0_4_dining_room/8455_2961/mix.wav,13.344110488891602,13.17981243133545,12.936330795288086,12.834762573242188
/data/public/EchoSet/test/RPmz2sHmrrY/0_4_dining_room/7021_121/mix.wav,13.873817443847656,14.236177444458008,13.606485366821289,14.046245574951172
/data/public/EchoSet/test/RPmz2sHmrrY/0_4_dining_room/6829_1221/mix.wav,10.286322593688965,10.631654739379883,9.807851791381836,10.21342658996582
/data/public/EchoSet/test/RPmz2sHmrrY/0_4_dining_room/2300_3575/mix.wav,14.51177978515625,14.606267929077148,13.945015907287598,14.093181610107422
/data/public/EchoSet/test/RPmz2sHmrrY/0_4_dining_room/2830_1284/mix.wav,15.808544158935547,15.850648880004883,15.226058959960938,15.310976028442383
/data/public/EchoSet/test/RPmz2sHmrrY/0_4_dining_room/4507_4970/mix.wav,17.467321395874023,17.42177963256836,17.262435913085938,17.28166389465332
/data/public/EchoSet/test/RPmz2sHmrrY/0_4_dining_room/8230_2300/mix.wav,15.885597229003906,15.889704704284668,15.645023345947266,15.695996284484863
/data/public/EchoSet/test/RPmz2sHmrrY/0_4_dining_room/237_7127/mix.wav,9.213693618774414,9.522356033325195,8.613702774047852,8.944402694702148
/data/public/EchoSet/test/RPmz2sHmrrY/0_4_dining_room/908_5142/mix.wav,12.445343971252441,13.155579566955566,12.246849060058594,13.01720142364502
/data/public/EchoSet/test/RPmz2sHmrrY/0_4_dining_room/8230_4077/mix.wav,14.058223724365234,13.88685417175293,13.53785514831543,13.443859100341797
/data/public/EchoSet/test/RPmz2sHmrrY/0_4_dining_room/5639_3575/mix.wav,11.934992790222168,12.154947280883789,11.39010238647461,11.72891616821289
/data/public/EchoSet/test/RPmz2sHmrrY/0_4_dining_room/8555_1221/mix.wav,15.45234203338623,15.581954002380371,15.100944519042969,15.286596298217773
/data/public/EchoSet/test/RPmz2sHmrrY/0_4_dining_room/1284_6930/mix.wav,12.941267967224121,12.984102249145508,10.796792984008789,10.904251098632812
/data/public/EchoSet/test/RPmz2sHmrrY/0_4_dining_room/1580_8224/mix.wav,16.167343139648438,16.18152618408203,15.62445068359375,15.694759368896484
/data/public/EchoSet/test/RPmz2sHmrrY/0_4_dining_room/1089_5105/mix.wav,14.183883666992188,14.012596130371094,13.870745658874512,13.770251274108887
/data/public/EchoSet/test/RPmz2sHmrrY/0_4_dining_room/2094_8455/mix.wav,15.03913402557373,14.941224098205566,14.406793594360352,14.399759292602539
/data/public/EchoSet/test/RPmz2sHmrrY/0_4_dining_room/5142_7127/mix.wav,14.015983581542969,14.10598373413086,13.528724670410156,13.650137901306152
/data/public/EchoSet/test/RPmz2sHmrrY/0_4_dining_room/4446_4970/mix.wav,12.838213920593262,13.019563674926758,12.4761962890625,12.834233283996582
/data/public/EchoSet/test/RPmz2sHmrrY/0_4_dining_room/121_1580/mix.wav,13.836759567260742,14.050714492797852,13.524600982666016,13.78156852722168
/data/public/EchoSet/test/RPmz2sHmrrY/0_4_dining_room/7176_8455/mix.wav,13.386126518249512,13.432208061218262,12.98306655883789,13.14804744720459
/data/public/EchoSet/test/RPmz2sHmrrY/0_4_dining_room/5683_237/mix.wav,14.243321418762207,14.236722946166992,13.622175216674805,13.692107200622559
/data/public/EchoSet/test/RPmz2sHmrrY/0_4_dining_room/1320_1995/mix.wav,15.998464584350586,16.029678344726562,15.619485855102539,15.703126907348633
/data/public/EchoSet/test/RPmz2sHmrrY/0_4_dining_room/8463_260/mix.wav,14.433783531188965,14.811338424682617,14.059856414794922,14.485614776611328
/data/public/EchoSet/test/RPmz2sHmrrY/0_4_dining_room/3570_6829/mix.wav,12.81779956817627,12.744105339050293,11.801355361938477,11.812233924865723
/data/public/EchoSet/test/RPmz2sHmrrY/0_4_dining_room/1580_61/mix.wav,13.023235321044922,13.095619201660156,12.523391723632812,12.66309928894043
/data/public/EchoSet/test/RPmz2sHmrrY/0_4_dining_room/260_1188/mix.wav,13.225311279296875,13.516841888427734,12.655843734741211,13.074904441833496
/data/public/EchoSet/test/RPmz2sHmrrY/0_4_dining_room/6930_1320/mix.wav,14.252618789672852,14.31253433227539,13.391651153564453,13.569252967834473
/data/public/EchoSet/test/RPmz2sHmrrY/0_4_dining_room/1995_237/mix.wav,14.935900688171387,14.8656005859375,14.448911666870117,14.482714653015137
/data/public/EchoSet/test/RPmz2sHmrrY/0_4_dining_room/5683_908/mix.wav,16.887815475463867,16.85315704345703,16.482494354248047,16.47181510925293
/data/public/EchoSet/test/RPmz2sHmrrY/0_4_dining_room/1320_672/mix.wav,9.840259552001953,9.95595932006836,8.594573974609375,8.788917541503906
/data/public/EchoSet/test/RPmz2sHmrrY/0_4_dining_room/1221_3729/mix.wav,13.57859992980957,13.780858993530273,13.155426979064941,13.411661148071289
avg,13.451887094209779,13.56160788617044,12.858196018377566,13.041952302191618
std,2.146056777026529,2.1054636534257734,2.3920399974212057,2.3509558895861806
