snt_id,sdr,sdr_i,si-snr,si-snr_i
/data/public/EchoSet/test/VLzqgDo317F/0_8_meetingroom_conferenceroom/6829_1089/mix.wav,2.7069833278656006,3.2390193939208984,1.908994197845459,2.527271270751953
/data/public/EchoSet/test/VLzqgDo317F/0_8_meetingroom_conferenceroom/5639_8463/mix.wav,2.3323793411254883,2.765392303466797,1.556896686553955,2.040647029876709
/data/public/EchoSet/test/VLzqgDo317F/0_8_meetingroom_conferenceroom/8555_5639/mix.wav,6.327915191650391,6.377894401550293,5.711659908294678,5.840217590332031
/data/public/EchoSet/test/VLzqgDo317F/0_8_meetingroom_conferenceroom/8555_8455/mix.wav,15.071063995361328,15.10235595703125,14.739585876464844,14.784502029418945
/data/public/EchoSet/test/VLzqgDo317F/0_8_meetingroom_conferenceroom/2961_672/mix.wav,1.701733112335205,1.6352198123931885,0.5374538898468018,0.5896028280258179
/data/public/EchoSet/test/VLzqgDo317F/0_8_meetingroom_conferenceroom/4970_2830/mix.wav,6.780939102172852,6.905549049377441,4.676248550415039,4.859293460845947
/data/public/EchoSet/test/VLzqgDo317F/0_8_meetingroom_conferenceroom/8230_8455/mix.wav,3.1427175998687744,3.111151933670044,2.6245248317718506,2.6606509685516357
/data/public/EchoSet/test/VLzqgDo317F/0_8_meetingroom_conferenceroom/2300_8463/mix.wav,7.345963954925537,7.3485565185546875,6.317024230957031,6.387707233428955
/data/public/EchoSet/test/VLzqgDo317F/0_8_meetingroom_conferenceroom/1284_3570/mix.wav,7.418454170227051,7.533902168273926,6.481326580047607,6.675254821777344
/data/public/EchoSet/test/VLzqgDo317F/0_8_meetingroom_conferenceroom/5105_1188/mix.wav,7.577191352844238,7.632368087768555,6.971551895141602,7.08259391784668
/data/public/EchoSet/test/VLzqgDo317F/0_8_meetingroom_conferenceroom/7127_4507/mix.wav,6.854592323303223,6.972096920013428,6.238885879516602,6.582901477813721
/data/public/EchoSet/test/VLzqgDo317F/0_8_meetingroom_conferenceroom/8230_1089/mix.wav,8.567445755004883,8.616201400756836,7.626007080078125,7.715412139892578
/data/public/EchoSet/test/VLzqgDo317F/0_8_meetingroom_conferenceroom/121_4992/mix.wav,10.097373962402344,10.261260032653809,9.727744102478027,9.9163236618042
/data/public/EchoSet/test/VLzqgDo317F/0_8_meetingroom_conferenceroom/2094_7021/mix.wav,8.2530517578125,8.15573501586914,6.992573261260986,6.966622352600098
/data/public/EchoSet/test/VLzqgDo317F/0_8_meetingroom_conferenceroom/908_7729/mix.wav,-1.4304245710372925,-1.35231351852417,-2.1917920112609863,-1.9574812650680542
/data/public/EchoSet/test/VLzqgDo317F/0_8_meetingroom_conferenceroom/2961_3575/mix.wav,4.881737232208252,5.113626956939697,3.75887393951416,4.050760269165039
/data/public/EchoSet/test/VLzqgDo317F/0_8_meetingroom_conferenceroom/7176_2300/mix.wav,5.961052417755127,5.783004283905029,5.364614009857178,5.234589576721191
/data/public/EchoSet/test/VLzqgDo317F/0_8_meetingroom_conferenceroom/908_2094/mix.wav,10.58648681640625,10.668817520141602,9.920282363891602,10.061912536621094
/data/public/EchoSet/test/VLzqgDo317F/0_8_meetingroom_conferenceroom/1221_5639/mix.wav,13.808454513549805,13.865972518920898,13.198150634765625,13.27741813659668
/data/public/EchoSet/test/VLzqgDo317F/0_8_meetingroom_conferenceroom/1580_8224/mix.wav,8.490083694458008,8.568695068359375,7.318978309631348,7.467146396636963
/data/public/EchoSet/test/VLzqgDo317F/0_8_meetingroom_conferenceroom/237_4992/mix.wav,4.163553714752197,4.272181987762451,3.505214214324951,3.6829280853271484
/data/public/EchoSet/test/VLzqgDo317F/0_8_meetingroom_conferenceroom/2094_8224/mix.wav,8.682929039001465,8.60865306854248,7.5281877517700195,7.504627227783203
/data/public/EchoSet/test/VLzqgDo317F/0_8_meetingroom_conferenceroom/2830_1284/mix.wav,4.868332862854004,5.005677700042725,3.929060459136963,4.126297473907471
/data/public/EchoSet/test/VLzqgDo317F/0_8_meetingroom_conferenceroom/8463_4970/mix.wav,10.656579971313477,10.759121894836426,9.889730453491211,10.036383628845215
/data/public/EchoSet/test/VLzqgDo317F/0_8_meetingroom_conferenceroom/8230_2300/mix.wav,3.0461671352386475,3.4675374031066895,2.7159461975097656,3.2115249633789062
/data/public/EchoSet/test/VLzqgDo317F/0_8_meetingroom_conferenceroom/1995_1580/mix.wav,10.399530410766602,10.376426696777344,8.638548851013184,8.666996002197266
/data/public/EchoSet/test/VLzqgDo317F/0_8_meetingroom_conferenceroom/2300_1284/mix.wav,4.394617557525635,4.69366455078125,3.604951858520508,3.935058832168579
/data/public/EchoSet/test/VLzqgDo317F/0_8_meetingroom_conferenceroom/5683_1284/mix.wav,9.113055229187012,9.494555473327637,8.371085166931152,8.778553009033203
/data/public/EchoSet/test/VLzqgDo317F/0_8_meetingroom_conferenceroom/61_4507/mix.wav,6.085410118103027,6.06770133972168,5.482583999633789,5.5672383308410645
/data/public/EchoSet/test/VLzqgDo317F/0_8_meetingroom_conferenceroom/8463_7729/mix.wav,10.207419395446777,10.437614440917969,9.700735092163086,9.980316162109375
/data/public/EchoSet/test/VLzqgDo317F/0_8_meetingroom_conferenceroom/7021_2830/mix.wav,-0.7379876375198364,-0.2472364902496338,-1.6146643161773682,-1.0858445167541504
/data/public/EchoSet/test/VLzqgDo317F/0_8_meetingroom_conferenceroom/1284_7127/mix.wav,2.377657413482666,2.447488784790039,1.8807098865509033,2.1553666591644287
/data/public/EchoSet/test/VLzqgDo317F/0_8_meetingroom_conferenceroom/3570_7127/mix.wav,7.806304454803467,7.597990036010742,7.0941548347473145,6.995815753936768
/data/public/EchoSet/test/VLzqgDo317F/0_8_meetingroom_conferenceroom/6829_4077/mix.wav,9.2553129196167,9.449910163879395,8.660320281982422,8.895971298217773
/data/public/EchoSet/test/VLzqgDo317F/0_8_meetingroom_conferenceroom/8555_4970/mix.wav,10.726572036743164,10.942416191101074,10.36238956451416,10.602787971496582
/data/public/EchoSet/test/VLzqgDo317F/0_8_meetingroom_conferenceroom/7021_3570/mix.wav,11.211996078491211,11.246631622314453,10.636224746704102,10.715347290039062
/data/public/EchoSet/test/VLzqgDo317F/0_8_meetingroom_conferenceroom/4446_8224/mix.wav,9.911103248596191,9.814769744873047,9.15272045135498,9.113914489746094
/data/public/EchoSet/test/VLzqgDo317F/0_8_meetingroom_conferenceroom/3575_1320/mix.wav,8.355321884155273,8.915884017944336,7.641069412231445,8.267026901245117
/data/public/EchoSet/test/VLzqgDo317F/0_8_meetingroom_conferenceroom/2961_3729/mix.wav,6.696715831756592,6.5534281730651855,5.782982349395752,5.759146690368652
/data/public/EchoSet/test/VLzqgDo317F/0_8_meetingroom_conferenceroom/8224_61/mix.wav,0.3677269220352173,-0.033344149589538574,0.06186795234680176,-0.25600409507751465
/data/public/EchoSet/test/VLzqgDo317F/0_8_meetingroom_conferenceroom/4077_7729/mix.wav,7.213788032531738,7.515568256378174,6.6175737380981445,6.983623504638672
/data/public/EchoSet/test/VLzqgDo317F/0_8_meetingroom_conferenceroom/3729_7021/mix.wav,7.98777961730957,8.266430854797363,7.4286370277404785,7.780237197875977
/data/public/EchoSet/test/VLzqgDo317F/0_8_meetingroom_conferenceroom/4507_1221/mix.wav,6.41586971282959,6.692995071411133,5.582015514373779,5.940548419952393
/data/public/EchoSet/test/VLzqgDo317F/0_8_meetingroom_conferenceroom/4446_1089/mix.wav,10.234148025512695,10.53249454498291,9.7152681350708,10.058155059814453
/data/public/EchoSet/test/VLzqgDo317F/0_8_meetingroom_conferenceroom/5142_2830/mix.wav,1.7695143222808838,1.920346736907959,0.6732459664344788,0.9077914953231812
/data/public/EchoSet/test/VLzqgDo317F/0_8_meetingroom_conferenceroom/7127_672/mix.wav,12.029274940490723,12.294363021850586,11.53775691986084,11.814104080200195
/data/public/EchoSet/test/VLzqgDo317F/0_8_meetingroom_conferenceroom/2830_8555/mix.wav,10.901214599609375,10.896154403686523,9.94344425201416,10.012316703796387
/data/public/EchoSet/test/VLzqgDo317F/0_8_meetingroom_conferenceroom/4507_5142/mix.wav,5.930835723876953,6.017826557159424,5.434578895568848,5.542651176452637
/data/public/EchoSet/test/VLzqgDo317F/0_8_meetingroom_conferenceroom/8230_2094/mix.wav,9.200591087341309,9.252248764038086,8.103273391723633,8.197315216064453
/data/public/EchoSet/test/VLzqgDo317F/0_8_meetingroom_conferenceroom/8463_5142/mix.wav,7.815828323364258,7.853651523590088,6.893350124359131,6.983936309814453
/data/public/EchoSet/test/VLzqgDo317F/0_8_meetingroom_conferenceroom/121_6930/mix.wav,8.079715728759766,8.24880599975586,7.31468391418457,7.533682823181152
/data/public/EchoSet/test/VLzqgDo317F/0_8_meetingroom_conferenceroom/5142_260/mix.wav,2.891995668411255,2.878223180770874,2.096445083618164,2.1671957969665527
/data/public/EchoSet/test/VLzqgDo317F/0_8_meetingroom_conferenceroom/237_3570/mix.wav,9.069205284118652,9.550283432006836,8.47561264038086,8.999929428100586
/data/public/EchoSet/test/VLzqgDo317F/0_8_meetingroom_conferenceroom/1221_3575/mix.wav,9.940329551696777,10.03947639465332,9.209799766540527,9.371119499206543
/data/public/EchoSet/test/VLzqgDo317F/0_8_meetingroom_conferenceroom/5105_5683/mix.wav,7.76106071472168,8.071978569030762,6.898994445800781,7.278913497924805
/data/public/EchoSet/test/VLzqgDo317F/0_8_meetingroom_conferenceroom/5105_61/mix.wav,8.320563316345215,8.119751930236816,7.5538482666015625,7.441181659698486
/data/public/EchoSet/test/VLzqgDo317F/0_8_meetingroom_conferenceroom/908_8455/mix.wav,9.622916221618652,9.500995635986328,9.124221801757812,9.1461181640625
/data/public/EchoSet/test/VLzqgDo317F/0_8_meetingroom_conferenceroom/1089_6829/mix.wav,8.843116760253906,8.896443367004395,8.257946014404297,8.375354766845703
/data/public/EchoSet/test/VLzqgDo317F/0_8_meetingroom_conferenceroom/5105_2830/mix.wav,5.711457252502441,2.692809820175171,4.67842435836792,2.802241086959839
/data/public/EchoSet/test/VLzqgDo317F/0_8_meetingroom_conferenceroom/1188_4077/mix.wav,8.496598243713379,8.71677303314209,7.8742499351501465,8.1268310546875
/data/public/EchoSet/test/VLzqgDo317F/0_8_meetingroom_conferenceroom/260_7176/mix.wav,2.7562103271484375,2.8548054695129395,2.21563720703125,2.3472180366516113
/data/public/EchoSet/test/VLzqgDo317F/0_8_meetingroom_conferenceroom/7729_2300/mix.wav,4.242382049560547,4.41376256942749,3.4599599838256836,3.683206558227539
/data/public/EchoSet/test/VLzqgDo317F/0_8_meetingroom_conferenceroom/1580_4970/mix.wav,1.0631617307662964,1.0987074375152588,0.25500357151031494,0.3728637993335724
/data/public/EchoSet/test/VLzqgDo317F/0_8_meetingroom_conferenceroom/1089_1995/mix.wav,11.058152198791504,10.992764472961426,10.531868934631348,10.515668869018555
/data/public/EchoSet/test/VLzqgDo317F/0_8_meetingroom_conferenceroom/4992_8455/mix.wav,10.635770797729492,10.64236068725586,10.31397819519043,10.369178771972656
/data/public/EchoSet/test/VLzqgDo317F/0_8_meetingroom_conferenceroom/61_1188/mix.wav,5.872251510620117,6.049609661102295,5.300219535827637,5.5062456130981445
/data/public/EchoSet/test/VLzqgDo317F/0_8_meetingroom_conferenceroom/4970_1188/mix.wav,12.451973915100098,12.729819297790527,11.703810691833496,12.003501892089844
/data/public/EchoSet/test/VLzqgDo317F/0_8_meetingroom_conferenceroom/8224_4970/mix.wav,4.202396869659424,4.77509880065918,3.3113722801208496,3.9934327602386475
/data/public/EchoSet/test/VLzqgDo317F/0_8_meetingroom_conferenceroom/237_1188/mix.wav,11.32653522491455,11.330429077148438,10.876619338989258,10.909008026123047
/data/public/EchoSet/test/VLzqgDo317F/0_8_meetingroom_conferenceroom/7021_6930/mix.wav,7.991621971130371,8.0844087600708,6.52928352355957,6.6563401222229
/data/public/EchoSet/test/VLzqgDo317F/0_8_meetingroom_conferenceroom/8555_7176/mix.wav,8.86155891418457,8.961653709411621,8.065077781677246,8.284660339355469
/data/public/EchoSet/test/VLzqgDo317F/0_8_meetingroom_conferenceroom/1995_5142/mix.wav,9.467634201049805,10.019320487976074,9.053155899047852,9.713652610778809
/data/public/EchoSet/test/VLzqgDo317F/0_8_meetingroom_conferenceroom/672_4507/mix.wav,9.228989601135254,9.777313232421875,8.971273422241211,9.551065444946289
/data/public/EchoSet/test/VLzqgDo317F/0_8_meetingroom_conferenceroom/2961_61/mix.wav,10.726666450500488,10.918941497802734,10.284259796142578,10.496061325073242
/data/public/EchoSet/test/VLzqgDo317F/0_8_meetingroom_conferenceroom/7127_3575/mix.wav,3.1739537715911865,3.35882306098938,1.9340810775756836,2.193990707397461
/data/public/EchoSet/test/VLzqgDo317F/0_8_meetingroom_conferenceroom/8455_61/mix.wav,5.470979690551758,5.682681083679199,5.073773384094238,5.3267035484313965
/data/public/EchoSet/test/VLzqgDo317F/0_8_meetingroom_conferenceroom/7176_908/mix.wav,0.3563268780708313,0.3955097794532776,0.07402481883764267,0.1882161796092987
/data/public/EchoSet/test/VLzqgDo317F/0_8_meetingroom_conferenceroom/8230_7176/mix.wav,3.4477124214172363,3.890939235687256,2.9766745567321777,3.54984712600708
/data/public/EchoSet/test/VLzqgDo317F/0_8_meetingroom_conferenceroom/7176_1580/mix.wav,13.293940544128418,13.404993057250977,12.910511016845703,13.056060791015625
/data/public/EchoSet/test/VLzqgDo317F/0_8_meetingroom_conferenceroom/3570_121/mix.wav,14.088397979736328,14.202092170715332,13.228281021118164,13.356346130371094
/data/public/EchoSet/test/VLzqgDo317F/0_8_meetingroom_conferenceroom/4446_4992/mix.wav,3.133934497833252,3.2654526233673096,2.5876970291137695,2.787250518798828
/data/public/EchoSet/test/VLzqgDo317F/0_8_meetingroom_conferenceroom/8230_4446/mix.wav,9.429222106933594,9.490985870361328,8.988893508911133,9.10251235961914
/data/public/EchoSet/test/VLzqgDo317F/0_8_meetingroom_conferenceroom/5142_3729/mix.wav,7.343799591064453,7.633728981018066,6.823800563812256,7.178360462188721
/data/public/EchoSet/test/VLzqgDo317F/0_8_meetingroom_conferenceroom/1995_4077/mix.wav,11.088836669921875,11.125174522399902,10.507737159729004,10.588358879089355
/data/public/EchoSet/test/VLzqgDo317F/0_8_meetingroom_conferenceroom/6829_7176/mix.wav,8.33471965789795,8.400489807128906,7.940025806427002,8.036611557006836
/data/public/EchoSet/test/VLzqgDo317F/0_8_meetingroom_conferenceroom/8555_4446/mix.wav,7.885974884033203,8.632325172424316,7.505328178405762,8.31579875946045
/data/public/EchoSet/test/VLzqgDo317F/0_8_meetingroom_conferenceroom/1188_5105/mix.wav,11.599791526794434,11.779088973999023,10.950141906738281,11.155054092407227
/data/public/EchoSet/test/VLzqgDo317F/0_8_meetingroom_conferenceroom/1320_8230/mix.wav,-0.6665581464767456,-0.7863091230392456,-1.802076816558838,-1.772768497467041
/data/public/EchoSet/test/VLzqgDo317F/0_8_meetingroom_conferenceroom/1580_4446/mix.wav,8.108901977539062,8.21403694152832,7.069277286529541,7.211802959442139
/data/public/EchoSet/test/VLzqgDo317F/0_8_meetingroom_conferenceroom/5105_2300/mix.wav,0.5546839237213135,0.5578281283378601,0.056991755962371826,0.11607718467712402
/data/public/EchoSet/test/VLzqgDo317F/0_8_meetingroom_conferenceroom/2094_1580/mix.wav,2.7116293907165527,2.6438655853271484,1.739635944366455,1.7098489999771118
/data/public/EchoSet/test/VLzqgDo317F/0_8_meetingroom_conferenceroom/8555_1320/mix.wav,13.323005676269531,13.147082328796387,12.890518188476562,12.810823440551758
/data/public/EchoSet/test/VLzqgDo317F/0_8_meetingroom_conferenceroom/7729_2830/mix.wav,8.773835182189941,8.934637069702148,8.055914878845215,8.249427795410156
/data/public/EchoSet/test/VLzqgDo317F/0_8_meetingroom_conferenceroom/5639_260/mix.wav,7.005894660949707,7.359434127807617,6.730845928192139,7.122493267059326
/data/public/EchoSet/test/VLzqgDo317F/0_8_meetingroom_conferenceroom/1221_4446/mix.wav,7.0161213874816895,7.379366397857666,6.314988136291504,6.805644512176514
/data/public/EchoSet/test/VLzqgDo317F/0_8_meetingroom_conferenceroom/1995_5639/mix.wav,8.971179008483887,9.338641166687012,8.635843276977539,9.06692886352539
/data/public/EchoSet/test/VLzqgDo317F/0_8_meetingroom_conferenceroom/908_4992/mix.wav,8.585254669189453,8.678337097167969,7.886251926422119,8.080146789550781
/data/public/EchoSet/test/VLzqgDo317F/0_8_meetingroom_conferenceroom/672_5683/mix.wav,2.6742358207702637,2.851266622543335,1.862425446510315,2.084596633911133
/data/public/EchoSet/test/VLzqgDo317F/0_8_meetingroom_conferenceroom/260_3575/mix.wav,12.869224548339844,12.960128784179688,12.393911361694336,12.526542663574219
/data/public/EchoSet/test/VLzqgDo317F/0_8_meetingroom_conferenceroom/3729_2961/mix.wav,4.874999523162842,5.2972941398620605,4.608773231506348,5.069087982177734
/data/public/EchoSet/test/VLzqgDo317F/0_8_meetingroom_conferenceroom/121_2094/mix.wav,6.397102355957031,6.77765417098999,6.008631229400635,6.435453414916992
/data/public/EchoSet/test/VLzqgDo317F/0_8_meetingroom_conferenceroom/4077_260/mix.wav,9.946503639221191,10.151317596435547,9.344694137573242,9.598413467407227
/data/public/EchoSet/test/VLzqgDo317F/0_8_meetingroom_conferenceroom/237_2300/mix.wav,9.744590759277344,10.131473541259766,9.48980712890625,9.902886390686035
/data/public/EchoSet/test/VLzqgDo317F/0_8_meetingroom_conferenceroom/237_1221/mix.wav,6.760408401489258,7.147181034088135,6.419852256774902,6.833225727081299
/data/public/EchoSet/test/VLzqgDo317F/0_8_meetingroom_conferenceroom/1320_1284/mix.wav,8.312402725219727,8.640795707702637,7.857998847961426,8.241787910461426
/data/public/EchoSet/test/VLzqgDo317F/0_8_meetingroom_conferenceroom/121_3729/mix.wav,9.546708106994629,9.573026657104492,8.924100875854492,9.002291679382324
/data/public/EchoSet/test/VLzqgDo317F/0_8_meetingroom_conferenceroom/6930_8463/mix.wav,-0.20651459693908691,-0.29360485076904297,-0.9212075471878052,-0.9014073610305786
/data/public/EchoSet/test/VLzqgDo317F/0_8_meetingroom_conferenceroom/7729_1995/mix.wav,10.597492218017578,10.757430076599121,10.275822639465332,10.48367977142334
/data/public/EchoSet/test/VLzqgDo317F/0_8_meetingroom_conferenceroom/672_1580/mix.wav,8.05093765258789,8.102931022644043,6.6025390625,6.676816940307617
/data/public/EchoSet/test/VLzqgDo317F/0_8_meetingroom_conferenceroom/260_5142/mix.wav,8.639519691467285,8.689763069152832,8.140996932983398,8.253850936889648
/data/public/EchoSet/test/VLzqgDo317F/0_8_meetingroom_conferenceroom/3729_6829/mix.wav,1.8025743961334229,1.9647555351257324,1.1467870473861694,1.352810263633728
/data/public/EchoSet/test/VLzqgDo317F/0_8_meetingroom_conferenceroom/121_1221/mix.wav,7.954277992248535,7.936251640319824,7.122316837310791,7.136922359466553
/data/public/EchoSet/test/VLzqgDo317F/0_8_meetingroom_conferenceroom/5105_1284/mix.wav,-0.7705167531967163,-0.12096750736236572,-2.8650240898132324,-2.1172449588775635
/data/public/EchoSet/test/VLzqgDo317F/0_8_meetingroom_conferenceroom/1320_4970/mix.wav,13.580820083618164,13.536707878112793,12.967422485351562,12.981032371520996
/data/public/EchoSet/test/VLzqgDo317F/0_8_meetingroom_conferenceroom/5683_6930/mix.wav,9.398783683776855,9.499950408935547,8.181693077087402,8.337164878845215
/data/public/EchoSet/test/VLzqgDo317F/0_8_meetingroom_conferenceroom/7127_1089/mix.wav,5.249061584472656,5.290040016174316,4.378100395202637,4.472488880157471
/data/public/EchoSet/test/VLzqgDo317F/0_8_meetingroom_conferenceroom/260_8224/mix.wav,6.14746618270874,6.268926620483398,5.647420406341553,5.810678005218506
/data/public/EchoSet/test/VLzqgDo317F/0_8_meetingroom_conferenceroom/6930_3575/mix.wav,4.952596664428711,5.068143844604492,4.003249168395996,4.189268112182617
/data/public/EchoSet/test/VLzqgDo317F/0_8_meetingroom_conferenceroom/4992_3570/mix.wav,2.824892282485962,3.0876224040985107,2.3739850521087646,2.6700992584228516
/data/public/EchoSet/test/VLzqgDo317F/0_8_meetingroom_conferenceroom/672_121/mix.wav,8.13706111907959,8.113678932189941,7.447953224182129,7.477944850921631
/data/public/EchoSet/test/VLzqgDo317F/0_8_meetingroom_conferenceroom/237_5639/mix.wav,11.153800964355469,11.15254020690918,10.84536361694336,10.889076232910156
/data/public/EchoSet/test/VLzqgDo317F/0_8_meetingroom_conferenceroom/7021_4077/mix.wav,5.4242777824401855,5.378510475158691,4.9783034324646,5.019873142242432
/data/public/EchoSet/test/VLzqgDo317F/0_8_meetingroom_conferenceroom/8463_3570/mix.wav,7.61074686050415,7.6844987869262695,6.797144889831543,6.972052097320557
/data/public/EchoSet/test/VLzqgDo317F/0_8_meetingroom_conferenceroom/3729_1320/mix.wav,4.663912773132324,4.991994857788086,3.3310389518737793,3.7164673805236816
/data/public/EchoSet/test/VLzqgDo317F/0_8_meetingroom_conferenceroom/61_8455/mix.wav,6.463149070739746,6.4342756271362305,5.683260917663574,5.745769023895264
/data/public/EchoSet/test/VLzqgDo317F/0_8_meetingroom_conferenceroom/4077_5683/mix.wav,5.0522589683532715,5.150808811187744,3.8774659633636475,4.03465461730957
/data/public/EchoSet/test/VLzqgDo317F/0_8_meetingroom_conferenceroom/4992_1188/mix.wav,12.277185440063477,12.246225357055664,11.644956588745117,11.664082527160645
/data/public/EchoSet/test/VLzqgDo317F/0_8_meetingroom_conferenceroom/1188_1320/mix.wav,6.199172019958496,6.089282989501953,5.596916675567627,5.580390453338623
/data/public/EchoSet/test/VLzqgDo317F/0_8_meetingroom_conferenceroom/1089_8455/mix.wav,0.8386282920837402,0.6912400722503662,0.38375306129455566,0.30862903594970703
/data/public/EchoSet/test/VLzqgDo317F/0_8_meetingroom_conferenceroom/6829_5683/mix.wav,6.965302467346191,7.0565185546875,6.527647018432617,6.660913944244385
/data/public/EchoSet/test/VLzqgDo317F/0_8_meetingroom_conferenceroom/4992_1995/mix.wav,2.3111305236816406,2.5350286960601807,1.3572783470153809,1.6083555221557617
/data/public/EchoSet/test/VLzqgDo317F/0_8_meetingroom_conferenceroom/3575_7021/mix.wav,11.965627670288086,12.003548622131348,11.517584800720215,11.586236953735352
/data/public/EchoSet/test/VLzqgDo317F/0_8_meetingroom_conferenceroom/7729_7127/mix.wav,8.552436828613281,9.000429153442383,8.265483856201172,8.738306045532227
/data/public/EchoSet/test/VLzqgDo317F/0_8_meetingroom_conferenceroom/6930_2094/mix.wav,6.146506309509277,6.323019027709961,4.684346675872803,4.908344745635986
/data/public/EchoSet/test/VLzqgDo317F/0_8_meetingroom_conferenceroom/2961_908/mix.wav,10.221567153930664,10.102739334106445,9.346345901489258,9.310280799865723
/data/public/EchoSet/test/VLzqgDo317F/0_8_meetingroom_conferenceroom/6829_2961/mix.wav,5.752072334289551,6.320953369140625,5.373691082000732,5.986297607421875
/data/public/EchoSet/test/VLzqgDo317F/0_8_meetingroom_conferenceroom/4507_672/mix.wav,8.38175106048584,8.878822326660156,8.00097942352295,8.573848724365234
/data/public/EchoSet/test/VLzqgDo317F/1_2_meetingroom_conferenceroom/7729_1995/mix.wav,11.42946720123291,11.759096145629883,11.072515487670898,11.425863265991211
/data/public/EchoSet/test/VLzqgDo317F/1_2_meetingroom_conferenceroom/8230_4992/mix.wav,9.974075317382812,10.029556274414062,9.331356048583984,9.429186820983887
/data/public/EchoSet/test/VLzqgDo317F/1_2_meetingroom_conferenceroom/237_4992/mix.wav,6.5857768058776855,7.020559310913086,6.127013206481934,6.87156867980957
/data/public/EchoSet/test/VLzqgDo317F/1_2_meetingroom_conferenceroom/3729_908/mix.wav,11.734548568725586,11.72998046875,10.890670776367188,10.982819557189941
/data/public/EchoSet/test/VLzqgDo317F/1_2_meetingroom_conferenceroom/6930_260/mix.wav,13.007469177246094,13.174114227294922,12.328855514526367,12.535282135009766
/data/public/EchoSet/test/VLzqgDo317F/1_2_meetingroom_conferenceroom/8555_5105/mix.wav,12.625030517578125,12.675126075744629,12.081357955932617,12.161384582519531
/data/public/EchoSet/test/VLzqgDo317F/1_2_meetingroom_conferenceroom/1320_7729/mix.wav,0.7499494552612305,0.9034103155136108,0.023897767066955566,0.2765263319015503
/data/public/EchoSet/test/VLzqgDo317F/1_2_meetingroom_conferenceroom/121_237/mix.wav,6.594305992126465,6.732465744018555,6.173933029174805,6.409783363342285
/data/public/EchoSet/test/VLzqgDo317F/1_2_meetingroom_conferenceroom/61_2961/mix.wav,6.250972747802734,6.570436477661133,4.793102264404297,5.17767333984375
/data/public/EchoSet/test/VLzqgDo317F/1_2_meetingroom_conferenceroom/1188_1580/mix.wav,12.475884437561035,12.48820686340332,11.978536605834961,12.034379005432129
/data/public/EchoSet/test/VLzqgDo317F/1_2_meetingroom_conferenceroom/7127_121/mix.wav,1.4131693840026855,1.715494155883789,0.36036431789398193,0.7582316398620605
/data/public/EchoSet/test/VLzqgDo317F/1_2_meetingroom_conferenceroom/8224_2961/mix.wav,8.790426254272461,9.064821243286133,8.095976829528809,8.389681816101074
/data/public/EchoSet/test/VLzqgDo317F/1_2_meetingroom_conferenceroom/8555_4507/mix.wav,8.092049598693848,8.218018531799316,7.787820816040039,7.953729629516602
/data/public/EchoSet/test/VLzqgDo317F/1_2_meetingroom_conferenceroom/1580_2961/mix.wav,10.15216064453125,10.390558242797852,9.79057502746582,10.072442054748535
/data/public/EchoSet/test/VLzqgDo317F/1_2_meetingroom_conferenceroom/121_908/mix.wav,9.662351608276367,9.763102531433105,8.921650886535645,9.057897567749023
/data/public/EchoSet/test/VLzqgDo317F/1_2_meetingroom_conferenceroom/1320_3575/mix.wav,10.477742195129395,10.364813804626465,9.592437744140625,9.550100326538086
/data/public/EchoSet/test/VLzqgDo317F/1_2_meetingroom_conferenceroom/4446_7176/mix.wav,11.040342330932617,11.300941467285156,10.494009017944336,10.803695678710938
/data/public/EchoSet/test/VLzqgDo317F/1_2_meetingroom_conferenceroom/1188_7176/mix.wav,5.681210041046143,5.787795066833496,5.2226152420043945,5.380533218383789
/data/public/EchoSet/test/VLzqgDo317F/1_2_meetingroom_conferenceroom/3570_4970/mix.wav,10.427942276000977,10.734612464904785,9.807910919189453,10.158127784729004
/data/public/EchoSet/test/VLzqgDo317F/1_2_meetingroom_conferenceroom/8455_5142/mix.wav,10.238420486450195,10.311074256896973,9.634435653686523,9.742445945739746
/data/public/EchoSet/test/VLzqgDo317F/1_2_meetingroom_conferenceroom/5105_8463/mix.wav,5.788364410400391,6.078458786010742,4.945381164550781,5.289824962615967
/data/public/EchoSet/test/VLzqgDo317F/1_2_meetingroom_conferenceroom/7176_5683/mix.wav,14.630958557128906,14.665456771850586,13.862204551696777,13.920502662658691
/data/public/EchoSet/test/VLzqgDo317F/1_2_meetingroom_conferenceroom/7176_121/mix.wav,10.744718551635742,10.847722053527832,10.18425464630127,10.323042869567871
/data/public/EchoSet/test/VLzqgDo317F/1_2_meetingroom_conferenceroom/7021_1221/mix.wav,1.073594093322754,1.4464956521987915,0.2228032350540161,0.6668823957443237
/data/public/EchoSet/test/VLzqgDo317F/1_2_meetingroom_conferenceroom/5639_3570/mix.wav,9.742952346801758,10.249829292297363,9.384834289550781,9.933619499206543
/data/public/EchoSet/test/VLzqgDo317F/1_2_meetingroom_conferenceroom/4970_8455/mix.wav,11.124837875366211,11.134944915771484,10.657394409179688,10.76017951965332
/data/public/EchoSet/test/VLzqgDo317F/1_2_meetingroom_conferenceroom/61_4507/mix.wav,10.19454288482666,10.385658264160156,9.53118896484375,9.771339416503906
/data/public/EchoSet/test/VLzqgDo317F/1_2_meetingroom_conferenceroom/8463_4446/mix.wav,6.181534767150879,6.235980033874512,5.662449836730957,5.824826240539551
/data/public/EchoSet/test/VLzqgDo317F/1_2_meetingroom_conferenceroom/6930_2094/mix.wav,2.5886104106903076,2.6196751594543457,0.8891984224319458,0.993951678276062
/data/public/EchoSet/test/VLzqgDo317F/1_2_meetingroom_conferenceroom/1284_8463/mix.wav,8.754570960998535,8.694319725036621,8.268912315368652,8.257304191589355
/data/public/EchoSet/test/VLzqgDo317F/1_2_meetingroom_conferenceroom/3570_8463/mix.wav,0.42784255743026733,0.7041000723838806,0.1893688440322876,0.506415069103241
/data/public/EchoSet/test/VLzqgDo317F/1_2_meetingroom_conferenceroom/3729_7127/mix.wav,9.61008358001709,9.515312194824219,7.855233669281006,7.93321418762207
/data/public/EchoSet/test/VLzqgDo317F/1_2_meetingroom_conferenceroom/2830_3570/mix.wav,9.376893997192383,8.857765197753906,7.519009590148926,7.953338623046875
/data/public/EchoSet/test/VLzqgDo317F/1_2_meetingroom_conferenceroom/4970_8224/mix.wav,9.927842140197754,10.142552375793457,9.461870193481445,9.721263885498047
/data/public/EchoSet/test/VLzqgDo317F/1_2_meetingroom_conferenceroom/5639_6829/mix.wav,8.548883438110352,8.456332206726074,8.056644439697266,8.053413391113281
/data/public/EchoSet/test/VLzqgDo317F/1_2_meetingroom_conferenceroom/8463_1580/mix.wav,7.338677406311035,7.573115825653076,6.532411575317383,6.92917013168335
/data/public/EchoSet/test/VLzqgDo317F/1_2_meetingroom_conferenceroom/7127_8230/mix.wav,8.250622749328613,8.11684799194336,7.3774871826171875,7.297759532928467
/data/public/EchoSet/test/VLzqgDo317F/1_2_meetingroom_conferenceroom/908_7021/mix.wav,11.53371810913086,11.671525001525879,11.106393814086914,11.27487564086914
/data/public/EchoSet/test/VLzqgDo317F/1_2_meetingroom_conferenceroom/6829_1580/mix.wav,8.446686744689941,8.634308815002441,7.7691521644592285,8.041288375854492
/data/public/EchoSet/test/VLzqgDo317F/1_2_meetingroom_conferenceroom/1284_8224/mix.wav,12.197602272033691,12.32376766204834,11.405887603759766,11.552486419677734
/data/public/EchoSet/test/VLzqgDo317F/1_2_meetingroom_conferenceroom/1995_5142/mix.wav,4.445583820343018,4.641897201538086,4.022953510284424,4.2348432540893555
/data/public/EchoSet/test/VLzqgDo317F/1_2_meetingroom_conferenceroom/1221_1320/mix.wav,12.94659423828125,13.057323455810547,11.765739440917969,11.917747497558594
/data/public/EchoSet/test/VLzqgDo317F/1_2_meetingroom_conferenceroom/61_7127/mix.wav,4.626013278961182,4.620321273803711,3.488919973373413,3.5848212242126465
/data/public/EchoSet/test/VLzqgDo317F/1_2_meetingroom_conferenceroom/6829_1188/mix.wav,9.889988899230957,9.884672164916992,9.267463684082031,9.378664016723633
/data/public/EchoSet/test/VLzqgDo317F/1_2_meetingroom_conferenceroom/5683_908/mix.wav,14.037637710571289,14.242443084716797,13.426546096801758,13.667776107788086
/data/public/EchoSet/test/VLzqgDo317F/1_2_meetingroom_conferenceroom/8230_672/mix.wav,7.1875081062316895,7.3162078857421875,6.485540390014648,6.646128177642822
/data/public/EchoSet/test/VLzqgDo317F/1_2_meetingroom_conferenceroom/3729_4507/mix.wav,10.59775447845459,10.995254516601562,10.016571998596191,10.443365097045898
/data/public/EchoSet/test/VLzqgDo317F/1_2_meetingroom_conferenceroom/2830_2961/mix.wav,11.696293830871582,11.628898620605469,9.629201889038086,9.637084007263184
/data/public/EchoSet/test/VLzqgDo317F/1_2_meetingroom_conferenceroom/260_7176/mix.wav,2.276796817779541,2.382093667984009,1.6402077674865723,1.824708342552185
/data/public/EchoSet/test/VLzqgDo317F/1_2_meetingroom_conferenceroom/1580_1320/mix.wav,10.157285690307617,10.309171676635742,9.431900024414062,9.654255867004395
/data/public/EchoSet/test/VLzqgDo317F/1_2_meetingroom_conferenceroom/2094_7127/mix.wav,8.086338996887207,8.372194290161133,7.026365280151367,7.38026237487793
/data/public/EchoSet/test/VLzqgDo317F/1_2_meetingroom_conferenceroom/672_4077/mix.wav,0.5364322662353516,0.5222055912017822,-0.2496323585510254,-0.18109655380249023
/data/public/EchoSet/test/VLzqgDo317F/1_2_meetingroom_conferenceroom/1188_5105/mix.wav,10.498950004577637,10.606429100036621,9.979328155517578,10.14037799835205
/data/public/EchoSet/test/VLzqgDo317F/1_2_meetingroom_conferenceroom/4992_2830/mix.wav,10.05492115020752,10.024211883544922,8.150651931762695,8.178251266479492
/data/public/EchoSet/test/VLzqgDo317F/1_2_meetingroom_conferenceroom/3729_5105/mix.wav,9.238632202148438,9.523404121398926,8.742864608764648,9.062541961669922
/data/public/EchoSet/test/VLzqgDo317F/1_2_meetingroom_conferenceroom/121_1995/mix.wav,6.994578838348389,7.104461193084717,6.494222640991211,6.697903156280518
/data/public/EchoSet/test/VLzqgDo317F/1_2_meetingroom_conferenceroom/6930_5142/mix.wav,10.27525520324707,10.293956756591797,9.736064910888672,9.81274700164795
/data/public/EchoSet/test/VLzqgDo317F/1_2_meetingroom_conferenceroom/8455_4970/mix.wav,10.797459602355957,10.965798377990723,10.38093376159668,10.589417457580566
/data/public/EchoSet/test/VLzqgDo317F/1_2_meetingroom_conferenceroom/2300_5683/mix.wav,7.217538833618164,7.6848673820495605,6.30519962310791,6.8376078605651855
/data/public/EchoSet/test/VLzqgDo317F/1_2_meetingroom_conferenceroom/61_7176/mix.wav,8.525320053100586,8.897263526916504,7.954329490661621,8.397505760192871
/data/public/EchoSet/test/VLzqgDo317F/1_2_meetingroom_conferenceroom/5105_1221/mix.wav,11.623922348022461,11.778810501098633,10.97048282623291,11.165715217590332
/data/public/EchoSet/test/VLzqgDo317F/1_2_meetingroom_conferenceroom/672_1089/mix.wav,7.284803867340088,7.449007034301758,6.533489227294922,6.7818827629089355
/data/public/EchoSet/test/VLzqgDo317F/1_2_meetingroom_conferenceroom/5105_4077/mix.wav,0.32559847831726074,0.32930052280426025,-0.35067975521087646,-0.29142439365386963
/data/public/EchoSet/test/VLzqgDo317F/1_2_meetingroom_conferenceroom/8224_6829/mix.wav,5.186729907989502,5.403295516967773,4.730477333068848,5.000707626342773
/data/public/EchoSet/test/VLzqgDo317F/1_2_meetingroom_conferenceroom/5142_260/mix.wav,9.61215591430664,9.317337036132812,8.817900657653809,8.657346725463867
/data/public/EchoSet/test/VLzqgDo317F/1_2_meetingroom_conferenceroom/3575_7729/mix.wav,11.38852310180664,11.635538101196289,10.88847827911377,11.179007530212402
/data/public/EchoSet/test/VLzqgDo317F/1_2_meetingroom_conferenceroom/2300_672/mix.wav,2.6006505489349365,2.9176418781280518,2.015697956085205,2.443758010864258
/data/public/EchoSet/test/VLzqgDo317F/1_2_meetingroom_conferenceroom/672_237/mix.wav,5.689356327056885,5.831325531005859,5.081798553466797,5.276302337646484
/data/public/EchoSet/test/VLzqgDo317F/1_2_meetingroom_conferenceroom/2830_4992/mix.wav,7.078940391540527,7.308066368103027,5.871031284332275,6.240142822265625
/data/public/EchoSet/test/VLzqgDo317F/1_2_meetingroom_conferenceroom/1995_5639/mix.wav,13.356559753417969,13.401093482971191,13.001673698425293,13.089805603027344
/data/public/EchoSet/test/VLzqgDo317F/1_2_meetingroom_conferenceroom/8230_6930/mix.wav,4.054553985595703,4.185314655303955,3.5892884731292725,3.8359131813049316
/data/public/EchoSet/test/VLzqgDo317F/1_2_meetingroom_conferenceroom/4077_1320/mix.wav,8.028018951416016,7.237360954284668,7.436196327209473,7.013411521911621
/data/public/EchoSet/test/VLzqgDo317F/1_2_meetingroom_conferenceroom/4446_5683/mix.wav,3.340690851211548,3.1401448249816895,2.597928285598755,2.51943302154541
/data/public/EchoSet/test/VLzqgDo317F/1_2_meetingroom_conferenceroom/1089_7729/mix.wav,8.899154663085938,8.841601371765137,8.417739868164062,8.3914155960083
/data/public/EchoSet/test/VLzqgDo317F/1_2_meetingroom_conferenceroom/2300_237/mix.wav,12.017602920532227,11.987505912780762,11.222944259643555,11.236912727355957
/data/public/EchoSet/test/VLzqgDo317F/1_2_meetingroom_conferenceroom/5639_8555/mix.wav,12.7542724609375,12.654800415039062,12.279642105102539,12.25672435760498
/data/public/EchoSet/test/VLzqgDo317F/1_2_meetingroom_conferenceroom/4507_8555/mix.wav,6.2761030197143555,6.179723739624023,5.300847053527832,5.237900733947754
/data/public/EchoSet/test/VLzqgDo317F/1_2_meetingroom_conferenceroom/4077_1284/mix.wav,10.291971206665039,10.459087371826172,9.939388275146484,10.152469635009766
/data/public/EchoSet/test/VLzqgDo317F/1_2_meetingroom_conferenceroom/7729_8224/mix.wav,11.958759307861328,12.072458267211914,11.63275146484375,11.774267196655273
/data/public/EchoSet/test/VLzqgDo317F/1_2_meetingroom_conferenceroom/4507_260/mix.wav,13.802257537841797,13.664630889892578,13.164266586303711,13.232841491699219
/data/public/EchoSet/test/VLzqgDo317F/1_2_meetingroom_conferenceroom/1284_908/mix.wav,10.486831665039062,10.676545143127441,10.093282699584961,10.325163841247559
/data/public/EchoSet/test/VLzqgDo317F/1_2_meetingroom_conferenceroom/2830_8230/mix.wav,2.142653703689575,2.213264226913452,0.794458270072937,1.0623193979263306
/data/public/EchoSet/test/VLzqgDo317F/1_2_meetingroom_conferenceroom/260_4970/mix.wav,11.501449584960938,11.751378059387207,10.515314102172852,10.881525993347168
/data/public/EchoSet/test/VLzqgDo317F/1_2_meetingroom_conferenceroom/1995_2961/mix.wav,6.076737403869629,6.00693941116333,5.090306758880615,5.089781761169434
/data/public/EchoSet/test/VLzqgDo317F/1_2_meetingroom_conferenceroom/6829_4970/mix.wav,10.240081787109375,10.359992980957031,9.812955856323242,9.965435981750488
/data/public/EchoSet/test/VLzqgDo317F/1_2_meetingroom_conferenceroom/4446_5639/mix.wav,11.028564453125,11.06437873840332,10.6580810546875,10.73043155670166
/data/public/EchoSet/test/VLzqgDo317F/1_2_meetingroom_conferenceroom/1284_4992/mix.wav,3.971289873123169,3.8416504859924316,3.1113924980163574,3.173436403274536
/data/public/EchoSet/test/VLzqgDo317F/1_2_meetingroom_conferenceroom/5639_8230/mix.wav,15.585331916809082,15.678839683532715,15.332664489746094,15.440918922424316
/data/public/EchoSet/test/VLzqgDo317F/1_2_meetingroom_conferenceroom/4507_8230/mix.wav,11.058202743530273,11.201094627380371,10.736478805541992,10.922163963317871
/data/public/EchoSet/test/VLzqgDo317F/1_2_meetingroom_conferenceroom/7021_1995/mix.wav,8.67624568939209,9.264820098876953,8.283430099487305,8.908538818359375
/data/public/EchoSet/test/VLzqgDo317F/1_2_meetingroom_conferenceroom/7021_4446/mix.wav,12.225059509277344,12.297018051147461,11.700648307800293,11.794818878173828
/data/public/EchoSet/test/VLzqgDo317F/1_2_meetingroom_conferenceroom/1089_7176/mix.wav,10.540314674377441,10.754374504089355,10.190802574157715,10.439674377441406
/data/public/EchoSet/test/VLzqgDo317F/1_2_meetingroom_conferenceroom/4446_5142/mix.wav,8.770198822021484,8.784273147583008,8.437548637390137,8.49452018737793
/data/public/EchoSet/test/VLzqgDo317F/1_2_meetingroom_conferenceroom/3570_2830/mix.wav,11.935966491699219,12.019219398498535,11.555587768554688,11.665316581726074
/data/public/EchoSet/test/VLzqgDo317F/1_2_meetingroom_conferenceroom/2094_4970/mix.wav,8.700180053710938,8.734020233154297,7.92277717590332,7.983603477478027
/data/public/EchoSet/test/VLzqgDo317F/1_2_meetingroom_conferenceroom/1188_3729/mix.wav,11.215655326843262,11.20041275024414,10.712244033813477,10.779557228088379
/data/public/EchoSet/test/VLzqgDo317F/1_2_meetingroom_conferenceroom/3729_4077/mix.wav,2.372840166091919,2.1356263160705566,1.8339507579803467,1.9521490335464478
/data/public/EchoSet/test/VLzqgDo317F/1_2_meetingroom_conferenceroom/1284_2961/mix.wav,6.3534345626831055,6.239006042480469,5.81243896484375,5.800638198852539
/data/public/EchoSet/test/VLzqgDo317F/1_2_meetingroom_conferenceroom/5142_4992/mix.wav,5.316328048706055,5.475176811218262,4.69652795791626,4.940881252288818
/data/public/EchoSet/test/VLzqgDo317F/1_2_meetingroom_conferenceroom/8224_3575/mix.wav,13.089044570922852,13.13669204711914,12.471667289733887,12.575614929199219
/data/public/EchoSet/test/VLzqgDo317F/1_2_meetingroom_conferenceroom/908_5683/mix.wav,12.165054321289062,11.813119888305664,11.400846481323242,11.428281784057617
/data/public/EchoSet/test/VLzqgDo317F/1_2_meetingroom_conferenceroom/2961_8455/mix.wav,11.013425827026367,11.031633377075195,10.441169738769531,10.514193534851074
/data/public/EchoSet/test/VLzqgDo317F/1_2_meetingroom_conferenceroom/1089_1188/mix.wav,1.5044612884521484,1.6753332614898682,0.5319687724113464,0.7648987174034119
/data/public/EchoSet/test/VLzqgDo317F/1_2_meetingroom_conferenceroom/7021_6930/mix.wav,14.350676536560059,14.397714614868164,13.497774124145508,13.581619262695312
/data/public/EchoSet/test/VLzqgDo317F/1_2_meetingroom_conferenceroom/4507_1089/mix.wav,13.114383697509766,13.325573921203613,12.806146621704102,13.059354782104492
/data/public/EchoSet/test/VLzqgDo317F/1_2_meetingroom_conferenceroom/1188_2300/mix.wav,5.363560676574707,5.550948143005371,4.781437873840332,5.028697967529297
/data/public/EchoSet/test/VLzqgDo317F/1_2_meetingroom_conferenceroom/7729_2094/mix.wav,14.717864036560059,14.901983261108398,14.278858184814453,14.485997200012207
/data/public/EchoSet/test/VLzqgDo317F/1_2_meetingroom_conferenceroom/1089_5683/mix.wav,10.704172134399414,10.869124412536621,9.886835098266602,10.076395988464355
/data/public/EchoSet/test/VLzqgDo317F/1_2_meetingroom_conferenceroom/6829_8455/mix.wav,9.262778282165527,9.320878982543945,8.318046569824219,8.442245483398438
/data/public/EchoSet/test/VLzqgDo317F/1_2_meetingroom_conferenceroom/1221_8555/mix.wav,7.378033638000488,7.380330562591553,6.792768955230713,6.839616298675537
/data/public/EchoSet/test/VLzqgDo317F/1_2_meetingroom_conferenceroom/5142_908/mix.wav,11.852898597717285,11.886275291442871,11.434895515441895,11.501228332519531
/data/public/EchoSet/test/VLzqgDo317F/1_2_meetingroom_conferenceroom/4077_7021/mix.wav,7.455105781555176,7.596317291259766,6.88437557220459,7.05128812789917
/data/public/EchoSet/test/VLzqgDo317F/1_2_meetingroom_conferenceroom/5105_237/mix.wav,9.800458908081055,9.742521286010742,8.858647346496582,8.860469818115234
/data/public/EchoSet/test/VLzqgDo317F/1_2_meetingroom_conferenceroom/1284_1580/mix.wav,6.26988410949707,6.366977691650391,5.69967794418335,5.855592727661133
/data/public/EchoSet/test/VLzqgDo317F/1_2_meetingroom_conferenceroom/61_4077/mix.wav,0.08213925361633301,0.34728074073791504,-0.5652269124984741,-0.2038952112197876
/data/public/EchoSet/test/VLzqgDo317F/1_2_meetingroom_conferenceroom/4970_2961/mix.wav,6.46661376953125,6.550661087036133,5.882403373718262,6.022158622741699
/data/public/EchoSet/test/VLzqgDo317F/1_2_meetingroom_conferenceroom/8555_5639/mix.wav,12.45926284790039,12.52196216583252,11.978312492370605,12.116840362548828
/data/public/EchoSet/test/VLzqgDo317F/1_2_meetingroom_conferenceroom/4446_1284/mix.wav,8.789999961853027,8.854212760925293,8.150066375732422,8.259015083312988
/data/public/EchoSet/test/VLzqgDo317F/1_2_meetingroom_conferenceroom/260_8224/mix.wav,7.714141845703125,8.184664726257324,7.225197792053223,7.75624418258667
/data/public/EchoSet/test/VLzqgDo317F/1_2_meetingroom_conferenceroom/1320_3570/mix.wav,-0.6415759921073914,-0.6106778979301453,-1.1273417472839355,-0.9282630681991577
/data/public/EchoSet/test/VLzqgDo317F/1_2_meetingroom_conferenceroom/8555_7021/mix.wav,11.816823959350586,12.069595336914062,11.326736450195312,11.62888240814209
/data/public/EchoSet/test/VLzqgDo317F/1_2_meetingroom_conferenceroom/8555_1089/mix.wav,10.498504638671875,10.540990829467773,9.929421424865723,10.077939987182617
/data/public/EchoSet/test/VLzqgDo317F/1_2_meetingroom_conferenceroom/7729_3575/mix.wav,8.87747573852539,9.040512084960938,8.303278923034668,8.52171516418457
/data/public/EchoSet/test/VLzqgDo317F/1_2_meetingroom_conferenceroom/2094_2300/mix.wav,8.863862991333008,8.708969116210938,7.796187400817871,7.7801971435546875
/data/public/EchoSet/test/VLzqgDo317F/1_2_meetingroom_conferenceroom/1188_3575/mix.wav,14.241544723510742,14.457324028015137,13.537280082702637,13.804388999938965
/data/public/EchoSet/test/VLzqgDo317F/1_2_meetingroom_conferenceroom/5105_6829/mix.wav,4.6372528076171875,4.765161514282227,3.879842758178711,4.033834457397461
/data/public/EchoSet/test/VLzqgDo317F/1_2_meetingroom_conferenceroom/2094_121/mix.wav,3.6720356941223145,3.7733163833618164,2.89616060256958,3.0370895862579346
/data/public/EchoSet/test/VLzqgDo317F/1_2_meetingroom_conferenceroom/237_1089/mix.wav,8.65734577178955,8.722068786621094,7.804383754730225,7.957036018371582
/data/public/EchoSet/test/VLzqgDo317F/1_2_meetingroom_conferenceroom/1580_1221/mix.wav,6.779574871063232,6.77338981628418,6.3248701095581055,6.351524353027344
/data/public/EchoSet/test/VLzqgDo317F/1_2_meetingroom_conferenceroom/672_7127/mix.wav,5.593939781188965,5.919483661651611,4.851877212524414,5.227117538452148
/data/public/EchoSet/test/VLzqgDo317F/1_2_meetingroom_conferenceroom/2830_908/mix.wav,7.194112777709961,6.862222194671631,5.386033535003662,5.554944038391113
/data/public/EchoSet/test/VLzqgDo317F/1_2_meetingroom_conferenceroom/61_5142/mix.wav,4.431829929351807,4.688891410827637,3.370671272277832,3.73159122467041
/data/public/EchoSet/test/VLzqgDo317F/1_2_meetingroom_conferenceroom/2094_8455/mix.wav,6.727475166320801,6.808635711669922,5.778992652893066,5.8933587074279785
/data/public/EchoSet/test/VLzqgDo317F/1_2_meetingroom_conferenceroom/6930_7176/mix.wav,5.614029884338379,6.234288692474365,5.061816692352295,5.7263593673706055
/data/public/EchoSet/test/VLzqgDo317F/1_2_meetingroom_conferenceroom/121_1221/mix.wav,5.774320602416992,5.919596195220947,5.341557502746582,5.514519214630127
/data/public/EchoSet/test/VLzqgDo317F/1_2_meetingroom_conferenceroom/8463_3575/mix.wav,9.758922576904297,10.020133018493652,9.004570007324219,9.343844413757324
/data/public/EchoSet/test/VLzqgDo317F/1_2_meetingroom_conferenceroom/4992_3575/mix.wav,12.892837524414062,12.941537857055664,12.299726486206055,12.373251914978027
/data/public/EchoSet/test/VLzqgDo317F/1_2_meetingroom_conferenceroom/1995_1580/mix.wav,13.15902042388916,13.468331336975098,12.743064880371094,13.153156280517578
/data/public/EchoSet/test/VLzqgDo317F/1_2_meetingroom_conferenceroom/8224_8455/mix.wav,7.355774402618408,7.463466644287109,5.945465087890625,6.108284950256348
/data/public/EchoSet/test/VLzqgDo317F/1_2_meetingroom_conferenceroom/237_2300/mix.wav,10.443492889404297,10.703083038330078,10.042160034179688,10.353168487548828
/data/public/EchoSet/test/VLzqgDo317F/1_2_meetingroom_conferenceroom/7127_5683/mix.wav,6.659206867218018,6.796797752380371,5.97102689743042,6.14474630355835
/data/public/EchoSet/test/VLzqgDo317F/1_2_meetingroom_conferenceroom/7021_237/mix.wav,13.385384559631348,13.548151969909668,12.871895790100098,13.057080268859863
/data/public/EchoSet/test/VLzqgDo317F/1_2_meetingroom_conferenceroom/61_5639/mix.wav,10.721784591674805,10.771655082702637,9.584869384765625,9.652924537658691
/data/public/EchoSet/test/VLzqgDo317F/1_2_meetingroom_conferenceroom/1320_6930/mix.wav,9.903091430664062,9.848743438720703,8.525297164916992,8.593158721923828
/data/public/EchoSet/test/VLzqgDo317F/1_2_meetingroom_conferenceroom/260_2300/mix.wav,2.8455708026885986,3.1277828216552734,2.3927383422851562,2.7548415660858154
/data/public/EchoSet/test/VLzqgDo317F/1_2_meetingroom_conferenceroom/260_1221/mix.wav,8.784244537353516,9.14570426940918,8.358977317810059,8.779723167419434
/data/public/EchoSet/test/VLzqgDo317F/1_2_meetingroom_conferenceroom/672_61/mix.wav,0.5339229106903076,0.5253925323486328,0.10524578392505646,0.12524087727069855
/data/public/EchoSet/test/VLzqgDo317F/1_2_meetingroom_conferenceroom/3729_8463/mix.wav,4.696992874145508,5.007537841796875,3.5780699253082275,3.9801673889160156
/data/public/EchoSet/test/VLzqgDo317F/1_2_meetingroom_conferenceroom/6829_4077/mix.wav,9.068061828613281,9.116290092468262,8.583149909973145,8.664210319519043
/data/public/EchoSet/test/VLzqgDo317F/0_7_meetingroom_conferenceroom/3729_121/mix.wav,7.3735880851745605,7.369723796844482,6.623472213745117,6.6547393798828125
/data/public/EchoSet/test/VLzqgDo317F/0_7_meetingroom_conferenceroom/1089_8555/mix.wav,8.034204483032227,7.85175085067749,7.620433807373047,7.725797653198242
/data/public/EchoSet/test/VLzqgDo317F/0_7_meetingroom_conferenceroom/3729_6829/mix.wav,3.5507864952087402,4.026567459106445,3.097562074661255,3.6398134231567383
/data/public/EchoSet/test/VLzqgDo317F/0_7_meetingroom_conferenceroom/237_3575/mix.wav,7.732199668884277,7.663780212402344,6.683963775634766,6.658571243286133
/data/public/EchoSet/test/VLzqgDo317F/0_7_meetingroom_conferenceroom/3575_908/mix.wav,9.34737777709961,9.540701866149902,8.716896057128906,9.016717910766602
/data/public/EchoSet/test/VLzqgDo317F/0_7_meetingroom_conferenceroom/8230_5105/mix.wav,8.068796157836914,8.146415710449219,7.569273948669434,7.695557594299316
/data/public/EchoSet/test/VLzqgDo317F/0_7_meetingroom_conferenceroom/4970_8555/mix.wav,10.469548225402832,10.509745597839355,9.933052062988281,9.993523597717285
/data/public/EchoSet/test/VLzqgDo317F/0_7_meetingroom_conferenceroom/4970_2300/mix.wav,8.119595527648926,8.13662338256836,7.026631832122803,7.073762893676758
/data/public/EchoSet/test/VLzqgDo317F/0_7_meetingroom_conferenceroom/7729_4446/mix.wav,10.569685935974121,10.580763816833496,10.095903396606445,10.14436149597168
/data/public/EchoSet/test/VLzqgDo317F/0_7_meetingroom_conferenceroom/1188_4446/mix.wav,12.618635177612305,12.730348587036133,12.093164443969727,12.241846084594727
/data/public/EchoSet/test/VLzqgDo317F/0_7_meetingroom_conferenceroom/7127_5639/mix.wav,0.13490474224090576,0.1885162591934204,-0.44613534212112427,-0.3572778105735779
/data/public/EchoSet/test/VLzqgDo317F/0_7_meetingroom_conferenceroom/61_4992/mix.wav,9.54053020477295,9.56527328491211,9.105076789855957,9.224270820617676
/data/public/EchoSet/test/VLzqgDo317F/0_7_meetingroom_conferenceroom/1221_2830/mix.wav,9.006195068359375,8.796699523925781,8.270181655883789,8.228772163391113
/data/public/EchoSet/test/VLzqgDo317F/0_7_meetingroom_conferenceroom/4446_7176/mix.wav,11.094666481018066,11.298951148986816,10.735761642456055,10.962862014770508
/data/public/EchoSet/test/VLzqgDo317F/0_7_meetingroom_conferenceroom/5683_6930/mix.wav,3.6291303634643555,3.810779094696045,2.229306221008301,2.450742244720459
/data/public/EchoSet/test/VLzqgDo317F/0_7_meetingroom_conferenceroom/3575_8230/mix.wav,7.714303493499756,7.764692306518555,7.2196946144104,7.330074310302734
/data/public/EchoSet/test/VLzqgDo317F/0_7_meetingroom_conferenceroom/8224_5683/mix.wav,6.104886054992676,6.207683086395264,5.427378177642822,5.617925643920898
/data/public/EchoSet/test/VLzqgDo317F/0_7_meetingroom_conferenceroom/1580_2961/mix.wav,8.932443618774414,8.985013961791992,8.071144104003906,8.19919204711914
/data/public/EchoSet/test/VLzqgDo317F/0_7_meetingroom_conferenceroom/908_4992/mix.wav,12.93950080871582,12.993532180786133,12.448436737060547,12.52931022644043
/data/public/EchoSet/test/VLzqgDo317F/0_7_meetingroom_conferenceroom/8230_5683/mix.wav,11.874954223632812,11.871171951293945,11.49104118347168,11.535663604736328
/data/public/EchoSet/test/VLzqgDo317F/0_7_meetingroom_conferenceroom/1089_5639/mix.wav,5.917757511138916,6.215896129608154,5.072322845458984,5.464316368103027
/data/public/EchoSet/test/VLzqgDo317F/0_7_meetingroom_conferenceroom/4970_5639/mix.wav,1.8721965551376343,1.9765844345092773,0.4625384211540222,0.7268726229667664
/data/public/EchoSet/test/VLzqgDo317F/0_7_meetingroom_conferenceroom/7127_2300/mix.wav,3.3123788833618164,3.7107994556427,2.7086610794067383,3.1729934215545654
/data/public/EchoSet/test/VLzqgDo317F/0_7_meetingroom_conferenceroom/8555_121/mix.wav,5.047876358032227,5.201203346252441,3.927539348602295,4.085131645202637
/data/public/EchoSet/test/VLzqgDo317F/0_7_meetingroom_conferenceroom/4077_121/mix.wav,8.09913444519043,8.090786933898926,7.259978771209717,7.379427909851074
/data/public/EchoSet/test/VLzqgDo317F/0_7_meetingroom_conferenceroom/2830_1580/mix.wav,7.086582183837891,7.478275775909424,5.150447368621826,5.633960247039795
/data/public/EchoSet/test/VLzqgDo317F/0_7_meetingroom_conferenceroom/7127_4077/mix.wav,0.5879336595535278,0.936629056930542,-0.15475499629974365,0.26966965198516846
/data/public/EchoSet/test/VLzqgDo317F/0_7_meetingroom_conferenceroom/2300_1995/mix.wav,5.516917705535889,5.567708969116211,4.847838401794434,4.959690570831299
/data/public/EchoSet/test/VLzqgDo317F/0_7_meetingroom_conferenceroom/5105_8463/mix.wav,6.465959072113037,6.5020365715026855,5.952444553375244,6.021895408630371
/data/public/EchoSet/test/VLzqgDo317F/0_7_meetingroom_conferenceroom/4970_61/mix.wav,7.829927444458008,7.904306888580322,7.295520782470703,7.428093910217285
/data/public/EchoSet/test/VLzqgDo317F/0_7_meetingroom_conferenceroom/7021_5142/mix.wav,4.629088401794434,5.001067161560059,4.2504563331604,4.682849407196045
/data/public/EchoSet/test/VLzqgDo317F/0_7_meetingroom_conferenceroom/8224_5105/mix.wav,4.243852615356445,4.280214786529541,3.685699939727783,3.8122353553771973
/data/public/EchoSet/test/VLzqgDo317F/0_7_meetingroom_conferenceroom/2300_3570/mix.wav,6.968647003173828,7.037142276763916,6.21035099029541,6.331179618835449
/data/public/EchoSet/test/VLzqgDo317F/0_7_meetingroom_conferenceroom/61_2961/mix.wav,6.113348007202148,6.154782772064209,4.419811248779297,4.608336448669434
/data/public/EchoSet/test/VLzqgDo317F/0_7_meetingroom_conferenceroom/121_237/mix.wav,12.349727630615234,12.372110366821289,11.727086067199707,11.78464412689209
/data/public/EchoSet/test/VLzqgDo317F/0_7_meetingroom_conferenceroom/5683_6829/mix.wav,8.492380142211914,8.6141996383667,7.6552276611328125,7.8591227531433105
/data/public/EchoSet/test/VLzqgDo317F/0_7_meetingroom_conferenceroom/3575_8224/mix.wav,10.493453025817871,10.488965034484863,9.86652660369873,9.931386947631836
/data/public/EchoSet/test/VLzqgDo317F/0_7_meetingroom_conferenceroom/5639_4446/mix.wav,7.9780988693237305,8.122241973876953,7.616308212280273,7.7926483154296875
/data/public/EchoSet/test/VLzqgDo317F/0_7_meetingroom_conferenceroom/1320_237/mix.wav,8.828323364257812,9.104849815368652,8.242294311523438,8.596529960632324
/data/public/EchoSet/test/VLzqgDo317F/0_7_meetingroom_conferenceroom/2961_1188/mix.wav,6.673134803771973,6.634652137756348,5.349850177764893,5.645087718963623
/data/public/EchoSet/test/VLzqgDo317F/0_7_meetingroom_conferenceroom/3729_1320/mix.wav,10.349942207336426,10.474462509155273,9.833349227905273,10.02926254272461
/data/public/EchoSet/test/VLzqgDo317F/0_7_meetingroom_conferenceroom/3729_4507/mix.wav,9.073628425598145,9.15124797821045,8.550463676452637,8.710660934448242
/data/public/EchoSet/test/VLzqgDo317F/0_7_meetingroom_conferenceroom/2830_237/mix.wav,10.661306381225586,10.94583511352539,9.434930801391602,9.75687313079834
/data/public/EchoSet/test/VLzqgDo317F/0_7_meetingroom_conferenceroom/1221_7127/mix.wav,7.578640460968018,7.475608825683594,6.7198686599731445,6.709614276885986
/data/public/EchoSet/test/VLzqgDo317F/0_7_meetingroom_conferenceroom/4992_908/mix.wav,7.418960094451904,7.723287582397461,7.075026512145996,7.434418678283691
/data/public/EchoSet/test/VLzqgDo317F/0_7_meetingroom_conferenceroom/61_1995/mix.wav,7.383358955383301,7.429949760437012,6.84058952331543,6.967927932739258
/data/public/EchoSet/test/VLzqgDo317F/0_7_meetingroom_conferenceroom/6930_3729/mix.wav,6.92494010925293,7.173651695251465,6.0731964111328125,6.383551597595215
/data/public/EchoSet/test/VLzqgDo317F/0_7_meetingroom_conferenceroom/6930_1221/mix.wav,7.325961112976074,7.884021759033203,6.785745143890381,7.43081521987915
/data/public/EchoSet/test/VLzqgDo317F/0_7_meetingroom_conferenceroom/1580_6930/mix.wav,8.381261825561523,8.516979217529297,8.004960060119629,8.179874420166016
/data/public/EchoSet/test/VLzqgDo317F/0_7_meetingroom_conferenceroom/8555_672/mix.wav,11.060705184936523,11.471359252929688,10.74637222290039,11.218757629394531
/data/public/EchoSet/test/VLzqgDo317F/0_7_meetingroom_conferenceroom/1995_5142/mix.wav,11.569107055664062,11.647687911987305,11.041948318481445,11.160392761230469
/data/public/EchoSet/test/VLzqgDo317F/0_7_meetingroom_conferenceroom/908_4446/mix.wav,9.874956130981445,10.02945327758789,9.286900520324707,9.518487930297852
/data/public/EchoSet/test/VLzqgDo317F/0_7_meetingroom_conferenceroom/1995_121/mix.wav,6.024056434631348,6.305932521820068,5.313005447387695,5.64266300201416
/data/public/EchoSet/test/VLzqgDo317F/0_7_meetingroom_conferenceroom/7021_7729/mix.wav,2.5991146564483643,2.9455225467681885,2.1137874126434326,2.499443531036377
/data/public/EchoSet/test/VLzqgDo317F/0_7_meetingroom_conferenceroom/672_908/mix.wav,9.36440658569336,9.701539039611816,8.445365905761719,8.835412979125977
/data/public/EchoSet/test/VLzqgDo317F/0_7_meetingroom_conferenceroom/7127_1284/mix.wav,6.202634811401367,6.165493011474609,5.779477119445801,5.799647331237793
/data/public/EchoSet/test/VLzqgDo317F/0_7_meetingroom_conferenceroom/6829_3570/mix.wav,9.885017395019531,9.856030464172363,9.21656608581543,9.22325325012207
/data/public/EchoSet/test/VLzqgDo317F/0_7_meetingroom_conferenceroom/8230_1188/mix.wav,6.50620174407959,6.496437072753906,5.786082744598389,5.92254114151001
/data/public/EchoSet/test/VLzqgDo317F/0_7_meetingroom_conferenceroom/8224_1320/mix.wav,2.685957193374634,2.7744803428649902,2.2100977897644043,2.3821182250976562
/data/public/EchoSet/test/VLzqgDo317F/0_7_meetingroom_conferenceroom/1995_4077/mix.wav,8.82532024383545,8.803009986877441,8.227776527404785,8.338533401489258
/data/public/EchoSet/test/VLzqgDo317F/0_7_meetingroom_conferenceroom/237_8455/mix.wav,9.107751846313477,9.182024955749512,8.290050506591797,8.425607681274414
/data/public/EchoSet/test/VLzqgDo317F/0_7_meetingroom_conferenceroom/4077_7176/mix.wav,1.2940592765808105,1.494215488433838,0.7999025583267212,1.0708835124969482
/data/public/EchoSet/test/VLzqgDo317F/0_7_meetingroom_conferenceroom/5683_2830/mix.wav,1.2253628969192505,1.330013632774353,0.08884978294372559,0.3729879856109619
/data/public/EchoSet/test/VLzqgDo317F/0_7_meetingroom_conferenceroom/260_8230/mix.wav,-0.2224900722503662,0.23263049125671387,-1.2142469882965088,-0.6979060173034668
/data/public/EchoSet/test/VLzqgDo317F/0_7_meetingroom_conferenceroom/1995_8455/mix.wav,10.661968231201172,10.968812942504883,10.295610427856445,10.658921241760254
/data/public/EchoSet/test/VLzqgDo317F/0_7_meetingroom_conferenceroom/6829_6930/mix.wav,7.9877519607543945,7.8922929763793945,7.332231521606445,7.348638534545898
/data/public/EchoSet/test/VLzqgDo317F/0_7_meetingroom_conferenceroom/2094_1188/mix.wav,0.8248904943466187,0.8759806156158447,0.38645291328430176,0.501273512840271
/data/public/EchoSet/test/VLzqgDo317F/0_7_meetingroom_conferenceroom/1221_3570/mix.wav,6.065670490264893,6.1365814208984375,5.571152687072754,5.71774435043335
/data/public/EchoSet/test/VLzqgDo317F/0_7_meetingroom_conferenceroom/1284_8230/mix.wav,8.461373329162598,8.395880699157715,7.547552585601807,7.679774284362793
/data/public/EchoSet/test/VLzqgDo317F/0_7_meetingroom_conferenceroom/8455_672/mix.wav,7.594858169555664,7.6506476402282715,7.019293785095215,7.099346160888672
/data/public/EchoSet/test/VLzqgDo317F/0_7_meetingroom_conferenceroom/1995_8224/mix.wav,8.108959197998047,8.277873039245605,7.680739879608154,7.922333717346191
/data/public/EchoSet/test/VLzqgDo317F/0_7_meetingroom_conferenceroom/1580_4446/mix.wav,10.107583999633789,10.47021770477295,9.564177513122559,9.946727752685547
/data/public/EchoSet/test/VLzqgDo317F/0_7_meetingroom_conferenceroom/1284_5142/mix.wav,10.18686294555664,10.128236770629883,9.527750015258789,9.522358894348145
/data/public/EchoSet/test/VLzqgDo317F/0_7_meetingroom_conferenceroom/672_1580/mix.wav,9.282805442810059,9.33835220336914,8.356300354003906,8.499427795410156
/data/public/EchoSet/test/VLzqgDo317F/0_7_meetingroom_conferenceroom/908_6930/mix.wav,7.783594131469727,8.47430419921875,7.0676798820495605,7.8118720054626465
/data/public/EchoSet/test/VLzqgDo317F/0_7_meetingroom_conferenceroom/5142_8224/mix.wav,6.245384693145752,6.246234893798828,5.079825401306152,5.340217590332031
/data/public/EchoSet/test/VLzqgDo317F/0_7_meetingroom_conferenceroom/1221_1580/mix.wav,-2.2290894985198975,-1.374232530593872,-3.7065212726593018,-2.746772527694702
/data/public/EchoSet/test/VLzqgDo317F/0_7_meetingroom_conferenceroom/5105_5142/mix.wav,5.767942428588867,5.850827217102051,3.940927028656006,4.055469989776611
/data/public/EchoSet/test/VLzqgDo317F/0_7_meetingroom_conferenceroom/5639_4507/mix.wav,8.428964614868164,8.423680305480957,7.927295684814453,7.993955612182617
/data/public/EchoSet/test/VLzqgDo317F/0_7_meetingroom_conferenceroom/1089_7729/mix.wav,10.671344757080078,10.683022499084473,10.082260131835938,10.176694869995117
/data/public/EchoSet/test/VLzqgDo317F/0_7_meetingroom_conferenceroom/1089_2094/mix.wav,8.93090534210205,8.800243377685547,8.31298542022705,8.275681495666504
/data/public/EchoSet/test/VLzqgDo317F/0_7_meetingroom_conferenceroom/3570_2300/mix.wav,6.107117652893066,5.949450969696045,5.667309761047363,5.537888526916504
/data/public/EchoSet/test/VLzqgDo317F/0_7_meetingroom_conferenceroom/4446_5683/mix.wav,9.494275093078613,9.7258882522583,8.816055297851562,9.08958911895752
/data/public/EchoSet/test/VLzqgDo317F/0_7_meetingroom_conferenceroom/8463_908/mix.wav,7.936062335968018,8.072887420654297,7.58965539932251,7.754789352416992
/data/public/EchoSet/test/VLzqgDo317F/0_7_meetingroom_conferenceroom/7729_2961/mix.wav,10.798551559448242,10.698686599731445,10.295790672302246,10.246406555175781
/data/public/EchoSet/test/VLzqgDo317F/0_7_meetingroom_conferenceroom/4507_2300/mix.wav,9.99405288696289,10.140944480895996,9.634474754333496,9.810033798217773
/data/public/EchoSet/test/VLzqgDo317F/0_7_meetingroom_conferenceroom/5105_4992/mix.wav,9.066643714904785,9.240628242492676,8.650057792663574,8.939773559570312
/data/public/EchoSet/test/VLzqgDo317F/0_7_meetingroom_conferenceroom/4507_8555/mix.wav,6.22553825378418,6.400914669036865,5.323062419891357,5.548296928405762
/data/public/EchoSet/test/VLzqgDo317F/0_7_meetingroom_conferenceroom/4077_1284/mix.wav,3.53538179397583,3.712613344192505,2.9543163776397705,3.183393955230713
/data/public/EchoSet/test/VLzqgDo317F/0_7_meetingroom_conferenceroom/1089_7127/mix.wav,10.153485298156738,10.232815742492676,9.707479476928711,9.846648216247559
/data/public/EchoSet/test/VLzqgDo317F/0_7_meetingroom_conferenceroom/4992_4077/mix.wav,11.408567428588867,11.486857414245605,10.998230934143066,11.108824729919434
/data/public/EchoSet/test/VLzqgDo317F/0_7_meetingroom_conferenceroom/7021_7176/mix.wav,6.545618057250977,6.501740455627441,5.709067344665527,5.722216606140137
/data/public/EchoSet/test/VLzqgDo317F/0_7_meetingroom_conferenceroom/260_5105/mix.wav,6.527835845947266,6.567440509796143,6.0028977394104,6.085745334625244
/data/public/EchoSet/test/VLzqgDo317F/0_7_meetingroom_conferenceroom/121_4507/mix.wav,-2.1307880878448486,-1.3677396774291992,-2.548713445663452,-1.7639400959014893
/data/public/EchoSet/test/VLzqgDo317F/0_7_meetingroom_conferenceroom/7021_1188/mix.wav,6.731060981750488,6.963761806488037,6.071992874145508,6.37003231048584
/data/public/EchoSet/test/VLzqgDo317F/0_7_meetingroom_conferenceroom/2300_121/mix.wav,5.136772155761719,5.876509666442871,4.74452018737793,5.554891586303711
/data/public/EchoSet/test/VLzqgDo317F/0_7_meetingroom_conferenceroom/2961_5142/mix.wav,-1.593856692314148,-1.6929653882980347,-2.7492904663085938,-2.7728843688964844
/data/public/EchoSet/test/VLzqgDo317F/0_7_meetingroom_conferenceroom/61_908/mix.wav,4.619184970855713,4.550548076629639,4.090208530426025,4.118086814880371
/data/public/EchoSet/test/VLzqgDo317F/0_7_meetingroom_conferenceroom/7021_1580/mix.wav,13.321800231933594,13.179542541503906,12.77818489074707,12.779285430908203
/data/public/EchoSet/test/VLzqgDo317F/0_7_meetingroom_conferenceroom/8230_7729/mix.wav,7.538270950317383,7.5069499015808105,6.819693565368652,6.841846466064453
/data/public/EchoSet/test/VLzqgDo317F/0_7_meetingroom_conferenceroom/3570_4992/mix.wav,7.660591125488281,8.048564910888672,6.885920524597168,7.294329643249512
/data/public/EchoSet/test/VLzqgDo317F/0_7_meetingroom_conferenceroom/2830_4077/mix.wav,3.4119856357574463,3.5180768966674805,2.654139280319214,2.832702159881592
/data/public/EchoSet/test/VLzqgDo317F/0_7_meetingroom_conferenceroom/4507_5639/mix.wav,11.016592025756836,11.177634239196777,10.47879409790039,10.710800170898438
/data/public/EchoSet/test/VLzqgDo317F/0_7_meetingroom_conferenceroom/1320_2830/mix.wav,9.577692985534668,9.497454643249512,8.680913925170898,8.660165786743164
/data/public/EchoSet/test/VLzqgDo317F/0_7_meetingroom_conferenceroom/1580_2094/mix.wav,9.664549827575684,10.105334281921387,9.192903518676758,9.726988792419434
/data/public/EchoSet/test/VLzqgDo317F/0_7_meetingroom_conferenceroom/237_5683/mix.wav,4.947896480560303,5.200030326843262,3.7282016277313232,4.028676986694336
/data/public/EchoSet/test/VLzqgDo317F/0_7_meetingroom_conferenceroom/8463_5639/mix.wav,5.591870307922363,5.681110858917236,5.104574680328369,5.217495918273926
/data/public/EchoSet/test/VLzqgDo317F/0_7_meetingroom_conferenceroom/3729_2300/mix.wav,3.02897310256958,2.9895896911621094,2.481365919113159,2.4770288467407227
/data/public/EchoSet/test/VLzqgDo317F/0_7_meetingroom_conferenceroom/4992_7021/mix.wav,6.929633617401123,7.1063127517700195,6.160037517547607,6.4079155921936035
/data/public/EchoSet/test/VLzqgDo317F/0_7_meetingroom_conferenceroom/2094_3575/mix.wav,6.06944465637207,5.982426643371582,5.17300271987915,5.168599605560303
/data/public/EchoSet/test/VLzqgDo317F/0_7_meetingroom_conferenceroom/1221_1284/mix.wav,12.442052841186523,12.567253112792969,11.864885330200195,12.03425407409668
/data/public/EchoSet/test/VLzqgDo317F/0_7_meetingroom_conferenceroom/4446_8555/mix.wav,7.579573631286621,7.490522861480713,6.905557632446289,6.8869218826293945
/data/public/EchoSet/test/VLzqgDo317F/0_7_meetingroom_conferenceroom/4970_6829/mix.wav,5.277684688568115,5.676342010498047,4.962896347045898,5.382841110229492
/data/public/EchoSet/test/VLzqgDo317F/0_7_meetingroom_conferenceroom/2830_5639/mix.wav,0.9301630854606628,1.0592154264450073,0.4558408558368683,0.6209661960601807
/data/public/EchoSet/test/VLzqgDo317F/0_7_meetingroom_conferenceroom/1188_8555/mix.wav,11.80983829498291,11.940977096557617,10.311100959777832,10.511033058166504
/data/public/EchoSet/test/VLzqgDo317F/0_7_meetingroom_conferenceroom/672_4970/mix.wav,2.287656307220459,2.313706159591675,1.1949970722198486,1.2671928405761719
/data/public/EchoSet/test/VLzqgDo317F/0_7_meetingroom_conferenceroom/1284_2961/mix.wav,8.460179328918457,8.562480926513672,7.921564102172852,8.160728454589844
/data/public/EchoSet/test/VLzqgDo317F/0_7_meetingroom_conferenceroom/1221_7729/mix.wav,9.513330459594727,9.697928428649902,9.044392585754395,9.300494194030762
/data/public/EchoSet/test/VLzqgDo317F/0_7_meetingroom_conferenceroom/5105_672/mix.wav,4.996524333953857,5.000298976898193,4.454015254974365,4.512495517730713
/data/public/EchoSet/test/VLzqgDo317F/0_7_meetingroom_conferenceroom/121_7176/mix.wav,7.508254051208496,7.484160900115967,7.156186103820801,7.20756721496582
/data/public/EchoSet/test/VLzqgDo317F/0_7_meetingroom_conferenceroom/5142_6930/mix.wav,4.7828850746154785,4.9981279373168945,4.216430187225342,4.511909484863281
/data/public/EchoSet/test/VLzqgDo317F/0_7_meetingroom_conferenceroom/1320_672/mix.wav,4.436300277709961,4.434948921203613,3.2009472846984863,3.333024501800537
/data/public/EchoSet/test/VLzqgDo317F/0_7_meetingroom_conferenceroom/260_1188/mix.wav,2.807849407196045,2.9410130977630615,1.873528003692627,2.055555820465088
/data/public/EchoSet/test/VLzqgDo317F/0_7_meetingroom_conferenceroom/1188_7729/mix.wav,10.088857650756836,10.218255996704102,9.43401050567627,9.63043212890625
/data/public/EchoSet/test/VLzqgDo317F/0_7_meetingroom_conferenceroom/8463_260/mix.wav,9.277486801147461,9.483153343200684,8.617599487304688,8.889871597290039
/data/public/EchoSet/test/VLzqgDo317F/0_7_meetingroom_conferenceroom/61_8455/mix.wav,7.232247352600098,7.292379856109619,6.449959754943848,6.557929992675781
/data/public/EchoSet/test/VLzqgDo317F/0_7_meetingroom_conferenceroom/5683_8463/mix.wav,6.576883316040039,6.944049835205078,5.696476459503174,6.125123023986816
/data/public/EchoSet/test/VLzqgDo317F/0_7_meetingroom_conferenceroom/1320_6829/mix.wav,12.04357624053955,12.194275856018066,11.538737297058105,11.706267356872559
/data/public/EchoSet/test/VLzqgDo317F/0_7_meetingroom_conferenceroom/6829_8455/mix.wav,9.253292083740234,9.512965202331543,8.748283386230469,9.11898422241211
/data/public/EchoSet/test/VLzqgDo317F/0_7_meetingroom_conferenceroom/3570_7176/mix.wav,6.949495792388916,7.2609663009643555,6.415225028991699,6.830517292022705
/data/public/EchoSet/test/VLzqgDo317F/0_7_meetingroom_conferenceroom/260_7176/mix.wav,6.200700283050537,6.480587005615234,5.76350212097168,6.094178199768066
/data/public/EchoSet/test/VLzqgDo317F/0_7_meetingroom_conferenceroom/2094_3729/mix.wav,7.888298511505127,7.893552780151367,7.348367214202881,7.391717910766602
/data/public/EchoSet/test/VLzqgDo317F/0_7_meetingroom_conferenceroom/237_1995/mix.wav,-0.28890424966812134,-0.2223685383796692,-0.8648717403411865,-0.7289742231369019
/data/public/EchoSet/test/VLzqgDo317F/0_7_meetingroom_conferenceroom/5105_6829/mix.wav,6.982268333435059,7.211155891418457,6.36348295211792,6.62684965133667
/data/public/EchoSet/test/VLzqgDo317F/0_7_meetingroom_conferenceroom/8455_2830/mix.wav,7.61658239364624,7.73225736618042,7.081170082092285,7.293055534362793
/data/public/EchoSet/test/VLzqgDo317F/0_7_meetingroom_conferenceroom/8463_4970/mix.wav,8.37236213684082,8.555941581726074,7.652118682861328,7.8825225830078125
/data/public/EchoSet/test/VLzqgDo317F/0_7_meetingroom_conferenceroom/1089_4992/mix.wav,9.346899032592773,9.312864303588867,8.855510711669922,8.892318725585938
/data/public/EchoSet/test/VLzqgDo317F/0_7_meetingroom_conferenceroom/61_5142/mix.wav,7.787121772766113,7.932265281677246,6.868943214416504,7.111254692077637
/data/public/EchoSet/test/VLzqgDo317F/0_7_meetingroom_conferenceroom/6930_3570/mix.wav,9.083324432373047,9.156418800354004,8.4173583984375,8.523276329040527
/data/public/EchoSet/test/VLzqgDo317F/0_7_meetingroom_conferenceroom/260_61/mix.wav,10.329446792602539,10.224068641662598,9.344965934753418,9.333332061767578
/data/public/EchoSet/test/VLzqgDo317F/0_7_meetingroom_conferenceroom/8463_3575/mix.wav,3.4672486782073975,3.796888828277588,2.9097743034362793,3.32089900970459
/data/public/EchoSet/test/VLzqgDo317F/0_7_meetingroom_conferenceroom/1284_7127/mix.wav,11.018888473510742,10.970663070678711,9.803739547729492,10.120373725891113
/data/public/EchoSet/test/VLzqgDo317F/0_7_meetingroom_conferenceroom/4507_1284/mix.wav,1.7937309741973877,1.9000362157821655,0.60443115234375,0.7512236833572388
/data/public/EchoSet/test/VLzqgDo317F/0_7_meetingroom_conferenceroom/3729_8463/mix.wav,12.189332008361816,12.296152114868164,11.781611442565918,11.912446022033691
/data/public/EchoSet/test/VLzqgDo317F/0_7_meetingroom_conferenceroom/1221_1089/mix.wav,10.099111557006836,9.987584114074707,9.54488754272461,9.495811462402344
/data/public/EchoSet/test/VLzqgDo317F/0_7_meetingroom_conferenceroom/3570_7127/mix.wav,8.510934829711914,8.535984992980957,7.836603164672852,7.919641017913818
/data/public/EchoSet/test/VLzqgDo317F/0_7_meetingroom_conferenceroom/260_1320/mix.wav,9.243038177490234,9.272668838500977,8.724177360534668,8.79219913482666
/data/public/EchoSet/test/VLzqgDo317F/0_7_meetingroom_conferenceroom/8455_2961/mix.wav,10.984350204467773,11.24021053314209,10.458314895629883,10.752989768981934
/data/public/EchoSet/test/VLzqgDo317F/0_7_meetingroom_conferenceroom/8555_8230/mix.wav,12.936285972595215,13.095327377319336,12.404520988464355,12.585494041442871
/data/public/EchoSet/test/VLzqgDo317F/0_7_meetingroom_conferenceroom/4507_2094/mix.wav,5.513388633728027,5.6010661125183105,4.869512557983398,5.038663864135742
/data/public/EchoSet/test/VLzqgDo317F/0_7_meetingroom_conferenceroom/2961_2094/mix.wav,13.010578155517578,13.088603019714355,12.328167915344238,12.424542427062988
/data/public/EchoSet/test/uNb9QFRL6hY/0_28_living_room/8230_3570/mix.wav,11.560297012329102,11.58230972290039,11.108262062072754,11.168456077575684
/data/public/EchoSet/test/uNb9QFRL6hY/0_28_living_room/5142_908/mix.wav,7.51358699798584,7.660696983337402,6.999749183654785,7.272879123687744
/data/public/EchoSet/test/uNb9QFRL6hY/0_28_living_room/4992_61/mix.wav,10.850521087646484,10.9412202835083,10.456390380859375,10.598268508911133
/data/public/EchoSet/test/uNb9QFRL6hY/0_28_living_room/6930_8555/mix.wav,7.4027509689331055,7.506974220275879,6.89653205871582,7.051840305328369
/data/public/EchoSet/test/uNb9QFRL6hY/0_28_living_room/4446_4507/mix.wav,2.234426259994507,2.288350820541382,1.8963782787322998,1.9761936664581299
/data/public/EchoSet/test/uNb9QFRL6hY/0_28_living_room/6930_1221/mix.wav,0.883075475692749,0.7451889514923096,0.07081043720245361,-0.022904276847839355
/data/public/EchoSet/test/uNb9QFRL6hY/0_28_living_room/4077_672/mix.wav,10.439178466796875,10.570859909057617,9.637297630310059,9.796379089355469
/data/public/EchoSet/test/uNb9QFRL6hY/0_28_living_room/4446_5105/mix.wav,6.503054141998291,7.164588928222656,5.99606466293335,6.715465545654297
/data/public/EchoSet/test/uNb9QFRL6hY/0_28_living_room/5639_2830/mix.wav,6.308996200561523,6.703662872314453,5.838288307189941,6.26679801940918
/data/public/EchoSet/test/uNb9QFRL6hY/0_28_living_room/7127_1284/mix.wav,1.4474682807922363,1.337158203125,0.4909484386444092,0.7000081539154053
/data/public/EchoSet/test/uNb9QFRL6hY/0_28_living_room/908_7176/mix.wav,3.933842182159424,4.117954254150391,3.364706516265869,3.6462128162384033
/data/public/EchoSet/test/uNb9QFRL6hY/0_28_living_room/8463_2830/mix.wav,8.407241821289062,8.97335433959961,7.990726470947266,8.595373153686523
/data/public/EchoSet/test/uNb9QFRL6hY/0_28_living_room/7176_1188/mix.wav,7.398106098175049,7.323221206665039,6.51828670501709,6.485346794128418
/data/public/EchoSet/test/uNb9QFRL6hY/0_28_living_room/237_1089/mix.wav,11.024696350097656,11.113946914672852,10.339834213256836,10.488438606262207
/data/public/EchoSet/test/uNb9QFRL6hY/0_28_living_room/8230_7127/mix.wav,7.836889266967773,8.04786205291748,6.265453338623047,6.567324638366699
/data/public/EchoSet/test/uNb9QFRL6hY/0_28_living_room/5639_5105/mix.wav,8.601302146911621,8.873263359069824,7.888891696929932,8.235695838928223
/data/public/EchoSet/test/uNb9QFRL6hY/0_28_living_room/8224_4446/mix.wav,5.008347511291504,5.202197074890137,4.460251808166504,4.722697734832764
/data/public/EchoSet/test/uNb9QFRL6hY/0_28_living_room/121_3729/mix.wav,9.709944725036621,9.554686546325684,8.853931427001953,8.881194114685059
/data/public/EchoSet/test/uNb9QFRL6hY/0_28_living_room/1995_8224/mix.wav,-0.8377954959869385,-0.787733793258667,-1.2971433401107788,-1.1627787351608276
/data/public/EchoSet/test/uNb9QFRL6hY/0_28_living_room/2961_4992/mix.wav,7.192868232727051,7.272829055786133,6.653163909912109,6.805406093597412
/data/public/EchoSet/test/uNb9QFRL6hY/0_28_living_room/8455_672/mix.wav,-0.9638170003890991,-1.1620861291885376,-1.9664418697357178,-1.8805005550384521
/data/public/EchoSet/test/uNb9QFRL6hY/0_28_living_room/1284_5142/mix.wav,10.270326614379883,10.42973804473877,9.499666213989258,9.682785034179688
/data/public/EchoSet/test/uNb9QFRL6hY/0_28_living_room/237_2300/mix.wav,12.210166931152344,12.045612335205078,11.433857917785645,11.333491325378418
/data/public/EchoSet/test/uNb9QFRL6hY/0_28_living_room/1221_6829/mix.wav,5.814803123474121,5.827584266662598,5.429842472076416,5.483831882476807
/data/public/EchoSet/test/uNb9QFRL6hY/0_28_living_room/7729_5683/mix.wav,9.90775203704834,10.108743667602539,9.307764053344727,9.575551986694336
/data/public/EchoSet/test/uNb9QFRL6hY/0_28_living_room/3570_2300/mix.wav,8.640985488891602,9.349754333496094,8.4098539352417,9.16028118133545
/data/public/EchoSet/test/uNb9QFRL6hY/0_28_living_room/1284_2300/mix.wav,6.5821685791015625,6.584649085998535,5.841740608215332,5.943075180053711
/data/public/EchoSet/test/uNb9QFRL6hY/0_28_living_room/2961_4507/mix.wav,3.9792628288269043,3.9678568840026855,3.582355260848999,3.606485366821289
/data/public/EchoSet/test/uNb9QFRL6hY/0_28_living_room/7176_61/mix.wav,5.125601768493652,5.012950420379639,4.557537078857422,4.534602165222168
/data/public/EchoSet/test/uNb9QFRL6hY/0_28_living_room/3570_8555/mix.wav,11.604375839233398,11.772629737854004,11.115976333618164,11.32624340057373
/data/public/EchoSet/test/uNb9QFRL6hY/0_28_living_room/8463_7127/mix.wav,12.522631645202637,12.631678581237793,11.913610458374023,12.075554847717285
/data/public/EchoSet/test/uNb9QFRL6hY/0_28_living_room/4507_1320/mix.wav,12.798782348632812,12.86638069152832,12.28892707824707,12.391064643859863
/data/public/EchoSet/test/uNb9QFRL6hY/0_28_living_room/1188_1995/mix.wav,11.041030883789062,10.925464630126953,10.606101989746094,10.541440963745117
/data/public/EchoSet/test/uNb9QFRL6hY/0_28_living_room/4970_1221/mix.wav,4.829335689544678,4.95060396194458,3.8194198608398438,4.044424533843994
/data/public/EchoSet/test/uNb9QFRL6hY/0_28_living_room/1284_4970/mix.wav,8.179291725158691,8.288583755493164,6.467556953430176,6.610875129699707
/data/public/EchoSet/test/uNb9QFRL6hY/0_28_living_room/672_2961/mix.wav,-0.2567265033721924,-0.1367194652557373,-1.250438928604126,-0.9049663543701172
/data/public/EchoSet/test/uNb9QFRL6hY/0_28_living_room/5105_2094/mix.wav,9.77801513671875,9.894407272338867,7.031210422515869,7.179477691650391
/data/public/EchoSet/test/uNb9QFRL6hY/0_28_living_room/672_908/mix.wav,7.9251017570495605,8.014878273010254,6.735634803771973,6.8633527755737305
/data/public/EchoSet/test/uNb9QFRL6hY/0_28_living_room/2094_2961/mix.wav,7.72063684463501,8.053060531616211,6.903306484222412,7.292845726013184
/data/public/EchoSet/test/uNb9QFRL6hY/0_28_living_room/8230_4507/mix.wav,10.584396362304688,11.09022045135498,9.896417617797852,10.50252628326416
/data/public/EchoSet/test/uNb9QFRL6hY/0_28_living_room/260_4970/mix.wav,6.769867897033691,6.824792861938477,5.886631011962891,5.982709884643555
/data/public/EchoSet/test/uNb9QFRL6hY/0_28_living_room/7021_8224/mix.wav,10.764750480651855,10.832372665405273,10.314277648925781,10.481637001037598
/data/public/EchoSet/test/uNb9QFRL6hY/0_28_living_room/3729_3570/mix.wav,3.41064453125,3.1192336082458496,2.019261360168457,1.8663113117218018
/data/public/EchoSet/test/uNb9QFRL6hY/0_28_living_room/8455_5639/mix.wav,3.504927635192871,3.6004912853240967,3.0619471073150635,3.2657594680786133
/data/public/EchoSet/test/uNb9QFRL6hY/0_28_living_room/121_2094/mix.wav,9.143274307250977,9.157761573791504,8.643851280212402,8.696542739868164
/data/public/EchoSet/test/uNb9QFRL6hY/0_28_living_room/4970_237/mix.wav,5.188125133514404,5.442634105682373,4.401590347290039,4.702165603637695
/data/public/EchoSet/test/uNb9QFRL6hY/0_28_living_room/7127_2300/mix.wav,4.19089412689209,4.141817092895508,3.4882311820983887,3.475733757019043
/data/public/EchoSet/test/uNb9QFRL6hY/0_28_living_room/2830_1580/mix.wav,6.060495376586914,6.01863956451416,5.349088191986084,5.376272678375244
/data/public/EchoSet/test/uNb9QFRL6hY/0_28_living_room/7021_8555/mix.wav,12.716194152832031,12.975443840026855,12.195935249328613,12.474947929382324
/data/public/EchoSet/test/uNb9QFRL6hY/0_28_living_room/2961_3570/mix.wav,11.352705001831055,11.220792770385742,10.569899559020996,10.505971908569336
/data/public/EchoSet/test/uNb9QFRL6hY/0_28_living_room/7127_3729/mix.wav,5.898740291595459,5.901233673095703,4.7821044921875,4.829774856567383
/data/public/EchoSet/test/uNb9QFRL6hY/0_28_living_room/5639_1580/mix.wav,11.918575286865234,11.964883804321289,11.26910400390625,11.376640319824219
/data/public/EchoSet/test/uNb9QFRL6hY/0_28_living_room/3729_260/mix.wav,12.10617446899414,12.088987350463867,11.69970703125,11.708463668823242
/data/public/EchoSet/test/uNb9QFRL6hY/0_28_living_room/5639_6829/mix.wav,10.661022186279297,10.670682907104492,10.090743064880371,10.12790584564209
/data/public/EchoSet/test/uNb9QFRL6hY/0_28_living_room/2830_61/mix.wav,-0.7846468687057495,-1.0646908283233643,-1.8544015884399414,-1.8966604471206665
/data/public/EchoSet/test/uNb9QFRL6hY/0_28_living_room/4992_1995/mix.wav,9.59123706817627,9.490680694580078,8.778388023376465,8.753060340881348
/data/public/EchoSet/test/uNb9QFRL6hY/0_28_living_room/4077_5683/mix.wav,10.208076477050781,10.122591018676758,9.387740135192871,9.396234512329102
/data/public/EchoSet/test/uNb9QFRL6hY/0_28_living_room/4077_8224/mix.wav,7.199711799621582,7.135190010070801,6.573439598083496,6.5363359451293945
/data/public/EchoSet/test/uNb9QFRL6hY/0_28_living_room/1320_6829/mix.wav,13.425789833068848,13.186583518981934,12.842859268188477,12.713905334472656
/data/public/EchoSet/test/uNb9QFRL6hY/0_28_living_room/1284_1995/mix.wav,5.545457363128662,5.550457954406738,4.829098224639893,4.920199394226074
/data/public/EchoSet/test/uNb9QFRL6hY/0_28_living_room/672_4077/mix.wav,4.053892135620117,4.213171005249023,3.718602180480957,3.922558307647705
/data/public/EchoSet/test/uNb9QFRL6hY/0_28_living_room/8455_5105/mix.wav,6.7996673583984375,7.067577838897705,6.280150890350342,6.578605651855469
/data/public/EchoSet/test/uNb9QFRL6hY/0_28_living_room/1320_3570/mix.wav,12.130514144897461,12.110095977783203,11.41848373413086,11.427701950073242
/data/public/EchoSet/test/uNb9QFRL6hY/0_28_living_room/1995_1320/mix.wav,10.46122932434082,10.558094024658203,9.923877716064453,10.041942596435547
/data/public/EchoSet/test/uNb9QFRL6hY/0_28_living_room/4446_3575/mix.wav,10.51889419555664,10.523848533630371,10.018763542175293,10.101261138916016
/data/public/EchoSet/test/uNb9QFRL6hY/0_28_living_room/1580_4077/mix.wav,12.279655456542969,12.292963981628418,11.761309623718262,11.810111999511719
/data/public/EchoSet/test/uNb9QFRL6hY/0_28_living_room/237_6829/mix.wav,9.522907257080078,9.572193145751953,8.8139066696167,8.895329475402832
/data/public/EchoSet/test/uNb9QFRL6hY/0_28_living_room/2830_121/mix.wav,7.245188236236572,7.846398830413818,5.922427654266357,6.574503421783447
/data/public/EchoSet/test/uNb9QFRL6hY/0_28_living_room/1580_7021/mix.wav,11.19250774383545,11.452886581420898,10.75805950164795,11.065942764282227
/data/public/EchoSet/test/uNb9QFRL6hY/0_28_living_room/7127_5683/mix.wav,9.127911567687988,9.061068534851074,8.393850326538086,8.414427757263184
/data/public/EchoSet/test/uNb9QFRL6hY/0_28_living_room/8224_1089/mix.wav,7.78905725479126,7.808538436889648,7.104608058929443,7.171572685241699
/data/public/EchoSet/test/uNb9QFRL6hY/0_28_living_room/1320_6930/mix.wav,11.841543197631836,11.784210205078125,10.979914665222168,10.964005470275879
/data/public/EchoSet/test/uNb9QFRL6hY/0_28_living_room/8463_3575/mix.wav,6.72556209564209,6.793747425079346,6.194296836853027,6.352027416229248
/data/public/EchoSet/test/uNb9QFRL6hY/0_28_living_room/8230_4077/mix.wav,10.725652694702148,10.646759033203125,10.0712890625,10.035212516784668
/data/public/EchoSet/test/uNb9QFRL6hY/0_28_living_room/5142_1188/mix.wav,12.06177043914795,12.12238597869873,11.416271209716797,11.531655311584473
/data/public/EchoSet/test/uNb9QFRL6hY/0_28_living_room/2300_672/mix.wav,6.224977493286133,6.160497665405273,4.0881028175354,4.043008804321289
/data/public/EchoSet/test/uNb9QFRL6hY/0_28_living_room/1089_4507/mix.wav,12.483421325683594,12.607126235961914,12.276126861572266,12.417621612548828
/data/public/EchoSet/test/uNb9QFRL6hY/0_28_living_room/260_1320/mix.wav,4.357458114624023,4.895037651062012,3.996906280517578,4.6212968826293945
/data/public/EchoSet/test/uNb9QFRL6hY/0_28_living_room/4992_7729/mix.wav,11.065345764160156,11.081015586853027,10.683687210083008,10.774205207824707
/data/public/EchoSet/test/uNb9QFRL6hY/0_28_living_room/2961_7729/mix.wav,7.722440719604492,7.729867935180664,5.6754255294799805,5.865989685058594
/data/public/EchoSet/test/uNb9QFRL6hY/0_28_living_room/4970_121/mix.wav,6.275087356567383,6.1616082191467285,5.61110258102417,5.579135894775391
/data/public/EchoSet/test/uNb9QFRL6hY/0_28_living_room/1188_8455/mix.wav,9.68559455871582,9.750833511352539,9.293010711669922,9.414496421813965
/data/public/EchoSet/test/uNb9QFRL6hY/0_28_living_room/4992_2300/mix.wav,6.531486511230469,6.905035018920898,6.102806091308594,6.535901069641113
/data/public/EchoSet/test/uNb9QFRL6hY/0_28_living_room/5683_8555/mix.wav,10.873294830322266,11.038198471069336,10.008443832397461,10.231045722961426
/data/public/EchoSet/test/uNb9QFRL6hY/0_28_living_room/61_8224/mix.wav,2.0483179092407227,2.467454671859741,1.290547251701355,1.7717536687850952
/data/public/EchoSet/test/uNb9QFRL6hY/0_28_living_room/5105_4992/mix.wav,11.296565055847168,11.041327476501465,10.60859489440918,10.642790794372559
/data/public/EchoSet/test/uNb9QFRL6hY/0_28_living_room/61_237/mix.wav,7.7853240966796875,7.898148059844971,7.081892013549805,7.270585060119629
/data/public/EchoSet/test/uNb9QFRL6hY/0_28_living_room/8463_8555/mix.wav,9.703092575073242,9.896284103393555,9.415759086608887,9.640911102294922
/data/public/EchoSet/test/uNb9QFRL6hY/0_28_living_room/908_2094/mix.wav,8.861523628234863,9.056715965270996,8.451700210571289,8.753592491149902
/data/public/EchoSet/test/uNb9QFRL6hY/0_28_living_room/7021_7176/mix.wav,8.678752899169922,8.714689254760742,8.217992782592773,8.332860946655273
/data/public/EchoSet/test/uNb9QFRL6hY/0_28_living_room/5683_1221/mix.wav,3.1608006954193115,3.077697515487671,1.8754596710205078,1.9047112464904785
/data/public/EchoSet/test/uNb9QFRL6hY/0_28_living_room/2830_5142/mix.wav,8.341496467590332,8.375370979309082,6.586822509765625,6.66532039642334
/data/public/EchoSet/test/uNb9QFRL6hY/0_28_living_room/8230_260/mix.wav,7.341048240661621,7.320474624633789,5.999937057495117,6.029578685760498
/data/public/EchoSet/test/uNb9QFRL6hY/0_28_living_room/8455_7176/mix.wav,6.59964656829834,6.610289096832275,5.8729448318481445,5.929111957550049
/data/public/EchoSet/test/uNb9QFRL6hY/0_28_living_room/4507_5142/mix.wav,10.790739059448242,11.050612449645996,10.44438362121582,10.756134986877441
/data/public/EchoSet/test/uNb9QFRL6hY/0_28_living_room/1188_5639/mix.wav,3.3568358421325684,3.4743943214416504,2.656254768371582,2.8167531490325928
/data/public/EchoSet/test/uNb9QFRL6hY/0_28_living_room/908_3575/mix.wav,13.535781860351562,13.511326789855957,12.923027038574219,12.925951957702637
/data/public/EchoSet/test/uNb9QFRL6hY/0_28_living_room/1580_2094/mix.wav,8.135964393615723,8.233270645141602,7.541895866394043,7.741891860961914
/data/public/EchoSet/test/uNb9QFRL6hY/0_28_living_room/61_3729/mix.wav,6.1715593338012695,6.249037265777588,5.280029296875,5.4012956619262695
/data/public/EchoSet/test/uNb9QFRL6hY/0_28_living_room/8463_1089/mix.wav,13.116933822631836,13.256279945373535,12.581796646118164,12.770212173461914
/data/public/EchoSet/test/uNb9QFRL6hY/0_28_living_room/1089_4446/mix.wav,10.761068344116211,10.893911361694336,10.14512825012207,10.324453353881836
/data/public/EchoSet/test/uNb9QFRL6hY/0_28_living_room/6930_121/mix.wav,10.744595527648926,10.748068809509277,10.227629661560059,10.310152053833008
/data/public/EchoSet/test/uNb9QFRL6hY/0_28_living_room/7021_6930/mix.wav,0.6605444550514221,0.7389382719993591,-0.5340738892555237,-0.4147803485393524
/data/public/EchoSet/test/uNb9QFRL6hY/0_28_living_room/7729_1221/mix.wav,12.910390853881836,13.102867126464844,12.566471099853516,12.803633689880371
/data/public/EchoSet/test/uNb9QFRL6hY/0_28_living_room/5142_5105/mix.wav,11.686269760131836,11.689013481140137,11.139869689941406,11.249841690063477
/data/public/EchoSet/test/uNb9QFRL6hY/0_28_living_room/3575_6829/mix.wav,10.563339233398438,10.486822128295898,9.58328914642334,9.561853408813477
/data/public/EchoSet/test/uNb9QFRL6hY/0_28_living_room/1284_260/mix.wav,10.748759269714355,10.885139465332031,10.27964973449707,10.491477966308594
/data/public/EchoSet/test/uNb9QFRL6hY/0_28_living_room/7729_3729/mix.wav,11.525108337402344,11.437575340270996,11.149581909179688,11.13068962097168
/data/public/EchoSet/test/uNb9QFRL6hY/0_1_office/7021_1320/mix.wav,5.043639659881592,5.228824615478516,4.480457305908203,4.771706581115723
/data/public/EchoSet/test/uNb9QFRL6hY/0_1_office/5142_4507/mix.wav,9.083832740783691,9.027535438537598,8.577205657958984,8.590903282165527
/data/public/EchoSet/test/uNb9QFRL6hY/0_1_office/2094_7729/mix.wav,12.842939376831055,13.153751373291016,12.656379699707031,12.996319770812988
/data/public/EchoSet/test/uNb9QFRL6hY/0_1_office/6930_4992/mix.wav,5.481420993804932,5.644965171813965,5.266609191894531,5.463278770446777
/data/public/EchoSet/test/uNb9QFRL6hY/0_1_office/8224_1284/mix.wav,0.5301563739776611,0.7677178382873535,0.06394495069980621,0.3662734627723694
/data/public/EchoSet/test/uNb9QFRL6hY/0_1_office/121_5142/mix.wav,8.59211254119873,9.185646057128906,8.18359375,8.836472511291504
/data/public/EchoSet/test/uNb9QFRL6hY/0_1_office/2300_8224/mix.wav,2.2786569595336914,2.345421314239502,1.3710309267044067,1.4816287755966187
/data/public/EchoSet/test/uNb9QFRL6hY/0_1_office/6930_5105/mix.wav,2.515890121459961,2.4503989219665527,1.302516222000122,1.3017133474349976
/data/public/EchoSet/test/uNb9QFRL6hY/0_1_office/2830_8224/mix.wav,5.425715446472168,5.60124397277832,4.414678573608398,4.6350297927856445
/data/public/EchoSet/test/uNb9QFRL6hY/0_1_office/4992_5639/mix.wav,10.823091506958008,10.942780494689941,10.113829612731934,10.335555076599121
/data/public/EchoSet/test/uNb9QFRL6hY/0_1_office/8555_8463/mix.wav,11.453474044799805,11.43779468536377,10.871676445007324,10.917407035827637
/data/public/EchoSet/test/uNb9QFRL6hY/0_1_office/908_7127/mix.wav,2.7073965072631836,2.7160072326660156,2.484879493713379,2.6148247718811035
/data/public/EchoSet/test/uNb9QFRL6hY/0_1_office/1089_3570/mix.wav,8.989387512207031,9.01020336151123,8.271677017211914,8.369495391845703
/data/public/EchoSet/test/uNb9QFRL6hY/0_1_office/8463_1089/mix.wav,9.65639877319336,9.769641876220703,9.326309204101562,9.500903129577637
/data/public/EchoSet/test/uNb9QFRL6hY/0_1_office/672_6829/mix.wav,11.98585319519043,12.217585563659668,11.072564125061035,11.330817222595215
/data/public/EchoSet/test/uNb9QFRL6hY/0_1_office/8455_672/mix.wav,6.599346160888672,6.785187244415283,5.761992931365967,6.047770023345947
/data/public/EchoSet/test/uNb9QFRL6hY/0_1_office/5639_7021/mix.wav,3.7403078079223633,3.8337395191192627,3.2469406127929688,3.4847261905670166
/data/public/EchoSet/test/uNb9QFRL6hY/0_1_office/6829_8463/mix.wav,8.91400146484375,9.387118339538574,8.635075569152832,9.134394645690918
/data/public/EchoSet/test/uNb9QFRL6hY/0_1_office/5105_2830/mix.wav,3.3651328086853027,1.2864282131195068,1.3088387250900269,0.16720986366271973
/data/public/EchoSet/test/uNb9QFRL6hY/0_1_office/672_1188/mix.wav,7.7076416015625,7.988760948181152,6.379160404205322,6.6843061447143555
/data/public/EchoSet/test/uNb9QFRL6hY/0_1_office/5683_1089/mix.wav,12.236106872558594,12.316752433776855,11.757341384887695,11.867192268371582
/data/public/EchoSet/test/uNb9QFRL6hY/0_1_office/4507_2300/mix.wav,9.606380462646484,9.751492500305176,8.827466011047363,9.012630462646484
/data/public/EchoSet/test/uNb9QFRL6hY/0_1_office/5142_237/mix.wav,6.579950332641602,6.112259387969971,5.655544281005859,5.348642349243164
/data/public/EchoSet/test/uNb9QFRL6hY/0_1_office/5639_1221/mix.wav,5.31913423538208,5.557663917541504,4.5849409103393555,4.939796447753906
/data/public/EchoSet/test/uNb9QFRL6hY/0_1_office/7021_7176/mix.wav,4.610114574432373,5.106700897216797,3.544008493423462,4.136334419250488
/data/public/EchoSet/test/uNb9QFRL6hY/0_1_office/4992_4077/mix.wav,10.90418815612793,10.821491241455078,10.219252586364746,10.200530052185059
/data/public/EchoSet/test/uNb9QFRL6hY/0_1_office/6930_61/mix.wav,4.124652862548828,4.186989784240723,2.6226351261138916,2.7259421348571777
/data/public/EchoSet/test/uNb9QFRL6hY/0_1_office/1188_8224/mix.wav,5.720505237579346,5.631166458129883,0.5821256041526794,0.597197949886322
/data/public/EchoSet/test/uNb9QFRL6hY/0_1_office/8224_8463/mix.wav,1.0414493083953857,1.3694260120391846,0.745516300201416,1.1234750747680664
/data/public/EchoSet/test/uNb9QFRL6hY/0_1_office/260_8224/mix.wav,4.501097679138184,5.026976585388184,3.4131579399108887,3.9813551902770996
/data/public/EchoSet/test/uNb9QFRL6hY/0_1_office/7729_121/mix.wav,8.175722122192383,8.504432678222656,7.657289505004883,8.0802583694458
/data/public/EchoSet/test/uNb9QFRL6hY/0_1_office/8455_7176/mix.wav,10.131156921386719,10.286096572875977,9.412029266357422,9.60838508605957
/data/public/EchoSet/test/uNb9QFRL6hY/0_1_office/260_1089/mix.wav,10.030287742614746,10.032150268554688,9.53677749633789,9.572450637817383
/data/public/EchoSet/test/uNb9QFRL6hY/0_1_office/1221_237/mix.wav,13.760011672973633,13.8130521774292,12.745959281921387,12.807342529296875
/data/public/EchoSet/test/uNb9QFRL6hY/0_1_office/1995_672/mix.wav,8.445719718933105,8.437405586242676,7.840538024902344,7.867035388946533
/data/public/EchoSet/test/uNb9QFRL6hY/0_1_office/61_2300/mix.wav,0.008306264877319336,-0.04010510444641113,-0.935373067855835,-0.935720682144165
/data/public/EchoSet/test/uNb9QFRL6hY/0_1_office/8463_4970/mix.wav,10.752754211425781,10.7020902633667,10.101503372192383,10.108678817749023
/data/public/EchoSet/test/uNb9QFRL6hY/0_1_office/1320_6930/mix.wav,12.064300537109375,12.16414737701416,11.187318801879883,11.34145736694336
/data/public/EchoSet/test/uNb9QFRL6hY/0_1_office/5683_3575/mix.wav,8.809354782104492,8.762431144714355,8.060011863708496,8.05764389038086
/data/public/EchoSet/test/uNb9QFRL6hY/0_1_office/1995_6829/mix.wav,0.5883336067199707,0.5126582384109497,0.22256231307983398,0.25635218620300293
/data/public/EchoSet/test/uNb9QFRL6hY/0_1_office/1221_5639/mix.wav,10.518075942993164,10.723458290100098,9.870368957519531,10.117378234863281
/data/public/EchoSet/test/uNb9QFRL6hY/0_1_office/4507_3575/mix.wav,0.843726396560669,0.7493549585342407,-2.171067476272583,-1.7588764429092407
/data/public/EchoSet/test/uNb9QFRL6hY/0_1_office/6829_4077/mix.wav,11.70536994934082,11.817596435546875,11.217446327209473,11.363296508789062
/data/public/EchoSet/test/uNb9QFRL6hY/0_1_office/8555_5142/mix.wav,-0.7286195755004883,-0.7197928428649902,-1.9053256511688232,-1.8105933666229248
/data/public/EchoSet/test/uNb9QFRL6hY/0_1_office/8463_1284/mix.wav,9.083748817443848,9.173591613769531,8.487791061401367,8.6524076461792
/data/public/EchoSet/test/uNb9QFRL6hY/0_1_office/6930_1188/mix.wav,-0.6010732650756836,-0.3308366537094116,-1.882521390914917,-1.5672379732131958
/data/public/EchoSet/test/uNb9QFRL6hY/0_1_office/8455_5683/mix.wav,13.613702774047852,13.786124229431152,13.005914688110352,13.21662425994873
/data/public/EchoSet/test/uNb9QFRL6hY/0_1_office/2961_2094/mix.wav,12.958593368530273,12.997004508972168,12.155683517456055,12.226221084594727
/data/public/EchoSet/test/uNb9QFRL6hY/0_1_office/4992_2094/mix.wav,10.098508834838867,10.33962345123291,9.660260200500488,9.932064056396484
/data/public/EchoSet/test/uNb9QFRL6hY/0_1_office/4992_7729/mix.wav,8.126813888549805,8.359429359436035,7.565915107727051,7.894154071807861
/data/public/EchoSet/test/uNb9QFRL6hY/0_1_office/1320_908/mix.wav,7.898612976074219,7.912629127502441,7.45494270324707,7.578680038452148
/data/public/EchoSet/test/uNb9QFRL6hY/0_1_office/4077_1221/mix.wav,9.481048583984375,9.449954986572266,8.676213264465332,8.751358032226562
/data/public/EchoSet/test/uNb9QFRL6hY/0_1_office/6930_1320/mix.wav,4.396289825439453,4.594073295593262,2.4956159591674805,2.7322700023651123
/data/public/EchoSet/test/uNb9QFRL6hY/0_1_office/3570_1580/mix.wav,14.356922149658203,14.44839096069336,13.478645324707031,13.612340927124023
/data/public/EchoSet/test/uNb9QFRL6hY/0_1_office/908_4992/mix.wav,11.998190879821777,12.16806411743164,11.625452041625977,11.819693565368652
/data/public/EchoSet/test/uNb9QFRL6hY/0_1_office/7021_5105/mix.wav,11.43393325805664,11.568770408630371,10.725578308105469,10.892743110656738
/data/public/EchoSet/test/uNb9QFRL6hY/0_1_office/2094_8230/mix.wav,7.172969818115234,7.768539905548096,5.439078330993652,6.149200439453125
/data/public/EchoSet/test/uNb9QFRL6hY/0_1_office/4077_8455/mix.wav,8.255167007446289,8.22016716003418,7.820486068725586,7.822126865386963
/data/public/EchoSet/test/uNb9QFRL6hY/0_1_office/5142_6930/mix.wav,5.959409236907959,6.28087043762207,5.494573593139648,5.8837385177612305
/data/public/EchoSet/test/uNb9QFRL6hY/0_1_office/7729_4970/mix.wav,8.51595687866211,8.495229721069336,7.759119987487793,7.799160480499268
/data/public/EchoSet/test/uNb9QFRL6hY/0_1_office/61_1089/mix.wav,4.585148811340332,4.7742390632629395,3.829369068145752,4.123075485229492
/data/public/EchoSet/test/uNb9QFRL6hY/0_1_office/8230_1089/mix.wav,10.565576553344727,10.607484817504883,10.080244064331055,10.243124961853027
/data/public/EchoSet/test/uNb9QFRL6hY/0_1_office/8224_2300/mix.wav,8.555525779724121,8.553930282592773,7.752786159515381,7.821401596069336
/data/public/EchoSet/test/uNb9QFRL6hY/0_1_office/3570_7176/mix.wav,11.56875991821289,11.66200065612793,11.320666313171387,11.472860336303711
/data/public/EchoSet/test/uNb9QFRL6hY/0_1_office/61_8455/mix.wav,6.72629451751709,7.033237457275391,6.4200944900512695,6.834878921508789
/data/public/EchoSet/test/uNb9QFRL6hY/0_1_office/908_3729/mix.wav,11.766201972961426,11.883264541625977,11.184059143066406,11.345647811889648
/data/public/EchoSet/test/uNb9QFRL6hY/0_1_office/7021_8555/mix.wav,10.855664253234863,10.822997093200684,9.843246459960938,9.903742790222168
/data/public/EchoSet/test/uNb9QFRL6hY/0_1_office/61_5683/mix.wav,5.82779598236084,6.423587322235107,5.131758689880371,5.809006690979004
/data/public/EchoSet/test/uNb9QFRL6hY/0_1_office/7127_8555/mix.wav,7.045213222503662,7.5611186027526855,6.659655570983887,7.2363481521606445
/data/public/EchoSet/test/uNb9QFRL6hY/0_1_office/2830_1188/mix.wav,1.3422214984893799,1.3286489248275757,-0.27346062660217285,-0.22638678550720215
/data/public/EchoSet/test/uNb9QFRL6hY/0_1_office/2830_4446/mix.wav,8.960603713989258,8.053947448730469,8.058320999145508,7.585539817810059
/data/public/EchoSet/test/uNb9QFRL6hY/0_1_office/2300_672/mix.wav,5.912502288818359,5.9079766273498535,5.444252014160156,5.49182653427124
/data/public/EchoSet/test/uNb9QFRL6hY/0_1_office/5142_260/mix.wav,7.7383012771606445,7.899773597717285,6.877392768859863,7.0984673500061035
/data/public/EchoSet/test/uNb9QFRL6hY/0_1_office/121_237/mix.wav,6.3298797607421875,6.366971015930176,5.6611480712890625,5.753957748413086
/data/public/EchoSet/test/uNb9QFRL6hY/0_1_office/3575_8455/mix.wav,11.082792282104492,11.134376525878906,10.459508895874023,10.567341804504395
/data/public/EchoSet/test/uNb9QFRL6hY/0_1_office/2300_3570/mix.wav,7.1879682540893555,7.849452018737793,6.746872901916504,7.4570231437683105
/data/public/EchoSet/test/uNb9QFRL6hY/0_1_office/5683_1995/mix.wav,7.575386047363281,8.233924865722656,6.764155864715576,7.4630126953125
/data/public/EchoSet/test/uNb9QFRL6hY/0_1_office/2961_1580/mix.wav,10.894476890563965,10.882709503173828,10.155439376831055,10.190797805786133
/data/public/EchoSet/test/uNb9QFRL6hY/0_1_office/7127_8230/mix.wav,9.658622741699219,9.731186866760254,8.101407051086426,8.21078109741211
/data/public/EchoSet/test/uNb9QFRL6hY/0_1_office/1580_5105/mix.wav,9.145539283752441,9.251887321472168,7.07982873916626,7.239494800567627
/data/public/EchoSet/test/uNb9QFRL6hY/0_1_office/7729_1320/mix.wav,6.647243976593018,6.568050861358643,5.628244876861572,5.640012741088867
/data/public/EchoSet/test/uNb9QFRL6hY/0_1_office/4970_4077/mix.wav,9.386401176452637,9.505743026733398,8.878984451293945,9.036837577819824
/data/public/EchoSet/test/uNb9QFRL6hY/0_1_office/3729_1580/mix.wav,8.514286041259766,8.788272857666016,8.016544342041016,8.356119155883789
/data/public/EchoSet/test/uNb9QFRL6hY/0_1_office/3575_1221/mix.wav,7.888321876525879,8.343351364135742,7.202908039093018,7.695656776428223
/data/public/EchoSet/test/uNb9QFRL6hY/0_1_office/1995_908/mix.wav,10.565885543823242,10.474300384521484,10.152332305908203,10.11378288269043
/data/public/EchoSet/test/uNb9QFRL6hY/0_1_office/7127_5639/mix.wav,3.5942821502685547,4.076685428619385,2.9938061237335205,3.5240907669067383
/data/public/EchoSet/test/uNb9QFRL6hY/0_1_office/7729_1188/mix.wav,8.813041687011719,9.13139820098877,8.3630952835083,8.779827117919922
/data/public/EchoSet/test/uNb9QFRL6hY/0_1_office/260_7176/mix.wav,7.350297451019287,7.643275260925293,6.710599899291992,7.073741436004639
/data/public/EchoSet/test/uNb9QFRL6hY/0_1_office/1284_7729/mix.wav,11.695674896240234,11.952607154846191,11.234533309936523,11.517561912536621
/data/public/EchoSet/test/uNb9QFRL6hY/0_1_office/6829_4507/mix.wav,6.125010013580322,6.234118461608887,5.389504432678223,5.551848888397217
/data/public/EchoSet/test/uNb9QFRL6hY/0_1_office/4077_4507/mix.wav,12.079236030578613,11.362136840820312,9.79145336151123,9.798346519470215
/data/public/EchoSet/test/uNb9QFRL6hY/0_1_office/1995_8463/mix.wav,11.445201873779297,11.442106246948242,10.608322143554688,10.661944389343262
/data/public/EchoSet/test/uNb9QFRL6hY/0_1_office/2300_7127/mix.wav,2.7175533771514893,2.9109652042388916,1.7898515462875366,2.096790313720703
/data/public/EchoSet/test/uNb9QFRL6hY/0_1_office/6829_260/mix.wav,7.9289445877075195,8.095198631286621,7.484732627868652,7.695620536804199
/data/public/EchoSet/test/uNb9QFRL6hY/0_1_office/1320_3575/mix.wav,9.42312240600586,9.733741760253906,9.006738662719727,9.389557838439941
/data/public/EchoSet/test/uNb9QFRL6hY/0_1_office/672_8230/mix.wav,6.558361053466797,6.512463092803955,5.880160331726074,5.885695457458496
/data/public/EchoSet/test/uNb9QFRL6hY/0_1_office/4446_7176/mix.wav,7.478449821472168,7.531821250915527,6.633455276489258,6.705885887145996
/data/public/EchoSet/test/uNb9QFRL6hY/0_1_office/3729_3570/mix.wav,8.451742172241211,8.270733833312988,7.575353145599365,7.57706356048584
/data/public/EchoSet/test/uNb9QFRL6hY/0_1_office/260_1188/mix.wav,4.101428985595703,4.226046085357666,3.267869234085083,3.4594531059265137
/data/public/EchoSet/test/uNb9QFRL6hY/0_1_office/4446_237/mix.wav,8.664158821105957,8.656617164611816,8.00505256652832,8.09406852722168
/data/public/EchoSet/test/uNb9QFRL6hY/0_1_office/908_7021/mix.wav,11.79815673828125,11.980254173278809,11.37835693359375,11.587945938110352
/data/public/EchoSet/test/uNb9QFRL6hY/0_1_office/5105_1284/mix.wav,8.216727256774902,7.973904609680176,6.284946918487549,6.21783447265625
/data/public/EchoSet/test/uNb9QFRL6hY/0_1_office/121_3570/mix.wav,10.981287956237793,10.963508605957031,10.511589050292969,10.553951263427734
/data/public/EchoSet/test/uNb9QFRL6hY/0_1_office/260_1580/mix.wav,11.838050842285156,12.100415229797363,11.258779525756836,11.548296928405762
/data/public/EchoSet/test/uNb9QFRL6hY/0_1_office/5105_3729/mix.wav,12.513338088989258,12.619044303894043,12.082969665527344,12.244987487792969
/data/public/EchoSet/test/uNb9QFRL6hY/0_1_office/4992_5105/mix.wav,10.820364952087402,10.827733993530273,10.438669204711914,10.503671646118164
/data/public/EchoSet/test/uNb9QFRL6hY/0_1_office/3575_4970/mix.wav,9.849571228027344,9.906603813171387,8.546990394592285,8.620039939880371
/data/public/EchoSet/test/uNb9QFRL6hY/0_1_office/4446_2830/mix.wav,9.153179168701172,8.298781394958496,7.802946090698242,7.344027519226074
/data/public/EchoSet/test/uNb9QFRL6hY/0_1_office/2830_61/mix.wav,2.907909631729126,2.7651736736297607,2.099773645401001,2.0690083503723145
/data/public/EchoSet/test/uNb9QFRL6hY/0_1_office/1089_237/mix.wav,9.82143497467041,9.945524215698242,9.172758102416992,9.355326652526855
/data/public/EchoSet/test/uNb9QFRL6hY/0_1_office/2094_6829/mix.wav,7.303293704986572,7.2685089111328125,6.909261703491211,6.956367015838623
/data/public/EchoSet/test/uNb9QFRL6hY/0_1_office/4970_2094/mix.wav,9.857240676879883,10.228230476379395,9.267972946166992,9.666646957397461
/data/public/EchoSet/test/uNb9QFRL6hY/0_1_office/237_5683/mix.wav,4.0668230056762695,4.554651260375977,3.4527297019958496,3.992034435272217
/data/public/EchoSet/test/uNb9QFRL6hY/0_1_office/3729_5683/mix.wav,11.933272361755371,12.183670043945312,11.122163772583008,11.391093254089355
/data/public/EchoSet/test/uNb9QFRL6hY/0_1_office/1320_3729/mix.wav,9.871126174926758,10.197879791259766,8.839126586914062,9.251227378845215
/data/public/EchoSet/test/uNb9QFRL6hY/0_1_office/2961_4507/mix.wav,11.70337200164795,11.688920021057129,11.2374849319458,11.281004905700684
/data/public/EchoSet/test/uNb9QFRL6hY/0_1_office/7176_121/mix.wav,9.582757949829102,9.640546798706055,9.171478271484375,9.283845901489258
/data/public/EchoSet/test/uNb9QFRL6hY/0_1_office/3570_8555/mix.wav,4.300287246704102,4.1936750411987305,3.30328631401062,3.255751132965088
/data/public/EchoSet/test/uNb9QFRL6hY/0_1_office/672_2094/mix.wav,1.8363921642303467,1.5905765295028687,-1.1897008419036865,-1.4105641841888428
/data/public/EchoSet/test/uNb9QFRL6hY/0_1_office/4446_2961/mix.wav,10.975229263305664,10.968531608581543,10.618420600891113,10.658281326293945
/data/public/EchoSet/test/uNb9QFRL6hY/0_1_office/1995_8230/mix.wav,11.759943962097168,11.965265274047852,11.147659301757812,11.412795066833496
/data/public/EchoSet/test/uNb9QFRL6hY/0_1_office/5639_2961/mix.wav,13.1871337890625,13.237621307373047,12.83431625366211,12.954439163208008
/data/public/EchoSet/test/uNb9QFRL6hY/0_1_office/8230_61/mix.wav,6.027684211730957,6.093910217285156,5.214141845703125,5.311971664428711
/data/public/EchoSet/test/uNb9QFRL6hY/0_1_office/1284_121/mix.wav,10.737319946289062,10.828319549560547,10.16151237487793,10.301831245422363
/data/public/EchoSet/test/uNb9QFRL6hY/0_1_office/5142_1221/mix.wav,8.068988800048828,8.184659957885742,7.151871681213379,7.3165283203125
/data/public/EchoSet/test/uNb9QFRL6hY/0_1_office/7176_1188/mix.wav,4.567190170288086,4.989945411682129,4.183933258056641,4.653204441070557
/data/public/EchoSet/test/uNb9QFRL6hY/0_1_office/8455_4970/mix.wav,13.965780258178711,14.025043487548828,13.204368591308594,13.358640670776367
/data/public/EchoSet/test/uNb9QFRL6hY/0_1_office/8230_1580/mix.wav,11.061605453491211,11.19511890411377,10.695854187011719,10.903851509094238
/data/public/EchoSet/test/uNb9QFRL6hY/0_1_office/1995_8555/mix.wav,5.412248611450195,5.779579162597656,4.750875473022461,5.183612823486328
/data/public/EchoSet/test/uNb9QFRL6hY/0_1_office/7021_1284/mix.wav,6.524439334869385,6.524438858032227,3.783219337463379,3.8341140747070312
/data/public/EchoSet/test/Z6MFQCViBuw/0_4_lounge/5105_1320/mix.wav,8.403816223144531,8.573800086975098,7.416104316711426,7.646826267242432
/data/public/EchoSet/test/Z6MFQCViBuw/0_4_lounge/2961_4970/mix.wav,7.4658403396606445,7.622602462768555,6.985856056213379,7.199387550354004
/data/public/EchoSet/test/Z6MFQCViBuw/0_4_lounge/7176_4077/mix.wav,8.071695327758789,8.322223663330078,7.635434150695801,7.927234649658203
/data/public/EchoSet/test/Z6MFQCViBuw/0_4_lounge/7127_5683/mix.wav,7.301909923553467,7.319551467895508,6.20999813079834,6.3859663009643555
/data/public/EchoSet/test/Z6MFQCViBuw/0_4_lounge/1089_121/mix.wav,10.54959487915039,10.301695823669434,10.041326522827148,9.914895057678223
/data/public/EchoSet/test/Z6MFQCViBuw/0_4_lounge/2830_2094/mix.wav,8.158703804016113,8.25917911529541,6.99485969543457,7.167778491973877
/data/public/EchoSet/test/Z6MFQCViBuw/0_4_lounge/3570_6930/mix.wav,10.70333480834961,10.84520149230957,9.05309772491455,9.226186752319336
/data/public/EchoSet/test/Z6MFQCViBuw/0_4_lounge/5639_3575/mix.wav,11.344383239746094,11.377897262573242,10.868611335754395,10.960559844970703
/data/public/EchoSet/test/Z6MFQCViBuw/0_4_lounge/2094_7021/mix.wav,9.75296401977539,9.723649024963379,8.995099067687988,9.01118278503418
/data/public/EchoSet/test/Z6MFQCViBuw/0_4_lounge/1995_3570/mix.wav,6.798529148101807,6.369322776794434,5.4349188804626465,5.236440658569336
/data/public/EchoSet/test/Z6MFQCViBuw/0_4_lounge/121_260/mix.wav,12.137472152709961,12.064780235290527,11.227340698242188,11.193214416503906
/data/public/EchoSet/test/Z6MFQCViBuw/0_4_lounge/7176_237/mix.wav,12.670562744140625,12.615156173706055,12.223553657531738,12.203426361083984
/data/public/EchoSet/test/Z6MFQCViBuw/0_4_lounge/8463_7729/mix.wav,11.851510047912598,11.878877639770508,11.308575630187988,11.379289627075195
/data/public/EchoSet/test/Z6MFQCViBuw/0_4_lounge/1995_672/mix.wav,11.725004196166992,12.44180679321289,11.538143157958984,12.287668228149414
/data/public/EchoSet/test/Z6MFQCViBuw/0_4_lounge/4077_2300/mix.wav,4.337708473205566,4.362913131713867,3.5844531059265137,3.6289467811584473
/data/public/EchoSet/test/Z6MFQCViBuw/0_4_lounge/5639_8463/mix.wav,12.159418106079102,12.229752540588379,11.382015228271484,11.492146492004395
/data/public/EchoSet/test/Z6MFQCViBuw/0_4_lounge/1188_1284/mix.wav,10.851669311523438,10.930163383483887,10.501636505126953,10.62180233001709
/data/public/EchoSet/test/Z6MFQCViBuw/0_4_lounge/1284_1188/mix.wav,12.31151008605957,12.361422538757324,11.687782287597656,11.783567428588867
/data/public/EchoSet/test/Z6MFQCViBuw/0_4_lounge/7021_5105/mix.wav,13.22576904296875,13.364248275756836,12.742324829101562,12.942837715148926
/data/public/EchoSet/test/Z6MFQCViBuw/0_4_lounge/7127_4992/mix.wav,9.522109985351562,9.83047103881836,8.69655990600586,9.113815307617188
/data/public/EchoSet/test/Z6MFQCViBuw/0_4_lounge/7729_4970/mix.wav,14.400724411010742,14.48094367980957,13.891983032226562,14.0003023147583
/data/public/EchoSet/test/Z6MFQCViBuw/0_4_lounge/237_7729/mix.wav,11.024045944213867,11.097195625305176,10.61296558380127,10.739706993103027
/data/public/EchoSet/test/Z6MFQCViBuw/0_4_lounge/2094_8555/mix.wav,9.17599868774414,8.90375804901123,8.726547241210938,8.567460060119629
/data/public/EchoSet/test/Z6MFQCViBuw/0_4_lounge/3575_237/mix.wav,7.866020679473877,7.827392101287842,7.21160364151001,7.222312927246094
/data/public/EchoSet/test/Z6MFQCViBuw/0_4_lounge/8230_8224/mix.wav,13.861763954162598,13.88563346862793,12.460769653320312,12.49537467956543
/data/public/EchoSet/test/Z6MFQCViBuw/0_4_lounge/4446_8230/mix.wav,8.973464965820312,9.287516593933105,8.476947784423828,8.87985897064209
/data/public/EchoSet/test/Z6MFQCViBuw/0_4_lounge/4446_260/mix.wav,10.062593460083008,10.34241771697998,9.559713363647461,9.859532356262207
/data/public/EchoSet/test/Z6MFQCViBuw/0_4_lounge/5683_5639/mix.wav,10.306290626525879,10.721525192260742,9.701637268066406,10.216484069824219
/data/public/EchoSet/test/Z6MFQCViBuw/0_4_lounge/3729_672/mix.wav,0.3326833248138428,0.363012433052063,-0.6405723094940186,-0.5000771284103394
/data/public/EchoSet/test/Z6MFQCViBuw/0_4_lounge/5105_5683/mix.wav,7.336884021759033,7.194743633270264,6.311007976531982,6.24023962020874
/data/public/EchoSet/test/Z6MFQCViBuw/0_4_lounge/2300_8224/mix.wav,4.120562553405762,4.318601131439209,3.636751651763916,3.855543613433838
/data/public/EchoSet/test/Z6MFQCViBuw/0_4_lounge/2830_8224/mix.wav,-0.979965329170227,-0.6823847889900208,-1.5541040897369385,-1.1504926681518555
/data/public/EchoSet/test/Z6MFQCViBuw/0_4_lounge/1580_2094/mix.wav,10.621148109436035,10.655052185058594,10.054733276367188,10.162525177001953
/data/public/EchoSet/test/Z6MFQCViBuw/0_4_lounge/3729_1221/mix.wav,7.4432902336120605,7.384423732757568,6.875129699707031,6.973689079284668
/data/public/EchoSet/test/Z6MFQCViBuw/0_4_lounge/4507_1089/mix.wav,14.746614456176758,15.022849082946777,14.551495552062988,14.844887733459473
/data/public/EchoSet/test/Z6MFQCViBuw/0_4_lounge/3729_2300/mix.wav,15.064282417297363,15.137656211853027,14.6959228515625,14.815799713134766
/data/public/EchoSet/test/Z6MFQCViBuw/0_4_lounge/7729_3729/mix.wav,11.903167724609375,11.947155952453613,11.322518348693848,11.401630401611328
/data/public/EchoSet/test/Z6MFQCViBuw/0_4_lounge/672_7176/mix.wav,6.8900041580200195,6.97344446182251,6.384224891662598,6.492307662963867
/data/public/EchoSet/test/Z6MFQCViBuw/0_4_lounge/1188_4077/mix.wav,8.96196174621582,9.056233406066895,8.141647338867188,8.35084342956543
/data/public/EchoSet/test/Z6MFQCViBuw/0_4_lounge/2830_5639/mix.wav,6.336043357849121,6.270649433135986,5.272566795349121,5.3576459884643555
/data/public/EchoSet/test/Z6MFQCViBuw/0_4_lounge/2961_8224/mix.wav,6.045930862426758,6.61768913269043,5.432219505310059,6.081574440002441
/data/public/EchoSet/test/Z6MFQCViBuw/0_4_lounge/6930_2961/mix.wav,12.005491256713867,11.923316955566406,11.392219543457031,11.374078750610352
/data/public/EchoSet/test/Z6MFQCViBuw/0_4_lounge/3575_7127/mix.wav,8.63986587524414,8.824222564697266,7.934535503387451,8.135873794555664
/data/public/EchoSet/test/Z6MFQCViBuw/0_4_lounge/61_5142/mix.wav,4.454760551452637,4.267331123352051,3.906473159790039,3.8176984786987305
/data/public/EchoSet/test/Z6MFQCViBuw/0_4_lounge/7729_7021/mix.wav,8.729198455810547,8.75710678100586,8.388090133666992,8.509344100952148
/data/public/EchoSet/test/Z6MFQCViBuw/0_4_lounge/6829_7729/mix.wav,12.384450912475586,12.539058685302734,11.81869125366211,12.021834373474121
/data/public/EchoSet/test/Z6MFQCViBuw/0_4_lounge/3570_61/mix.wav,7.985783576965332,8.332889556884766,7.354781627655029,7.778234481811523
/data/public/EchoSet/test/Z6MFQCViBuw/0_4_lounge/3575_1320/mix.wav,11.969403266906738,12.019211769104004,11.022600173950195,11.102621078491211
/data/public/EchoSet/test/Z6MFQCViBuw/0_4_lounge/8463_8555/mix.wav,11.67383098602295,11.69238567352295,11.073613166809082,11.122132301330566
/data/public/EchoSet/test/Z6MFQCViBuw/0_4_lounge/8455_4446/mix.wav,10.550069808959961,10.529732704162598,10.088253021240234,10.154190063476562
/data/public/EchoSet/test/Z6MFQCViBuw/0_4_lounge/3570_672/mix.wav,11.248466491699219,11.432863235473633,10.643587112426758,10.884819984436035
/data/public/EchoSet/test/Z6MFQCViBuw/0_4_lounge/2830_2300/mix.wav,6.78049373626709,6.801081657409668,6.319703102111816,6.375878810882568
/data/public/EchoSet/test/Z6MFQCViBuw/0_4_lounge/5683_5142/mix.wav,3.18668270111084,3.0921971797943115,1.8103817701339722,1.771736741065979
/data/public/EchoSet/test/Z6MFQCViBuw/0_4_lounge/2830_3729/mix.wav,9.715445518493652,9.859997749328613,9.138286590576172,9.367474555969238
/data/public/EchoSet/test/Z6MFQCViBuw/0_4_lounge/1320_5105/mix.wav,9.126397132873535,9.265481948852539,7.902777671813965,8.098379135131836
/data/public/EchoSet/test/Z6MFQCViBuw/0_4_lounge/61_2300/mix.wav,3.4532623291015625,3.657256603240967,3.004512071609497,3.2406604290008545
/data/public/EchoSet/test/Z6MFQCViBuw/0_4_lounge/5142_237/mix.wav,10.35853385925293,10.414329528808594,9.705501556396484,9.796974182128906
/data/public/EchoSet/test/Z6MFQCViBuw/0_4_lounge/1284_4992/mix.wav,3.238225221633911,3.145207166671753,2.1204020977020264,2.088489055633545
/data/public/EchoSet/test/Z6MFQCViBuw/0_4_lounge/2094_4446/mix.wav,9.557753562927246,9.731389045715332,8.694259643554688,8.930115699768066
/data/public/EchoSet/test/Z6MFQCViBuw/0_4_lounge/8224_908/mix.wav,3.0889971256256104,2.896824836730957,2.674945592880249,2.6082048416137695
/data/public/EchoSet/test/Z6MFQCViBuw/0_4_lounge/1995_1089/mix.wav,11.894311904907227,11.919998168945312,11.571714401245117,11.6294584274292
/data/public/EchoSet/test/Z6MFQCViBuw/0_4_lounge/1089_4970/mix.wav,12.825064659118652,12.769495010375977,12.018832206726074,12.19540786743164
/data/public/EchoSet/test/Z6MFQCViBuw/0_4_lounge/1188_61/mix.wav,3.598954677581787,3.7216222286224365,2.91884446144104,3.120189666748047
/data/public/EchoSet/test/Z6MFQCViBuw/0_4_lounge/7176_7127/mix.wav,9.247262954711914,9.44991683959961,8.269558906555176,8.522528648376465
/data/public/EchoSet/test/Z6MFQCViBuw/0_4_lounge/61_4507/mix.wav,8.357633590698242,8.672639846801758,7.649285316467285,8.067992210388184
/data/public/EchoSet/test/Z6MFQCViBuw/0_4_lounge/4507_4992/mix.wav,2.388638496398926,2.657562732696533,1.8117058277130127,2.1242623329162598
/data/public/EchoSet/test/Z6MFQCViBuw/0_4_lounge/1221_672/mix.wav,5.212645053863525,5.253849983215332,3.71061372756958,3.8160006999969482
/data/public/EchoSet/test/Z6MFQCViBuw/0_4_lounge/6829_1320/mix.wav,8.126526832580566,8.35861873626709,7.239333152770996,7.512356758117676
/data/public/EchoSet/test/Z6MFQCViBuw/0_4_lounge/6930_121/mix.wav,3.94881534576416,4.249439716339111,3.547307252883911,3.888716220855713
/data/public/EchoSet/test/Z6MFQCViBuw/0_4_lounge/2300_61/mix.wav,7.244913101196289,7.340210437774658,6.609850883483887,6.767027854919434
/data/public/EchoSet/test/Z6MFQCViBuw/0_4_lounge/1221_1580/mix.wav,1.8756742477416992,2.0957419872283936,1.295436143875122,1.5827378034591675
/data/public/EchoSet/test/Z6MFQCViBuw/0_4_lounge/6930_8455/mix.wav,9.44920539855957,9.548883438110352,8.961139678955078,9.105172157287598
/data/public/EchoSet/test/Z6MFQCViBuw/0_4_lounge/3570_908/mix.wav,11.765058517456055,11.679765701293945,11.093379974365234,11.13623046875
/data/public/EchoSet/test/Z6MFQCViBuw/0_4_lounge/1284_8555/mix.wav,9.437758445739746,9.681089401245117,8.573183059692383,8.88532543182373
/data/public/EchoSet/test/Z6MFQCViBuw/0_4_lounge/1221_4446/mix.wav,10.613115310668945,10.69318962097168,10.071050643920898,10.237870216369629
/data/public/EchoSet/test/Z6MFQCViBuw/0_4_lounge/5683_4507/mix.wav,7.061661720275879,7.203090190887451,5.666871547698975,5.888188362121582
/data/public/EchoSet/test/Z6MFQCViBuw/0_4_lounge/6930_4077/mix.wav,2.421308994293213,2.2005226612091064,1.608075737953186,1.4960211515426636
/data/public/EchoSet/test/Z6MFQCViBuw/0_4_lounge/1284_8455/mix.wav,11.079005241394043,11.379599571228027,10.658561706542969,10.998687744140625
/data/public/EchoSet/test/Z6MFQCViBuw/0_4_lounge/8455_908/mix.wav,2.1651134490966797,2.262037515640259,1.493553638458252,1.631901741027832
/data/public/EchoSet/test/Z6MFQCViBuw/0_4_lounge/908_1284/mix.wav,10.480193138122559,10.512088775634766,10.02136516571045,10.153772354125977
/data/public/EchoSet/test/Z6MFQCViBuw/0_4_lounge/121_237/mix.wav,9.013261795043945,9.218563079833984,8.273238182067871,8.528656005859375
/data/public/EchoSet/test/Z6MFQCViBuw/0_4_lounge/1188_5105/mix.wav,6.291217803955078,6.488349914550781,5.821358680725098,6.0931243896484375
/data/public/EchoSet/test/Z6MFQCViBuw/0_4_lounge/2094_1320/mix.wav,4.074785232543945,4.617066383361816,-1.3857520818710327,-0.6737838983535767
/data/public/EchoSet/test/Z6MFQCViBuw/0_4_lounge/8230_6829/mix.wav,9.48986530303955,9.364521026611328,9.079565048217773,9.069090843200684
/data/public/EchoSet/test/Z6MFQCViBuw/0_4_lounge/1320_5639/mix.wav,7.821464538574219,7.931577682495117,7.3912353515625,7.5607380867004395
/data/public/EchoSet/test/Z6MFQCViBuw/0_4_lounge/7176_4446/mix.wav,6.324398994445801,6.368800163269043,5.668613433837891,5.7637128829956055
/data/public/EchoSet/test/Z6MFQCViBuw/0_4_lounge/1995_1221/mix.wav,6.989918231964111,7.366988182067871,6.677951812744141,7.165988922119141
/data/public/EchoSet/test/Z6MFQCViBuw/0_4_lounge/121_4507/mix.wav,7.599456310272217,8.183825492858887,7.088572025299072,7.781025409698486
/data/public/EchoSet/test/Z6MFQCViBuw/0_4_lounge/5105_8455/mix.wav,8.461220741271973,8.493480682373047,6.973676681518555,7.023518085479736
/data/public/EchoSet/test/Z6MFQCViBuw/0_4_lounge/2830_2961/mix.wav,10.602096557617188,10.679716110229492,9.055037498474121,9.165427207946777
/data/public/EchoSet/test/Z6MFQCViBuw/0_4_lounge/5142_4077/mix.wav,13.508983612060547,13.50273323059082,13.116971969604492,13.146663665771484
/data/public/EchoSet/test/Z6MFQCViBuw/0_4_lounge/7176_1580/mix.wav,5.404786109924316,5.537198066711426,4.617631912231445,4.790965557098389
/data/public/EchoSet/test/Z6MFQCViBuw/0_4_lounge/8555_2961/mix.wav,11.674627304077148,11.918124198913574,11.2080659866333,11.494241714477539
/data/public/EchoSet/test/Z6MFQCViBuw/0_4_lounge/8230_5683/mix.wav,9.481067657470703,9.649240493774414,8.988629341125488,9.243831634521484
/data/public/EchoSet/test/Z6MFQCViBuw/0_4_lounge/8455_8230/mix.wav,11.557214736938477,11.620773315429688,10.88265609741211,10.962357521057129
/data/public/EchoSet/test/Z6MFQCViBuw/0_4_lounge/3729_6930/mix.wav,10.75226879119873,10.854853630065918,10.014068603515625,10.176219940185547
/data/public/EchoSet/test/Z6MFQCViBuw/0_4_lounge/4970_672/mix.wav,12.228477478027344,12.232851028442383,11.53021240234375,11.612393379211426
/data/public/EchoSet/test/Z6MFQCViBuw/0_4_lounge/8463_1580/mix.wav,11.644895553588867,11.565948486328125,10.982585906982422,10.97772216796875
/data/public/EchoSet/test/Z6MFQCViBuw/0_4_lounge/4446_7127/mix.wav,5.752205848693848,5.884575366973877,5.402320861816406,5.595706939697266
/data/public/EchoSet/test/Z6MFQCViBuw/0_4_lounge/5639_6829/mix.wav,12.692815780639648,12.901384353637695,12.248260498046875,12.5073881149292
/data/public/EchoSet/test/Z6MFQCViBuw/0_4_lounge/2094_4992/mix.wav,10.689665794372559,10.872347831726074,10.145646095275879,10.355996131896973
/data/public/EchoSet/test/Z6MFQCViBuw/0_4_lounge/5142_260/mix.wav,2.549515724182129,2.9718475341796875,1.8724122047424316,2.4314210414886475
/data/public/EchoSet/test/Z6MFQCViBuw/0_4_lounge/4970_8224/mix.wav,11.268170356750488,11.085226058959961,10.809456825256348,10.701199531555176
/data/public/EchoSet/test/Z6MFQCViBuw/0_4_lounge/4992_6829/mix.wav,4.423165321350098,5.110756874084473,4.002025127410889,4.820707321166992
/data/public/EchoSet/test/Z6MFQCViBuw/0_4_lounge/7021_8230/mix.wav,8.389434814453125,8.515167236328125,8.040717124938965,8.209881782531738
/data/public/EchoSet/test/Z6MFQCViBuw/0_4_lounge/2961_1995/mix.wav,8.193326950073242,8.261590957641602,7.787657737731934,7.9046196937561035
/data/public/EchoSet/test/Z6MFQCViBuw/0_4_lounge/4992_1188/mix.wav,8.003758430480957,7.900483131408691,7.310606002807617,7.290145397186279
/data/public/EchoSet/test/Z6MFQCViBuw/0_4_lounge/5142_3575/mix.wav,3.584765672683716,4.379439353942871,2.751765489578247,3.5846076011657715
/data/public/EchoSet/test/Z6MFQCViBuw/0_4_lounge/1995_3575/mix.wav,0.8585430383682251,0.6881150007247925,0.40113234519958496,0.36534810066223145
/data/public/EchoSet/test/Z6MFQCViBuw/0_4_lounge/260_6829/mix.wav,5.999574661254883,5.996615409851074,5.250181674957275,5.353854179382324
/data/public/EchoSet/test/Z6MFQCViBuw/0_4_lounge/4970_4077/mix.wav,10.504146575927734,10.616430282592773,9.959270477294922,10.19732666015625
/data/public/EchoSet/test/Z6MFQCViBuw/0_4_lounge/908_7021/mix.wav,0.7261768579483032,0.9739910364151001,-0.060195207595825195,0.2209392786026001
/data/public/EchoSet/test/Z6MFQCViBuw/0_4_lounge/8455_8224/mix.wav,-1.947993516921997,-1.483931064605713,-2.6246676445007324,-2.1185591220855713
/data/public/EchoSet/test/Z6MFQCViBuw/0_4_lounge/8463_260/mix.wav,-1.0952988862991333,-1.0731409788131714,-2.4973087310791016,-2.406088352203369
/data/public/EchoSet/test/Z6MFQCViBuw/0_4_lounge/8230_4992/mix.wav,11.826268196105957,12.033634185791016,11.146703720092773,11.40274429321289
/data/public/EchoSet/test/Z6MFQCViBuw/0_4_lounge/3575_8555/mix.wav,4.99414587020874,5.7779011726379395,4.613970756530762,5.481329441070557
/data/public/EchoSet/test/Z6MFQCViBuw/0_4_lounge/5683_908/mix.wav,11.352689743041992,11.450061798095703,10.633291244506836,10.779844284057617
/data/public/EchoSet/test/Z6MFQCViBuw/0_4_lounge/1089_1221/mix.wav,10.024927139282227,10.127093315124512,9.405399322509766,9.648387908935547
/data/public/EchoSet/test/Z6MFQCViBuw/0_4_lounge/8463_1320/mix.wav,12.571889877319336,12.597818374633789,11.816057205200195,11.882469177246094
/data/public/EchoSet/test/Z6MFQCViBuw/0_4_lounge/3729_7176/mix.wav,12.28794002532959,12.324135780334473,11.873869895935059,11.945581436157227
/data/public/EchoSet/test/Z6MFQCViBuw/0_4_lounge/7127_7021/mix.wav,1.7294557094573975,1.758659839630127,0.6203870177268982,0.6560593843460083
/data/public/EchoSet/test/Z6MFQCViBuw/0_4_lounge/121_1580/mix.wav,7.606606483459473,7.832857131958008,6.665879249572754,6.911919593811035
/data/public/EchoSet/test/Z6MFQCViBuw/0_4_lounge/260_3570/mix.wav,11.65762996673584,11.74410343170166,11.186653137207031,11.314618110656738
/data/public/EchoSet/test/Z6MFQCViBuw/0_4_lounge/672_8555/mix.wav,10.25545883178711,10.351921081542969,9.238275527954102,9.399747848510742
/data/public/EchoSet/test/Z6MFQCViBuw/0_4_lounge/5142_8463/mix.wav,5.8626708984375,6.086216449737549,5.201173782348633,5.469723701477051
/data/public/EchoSet/test/Z6MFQCViBuw/0_4_lounge/8555_4507/mix.wav,-1.2587666511535645,-1.1841492652893066,-1.9372508525848389,-1.8082644939422607
/data/public/EchoSet/test/Z6MFQCViBuw/0_4_lounge/237_1580/mix.wav,-0.7614613175392151,-0.8234081268310547,-1.4035489559173584,-1.4136828184127808
/data/public/EchoSet/test/Z6MFQCViBuw/0_4_lounge/908_237/mix.wav,11.143774032592773,11.19228458404541,10.542745590209961,10.64189338684082
/data/public/EchoSet/test/Z6MFQCViBuw/0_7_lounge/1221_4507/mix.wav,8.884878158569336,8.950654029846191,8.580883026123047,8.697699546813965
/data/public/EchoSet/test/Z6MFQCViBuw/0_7_lounge/5639_6829/mix.wav,8.136775970458984,8.100927352905273,7.583658695220947,7.649506568908691
/data/public/EchoSet/test/Z6MFQCViBuw/0_7_lounge/3729_7127/mix.wav,5.18104362487793,5.067625999450684,4.212568759918213,4.2388105392456055
/data/public/EchoSet/test/Z6MFQCViBuw/0_7_lounge/5683_1580/mix.wav,3.677339553833008,3.6536343097686768,2.266345739364624,2.30501127243042
/data/public/EchoSet/test/Z6MFQCViBuw/0_7_lounge/5639_1188/mix.wav,6.308457374572754,6.856864929199219,5.916875839233398,6.516606330871582
/data/public/EchoSet/test/Z6MFQCViBuw/0_7_lounge/8455_3729/mix.wav,11.417399406433105,11.333733558654785,10.620705604553223,10.598047256469727
/data/public/EchoSet/test/Z6MFQCViBuw/0_7_lounge/8230_5683/mix.wav,12.103094100952148,12.15512752532959,11.351297378540039,11.452415466308594
/data/public/EchoSet/test/Z6MFQCViBuw/0_7_lounge/2830_4446/mix.wav,6.403147220611572,6.476914882659912,4.833719253540039,4.983248710632324
/data/public/EchoSet/test/Z6MFQCViBuw/0_7_lounge/7729_7176/mix.wav,8.248903274536133,8.25828742980957,7.533134460449219,7.622032165527344
/data/public/EchoSet/test/Z6MFQCViBuw/0_7_lounge/5142_8463/mix.wav,9.136648178100586,9.378214836120605,8.598320960998535,8.876498222351074
/data/public/EchoSet/test/Z6MFQCViBuw/0_7_lounge/8555_4507/mix.wav,6.094404220581055,6.113800048828125,5.029946804046631,5.116800308227539
/data/public/EchoSet/test/Z6MFQCViBuw/0_7_lounge/237_1995/mix.wav,8.14803409576416,8.502870559692383,7.557952404022217,7.976017951965332
/data/public/EchoSet/test/Z6MFQCViBuw/0_7_lounge/260_4446/mix.wav,5.118425369262695,5.0359907150268555,4.357344627380371,4.409327030181885
/data/public/EchoSet/test/Z6MFQCViBuw/0_7_lounge/4992_1320/mix.wav,12.415273666381836,12.425680160522461,11.713905334472656,11.790663719177246
/data/public/EchoSet/test/Z6MFQCViBuw/0_7_lounge/4446_1188/mix.wav,13.390368461608887,13.529133796691895,12.367050170898438,12.531274795532227
/data/public/EchoSet/test/Z6MFQCViBuw/0_7_lounge/2300_6930/mix.wav,11.110175132751465,11.1168794631958,10.354687690734863,10.444095611572266
/data/public/EchoSet/test/Z6MFQCViBuw/0_7_lounge/4507_908/mix.wav,11.53951644897461,11.6766357421875,11.253155708312988,11.440683364868164
/data/public/EchoSet/test/Z6MFQCViBuw/0_7_lounge/1284_260/mix.wav,9.357426643371582,9.265522956848145,8.749076843261719,8.725397109985352
/data/public/EchoSet/test/Z6MFQCViBuw/0_7_lounge/8555_237/mix.wav,4.940832138061523,5.20098876953125,4.365898132324219,4.6899003982543945
/data/public/EchoSet/test/Z6MFQCViBuw/0_7_lounge/237_2830/mix.wav,8.77375602722168,8.788985252380371,7.839722633361816,7.959068298339844
/data/public/EchoSet/test/Z6MFQCViBuw/0_7_lounge/1089_7729/mix.wav,7.799280643463135,7.897424697875977,7.1768598556518555,7.301271438598633
/data/public/EchoSet/test/Z6MFQCViBuw/0_7_lounge/1188_2961/mix.wav,12.365961074829102,12.424294471740723,11.904776573181152,11.992664337158203
/data/public/EchoSet/test/Z6MFQCViBuw/0_7_lounge/6930_121/mix.wav,5.073850631713867,5.2974724769592285,4.662965774536133,4.9348320960998535
/data/public/EchoSet/test/Z6MFQCViBuw/0_7_lounge/2961_5105/mix.wav,13.552923202514648,13.550442695617676,12.909818649291992,12.939688682556152
/data/public/EchoSet/test/Z6MFQCViBuw/0_7_lounge/1995_8455/mix.wav,10.336546897888184,10.601500511169434,9.803547859191895,10.11983585357666
/data/public/EchoSet/test/Z6MFQCViBuw/0_7_lounge/8555_1320/mix.wav,12.32289981842041,12.341090202331543,11.322708129882812,11.448297500610352
/data/public/EchoSet/test/Z6MFQCViBuw/0_7_lounge/8463_5105/mix.wav,11.700458526611328,11.568476676940918,11.387083053588867,11.36431884765625
/data/public/EchoSet/test/Z6MFQCViBuw/0_7_lounge/672_7729/mix.wav,9.695869445800781,9.949844360351562,8.967081069946289,9.27361011505127
/data/public/EchoSet/test/Z6MFQCViBuw/0_7_lounge/4077_908/mix.wav,3.5394320487976074,4.09063720703125,3.000710964202881,3.5848283767700195
/data/public/EchoSet/test/Z6MFQCViBuw/0_7_lounge/672_2094/mix.wav,0.0574113130569458,0.06468379497528076,-0.6927134394645691,-0.6132969260215759
/data/public/EchoSet/test/Z6MFQCViBuw/0_7_lounge/1320_8230/mix.wav,6.727832794189453,6.87558650970459,6.127388000488281,6.314810276031494
/data/public/EchoSet/test/Z6MFQCViBuw/0_7_lounge/6829_3570/mix.wav,6.777824401855469,6.820204257965088,5.978066444396973,6.089831352233887
/data/public/EchoSet/test/Z6MFQCViBuw/0_7_lounge/5639_5683/mix.wav,14.274584770202637,14.375102996826172,14.006880760192871,14.129158020019531
/data/public/EchoSet/test/Z6MFQCViBuw/0_7_lounge/6829_4446/mix.wav,8.798429489135742,8.826728820800781,8.333797454833984,8.400047302246094
/data/public/EchoSet/test/Z6MFQCViBuw/0_7_lounge/7127_4970/mix.wav,11.459939002990723,11.421014785766602,10.14507007598877,10.14459228515625
/data/public/EchoSet/test/Z6MFQCViBuw/0_7_lounge/3570_8224/mix.wav,7.85154914855957,8.056549072265625,7.115060806274414,7.343935012817383
/data/public/EchoSet/test/Z6MFQCViBuw/0_7_lounge/6930_260/mix.wav,8.572484016418457,8.52896499633789,7.764834880828857,7.820077419281006
/data/public/EchoSet/test/Z6MFQCViBuw/0_7_lounge/5639_7021/mix.wav,8.339311599731445,8.403772354125977,7.954095840454102,8.134902954101562
/data/public/EchoSet/test/Z6MFQCViBuw/0_7_lounge/1089_1580/mix.wav,10.345710754394531,10.425519943237305,9.421996116638184,9.559537887573242
/data/public/EchoSet/test/Z6MFQCViBuw/0_7_lounge/1284_2961/mix.wav,7.430146217346191,7.458912372589111,6.614082336425781,6.668471336364746
/data/public/EchoSet/test/Z6MFQCViBuw/0_7_lounge/1580_3575/mix.wav,1.4710744619369507,1.4754252433776855,0.3569106459617615,0.4327245354652405
/data/public/EchoSet/test/Z6MFQCViBuw/0_7_lounge/4507_8224/mix.wav,9.472152709960938,9.879042625427246,8.663618087768555,9.092059135437012
/data/public/EchoSet/test/Z6MFQCViBuw/0_7_lounge/3575_7176/mix.wav,9.709531784057617,9.574773788452148,9.16488265991211,9.105969429016113
/data/public/EchoSet/test/Z6MFQCViBuw/0_7_lounge/2300_1089/mix.wav,4.821403980255127,5.175284385681152,4.494503021240234,4.930006980895996
/data/public/EchoSet/test/Z6MFQCViBuw/0_7_lounge/2300_8455/mix.wav,5.012535572052002,4.800201416015625,4.44509220123291,4.3141679763793945
/data/public/EchoSet/test/Z6MFQCViBuw/0_7_lounge/5105_5683/mix.wav,11.973075866699219,11.919422149658203,11.110958099365234,11.10841178894043
/data/public/EchoSet/test/Z6MFQCViBuw/0_7_lounge/7021_7127/mix.wav,5.573012351989746,5.642735958099365,4.830645561218262,4.94645881652832
/data/public/EchoSet/test/Z6MFQCViBuw/0_7_lounge/7729_5142/mix.wav,10.234682083129883,10.009380340576172,9.432025909423828,9.387256622314453
/data/public/EchoSet/test/Z6MFQCViBuw/0_7_lounge/1221_908/mix.wav,10.540613174438477,10.413902282714844,10.09846305847168,10.036819458007812
/data/public/EchoSet/test/Z6MFQCViBuw/0_7_lounge/6829_3575/mix.wav,8.664240837097168,8.978460311889648,7.8388447761535645,8.187378883361816
/data/public/EchoSet/test/Z6MFQCViBuw/0_7_lounge/121_7021/mix.wav,11.403411865234375,11.491523742675781,10.928678512573242,11.1607084274292
/data/public/EchoSet/test/Z6MFQCViBuw/0_7_lounge/2300_3729/mix.wav,0.20290160179138184,0.19219517707824707,-0.5519689321517944,-0.48784494400024414
/data/public/EchoSet/test/Z6MFQCViBuw/0_7_lounge/2961_5142/mix.wav,-0.5981943607330322,0.0013468265533447266,-1.2742736339569092,-0.4869344234466553
/data/public/EchoSet/test/Z6MFQCViBuw/0_7_lounge/2094_121/mix.wav,8.02566909790039,8.183677673339844,6.9613118171691895,7.177212238311768
/data/public/EchoSet/test/Z6MFQCViBuw/0_7_lounge/61_1284/mix.wav,9.056089401245117,9.443374633789062,7.902113914489746,8.3858060836792
/data/public/EchoSet/test/Z6MFQCViBuw/0_7_lounge/7127_7176/mix.wav,1.8671929836273193,1.7869161367416382,1.1616697311401367,1.132575273513794
/data/public/EchoSet/test/Z6MFQCViBuw/0_7_lounge/5105_4992/mix.wav,10.281732559204102,10.444859504699707,9.297650337219238,9.538646697998047
/data/public/EchoSet/test/Z6MFQCViBuw/0_7_lounge/8224_672/mix.wav,5.89753532409668,5.878823280334473,4.642996788024902,4.66695499420166
/data/public/EchoSet/test/Z6MFQCViBuw/0_7_lounge/8230_4970/mix.wav,12.588533401489258,12.722742080688477,12.084159851074219,12.26668643951416
/data/public/EchoSet/test/Z6MFQCViBuw/0_7_lounge/4992_908/mix.wav,12.51131820678711,12.616557121276855,12.099349975585938,12.229854583740234
/data/public/EchoSet/test/Z6MFQCViBuw/0_7_lounge/2830_4970/mix.wav,9.451772689819336,9.51048469543457,7.342968940734863,7.572772026062012
/data/public/EchoSet/test/Z6MFQCViBuw/0_7_lounge/1995_61/mix.wav,10.892804145812988,11.076728820800781,10.571385383605957,10.801151275634766
/data/public/EchoSet/test/Z6MFQCViBuw/0_7_lounge/237_121/mix.wav,10.488822937011719,10.70414924621582,10.0486478805542,10.309216499328613
/data/public/EchoSet/test/Z6MFQCViBuw/0_7_lounge/8463_2094/mix.wav,13.470209121704102,13.609676361083984,12.906844139099121,13.110868453979492
/data/public/EchoSet/test/Z6MFQCViBuw/0_7_lounge/8455_260/mix.wav,7.990230560302734,7.870115756988525,7.481371879577637,7.40736198425293
/data/public/EchoSet/test/Z6MFQCViBuw/0_7_lounge/4077_1221/mix.wav,7.384242057800293,7.2434892654418945,6.377560138702393,6.4157609939575195
/data/public/EchoSet/test/Z6MFQCViBuw/0_7_lounge/8463_4970/mix.wav,6.938467502593994,7.153975486755371,6.277836799621582,6.592321872711182
/data/public/EchoSet/test/Z6MFQCViBuw/0_7_lounge/61_8230/mix.wav,0.4667210578918457,0.822869062423706,-1.0720232725143433,-0.5972462892532349
/data/public/EchoSet/test/Z6MFQCViBuw/0_7_lounge/6930_3570/mix.wav,10.050507545471191,10.085352897644043,9.429141998291016,9.506202697753906
/data/public/EchoSet/test/Z6MFQCViBuw/0_7_lounge/1284_7176/mix.wav,9.296133995056152,9.497808456420898,8.475674629211426,8.722512245178223
/data/public/EchoSet/test/Z6MFQCViBuw/0_7_lounge/3575_2830/mix.wav,11.74632453918457,11.921424865722656,11.031132698059082,11.234329223632812
/data/public/EchoSet/test/Z6MFQCViBuw/0_7_lounge/1995_1320/mix.wav,10.981048583984375,10.872669219970703,10.417269706726074,10.35592269897461
/data/public/EchoSet/test/Z6MFQCViBuw/0_7_lounge/672_61/mix.wav,6.147003173828125,6.03596830368042,5.213033199310303,5.207799911499023
/data/public/EchoSet/test/Z6MFQCViBuw/0_7_lounge/8555_1089/mix.wav,13.372339248657227,13.527921676635742,13.011617660522461,13.181867599487305
/data/public/EchoSet/test/Z6MFQCViBuw/0_7_lounge/1580_4077/mix.wav,9.686309814453125,9.80621337890625,9.1159029006958,9.303772926330566
/data/public/EchoSet/test/Z6MFQCViBuw/0_7_lounge/7021_4992/mix.wav,10.349812507629395,10.388179779052734,9.520681381225586,9.636604309082031
/data/public/EchoSet/test/Z6MFQCViBuw/0_7_lounge/3729_2094/mix.wav,9.48074722290039,9.65025806427002,8.82540512084961,9.044329643249512
/data/public/EchoSet/test/Z6MFQCViBuw/0_7_lounge/1221_4077/mix.wav,8.996339797973633,9.059935569763184,8.243678092956543,8.359281539916992
/data/public/EchoSet/test/Z6MFQCViBuw/0_7_lounge/3570_1188/mix.wav,13.198650360107422,13.351127624511719,12.407468795776367,12.580995559692383
/data/public/EchoSet/test/Z6MFQCViBuw/0_7_lounge/8224_5142/mix.wav,5.734817981719971,5.687946796417236,1.7801460027694702,1.8556267023086548
/data/public/EchoSet/test/Z6MFQCViBuw/0_5_lounge/260_6930/mix.wav,7.4130682945251465,7.949530124664307,6.110315322875977,6.692626953125
/data/public/EchoSet/test/Z6MFQCViBuw/0_5_lounge/2961_5105/mix.wav,8.288741111755371,8.199386596679688,6.772542953491211,6.778535842895508
/data/public/EchoSet/test/Z6MFQCViBuw/0_5_lounge/1320_5142/mix.wav,13.042243003845215,13.014591217041016,11.745857238769531,11.782496452331543
/data/public/EchoSet/test/Z6MFQCViBuw/0_5_lounge/8224_6829/mix.wav,10.282646179199219,10.43596363067627,9.657759666442871,9.885773658752441
/data/public/EchoSet/test/Z6MFQCViBuw/0_5_lounge/8555_1320/mix.wav,11.937082290649414,12.035713195800781,11.45287036895752,11.588750839233398
/data/public/EchoSet/test/Z6MFQCViBuw/0_5_lounge/8463_5105/mix.wav,8.088117599487305,8.138208389282227,7.608303546905518,7.750718593597412
/data/public/EchoSet/test/Z6MFQCViBuw/0_5_lounge/2961_61/mix.wav,11.401504516601562,11.416831970214844,10.959888458251953,11.041913032531738
/data/public/EchoSet/test/Z6MFQCViBuw/0_5_lounge/1995_8224/mix.wav,5.747013568878174,5.980502128601074,5.08377742767334,5.413636207580566
/data/public/EchoSet/test/Z6MFQCViBuw/0_5_lounge/260_7127/mix.wav,9.19059944152832,9.190362930297852,8.491086959838867,8.543880462646484
/data/public/EchoSet/test/Z6MFQCViBuw/0_5_lounge/260_4446/mix.wav,8.207090377807617,8.513736724853516,7.730429649353027,8.099468231201172
/data/public/EchoSet/test/Z6MFQCViBuw/0_5_lounge/4992_5683/mix.wav,1.933100700378418,1.983530879020691,1.2925221920013428,1.383894443511963
/data/public/EchoSet/test/Z6MFQCViBuw/0_5_lounge/5142_8230/mix.wav,7.838617324829102,7.860191345214844,6.897806167602539,6.96866512298584
/data/public/EchoSet/test/Z6MFQCViBuw/0_5_lounge/4446_4507/mix.wav,11.655773162841797,11.69326400756836,11.141239166259766,11.220582008361816
/data/public/EchoSet/test/Z6MFQCViBuw/0_5_lounge/7127_4970/mix.wav,6.699127674102783,6.801183223724365,5.734633445739746,5.967528343200684
/data/public/EchoSet/test/Z6MFQCViBuw/0_5_lounge/1221_1320/mix.wav,10.593758583068848,10.790261268615723,8.084531784057617,8.35102367401123
/data/public/EchoSet/test/Z6MFQCViBuw/0_5_lounge/5105_7021/mix.wav,4.692008972167969,4.640919208526611,4.084768295288086,4.087137222290039
/data/public/EchoSet/test/Z6MFQCViBuw/0_5_lounge/1221_6930/mix.wav,8.393263816833496,8.436108589172363,7.741605758666992,7.8458709716796875
/data/public/EchoSet/test/Z6MFQCViBuw/0_5_lounge/2300_6829/mix.wav,6.776331901550293,7.578508377075195,6.090819358825684,6.950286865234375
/data/public/EchoSet/test/Z6MFQCViBuw/0_5_lounge/672_1284/mix.wav,0.31544220447540283,0.5815799236297607,-0.01228189468383789,0.333224892616272
/data/public/EchoSet/test/Z6MFQCViBuw/0_5_lounge/121_2961/mix.wav,6.312587738037109,6.587917327880859,5.782072067260742,6.1584367752075195
/data/public/EchoSet/test/Z6MFQCViBuw/0_5_lounge/61_3729/mix.wav,4.457136154174805,4.691414833068848,3.803328514099121,4.075279712677002
/data/public/EchoSet/test/Z6MFQCViBuw/0_5_lounge/1995_61/mix.wav,10.26054859161377,10.475321769714355,9.963014602661133,10.2081937789917
/data/public/EchoSet/test/Z6MFQCViBuw/0_5_lounge/1089_908/mix.wav,6.697617530822754,6.7229814529418945,6.393761157989502,6.49102783203125
/data/public/EchoSet/test/Z6MFQCViBuw/0_5_lounge/4992_1580/mix.wav,0.7084989547729492,0.6876897215843201,0.1644240766763687,0.19990524649620056
/data/public/EchoSet/test/Z6MFQCViBuw/0_5_lounge/5683_4446/mix.wav,10.001077651977539,10.047796249389648,9.43594741821289,9.520966529846191
/data/public/EchoSet/test/Z6MFQCViBuw/0_5_lounge/2830_7176/mix.wav,3.5604190826416016,3.6709847450256348,2.5030181407928467,2.637932777404785
/data/public/EchoSet/test/Z6MFQCViBuw/0_5_lounge/1995_4970/mix.wav,8.131239891052246,8.318007469177246,7.234585762023926,7.502346515655518
/data/public/EchoSet/test/Z6MFQCViBuw/0_5_lounge/3575_7021/mix.wav,6.449612140655518,6.553950309753418,5.976198673248291,6.118995666503906
/data/public/EchoSet/test/Z6MFQCViBuw/0_5_lounge/1188_7127/mix.wav,9.568347930908203,9.71268367767334,8.846284866333008,9.033088684082031
/data/public/EchoSet/test/Z6MFQCViBuw/0_5_lounge/1089_8455/mix.wav,12.54155158996582,12.53870677947998,12.133649826049805,12.160455703735352
/data/public/EchoSet/test/Z6MFQCViBuw/0_5_lounge/672_3575/mix.wav,10.977767944335938,10.987959861755371,10.074140548706055,10.102652549743652
/data/public/EchoSet/test/Z6MFQCViBuw/0_5_lounge/3729_1580/mix.wav,5.986485481262207,6.357730865478516,5.46015739440918,5.949532508850098
/data/public/EchoSet/test/Z6MFQCViBuw/0_5_lounge/8455_1089/mix.wav,6.746606826782227,6.783545017242432,6.0793304443359375,6.166844367980957
/data/public/EchoSet/test/Z6MFQCViBuw/0_5_lounge/1284_121/mix.wav,6.546945571899414,6.630915641784668,5.924544334411621,6.101670265197754
/data/public/EchoSet/test/Z6MFQCViBuw/0_5_lounge/3729_1995/mix.wav,8.66091537475586,9.057296752929688,7.605363845825195,8.103251457214355
/data/public/EchoSet/test/Z6MFQCViBuw/0_5_lounge/237_4992/mix.wav,9.00650405883789,9.136795043945312,8.667357444763184,8.867498397827148
/data/public/EchoSet/test/Z6MFQCViBuw/0_5_lounge/3570_7729/mix.wav,7.800893783569336,8.60824203491211,7.262509346008301,8.162500381469727
/data/public/EchoSet/test/Z6MFQCViBuw/0_5_lounge/5683_7127/mix.wav,2.9376537799835205,3.0090830326080322,1.8326466083526611,2.002047300338745
/data/public/EchoSet/test/Z6MFQCViBuw/0_5_lounge/4077_4507/mix.wav,9.334433555603027,9.802216529846191,8.724626541137695,9.269518852233887
/data/public/EchoSet/test/Z6MFQCViBuw/0_5_lounge/1188_7176/mix.wav,3.3155295848846436,3.4885005950927734,2.659464120864868,2.864531993865967
/data/public/EchoSet/test/Z6MFQCViBuw/0_5_lounge/908_3575/mix.wav,11.154190063476562,11.223685264587402,10.43177604675293,10.562942504882812
/data/public/EchoSet/test/Z6MFQCViBuw/0_5_lounge/5683_6930/mix.wav,5.8441667556762695,5.578426837921143,5.183098793029785,5.09682035446167
/data/public/EchoSet/test/Z6MFQCViBuw/0_5_lounge/7729_3570/mix.wav,9.372285842895508,9.458312034606934,8.924251556396484,9.057071685791016
/data/public/EchoSet/test/Z6MFQCViBuw/0_5_lounge/8224_2961/mix.wav,9.56125259399414,9.561351776123047,7.518393516540527,7.594222545623779
/data/public/EchoSet/test/Z6MFQCViBuw/0_5_lounge/4507_6930/mix.wav,9.210508346557617,9.16393756866455,8.611119270324707,8.657279968261719
/data/public/EchoSet/test/Z6MFQCViBuw/0_5_lounge/8555_3729/mix.wav,9.594722747802734,10.053598403930664,8.884485244750977,9.422118186950684
/data/public/EchoSet/test/Z6MFQCViBuw/0_5_lounge/8555_2300/mix.wav,6.563982963562012,6.606797218322754,5.741914749145508,5.817459583282471
/data/public/EchoSet/test/Z6MFQCViBuw/0_5_lounge/8463_237/mix.wav,8.091822624206543,8.18018627166748,7.500716209411621,7.636147499084473
/data/public/EchoSet/test/Z6MFQCViBuw/0_5_lounge/672_3570/mix.wav,8.335969924926758,8.500873565673828,6.873096466064453,7.055629253387451
/data/public/EchoSet/test/Z6MFQCViBuw/0_5_lounge/8463_7729/mix.wav,9.62887191772461,9.665555000305176,9.167531967163086,9.241786003112793
/data/public/EchoSet/test/Z6MFQCViBuw/0_5_lounge/4507_2094/mix.wav,12.888216972351074,13.028946876525879,12.068639755249023,12.22215461730957
/data/public/EchoSet/test/Z6MFQCViBuw/0_5_lounge/260_1221/mix.wav,4.2611799240112305,4.53587007522583,3.7643799781799316,4.087045192718506
/data/public/EchoSet/test/Z6MFQCViBuw/0_5_lounge/121_8230/mix.wav,12.472250938415527,12.424365997314453,12.103721618652344,12.08968448638916
/data/public/EchoSet/test/Z6MFQCViBuw/0_5_lounge/4077_672/mix.wav,4.8397369384765625,5.0002007484436035,3.358778715133667,3.5715363025665283
/data/public/EchoSet/test/Z6MFQCViBuw/0_5_lounge/2094_5142/mix.wav,12.097478866577148,12.20661449432373,10.971702575683594,11.118956565856934
/data/public/EchoSet/test/Z6MFQCViBuw/0_5_lounge/4077_8224/mix.wav,-1.0139747858047485,-0.989342212677002,-2.0235848426818848,-1.9641189575195312
/data/public/EchoSet/test/Z6MFQCViBuw/0_5_lounge/7729_1284/mix.wav,10.346297264099121,10.446540832519531,9.975805282592773,10.11767292022705
/data/public/EchoSet/test/Z6MFQCViBuw/0_5_lounge/1188_2094/mix.wav,12.811254501342773,12.700738906860352,11.678056716918945,11.897929191589355
/data/public/EchoSet/test/Z6MFQCViBuw/0_5_lounge/260_237/mix.wav,8.725528717041016,8.881973266601562,8.047270774841309,8.298179626464844
/data/public/EchoSet/test/Z6MFQCViBuw/0_5_lounge/2830_237/mix.wav,6.920599937438965,7.035438537597656,6.400753974914551,6.568708419799805
/data/public/EchoSet/test/Z6MFQCViBuw/0_5_lounge/1320_1580/mix.wav,9.425832748413086,9.758527755737305,8.933489799499512,9.304805755615234
/data/public/EchoSet/test/Z6MFQCViBuw/0_5_lounge/3570_1188/mix.wav,4.564393043518066,4.690621376037598,4.308030605316162,4.46223783493042
/data/public/EchoSet/test/Z6MFQCViBuw/0_5_lounge/1221_4077/mix.wav,11.230049133300781,10.931289672851562,10.69167423248291,10.508955955505371
/data/public/EchoSet/test/Z6MFQCViBuw/0_5_lounge/1221_8230/mix.wav,11.500415802001953,11.490196228027344,10.740718841552734,10.756084442138672
/data/public/EchoSet/test/Z6MFQCViBuw/0_5_lounge/2300_8463/mix.wav,8.678245544433594,8.784232139587402,8.155531883239746,8.32912826538086
/data/public/EchoSet/test/Z6MFQCViBuw/0_5_lounge/4077_5639/mix.wav,9.90954875946045,9.937958717346191,9.440258026123047,9.484281539916992
/data/public/EchoSet/test/Z6MFQCViBuw/0_5_lounge/61_4507/mix.wav,11.01038932800293,11.077621459960938,10.275690078735352,10.433531761169434
/data/public/EchoSet/test/Z6MFQCViBuw/0_5_lounge/5105_6829/mix.wav,8.044161796569824,8.158848762512207,7.306995391845703,7.496671676635742
/data/public/EchoSet/test/Z6MFQCViBuw/0_5_lounge/908_7176/mix.wav,8.838560104370117,8.76697063446045,8.27740478515625,8.398782730102539
/data/public/EchoSet/test/Z6MFQCViBuw/0_5_lounge/2094_2300/mix.wav,7.6724934577941895,8.123581886291504,7.2868523597717285,7.786976337432861
/data/public/EchoSet/test/Z6MFQCViBuw/0_5_lounge/4446_8230/mix.wav,10.527999877929688,10.650801658630371,9.619758605957031,9.779492378234863
/data/public/EchoSet/test/Z6MFQCViBuw/0_5_lounge/8555_121/mix.wav,7.1678924560546875,7.640152454376221,6.272398471832275,6.8807148933410645
/data/public/EchoSet/test/Z6MFQCViBuw/0_5_lounge/1580_2094/mix.wav,10.406159400939941,10.448541641235352,9.828191757202148,9.897456169128418
/data/public/EchoSet/test/Z6MFQCViBuw/0_5_lounge/5639_7021/mix.wav,7.829324245452881,8.285638809204102,7.090801239013672,7.708327293395996
/data/public/EchoSet/test/Z6MFQCViBuw/0_5_lounge/8463_8455/mix.wav,11.694646835327148,11.630253791809082,11.271231651306152,11.230364799499512
/data/public/EchoSet/test/Z6MFQCViBuw/0_5_lounge/5639_1089/mix.wav,1.255061149597168,0.978717565536499,0.2765234708786011,0.09411084651947021
/data/public/EchoSet/test/Z6MFQCViBuw/0_5_lounge/3575_4446/mix.wav,2.1862781047821045,2.2410430908203125,0.8819973468780518,1.1117656230926514
/data/public/EchoSet/test/Z6MFQCViBuw/0_5_lounge/7729_8555/mix.wav,11.866640090942383,11.87802791595459,11.408995628356934,11.468948364257812
/data/public/EchoSet/test/Z6MFQCViBuw/0_5_lounge/4992_8224/mix.wav,9.818172454833984,9.82189655303955,9.308372497558594,9.351422309875488
/data/public/EchoSet/test/Z6MFQCViBuw/0_5_lounge/237_4970/mix.wav,6.923799991607666,7.167885780334473,6.218094825744629,6.529382705688477
/data/public/EchoSet/test/Z6MFQCViBuw/0_5_lounge/5142_2830/mix.wav,6.358389854431152,6.271228313446045,5.3086748123168945,5.325881481170654
/data/public/EchoSet/test/Z6MFQCViBuw/0_5_lounge/3729_7021/mix.wav,15.291576385498047,15.37432861328125,14.79977035522461,14.914929389953613
/data/public/EchoSet/test/Z6MFQCViBuw/0_5_lounge/61_3570/mix.wav,10.487668991088867,10.676820755004883,9.969047546386719,10.183396339416504
/data/public/EchoSet/test/Z6MFQCViBuw/0_5_lounge/3575_908/mix.wav,8.56229019165039,8.36296272277832,7.863476276397705,7.745395183563232
/data/public/EchoSet/test/Z6MFQCViBuw/0_5_lounge/1580_908/mix.wav,9.551523208618164,9.834213256835938,9.024442672729492,9.33041000366211
/data/public/EchoSet/test/Z6MFQCViBuw/0_5_lounge/2830_5142/mix.wav,9.921083450317383,9.979215621948242,9.379093170166016,9.519367218017578
/data/public/EchoSet/test/Z6MFQCViBuw/0_5_lounge/8455_1188/mix.wav,0.17055857181549072,0.19786584377288818,-0.1343832015991211,-0.04842376708984375
/data/public/EchoSet/test/Z6MFQCViBuw/0_5_lounge/7176_4970/mix.wav,12.76573371887207,13.043586730957031,12.018523216247559,12.365850448608398
/data/public/EchoSet/test/Z6MFQCViBuw/0_5_lounge/1995_5683/mix.wav,8.90708065032959,9.223296165466309,8.230945587158203,8.621904373168945
/data/public/EchoSet/test/Z6MFQCViBuw/0_5_lounge/1089_6930/mix.wav,4.34983491897583,4.536676406860352,3.807600736618042,4.074878215789795
/data/public/EchoSet/test/Z6MFQCViBuw/0_5_lounge/7127_6829/mix.wav,7.143327713012695,7.130105972290039,6.358142852783203,6.463936805725098
/data/public/EchoSet/test/Z6MFQCViBuw/0_5_lounge/5639_8230/mix.wav,10.466419219970703,10.730193138122559,9.974230766296387,10.293744087219238
/data/public/EchoSet/test/Z6MFQCViBuw/0_5_lounge/2830_2300/mix.wav,8.202352523803711,8.249746322631836,6.803383827209473,6.887272834777832
/data/public/EchoSet/test/Z6MFQCViBuw/0_5_lounge/8455_7176/mix.wav,8.402137756347656,8.666410446166992,7.92524528503418,8.244074821472168
/data/public/EchoSet/test/Z6MFQCViBuw/0_5_lounge/6829_4970/mix.wav,8.318732261657715,8.492756843566895,7.762894630432129,7.968524932861328
/data/public/EchoSet/test/Z6MFQCViBuw/0_5_lounge/121_1284/mix.wav,7.849268913269043,7.853099822998047,7.242049217224121,7.420319557189941
/data/public/EchoSet/test/Z6MFQCViBuw/0_5_lounge/1320_5105/mix.wav,5.399218559265137,4.7119598388671875,4.825765132904053,4.680832862854004
/data/public/EchoSet/test/Z6MFQCViBuw/0_5_lounge/672_2961/mix.wav,13.20106315612793,13.33316421508789,12.918612480163574,13.086952209472656
/data/public/EchoSet/test/Z6MFQCViBuw/0_5_lounge/1284_4992/mix.wav,5.705962657928467,5.655376434326172,5.053822040557861,5.058633327484131
/data/public/EchoSet/test/pLe4wQe7qrG/0_0_other_room/237_5142/mix.wav,11.521300315856934,11.700128555297852,10.922572135925293,11.139968872070312
/data/public/EchoSet/test/pLe4wQe7qrG/0_0_other_room/1995_4077/mix.wav,10.99237060546875,10.83250617980957,10.560657501220703,10.489492416381836
/data/public/EchoSet/test/pLe4wQe7qrG/0_0_other_room/2830_2961/mix.wav,6.03502893447876,6.117578983306885,5.233046054840088,5.36232852935791
/data/public/EchoSet/test/pLe4wQe7qrG/0_0_other_room/7127_2094/mix.wav,0.7451096773147583,1.2339863777160645,0.18945133686065674,0.7462414503097534
/data/public/EchoSet/test/pLe4wQe7qrG/0_0_other_room/1188_5105/mix.wav,8.933082580566406,8.889777183532715,7.97475004196167,7.96042537689209
/data/public/EchoSet/test/pLe4wQe7qrG/0_0_other_room/8555_4446/mix.wav,7.487588405609131,7.610257625579834,6.971130847930908,7.21385383605957
/data/public/EchoSet/test/pLe4wQe7qrG/0_0_other_room/8555_1188/mix.wav,13.25727653503418,13.27823257446289,12.69909381866455,12.752086639404297
/data/public/EchoSet/test/pLe4wQe7qrG/0_0_other_room/6930_2300/mix.wav,7.556428909301758,7.6585588455200195,7.049108505249023,7.217884540557861
/data/public/EchoSet/test/pLe4wQe7qrG/0_0_other_room/6829_1188/mix.wav,10.377504348754883,10.408571243286133,9.796977996826172,9.899109840393066
/data/public/EchoSet/test/pLe4wQe7qrG/0_0_other_room/5142_61/mix.wav,9.416082382202148,9.591978073120117,8.8668851852417,9.08757495880127
/data/public/EchoSet/test/pLe4wQe7qrG/0_0_other_room/237_1221/mix.wav,4.9748382568359375,5.134313583374023,4.5104146003723145,4.717476844787598
/data/public/EchoSet/test/pLe4wQe7qrG/0_0_other_room/1284_7021/mix.wav,11.237586975097656,11.058052062988281,10.567601203918457,10.498717308044434
/data/public/EchoSet/test/pLe4wQe7qrG/0_0_other_room/3729_672/mix.wav,8.030749320983887,8.130498886108398,7.253092288970947,7.378596305847168
/data/public/EchoSet/test/pLe4wQe7qrG/0_0_other_room/1995_121/mix.wav,8.857230186462402,9.135170936584473,7.912260055541992,8.268933296203613
/data/public/EchoSet/test/pLe4wQe7qrG/0_0_other_room/1221_4446/mix.wav,6.345536708831787,6.536782264709473,5.684238433837891,5.928077697753906
/data/public/EchoSet/test/pLe4wQe7qrG/0_0_other_room/6930_1089/mix.wav,10.856146812438965,10.876120567321777,9.863738059997559,9.945852279663086
/data/public/EchoSet/test/pLe4wQe7qrG/0_0_other_room/2961_4992/mix.wav,10.862937927246094,10.9046049118042,10.466207504272461,10.539121627807617
/data/public/EchoSet/test/pLe4wQe7qrG/0_0_other_room/2094_6829/mix.wav,-0.49162185192108154,-0.4204011559486389,-0.8778568506240845,-0.7412090301513672
/data/public/EchoSet/test/pLe4wQe7qrG/0_0_other_room/61_237/mix.wav,0.9824904203414917,1.3632755279541016,0.42165607213974,0.8715640306472778
/data/public/EchoSet/test/pLe4wQe7qrG/0_0_other_room/61_8224/mix.wav,12.826233863830566,12.963724136352539,12.009450912475586,12.168981552124023
/data/public/EchoSet/test/pLe4wQe7qrG/0_0_other_room/61_8463/mix.wav,11.875133514404297,11.899359703063965,11.335004806518555,11.432641983032227
/data/public/EchoSet/test/pLe4wQe7qrG/0_0_other_room/260_8463/mix.wav,9.171531677246094,9.484939575195312,8.767467498779297,9.129772186279297
/data/public/EchoSet/test/pLe4wQe7qrG/0_0_other_room/4077_5105/mix.wav,1.8914114236831665,1.9556777477264404,1.10922110080719,1.2088987827301025
/data/public/EchoSet/test/pLe4wQe7qrG/0_0_other_room/2830_1320/mix.wav,4.346285343170166,4.477255821228027,3.6182985305786133,3.8038954734802246
/data/public/EchoSet/test/pLe4wQe7qrG/0_0_other_room/1320_4970/mix.wav,11.150201797485352,11.560373306274414,10.852356910705566,11.341970443725586
/data/public/EchoSet/test/pLe4wQe7qrG/0_0_other_room/5105_2094/mix.wav,8.106334686279297,8.16852855682373,6.872755527496338,6.958661079406738
/data/public/EchoSet/test/pLe4wQe7qrG/0_0_other_room/4970_5142/mix.wav,10.01197624206543,10.083585739135742,9.429582595825195,9.553378105163574
/data/public/EchoSet/test/pLe4wQe7qrG/0_0_other_room/5105_7729/mix.wav,8.411169052124023,8.286544799804688,7.791259765625,7.7835693359375
/data/public/EchoSet/test/pLe4wQe7qrG/0_0_other_room/5683_672/mix.wav,11.924510955810547,12.148493766784668,11.356267929077148,11.618165969848633
/data/public/EchoSet/test/pLe4wQe7qrG/0_0_other_room/4507_1320/mix.wav,13.398322105407715,13.49431037902832,13.124725341796875,13.257418632507324
/data/public/EchoSet/test/pLe4wQe7qrG/0_0_other_room/4446_1188/mix.wav,9.399760246276855,9.393939971923828,7.954550266265869,7.98445987701416
/data/public/EchoSet/test/pLe4wQe7qrG/0_0_other_room/8230_908/mix.wav,6.922786235809326,6.86444091796875,5.9985198974609375,6.020065784454346
/data/public/EchoSet/test/pLe4wQe7qrG/0_0_other_room/8455_1089/mix.wav,8.398983001708984,8.381264686584473,7.994255065917969,8.012199401855469
/data/public/EchoSet/test/pLe4wQe7qrG/0_0_other_room/237_8463/mix.wav,9.774242401123047,9.876239776611328,8.858951568603516,8.97404956817627
/data/public/EchoSet/test/pLe4wQe7qrG/0_0_other_room/1089_8555/mix.wav,8.322040557861328,8.386220932006836,7.947307586669922,8.045058250427246
/data/public/EchoSet/test/pLe4wQe7qrG/0_0_other_room/6829_5683/mix.wav,7.501570701599121,7.670290470123291,6.922813892364502,7.125541687011719
/data/public/EchoSet/test/pLe4wQe7qrG/0_0_other_room/4077_5683/mix.wav,8.675254821777344,8.932072639465332,8.023090362548828,8.337635040283203
/data/public/EchoSet/test/pLe4wQe7qrG/0_0_other_room/1089_260/mix.wav,11.659461975097656,11.66020679473877,11.109954833984375,11.183507919311523
/data/public/EchoSet/test/pLe4wQe7qrG/0_0_other_room/5639_4446/mix.wav,9.444833755493164,9.578862190246582,8.913375854492188,9.079198837280273
/data/public/EchoSet/test/pLe4wQe7qrG/0_0_other_room/237_7729/mix.wav,12.43901252746582,12.578367233276367,11.763505935668945,11.92666244506836
/data/public/EchoSet/test/pLe4wQe7qrG/0_0_other_room/8455_3729/mix.wav,2.3986663818359375,2.5980005264282227,1.7270129919052124,1.9667142629623413
/data/public/EchoSet/test/pLe4wQe7qrG/0_0_other_room/8455_4077/mix.wav,6.635028839111328,7.064289093017578,5.988131046295166,6.486173152923584
/data/public/EchoSet/test/pLe4wQe7qrG/0_0_other_room/5639_260/mix.wav,5.605248928070068,5.632554531097412,5.233701705932617,5.297219276428223
/data/public/EchoSet/test/pLe4wQe7qrG/0_0_other_room/3575_8455/mix.wav,5.974381923675537,6.3898162841796875,3.8102400302886963,4.350193023681641
/data/public/EchoSet/test/pLe4wQe7qrG/0_0_other_room/4507_1580/mix.wav,8.814140319824219,8.901213645935059,8.34658145904541,8.486405372619629
/data/public/EchoSet/test/pLe4wQe7qrG/0_0_other_room/5639_1580/mix.wav,6.072937488555908,6.079964637756348,5.101597309112549,5.18027400970459
/data/public/EchoSet/test/pLe4wQe7qrG/0_0_other_room/1995_4970/mix.wav,13.717626571655273,13.680139541625977,12.890687942504883,12.899805068969727
/data/public/EchoSet/test/pLe4wQe7qrG/0_0_other_room/260_3575/mix.wav,0.96180260181427,1.3313149213790894,-0.7815897464752197,-0.3442981243133545
/data/public/EchoSet/test/pLe4wQe7qrG/0_0_other_room/1995_2094/mix.wav,12.456871032714844,12.279716491699219,11.97271728515625,11.830053329467773
/data/public/EchoSet/test/pLe4wQe7qrG/0_0_other_room/4077_2830/mix.wav,9.758190155029297,10.17606258392334,9.048513412475586,9.48533821105957
/data/public/EchoSet/test/pLe4wQe7qrG/0_0_other_room/5683_3570/mix.wav,9.150611877441406,9.290753364562988,7.261867523193359,7.4388275146484375
/data/public/EchoSet/test/pLe4wQe7qrG/0_0_other_room/3570_260/mix.wav,9.349506378173828,9.442596435546875,8.727831840515137,8.904327392578125
/data/public/EchoSet/test/pLe4wQe7qrG/0_0_other_room/5639_7176/mix.wav,7.954668998718262,8.051066398620605,7.217831611633301,7.369303226470947
/data/public/EchoSet/test/pLe4wQe7qrG/0_0_other_room/7021_8555/mix.wav,1.2136356830596924,1.2866034507751465,-1.8855459690093994,-1.7644197940826416
/data/public/EchoSet/test/pLe4wQe7qrG/0_0_other_room/61_7729/mix.wav,-0.34694725275039673,-0.3003951907157898,-1.6705572605133057,-1.5780305862426758
/data/public/EchoSet/test/pLe4wQe7qrG/0_0_other_room/5639_3570/mix.wav,9.559073448181152,9.602143287658691,8.828073501586914,8.897793769836426
/data/public/EchoSet/test/pLe4wQe7qrG/0_0_other_room/8455_4992/mix.wav,10.083885192871094,10.04916000366211,9.58926010131836,9.600908279418945
/data/public/EchoSet/test/pLe4wQe7qrG/0_0_other_room/7176_7021/mix.wav,4.654178142547607,4.537023544311523,3.1959621906280518,3.2193796634674072
/data/public/EchoSet/test/pLe4wQe7qrG/0_0_other_room/3729_3575/mix.wav,12.670023918151855,12.594990730285645,12.0795316696167,12.074409484863281
/data/public/EchoSet/test/pLe4wQe7qrG/0_0_other_room/908_8555/mix.wav,13.979400634765625,14.219712257385254,13.754297256469727,14.01193904876709
/data/public/EchoSet/test/pLe4wQe7qrG/0_0_other_room/8230_7021/mix.wav,7.89876651763916,8.111272811889648,7.175225257873535,7.4482831954956055
/data/public/EchoSet/test/pLe4wQe7qrG/0_0_other_room/1320_6829/mix.wav,12.265020370483398,12.357805252075195,11.821833610534668,11.974372863769531
/data/public/EchoSet/test/pLe4wQe7qrG/0_0_other_room/7127_672/mix.wav,3.6672539710998535,3.645488739013672,3.0225582122802734,3.0897397994995117
/data/public/EchoSet/test/pLe4wQe7qrG/0_0_other_room/5105_7176/mix.wav,6.654512405395508,6.686435222625732,6.345205307006836,6.44138240814209
/data/public/EchoSet/test/pLe4wQe7qrG/0_0_other_room/3575_2961/mix.wav,4.89723539352417,5.438969612121582,3.475727081298828,4.064295768737793
/data/public/EchoSet/test/pLe4wQe7qrG/0_0_other_room/6829_7021/mix.wav,11.887665748596191,11.864546775817871,10.983186721801758,11.004813194274902
/data/public/EchoSet/test/pLe4wQe7qrG/0_0_other_room/6930_7127/mix.wav,11.490579605102539,11.021166801452637,10.752628326416016,10.734537124633789
/data/public/EchoSet/test/pLe4wQe7qrG/0_0_other_room/1221_3729/mix.wav,8.800185203552246,9.274421691894531,8.378782272338867,8.875815391540527
/data/public/EchoSet/test/pLe4wQe7qrG/0_0_other_room/237_1320/mix.wav,12.254881858825684,12.371901512145996,11.597282409667969,11.774727821350098
/data/public/EchoSet/test/pLe4wQe7qrG/0_0_other_room/2961_8463/mix.wav,3.9417853355407715,3.879810094833374,3.4835205078125,3.5585339069366455
/data/public/EchoSet/test/pLe4wQe7qrG/0_0_other_room/4970_2961/mix.wav,5.41202974319458,5.647539138793945,4.603252410888672,4.857527732849121
/data/public/EchoSet/test/pLe4wQe7qrG/0_0_other_room/1221_2300/mix.wav,14.478809356689453,14.577302932739258,13.762386322021484,13.89509105682373
/data/public/EchoSet/test/pLe4wQe7qrG/0_0_other_room/4507_8463/mix.wav,9.88569164276123,9.997039794921875,8.956289291381836,9.130008697509766
/data/public/EchoSet/test/pLe4wQe7qrG/0_0_other_room/8224_8230/mix.wav,7.638371467590332,7.830127716064453,7.296905517578125,7.511100769042969
/data/public/EchoSet/test/pLe4wQe7qrG/0_0_other_room/1089_2961/mix.wav,8.41935920715332,8.53551197052002,7.826564788818359,8.010369300842285
/data/public/EchoSet/test/pLe4wQe7qrG/0_0_other_room/2094_5142/mix.wav,8.975881576538086,9.066108703613281,8.241016387939453,8.382518768310547
/data/public/EchoSet/test/pLe4wQe7qrG/0_0_other_room/3729_1284/mix.wav,9.3412504196167,9.391550064086914,8.803665161132812,8.894837379455566
/data/public/EchoSet/test/pLe4wQe7qrG/0_0_other_room/1284_6829/mix.wav,10.467531204223633,10.43171501159668,9.503414154052734,9.518068313598633
/data/public/EchoSet/test/pLe4wQe7qrG/0_0_other_room/7729_1284/mix.wav,7.166158676147461,7.164520263671875,6.741311550140381,6.785979270935059
/data/public/EchoSet/test/pLe4wQe7qrG/0_0_other_room/61_7176/mix.wav,7.049764633178711,7.154963970184326,6.208571434020996,6.3664751052856445
/data/public/EchoSet/test/pLe4wQe7qrG/0_0_other_room/260_3570/mix.wav,3.6502223014831543,3.8857924938201904,3.2088065147399902,3.5663280487060547
/data/public/EchoSet/test/pLe4wQe7qrG/0_0_other_room/4077_2300/mix.wav,4.236430644989014,4.30702018737793,3.0291032791137695,3.164245367050171
/data/public/EchoSet/test/pLe4wQe7qrG/0_0_other_room/4446_908/mix.wav,10.462532043457031,10.457014083862305,9.897794723510742,9.94073486328125
/data/public/EchoSet/test/pLe4wQe7qrG/0_0_other_room/2830_121/mix.wav,6.627838134765625,6.845694541931152,4.934800148010254,5.18708610534668
/data/public/EchoSet/test/pLe4wQe7qrG/0_0_other_room/1188_908/mix.wav,12.785263061523438,12.91904067993164,12.351369857788086,12.505668640136719
/data/public/EchoSet/test/pLe4wQe7qrG/0_0_other_room/6930_1995/mix.wav,5.521578788757324,5.601868629455566,5.329422473907471,5.46312141418457
/data/public/EchoSet/test/pLe4wQe7qrG/0_0_other_room/1995_3570/mix.wav,4.536819934844971,4.5129570960998535,3.1353020668029785,3.1794416904449463
/data/public/EchoSet/test/pLe4wQe7qrG/0_0_other_room/4992_1284/mix.wav,10.723831176757812,10.800909042358398,10.230290412902832,10.332502365112305
/data/public/EchoSet/test/pLe4wQe7qrG/0_0_other_room/4077_8555/mix.wav,6.641531944274902,6.837514400482178,5.707374572753906,5.99570369720459
/data/public/EchoSet/test/pLe4wQe7qrG/0_0_other_room/121_4446/mix.wav,7.174283981323242,7.334638595581055,6.702892303466797,6.941774368286133
/data/public/EchoSet/test/pLe4wQe7qrG/0_0_other_room/4507_1284/mix.wav,9.98141098022461,10.05728816986084,9.331365585327148,9.468344688415527
/data/public/EchoSet/test/pLe4wQe7qrG/0_0_other_room/121_1188/mix.wav,10.177507400512695,10.141451835632324,9.41937255859375,9.470866203308105
/data/public/EchoSet/test/pLe4wQe7qrG/0_0_other_room/5683_4970/mix.wav,7.499813079833984,7.842650413513184,5.469758987426758,5.87182092666626
/data/public/EchoSet/test/pLe4wQe7qrG/0_0_other_room/2094_8455/mix.wav,7.195969104766846,7.124889373779297,6.359673500061035,6.40067195892334
/data/public/EchoSet/test/pLe4wQe7qrG/0_0_other_room/7176_2300/mix.wav,8.248822212219238,8.26304817199707,7.8819122314453125,7.928572654724121
/data/public/EchoSet/test/pLe4wQe7qrG/0_0_other_room/3570_6930/mix.wav,17.206497192382812,17.275115966796875,15.839999198913574,15.969216346740723
/data/public/EchoSet/test/pLe4wQe7qrG/0_0_other_room/260_1188/mix.wav,9.646065711975098,9.77682113647461,8.79678726196289,8.993247032165527
/data/public/EchoSet/test/pLe4wQe7qrG/0_0_other_room/1320_672/mix.wav,9.631240844726562,9.655264854431152,8.008627891540527,8.135597229003906
/data/public/EchoSet/test/pLe4wQe7qrG/0_0_other_room/4992_4970/mix.wav,9.856571197509766,9.961350440979004,8.498720169067383,8.651445388793945
/data/public/EchoSet/test/pLe4wQe7qrG/0_0_other_room/1580_1089/mix.wav,10.18321704864502,10.192712783813477,9.280059814453125,9.355841636657715
/data/public/EchoSet/test/pLe4wQe7qrG/0_0_other_room/908_8224/mix.wav,5.500110626220703,5.19913911819458,4.7174153327941895,4.611440658569336
/data/public/EchoSet/test/pLe4wQe7qrG/0_0_other_room/7176_672/mix.wav,3.717205762863159,3.7613887786865234,2.9618983268737793,3.062645196914673
/data/public/EchoSet/test/pLe4wQe7qrG/0_0_other_room/8230_2300/mix.wav,6.234084129333496,6.525038242340088,5.722856521606445,6.0843048095703125
/data/public/EchoSet/test/pLe4wQe7qrG/0_0_other_room/5142_1580/mix.wav,4.265844345092773,4.427633285522461,3.5111660957336426,3.7221927642822266
/data/public/EchoSet/test/pLe4wQe7qrG/0_0_other_room/8224_7021/mix.wav,8.688788414001465,8.631239891052246,7.719862937927246,7.710715293884277
/data/public/EchoSet/test/pLe4wQe7qrG/0_0_other_room/2830_4077/mix.wav,4.1057868003845215,4.138679027557373,3.5478219985961914,3.6601176261901855
/data/public/EchoSet/test/pLe4wQe7qrG/0_0_other_room/5683_8230/mix.wav,12.407602310180664,12.867664337158203,11.910591125488281,12.390035629272461
/data/public/EchoSet/test/pLe4wQe7qrG/0_0_other_room/3575_6930/mix.wav,8.302051544189453,8.500066757202148,7.659423828125,7.900667667388916
/data/public/EchoSet/test/pLe4wQe7qrG/0_0_other_room/7127_1995/mix.wav,2.5171518325805664,2.5217292308807373,0.6488046646118164,0.8286901712417603
/data/public/EchoSet/test/pLe4wQe7qrG/0_0_other_room/6930_121/mix.wav,10.337202072143555,10.558236122131348,9.780426979064941,10.031965255737305
/data/public/EchoSet/test/pLe4wQe7qrG/0_0_other_room/5105_4507/mix.wav,8.478097915649414,8.529525756835938,7.545217037200928,7.622564792633057
/data/public/EchoSet/test/pLe4wQe7qrG/0_0_other_room/4507_5142/mix.wav,11.44643783569336,11.53671646118164,10.218029975891113,10.390448570251465
/data/public/EchoSet/test/pLe4wQe7qrG/0_0_other_room/7176_7729/mix.wav,4.667169094085693,4.9396467208862305,4.082126617431641,4.439350605010986
/data/public/EchoSet/test/pLe4wQe7qrG/0_0_other_room/8555_7729/mix.wav,6.781302452087402,7.2799906730651855,6.23659610748291,6.825881004333496
/data/public/EchoSet/test/pLe4wQe7qrG/0_0_other_room/5105_672/mix.wav,12.002962112426758,12.038176536560059,10.012289047241211,10.06892204284668
/data/public/EchoSet/test/pLe4wQe7qrG/0_0_other_room/7127_1580/mix.wav,3.8540101051330566,3.884122610092163,2.44020938873291,2.515367031097412
/data/public/EchoSet/test/pLe4wQe7qrG/0_0_other_room/2830_1221/mix.wav,1.607442021369934,1.633851408958435,-0.11283338069915771,0.090506911277771
/data/public/EchoSet/test/pLe4wQe7qrG/0_0_other_room/5683_5142/mix.wav,8.374550819396973,8.647446632385254,7.724431991577148,8.071683883666992
/data/public/EchoSet/test/pLe4wQe7qrG/0_0_other_room/8230_121/mix.wav,9.117236137390137,9.130928993225098,8.680496215820312,8.763818740844727
/data/public/EchoSet/test/pLe4wQe7qrG/0_0_other_room/3575_1320/mix.wav,11.91444206237793,12.096048355102539,11.159502029418945,11.399674415588379
/data/public/EchoSet/test/pLe4wQe7qrG/0_0_other_room/8224_908/mix.wav,5.440703392028809,5.982110023498535,2.965611696243286,3.5902936458587646
/data/public/EchoSet/test/pLe4wQe7qrG/0_0_other_room/6829_1284/mix.wav,7.294059753417969,7.394549369812012,6.748305320739746,6.9098663330078125
/data/public/EchoSet/test/pLe4wQe7qrG/0_0_other_room/7127_3570/mix.wav,9.01500415802002,9.069889068603516,6.768677234649658,7.2934064865112305
/data/public/EchoSet/test/pLe4wQe7qrG/0_0_other_room/5683_3729/mix.wav,6.370153427124023,6.823230266571045,4.682185649871826,5.17111349105835
/data/public/EchoSet/test/pLe4wQe7qrG/0_0_other_room/6930_2961/mix.wav,2.7077744007110596,2.91408634185791,2.130079507827759,2.406102180480957
/data/public/EchoSet/test/pLe4wQe7qrG/0_0_other_room/5639_908/mix.wav,3.4075369834899902,3.173168659210205,2.9946227073669434,2.848855495452881
/data/public/EchoSet/test/pLe4wQe7qrG/0_0_other_room/8455_1580/mix.wav,9.974584579467773,10.18333625793457,9.344176292419434,9.616207122802734
/data/public/EchoSet/test/pLe4wQe7qrG/0_0_other_room/8463_672/mix.wav,3.9829964637756348,3.9353389739990234,3.205456018447876,3.1975057125091553
/data/public/EchoSet/test/pLe4wQe7qrG/0_0_other_room/8463_8224/mix.wav,5.367947578430176,5.607010841369629,4.528873920440674,4.947015762329102
/data/public/EchoSet/test/pLe4wQe7qrG/0_0_other_room/2300_5639/mix.wav,6.317000865936279,6.431830406188965,5.317537307739258,5.488158226013184
/data/public/EchoSet/test/pLe4wQe7qrG/0_0_other_room/4970_6829/mix.wav,-1.1978669166564941,-1.2272313833236694,-2.701883554458618,-2.6956706047058105
/data/public/EchoSet/test/pLe4wQe7qrG/0_0_other_room/2961_8224/mix.wav,11.051562309265137,11.153291702270508,10.338293075561523,10.546003341674805
/data/public/EchoSet/test/pLe4wQe7qrG/0_0_other_room/8455_7127/mix.wav,0.9694777727127075,1.383154034614563,0.13010859489440918,0.5994172692298889
/data/public/EchoSet/test/pLe4wQe7qrG/0_0_other_room/3575_1580/mix.wav,4.3354082107543945,4.649681091308594,4.138236045837402,4.488183498382568
/data/public/EchoSet/test/pLe4wQe7qrG/0_0_other_room/3729_237/mix.wav,8.720827102661133,9.13541030883789,8.072639465332031,8.548761367797852
/data/public/EchoSet/test/pLe4wQe7qrG/0_0_other_room/4992_1089/mix.wav,9.672371864318848,9.691367149353027,9.14560317993164,9.217766761779785
/data/public/EchoSet/test/pLe4wQe7qrG/0_0_other_room/1580_4970/mix.wav,6.975655555725098,7.075501441955566,6.439877033233643,6.590846061706543
/data/public/EchoSet/test/pLe4wQe7qrG/0_0_other_room/3729_2300/mix.wav,12.784757614135742,12.8575439453125,12.275978088378906,12.394816398620605
/data/public/EchoSet/test/pLe4wQe7qrG/0_0_other_room/4446_1221/mix.wav,11.173259735107422,11.175765037536621,10.07253360748291,10.110058784484863
/data/public/EchoSet/test/pLe4wQe7qrG/0_0_other_room/61_4992/mix.wav,6.192200183868408,6.227054595947266,5.169535160064697,5.27052116394043
/data/public/EchoSet/test/pLe4wQe7qrG/0_0_other_room/4992_7021/mix.wav,8.927928924560547,9.082855224609375,7.756075382232666,7.953628063201904
/data/public/EchoSet/test/pLe4wQe7qrG/0_0_other_room/3575_121/mix.wav,4.461843013763428,4.925317764282227,3.7265686988830566,4.2400102615356445
/data/public/EchoSet/test/pLe4wQe7qrG/0_0_other_room/121_5105/mix.wav,10.655696868896484,10.654109001159668,10.132280349731445,10.21224594116211
/data/public/EchoSet/test/pLe4wQe7qrG/0_0_other_room/908_7729/mix.wav,10.841140747070312,10.817708015441895,10.319726943969727,10.330033302307129
/data/public/EchoSet/test/pLe4wQe7qrG/0_0_other_room/1284_2830/mix.wav,10.354377746582031,10.472341537475586,9.763471603393555,9.932851791381836
/data/public/EchoSet/test/pLe4wQe7qrG/0_0_other_room/4992_61/mix.wav,8.278034210205078,8.456245422363281,7.730342864990234,7.9543681144714355
/data/public/EchoSet/test/pLe4wQe7qrG/0_0_other_room/7729_8230/mix.wav,6.349705219268799,6.292498588562012,5.898096084594727,5.871912479400635
/data/public/EchoSet/test/pLe4wQe7qrG/0_0_other_room/2830_1089/mix.wav,0.6828722953796387,0.8284628391265869,0.13327908515930176,0.49582409858703613
/data/public/EchoSet/test/pLe4wQe7qrG/0_1_other_room/4970_5105/mix.wav,11.281147003173828,11.392879486083984,10.68859577178955,10.90097427368164
/data/public/EchoSet/test/pLe4wQe7qrG/0_1_other_room/5683_4970/mix.wav,4.91977071762085,5.1617350578308105,3.662806272506714,3.9942216873168945
/data/public/EchoSet/test/pLe4wQe7qrG/0_1_other_room/1995_1188/mix.wav,12.301553726196289,12.369767189025879,11.664787292480469,11.777665138244629
/data/public/EchoSet/test/pLe4wQe7qrG/0_1_other_room/2094_1089/mix.wav,6.622244834899902,6.582618236541748,6.042308330535889,6.053653717041016
/data/public/EchoSet/test/pLe4wQe7qrG/0_1_other_room/8555_4077/mix.wav,8.615377426147461,8.676684379577637,8.147616386413574,8.238283157348633
/data/public/EchoSet/test/pLe4wQe7qrG/0_1_other_room/2830_1284/mix.wav,6.985101699829102,7.137845039367676,5.993561744689941,6.2479071617126465
/data/public/EchoSet/test/pLe4wQe7qrG/0_1_other_room/1995_6829/mix.wav,8.438541412353516,8.356263160705566,7.22584867477417,7.218369483947754
/data/public/EchoSet/test/pLe4wQe7qrG/0_1_other_room/1580_8455/mix.wav,11.250274658203125,11.387203216552734,10.790792465209961,10.96306037902832
/data/public/EchoSet/test/pLe4wQe7qrG/0_1_other_room/4970_672/mix.wav,9.180009841918945,9.244647979736328,7.8987202644348145,8.022123336791992
/data/public/EchoSet/test/pLe4wQe7qrG/0_1_other_room/260_6930/mix.wav,4.574288368225098,4.457237243652344,3.5415730476379395,3.573395252227783
/data/public/EchoSet/test/pLe4wQe7qrG/0_1_other_room/2300_3575/mix.wav,9.101591110229492,9.080241203308105,7.982381343841553,8.02421760559082
/data/public/EchoSet/test/pLe4wQe7qrG/0_1_other_room/6930_1580/mix.wav,10.194234848022461,10.483137130737305,9.285877227783203,9.595500946044922
/data/public/EchoSet/test/pLe4wQe7qrG/0_1_other_room/5639_7729/mix.wav,-0.12770581245422363,0.5018489360809326,-0.5767192840576172,0.08123397827148438
/data/public/EchoSet/test/pLe4wQe7qrG/0_1_other_room/4507_7729/mix.wav,7.67411994934082,7.652958393096924,6.541237831115723,6.661590099334717
/data/public/EchoSet/test/pLe4wQe7qrG/0_1_other_room/4992_260/mix.wav,7.704044342041016,7.978839874267578,7.124792098999023,7.522265911102295
/data/public/EchoSet/test/pLe4wQe7qrG/0_1_other_room/8224_5639/mix.wav,7.218615531921387,7.069188117980957,6.416916847229004,6.340452194213867
/data/public/EchoSet/test/pLe4wQe7qrG/0_1_other_room/908_8555/mix.wav,11.941207885742188,12.10495662689209,11.685388565063477,11.878560066223145
/data/public/EchoSet/test/pLe4wQe7qrG/0_1_other_room/1995_3570/mix.wav,4.317403793334961,5.11759090423584,3.7508320808410645,4.597783088684082
/data/public/EchoSet/test/pLe4wQe7qrG/0_1_other_room/7127_4992/mix.wav,9.045010566711426,9.034318923950195,8.034093856811523,8.07792854309082
/data/public/EchoSet/test/pLe4wQe7qrG/0_1_other_room/5683_8463/mix.wav,6.803144454956055,6.971205234527588,6.322686195373535,6.648615837097168
/data/public/EchoSet/test/pLe4wQe7qrG/0_1_other_room/4446_2094/mix.wav,8.775201797485352,8.87604808807373,8.286590576171875,8.429274559020996
/data/public/EchoSet/test/pLe4wQe7qrG/0_1_other_room/121_7176/mix.wav,5.322724342346191,5.283729076385498,4.912106990814209,4.9556565284729
/data/public/EchoSet/test/pLe4wQe7qrG/0_1_other_room/1221_8555/mix.wav,8.722488403320312,8.739378929138184,7.900372505187988,8.046560287475586
/data/public/EchoSet/test/pLe4wQe7qrG/0_1_other_room/121_908/mix.wav,6.611575603485107,6.53522253036499,6.239858627319336,6.238109588623047
/data/public/EchoSet/test/pLe4wQe7qrG/0_1_other_room/3570_6829/mix.wav,-0.4528532326221466,-0.38871175050735474,-0.7416197657585144,-0.641498327255249
/data/public/EchoSet/test/pLe4wQe7qrG/0_1_other_room/260_1188/mix.wav,0.8497856855392456,0.9135397672653198,0.3132396936416626,0.4613211750984192
/data/public/EchoSet/test/pLe4wQe7qrG/0_1_other_room/3570_1580/mix.wav,7.4887375831604,7.627723693847656,5.046588897705078,5.226068496704102
/data/public/EchoSet/test/pLe4wQe7qrG/0_1_other_room/8230_8224/mix.wav,9.156473159790039,9.147368431091309,8.657489776611328,8.711278915405273
/data/public/EchoSet/test/pLe4wQe7qrG/0_1_other_room/7176_7021/mix.wav,5.146451950073242,5.334658622741699,4.592975616455078,4.867435455322266
/data/public/EchoSet/test/pLe4wQe7qrG/0_1_other_room/1320_3570/mix.wav,13.058366775512695,13.157222747802734,12.586820602416992,12.707340240478516
/data/public/EchoSet/test/pLe4wQe7qrG/0_1_other_room/61_5683/mix.wav,10.789928436279297,10.861963272094727,9.773091316223145,9.912042617797852
/data/public/EchoSet/test/pLe4wQe7qrG/0_1_other_room/7729_237/mix.wav,11.089038848876953,11.224482536315918,10.62960147857666,10.793351173400879
/data/public/EchoSet/test/pLe4wQe7qrG/0_1_other_room/8455_4992/mix.wav,6.01865816116333,6.436117649078369,5.0280303955078125,5.522442817687988
/data/public/EchoSet/test/pLe4wQe7qrG/0_1_other_room/4446_3575/mix.wav,8.385595321655273,8.34762954711914,7.740808486938477,7.7414069175720215
/data/public/EchoSet/test/pLe4wQe7qrG/0_1_other_room/260_7176/mix.wav,9.118097305297852,9.116148948669434,8.701766014099121,8.735486030578613
/data/public/EchoSet/test/pLe4wQe7qrG/0_1_other_room/5105_1995/mix.wav,9.432014465332031,10.093180656433105,8.93469524383545,9.682445526123047
/data/public/EchoSet/test/pLe4wQe7qrG/0_1_other_room/3729_4970/mix.wav,8.427560806274414,8.377222061157227,7.9029130935668945,7.972794055938721
/data/public/EchoSet/test/pLe4wQe7qrG/0_1_other_room/5142_7127/mix.wav,3.1806857585906982,3.2515885829925537,2.411261558532715,2.5875661373138428
/data/public/EchoSet/test/pLe4wQe7qrG/0_1_other_room/6930_672/mix.wav,4.116611480712891,4.541001319885254,2.415785551071167,2.8771615028381348
/data/public/EchoSet/test/pLe4wQe7qrG/0_1_other_room/1221_8230/mix.wav,10.547774314880371,10.517939567565918,9.883003234863281,9.887900352478027
/data/public/EchoSet/test/pLe4wQe7qrG/0_1_other_room/1089_908/mix.wav,11.468591690063477,11.350347518920898,11.083728790283203,11.014062881469727
/data/public/EchoSet/test/pLe4wQe7qrG/0_1_other_room/672_2094/mix.wav,1.0383492708206177,1.1669763326644897,-0.22052550315856934,-0.010327339172363281
/data/public/EchoSet/test/pLe4wQe7qrG/0_1_other_room/8224_908/mix.wav,1.3625280857086182,1.3486113548278809,-0.23419630527496338,-0.1823805570602417
/data/public/EchoSet/test/pLe4wQe7qrG/0_1_other_room/7729_5142/mix.wav,9.633872985839844,9.66845417022705,9.080694198608398,9.266468048095703
/data/public/EchoSet/test/pLe4wQe7qrG/0_1_other_room/5105_2961/mix.wav,10.324994087219238,10.64779281616211,9.928092956542969,10.3026762008667
/data/public/EchoSet/test/pLe4wQe7qrG/0_1_other_room/61_1995/mix.wav,9.14370346069336,9.343883514404297,8.540122985839844,8.890450477600098
/data/public/EchoSet/test/pLe4wQe7qrG/0_1_other_room/8224_1284/mix.wav,10.173044204711914,10.137724876403809,9.460206985473633,9.489217758178711
/data/public/EchoSet/test/pLe4wQe7qrG/0_1_other_room/2300_5639/mix.wav,3.1616482734680176,3.6834604740142822,2.4100258350372314,3.005934000015259
/data/public/EchoSet/test/pLe4wQe7qrG/0_1_other_room/908_8463/mix.wav,9.966477394104004,10.01777172088623,9.446847915649414,9.548970222473145
/data/public/EchoSet/test/pLe4wQe7qrG/0_1_other_room/1284_2961/mix.wav,-0.8426750898361206,-0.5896269083023071,-1.833810806274414,-1.4959049224853516
/data/public/EchoSet/test/pLe4wQe7qrG/0_1_other_room/1089_6829/mix.wav,10.342909812927246,10.56672191619873,9.70120620727539,9.983781814575195
/data/public/EchoSet/test/pLe4wQe7qrG/0_1_other_room/8230_61/mix.wav,8.633663177490234,8.796051979064941,7.913341999053955,8.122947692871094
/data/public/EchoSet/test/pLe4wQe7qrG/0_1_other_room/8463_7021/mix.wav,10.682406425476074,10.713359832763672,10.005830764770508,10.142221450805664
/data/public/EchoSet/test/pLe4wQe7qrG/0_1_other_room/5142_5105/mix.wav,9.085563659667969,9.713543891906738,8.793851852416992,9.469135284423828
/data/public/EchoSet/test/pLe4wQe7qrG/0_1_other_room/4507_1089/mix.wav,9.546319961547852,9.541874885559082,8.964214324951172,9.058565139770508
/data/public/EchoSet/test/pLe4wQe7qrG/0_1_other_room/2961_3729/mix.wav,4.058365821838379,4.100621223449707,3.6269240379333496,3.7618744373321533
/data/public/EchoSet/test/pLe4wQe7qrG/0_1_other_room/2300_5142/mix.wav,10.284774780273438,10.70746898651123,9.845969200134277,10.313945770263672
/data/public/EchoSet/test/pLe4wQe7qrG/0_1_other_room/1580_121/mix.wav,7.937363147735596,7.944823741912842,7.368236541748047,7.429466724395752
/data/public/EchoSet/test/pLe4wQe7qrG/0_1_other_room/4507_8555/mix.wav,6.643688201904297,6.7488861083984375,5.741996765136719,5.984469413757324
/data/public/EchoSet/test/pLe4wQe7qrG/0_1_other_room/8463_4077/mix.wav,9.182144165039062,9.03059196472168,8.23147201538086,8.267019271850586
/data/public/EchoSet/test/pLe4wQe7qrG/0_1_other_room/6930_2961/mix.wav,7.155070781707764,7.216947555541992,6.174114227294922,6.268723487854004
/data/public/EchoSet/test/pLe4wQe7qrG/0_1_other_room/7729_8455/mix.wav,10.062507629394531,10.152639389038086,9.250832557678223,9.369629859924316
/data/public/EchoSet/test/pLe4wQe7qrG/0_1_other_room/2300_8230/mix.wav,0.258786678314209,0.38676559925079346,-0.08438032865524292,0.10601454973220825
/data/public/EchoSet/test/pLe4wQe7qrG/0_1_other_room/4992_1221/mix.wav,9.047515869140625,9.35473918914795,8.433675765991211,8.776028633117676
/data/public/EchoSet/test/pLe4wQe7qrG/0_1_other_room/121_4992/mix.wav,0.4114929437637329,0.5906957983970642,-0.12937574088573456,0.16807611286640167
/data/public/EchoSet/test/pLe4wQe7qrG/0_1_other_room/7176_1284/mix.wav,5.2613959312438965,5.144061088562012,4.60396671295166,4.567783832550049
/data/public/EchoSet/test/pLe4wQe7qrG/0_1_other_room/2830_4077/mix.wav,6.2069854736328125,5.179766654968262,5.7771148681640625,5.097204685211182
/data/public/EchoSet/test/pLe4wQe7qrG/0_1_other_room/2094_8463/mix.wav,12.226381301879883,12.346449851989746,11.795373916625977,11.944316864013672
/data/public/EchoSet/test/pLe4wQe7qrG/0_1_other_room/6829_672/mix.wav,11.213017463684082,11.198904991149902,10.264805793762207,10.269088745117188
/data/public/EchoSet/test/pLe4wQe7qrG/0_1_other_room/237_908/mix.wav,8.38877010345459,8.292262077331543,7.738442420959473,7.738120079040527
/data/public/EchoSet/test/pLe4wQe7qrG/0_1_other_room/5639_8230/mix.wav,7.896267414093018,7.881588935852051,7.31278133392334,7.393904209136963
/data/public/EchoSet/test/pLe4wQe7qrG/0_1_other_room/7021_4446/mix.wav,2.4244961738586426,2.649379014968872,1.79343843460083,2.053950786590576
/data/public/EchoSet/test/pLe4wQe7qrG/0_1_other_room/7021_1188/mix.wav,3.981259822845459,4.069740295410156,3.1968233585357666,3.4428770542144775
/data/public/EchoSet/test/pLe4wQe7qrG/0_1_other_room/8455_7176/mix.wav,11.333394050598145,11.430194854736328,10.829082489013672,10.953165054321289
/data/public/EchoSet/test/pLe4wQe7qrG/0_1_other_room/3729_237/mix.wav,2.0962183475494385,2.0686442852020264,1.0015830993652344,1.1062355041503906
/data/public/EchoSet/test/pLe4wQe7qrG/0_1_other_room/5683_5142/mix.wav,1.6356340646743774,1.5037096738815308,-0.23987692594528198,-0.13264113664627075
/data/public/EchoSet/test/pLe4wQe7qrG/0_1_other_room/8555_7127/mix.wav,8.963730812072754,9.370622634887695,8.613975524902344,9.045777320861816
/data/public/EchoSet/test/pLe4wQe7qrG/0_1_other_room/8224_1188/mix.wav,7.1189470291137695,7.304699420928955,5.716684818267822,5.965066909790039
/data/public/EchoSet/test/pLe4wQe7qrG/0_1_other_room/8224_4446/mix.wav,5.6450581550598145,6.012603759765625,4.996847629547119,5.537278175354004
/data/public/EchoSet/test/pLe4wQe7qrG/0_1_other_room/8463_237/mix.wav,9.959112167358398,9.971567153930664,9.633407592773438,9.707627296447754
/data/public/EchoSet/test/pLe4wQe7qrG/0_1_other_room/1580_4446/mix.wav,8.634565353393555,8.803430557250977,7.81428337097168,8.040047645568848
/data/public/EchoSet/test/pLe4wQe7qrG/0_1_other_room/121_2300/mix.wav,7.524311542510986,7.43063497543335,6.33559513092041,6.344412803649902
/data/public/EchoSet/test/pLe4wQe7qrG/0_1_other_room/5105_3729/mix.wav,7.443702220916748,7.729460716247559,7.20700216293335,7.50685977935791
/data/public/EchoSet/test/pLe4wQe7qrG/0_1_other_room/5105_4077/mix.wav,7.863431930541992,8.156112670898438,7.1732563972473145,7.527435302734375
/data/public/EchoSet/test/pLe4wQe7qrG/0_1_other_room/2830_4507/mix.wav,4.610584735870361,4.503274917602539,3.817880392074585,3.952270269393921
/data/public/EchoSet/test/pLe4wQe7qrG/0_1_other_room/1221_7176/mix.wav,9.029022216796875,9.329991340637207,8.481880187988281,8.881232261657715
/data/public/EchoSet/test/pLe4wQe7qrG/0_1_other_room/672_6829/mix.wav,7.949918270111084,7.998849868774414,6.8497185707092285,6.9654130935668945
/data/public/EchoSet/test/pLe4wQe7qrG/0_1_other_room/5142_5639/mix.wav,9.602319717407227,9.63813591003418,9.039485931396484,9.108098030090332
/data/public/EchoSet/test/pLe4wQe7qrG/0_1_other_room/5639_61/mix.wav,10.668957710266113,10.773014068603516,10.405998229980469,10.525785446166992
/data/public/EchoSet/test/pLe4wQe7qrG/0_1_other_room/4077_7127/mix.wav,5.553511619567871,5.643621444702148,4.719905853271484,4.870121002197266
/data/public/EchoSet/test/pLe4wQe7qrG/0_1_other_room/5639_4507/mix.wav,3.992243766784668,4.098448276519775,3.1285135746002197,3.2741332054138184
/data/public/EchoSet/test/pLe4wQe7qrG/0_1_other_room/260_7021/mix.wav,7.132381916046143,7.182153701782227,6.631937026977539,6.693032741546631
/data/public/EchoSet/test/pLe4wQe7qrG/0_1_other_room/1320_1089/mix.wav,5.637852191925049,6.043891906738281,4.907259464263916,5.354151725769043
/data/public/EchoSet/test/pLe4wQe7qrG/0_1_other_room/4077_1580/mix.wav,10.202316284179688,10.255512237548828,9.733866691589355,9.83595085144043
/data/public/EchoSet/test/pLe4wQe7qrG/0_1_other_room/1320_7021/mix.wav,5.912487030029297,6.051884651184082,5.503013610839844,5.6826300621032715
/data/public/EchoSet/test/pLe4wQe7qrG/0_1_other_room/2830_237/mix.wav,6.542019844055176,6.758056163787842,5.912703037261963,6.177194595336914
/data/public/EchoSet/test/pLe4wQe7qrG/0_1_other_room/6930_1221/mix.wav,8.10688304901123,8.198119163513184,7.372522354125977,7.521186828613281
/data/public/EchoSet/test/pLe4wQe7qrG/0_1_other_room/4077_6829/mix.wav,9.860698699951172,10.100549697875977,9.303369522094727,9.574562072753906
/data/public/EchoSet/test/pLe4wQe7qrG/0_1_other_room/1320_8455/mix.wav,8.25057315826416,8.295987129211426,7.6239542961120605,7.742801189422607
/data/public/EchoSet/test/pLe4wQe7qrG/0_1_other_room/4992_5683/mix.wav,5.512662410736084,5.932857513427734,4.835787773132324,5.349123954772949
/data/public/EchoSet/test/pLe4wQe7qrG/0_1_other_room/7729_121/mix.wav,13.066370010375977,13.1267671585083,12.517168045043945,12.619270324707031
/data/public/EchoSet/test/pLe4wQe7qrG/0_1_other_room/4507_5683/mix.wav,12.342617988586426,12.715349197387695,12.082452774047852,12.469674110412598
/data/public/EchoSet/test/pLe4wQe7qrG/0_1_other_room/2094_6930/mix.wav,7.926271438598633,8.284592628479004,6.520291328430176,6.930030345916748
/data/public/EchoSet/test/pLe4wQe7qrG/0_1_other_room/8455_3575/mix.wav,12.496020317077637,12.540383338928223,11.87093734741211,11.947339057922363
/data/public/EchoSet/test/pLe4wQe7qrG/0_1_other_room/5142_8555/mix.wav,5.161046504974365,5.504162311553955,4.556931495666504,4.950209617614746
/data/public/EchoSet/test/pLe4wQe7qrG/0_1_other_room/672_1320/mix.wav,3.3300936222076416,3.3930652141571045,2.1878774166107178,2.3469557762145996
/data/public/EchoSet/test/pLe4wQe7qrG/0_1_other_room/3570_672/mix.wav,11.382261276245117,11.419665336608887,10.142800331115723,10.197522163391113
/data/public/EchoSet/test/pLe4wQe7qrG/0_1_other_room/4446_4992/mix.wav,10.369413375854492,10.537617683410645,9.850079536437988,10.0582275390625
/data/public/EchoSet/test/pLe4wQe7qrG/0_1_other_room/260_61/mix.wav,3.4387459754943848,3.5644187927246094,2.7547335624694824,2.9237911701202393
/data/public/EchoSet/test/pLe4wQe7qrG/0_1_other_room/1221_6930/mix.wav,7.706989288330078,7.978282451629639,6.6510009765625,6.9591851234436035
/data/public/EchoSet/test/pLe4wQe7qrG/0_1_other_room/8555_4446/mix.wav,6.401310920715332,7.0395917892456055,5.694231986999512,6.367361545562744
/data/public/EchoSet/test/pLe4wQe7qrG/0_1_other_room/121_8224/mix.wav,1.352433681488037,1.6826984882354736,0.47690296173095703,0.922264575958252
/data/public/EchoSet/test/pLe4wQe7qrG/0_1_other_room/8455_4970/mix.wav,10.041932106018066,10.252025604248047,9.639745712280273,9.917612075805664
/data/public/EchoSet/test/pLe4wQe7qrG/0_1_other_room/4507_3570/mix.wav,9.242523193359375,9.184547424316406,8.204487800598145,8.306992530822754
/data/public/EchoSet/test/pLe4wQe7qrG/0_1_other_room/2961_1188/mix.wav,10.614152908325195,10.914132118225098,10.323552131652832,10.665572166442871
/data/public/EchoSet/test/pLe4wQe7qrG/0_1_other_room/260_8463/mix.wav,11.428762435913086,11.28192138671875,10.70086669921875,10.694894790649414
/data/public/EchoSet/test/pLe4wQe7qrG/0_1_other_room/1995_4970/mix.wav,10.80589485168457,10.944989204406738,10.267273902893066,10.45926570892334
/data/public/EchoSet/test/pLe4wQe7qrG/0_1_other_room/3729_7127/mix.wav,13.948820114135742,14.120729446411133,13.50735855102539,13.73770523071289
/data/public/EchoSet/test/pLe4wQe7qrG/0_1_other_room/3575_1089/mix.wav,9.079068183898926,9.230785369873047,8.363626480102539,8.712723731994629
/data/public/EchoSet/test/pLe4wQe7qrG/0_1_other_room/8230_2830/mix.wav,6.847057342529297,7.155336380004883,6.288651943206787,6.693836212158203
/data/public/EchoSet/test/pLe4wQe7qrG/0_1_other_room/3575_7021/mix.wav,12.64753246307373,12.48883056640625,12.02268123626709,11.905106544494629
/data/public/EchoSet/test/pLe4wQe7qrG/0_1_other_room/1320_1284/mix.wav,6.525876045227051,6.915460586547852,6.054443359375,6.499473571777344
/data/public/EchoSet/test/pLe4wQe7qrG/0_1_other_room/3729_1188/mix.wav,9.544357299804688,9.916824340820312,9.167564392089844,9.578876495361328
/data/public/EchoSet/test/pLe4wQe7qrG/0_1_other_room/3570_2094/mix.wav,5.2027082443237305,5.171335220336914,4.795685291290283,4.864190578460693
/data/public/EchoSet/test/pLe4wQe7qrG/0_1_other_room/1221_2961/mix.wav,12.428356170654297,12.598734855651855,11.757585525512695,11.955631256103516
/data/public/EchoSet/test/pLe4wQe7qrG/0_1_other_room/1089_2300/mix.wav,0.8241732120513916,0.826678991317749,-0.1889778971672058,-0.12321716547012329
/data/public/EchoSet/test/pLe4wQe7qrG/0_1_other_room/5683_7127/mix.wav,12.092583656311035,12.205207824707031,11.553117752075195,11.681352615356445
/data/public/EchoSet/test/pLe4wQe7qrG/0_1_other_room/3729_6829/mix.wav,5.344721794128418,5.503641605377197,4.012042999267578,4.246364593505859
/data/public/EchoSet/test/pLe4wQe7qrG/0_1_other_room/1284_908/mix.wav,3.884580373764038,4.051207542419434,3.3013832569122314,3.6072349548339844
/data/public/EchoSet/test/pLe4wQe7qrG/0_1_other_room/5105_3575/mix.wav,8.529414176940918,8.50998592376709,7.406830787658691,7.501375198364258
/data/public/EchoSet/test/pLe4wQe7qrG/0_1_other_room/1995_61/mix.wav,5.339530944824219,5.431780815124512,4.906848907470703,5.036577224731445
/data/public/EchoSet/test/pLe4wQe7qrG/0_1_other_room/237_7729/mix.wav,3.6460072994232178,3.69079852104187,3.0546250343322754,3.1730027198791504
/data/public/EchoSet/test/pLe4wQe7qrG/0_1_other_room/1320_4970/mix.wav,10.25161361694336,10.331478118896484,9.135159492492676,9.268111228942871
/data/public/EchoSet/test/pLe4wQe7qrG/0_1_other_room/3575_237/mix.wav,9.370351791381836,9.566010475158691,8.565919876098633,8.826919555664062
/data/public/EchoSet/test/pLe4wQe7qrG/0_1_other_room/2094_2961/mix.wav,8.439849853515625,8.851532936096191,7.618249893188477,8.1529541015625
/data/public/EchoSet/test/pLe4wQe7qrG/0_1_other_room/2300_7127/mix.wav,5.940148830413818,5.940674781799316,5.317615509033203,5.377865791320801
/data/public/EchoSet/test/pLe4wQe7qrG/0_1_other_room/1580_61/mix.wav,9.598796844482422,9.71750545501709,8.808748245239258,8.98054027557373
/data/public/EchoSet/test/pLe4wQe7qrG/0_1_other_room/1188_7176/mix.wav,3.507091999053955,3.590240716934204,3.28668212890625,3.413292169570923
/data/public/EchoSet/test/zsNo4HB9uLZ/0_13_living_room/4507_7021/mix.wav,17.810997009277344,17.836545944213867,17.40292739868164,17.44053077697754
/data/public/EchoSet/test/zsNo4HB9uLZ/0_13_living_room/2300_672/mix.wav,8.246076583862305,8.219449043273926,7.31500768661499,7.374732494354248
/data/public/EchoSet/test/zsNo4HB9uLZ/0_13_living_room/5639_8455/mix.wav,8.965034484863281,8.943598747253418,8.250473022460938,8.3037691116333
/data/public/EchoSet/test/zsNo4HB9uLZ/0_13_living_room/1995_4992/mix.wav,8.213010787963867,8.231306076049805,7.523737907409668,7.6162261962890625
/data/public/EchoSet/test/zsNo4HB9uLZ/0_13_living_room/6930_4507/mix.wav,5.834984302520752,5.480497360229492,4.864970684051514,5.279440879821777
/data/public/EchoSet/test/zsNo4HB9uLZ/0_13_living_room/8455_1320/mix.wav,7.678119659423828,7.816088676452637,7.097997665405273,7.281414985656738
/data/public/EchoSet/test/zsNo4HB9uLZ/0_13_living_room/1221_2094/mix.wav,6.226484298706055,6.340847969055176,3.9308714866638184,4.128900051116943
/data/public/EchoSet/test/zsNo4HB9uLZ/0_13_living_room/1188_4077/mix.wav,8.335081100463867,8.565606117248535,7.558385372161865,7.840203762054443
/data/public/EchoSet/test/zsNo4HB9uLZ/0_13_living_room/1284_2961/mix.wav,10.193490028381348,10.47521686553955,9.425914764404297,9.749703407287598
/data/public/EchoSet/test/zsNo4HB9uLZ/0_13_living_room/7127_672/mix.wav,5.3753228187561035,5.599881649017334,4.291685104370117,4.572993278503418
/data/public/EchoSet/test/zsNo4HB9uLZ/0_13_living_room/5639_61/mix.wav,4.436806678771973,4.5345139503479,3.944549798965454,4.122223854064941
/data/public/EchoSet/test/zsNo4HB9uLZ/0_13_living_room/8230_8463/mix.wav,14.519084930419922,14.501635551452637,13.918838500976562,13.939611434936523
/data/public/EchoSet/test/zsNo4HB9uLZ/0_13_living_room/121_260/mix.wav,9.84870719909668,10.098550796508789,8.863492965698242,9.139297485351562
/data/public/EchoSet/test/zsNo4HB9uLZ/0_13_living_room/1188_8230/mix.wav,8.479818344116211,8.688098907470703,7.840487480163574,8.15938663482666
/data/public/EchoSet/test/zsNo4HB9uLZ/0_13_living_room/672_1089/mix.wav,4.790471076965332,4.977039337158203,3.7229206562042236,4.043065071105957
/data/public/EchoSet/test/zsNo4HB9uLZ/0_13_living_room/2830_8224/mix.wav,2.4269931316375732,2.7336249351501465,1.3598302602767944,1.7605606317520142
/data/public/EchoSet/test/zsNo4HB9uLZ/0_13_living_room/237_7127/mix.wav,7.629541397094727,7.5207929611206055,6.734865665435791,6.706232070922852
/data/public/EchoSet/test/zsNo4HB9uLZ/0_13_living_room/121_1320/mix.wav,9.720786094665527,9.739477157592773,9.013910293579102,9.11158561706543
/data/public/EchoSet/test/zsNo4HB9uLZ/0_13_living_room/8455_3570/mix.wav,9.151906967163086,9.248913764953613,8.350765228271484,8.605671882629395
/data/public/EchoSet/test/zsNo4HB9uLZ/0_13_living_room/7021_1188/mix.wav,4.480113983154297,4.901741027832031,3.2485804557800293,3.7665257453918457
/data/public/EchoSet/test/zsNo4HB9uLZ/0_13_living_room/4970_6930/mix.wav,5.4346771240234375,5.493466854095459,4.656909942626953,4.732213020324707
/data/public/EchoSet/test/zsNo4HB9uLZ/0_13_living_room/7176_7729/mix.wav,12.133769989013672,12.381410598754883,11.801886558532715,12.09300422668457
/data/public/EchoSet/test/zsNo4HB9uLZ/0_13_living_room/2830_8555/mix.wav,11.197321891784668,11.340062141418457,9.969854354858398,10.181753158569336
/data/public/EchoSet/test/zsNo4HB9uLZ/0_13_living_room/5142_2961/mix.wav,10.292217254638672,10.443368911743164,9.195266723632812,9.386381149291992
/data/public/EchoSet/test/zsNo4HB9uLZ/0_13_living_room/8230_2094/mix.wav,10.153273582458496,10.175141334533691,9.439611434936523,9.48671817779541
/data/public/EchoSet/test/zsNo4HB9uLZ/0_13_living_room/7021_61/mix.wav,1.579039454460144,1.5630908012390137,1.110351800918579,1.1675982475280762
/data/public/EchoSet/test/zsNo4HB9uLZ/0_13_living_room/7729_1089/mix.wav,12.361227989196777,12.280182838439941,11.794450759887695,11.755380630493164
/data/public/EchoSet/test/zsNo4HB9uLZ/0_13_living_room/5683_8555/mix.wav,9.595870971679688,9.657894134521484,6.989869594573975,7.1040544509887695
/data/public/EchoSet/test/zsNo4HB9uLZ/0_13_living_room/260_6829/mix.wav,8.332867622375488,8.122102737426758,7.344307899475098,7.219890594482422
/data/public/EchoSet/test/zsNo4HB9uLZ/0_13_living_room/2830_8230/mix.wav,3.0100700855255127,2.851975440979004,2.44773530960083,2.4097843170166016
/data/public/EchoSet/test/zsNo4HB9uLZ/0_13_living_room/5683_3729/mix.wav,9.897041320800781,10.316413879394531,9.169862747192383,9.6477689743042
/data/public/EchoSet/test/zsNo4HB9uLZ/0_13_living_room/7176_3575/mix.wav,9.435693740844727,9.454952239990234,9.054633140563965,9.103560447692871
/data/public/EchoSet/test/zsNo4HB9uLZ/0_13_living_room/8455_1188/mix.wav,4.233937740325928,4.290979385375977,3.0934953689575195,3.3578836917877197
/data/public/EchoSet/test/zsNo4HB9uLZ/0_13_living_room/908_8224/mix.wav,10.665626525878906,10.870147705078125,10.33120059967041,10.57442855834961
/data/public/EchoSet/test/zsNo4HB9uLZ/0_13_living_room/260_4446/mix.wav,7.464690685272217,7.504013538360596,7.0777740478515625,7.166532516479492
/data/public/EchoSet/test/zsNo4HB9uLZ/0_13_living_room/7729_8224/mix.wav,10.156169891357422,10.566584587097168,9.84677505493164,10.292695999145508
/data/public/EchoSet/test/zsNo4HB9uLZ/0_13_living_room/237_7176/mix.wav,11.690073013305664,11.797613143920898,11.22746753692627,11.372299194335938
/data/public/EchoSet/test/zsNo4HB9uLZ/0_13_living_room/5639_1284/mix.wav,11.905029296875,11.980218887329102,11.225920677185059,11.353395462036133
/data/public/EchoSet/test/zsNo4HB9uLZ/0_13_living_room/5639_237/mix.wav,12.38125991821289,12.545379638671875,11.758795738220215,11.986647605895996
/data/public/EchoSet/test/zsNo4HB9uLZ/0_13_living_room/2830_672/mix.wav,6.511070251464844,6.638210296630859,4.830752849578857,5.039332866668701
/data/public/EchoSet/test/zsNo4HB9uLZ/0_13_living_room/6829_3729/mix.wav,10.274463653564453,10.231148719787598,9.443008422851562,9.482300758361816
/data/public/EchoSet/test/zsNo4HB9uLZ/0_13_living_room/7176_5142/mix.wav,7.901190280914307,8.478266716003418,7.469598770141602,8.110601425170898
/data/public/EchoSet/test/zsNo4HB9uLZ/0_13_living_room/908_8463/mix.wav,9.743180274963379,9.834325790405273,8.94197940826416,9.084054946899414
/data/public/EchoSet/test/zsNo4HB9uLZ/0_13_living_room/8463_2094/mix.wav,11.962811470031738,11.975820541381836,11.447977066040039,11.493165016174316
/data/public/EchoSet/test/zsNo4HB9uLZ/0_13_living_room/6829_2300/mix.wav,10.461967468261719,10.34876823425293,9.689695358276367,9.615962982177734
/data/public/EchoSet/test/zsNo4HB9uLZ/0_13_living_room/2961_7729/mix.wav,8.818999290466309,9.377894401550293,8.453222274780273,9.097634315490723
/data/public/EchoSet/test/zsNo4HB9uLZ/0_13_living_room/6930_6829/mix.wav,9.306500434875488,9.333769798278809,8.727160453796387,8.805684089660645
/data/public/EchoSet/test/zsNo4HB9uLZ/0_13_living_room/1221_8224/mix.wav,9.189790725708008,9.220113754272461,7.749939441680908,7.821722984313965
/data/public/EchoSet/test/zsNo4HB9uLZ/0_13_living_room/1284_260/mix.wav,6.513571739196777,6.621382713317871,5.696072578430176,5.901174545288086
/data/public/EchoSet/test/zsNo4HB9uLZ/0_13_living_room/4077_5142/mix.wav,4.308133125305176,4.6517181396484375,3.1071338653564453,3.568510055541992
/data/public/EchoSet/test/zsNo4HB9uLZ/0_13_living_room/2830_1284/mix.wav,8.577289581298828,8.812762260437012,7.127649784088135,7.412071228027344
/data/public/EchoSet/test/zsNo4HB9uLZ/0_13_living_room/4970_4992/mix.wav,6.8371100425720215,6.789945125579834,6.448676109313965,6.463108539581299
/data/public/EchoSet/test/zsNo4HB9uLZ/0_13_living_room/8463_4970/mix.wav,11.102803230285645,11.504701614379883,10.56938362121582,10.991720199584961
/data/public/EchoSet/test/zsNo4HB9uLZ/0_13_living_room/5142_1580/mix.wav,10.642738342285156,10.734590530395508,10.155463218688965,10.284887313842773
/data/public/EchoSet/test/zsNo4HB9uLZ/0_13_living_room/1995_1580/mix.wav,14.473625183105469,14.567889213562012,14.006534576416016,14.140795707702637
/data/public/EchoSet/test/zsNo4HB9uLZ/0_13_living_room/3575_5105/mix.wav,9.638896942138672,9.552013397216797,8.245400428771973,8.240318298339844
/data/public/EchoSet/test/zsNo4HB9uLZ/0_13_living_room/672_2094/mix.wav,6.088029861450195,6.4289093017578125,3.352708101272583,3.7256641387939453
/data/public/EchoSet/test/zsNo4HB9uLZ/0_13_living_room/5105_1320/mix.wav,7.199479579925537,6.907219886779785,6.025842666625977,5.938040733337402
/data/public/EchoSet/test/zsNo4HB9uLZ/0_13_living_room/4970_5105/mix.wav,11.818002700805664,11.918354988098145,11.205820083618164,11.376014709472656
/data/public/EchoSet/test/zsNo4HB9uLZ/0_13_living_room/5683_4970/mix.wav,9.132585525512695,9.13852310180664,8.012420654296875,8.08767032623291
/data/public/EchoSet/test/zsNo4HB9uLZ/0_13_living_room/8230_8555/mix.wav,9.973345756530762,10.209293365478516,9.504195213317871,9.880749702453613
/data/public/EchoSet/test/zsNo4HB9uLZ/0_13_living_room/4446_4970/mix.wav,8.563968658447266,8.520533561706543,7.771792411804199,7.8471245765686035
/data/public/EchoSet/test/zsNo4HB9uLZ/0_13_living_room/1320_7176/mix.wav,6.581510066986084,6.612320899963379,6.039728164672852,6.114443302154541
/data/public/EchoSet/test/zsNo4HB9uLZ/0_13_living_room/7729_3575/mix.wav,10.044410705566406,10.197117805480957,9.387846946716309,9.622509956359863
/data/public/EchoSet/test/zsNo4HB9uLZ/0_13_living_room/8555_7021/mix.wav,11.574247360229492,11.459306716918945,10.982061386108398,10.980567932128906
/data/public/EchoSet/test/zsNo4HB9uLZ/0_13_living_room/8455_4992/mix.wav,10.556949615478516,10.73901653289795,10.177570343017578,10.424659729003906
/data/public/EchoSet/test/zsNo4HB9uLZ/0_13_living_room/4077_8224/mix.wav,5.372932434082031,5.308806419372559,4.407863140106201,4.421168327331543
/data/public/EchoSet/test/zsNo4HB9uLZ/0_13_living_room/4970_2961/mix.wav,4.09223747253418,3.9588472843170166,3.3189806938171387,3.270709991455078
/data/public/EchoSet/test/zsNo4HB9uLZ/0_13_living_room/1580_61/mix.wav,10.728477478027344,10.988157272338867,10.090598106384277,10.412469863891602
/data/public/EchoSet/test/zsNo4HB9uLZ/0_13_living_room/1221_4077/mix.wav,9.746127128601074,9.534957885742188,8.329081535339355,8.176969528198242
/data/public/EchoSet/test/zsNo4HB9uLZ/0_13_living_room/3570_1188/mix.wav,11.643320083618164,11.594040870666504,10.968446731567383,11.0335693359375
/data/public/EchoSet/test/zsNo4HB9uLZ/0_13_living_room/8224_5142/mix.wav,8.352359771728516,8.486499786376953,4.965544700622559,5.108043193817139
/data/public/EchoSet/test/zsNo4HB9uLZ/0_13_living_room/3570_1995/mix.wav,12.012151718139648,12.147956848144531,11.157268524169922,11.324975967407227
/data/public/EchoSet/test/zsNo4HB9uLZ/0_13_living_room/7127_4992/mix.wav,5.18624210357666,5.1520867347717285,4.05566930770874,4.137905120849609
/data/public/EchoSet/test/zsNo4HB9uLZ/0_13_living_room/7021_5105/mix.wav,7.420907020568848,7.349178791046143,6.598447799682617,6.569621562957764
/data/public/EchoSet/test/zsNo4HB9uLZ/0_13_living_room/2300_7176/mix.wav,6.1641998291015625,6.191377639770508,5.697666168212891,5.794404029846191
/data/public/EchoSet/test/zsNo4HB9uLZ/0_13_living_room/3570_8463/mix.wav,14.958433151245117,15.006037712097168,13.82417106628418,13.887824058532715
/data/public/EchoSet/test/zsNo4HB9uLZ/0_13_living_room/4077_2961/mix.wav,10.450925827026367,10.460944175720215,9.686563491821289,9.733288764953613
/data/public/EchoSet/test/zsNo4HB9uLZ/0_13_living_room/121_8230/mix.wav,12.52975082397461,12.495742797851562,12.158529281616211,12.18578052520752
/data/public/EchoSet/test/zsNo4HB9uLZ/0_13_living_room/2300_3570/mix.wav,-0.32825350761413574,-0.1932164430618286,-1.4866807460784912,-1.2925150394439697
/data/public/EchoSet/test/zsNo4HB9uLZ/0_13_living_room/260_2300/mix.wav,9.673487663269043,9.955090522766113,9.083855628967285,9.430961608886719
/data/public/EchoSet/test/zsNo4HB9uLZ/0_13_living_room/260_908/mix.wav,6.206238269805908,6.196301460266113,5.563793659210205,5.605535984039307
/data/public/EchoSet/test/zsNo4HB9uLZ/0_13_living_room/4992_61/mix.wav,5.580336570739746,5.506609916687012,4.559850692749023,4.57745361328125
/data/public/EchoSet/test/zsNo4HB9uLZ/0_13_living_room/4446_1320/mix.wav,10.984292984008789,11.04403018951416,10.229365348815918,10.34732437133789
/data/public/EchoSet/test/zsNo4HB9uLZ/0_13_living_room/4507_1188/mix.wav,11.111200332641602,11.664275169372559,10.823699951171875,11.422197341918945
/data/public/EchoSet/test/zsNo4HB9uLZ/0_13_living_room/2961_1995/mix.wav,11.865861892700195,11.994121551513672,11.449067115783691,11.612281799316406
/data/public/EchoSet/test/zsNo4HB9uLZ/0_13_living_room/7176_5683/mix.wav,1.6622658967971802,1.5672014951705933,1.3694294691085815,1.3487907648086548
/data/public/EchoSet/test/zsNo4HB9uLZ/0_13_living_room/2830_4446/mix.wav,4.8149566650390625,4.236361980438232,3.75201416015625,3.5447304248809814
/data/public/EchoSet/test/zsNo4HB9uLZ/0_13_living_room/672_1580/mix.wav,8.620805740356445,8.760602951049805,7.399266719818115,7.675111770629883
/data/public/EchoSet/test/zsNo4HB9uLZ/0_13_living_room/1995_121/mix.wav,11.368135452270508,11.719605445861816,10.881804466247559,11.30154037475586
/data/public/EchoSet/test/zsNo4HB9uLZ/0_13_living_room/5105_908/mix.wav,7.373985290527344,7.0847625732421875,6.189786434173584,6.096999168395996
/data/public/EchoSet/test/zsNo4HB9uLZ/0_13_living_room/1320_3575/mix.wav,13.378629684448242,13.069613456726074,12.387880325317383,12.168595314025879
/data/public/EchoSet/test/zsNo4HB9uLZ/0_13_living_room/121_908/mix.wav,4.4250993728637695,4.532454013824463,3.8693578243255615,4.015023231506348
/data/public/EchoSet/test/zsNo4HB9uLZ/0_13_living_room/7127_1089/mix.wav,3.8545100688934326,4.0244059562683105,3.5252246856689453,3.750164270401001
/data/public/EchoSet/test/zsNo4HB9uLZ/0_13_living_room/3575_5142/mix.wav,10.400331497192383,10.60012149810791,9.071660995483398,9.381221771240234
/data/public/EchoSet/test/zsNo4HB9uLZ/0_13_living_room/7021_1089/mix.wav,10.920337677001953,11.002683639526367,10.468913078308105,10.586156845092773
/data/public/EchoSet/test/zsNo4HB9uLZ/0_13_living_room/2094_5683/mix.wav,7.6487321853637695,8.2140474319458,6.490567207336426,7.136528968811035
/data/public/EchoSet/test/zsNo4HB9uLZ/0_13_living_room/7021_8455/mix.wav,11.011072158813477,11.054546356201172,10.290091514587402,10.36595344543457
/data/public/EchoSet/test/zsNo4HB9uLZ/0_13_living_room/7127_8224/mix.wav,11.447797775268555,11.534759521484375,10.285499572753906,10.407886505126953
/data/public/EchoSet/test/zsNo4HB9uLZ/0_13_living_room/1221_237/mix.wav,4.077816963195801,4.170705795288086,2.857024908065796,2.988229274749756
/data/public/EchoSet/test/zsNo4HB9uLZ/0_13_living_room/2961_7127/mix.wav,11.038703918457031,11.015119552612305,10.638355255126953,10.69611930847168
/data/public/EchoSet/test/zsNo4HB9uLZ/0_13_living_room/908_6829/mix.wav,10.912880897521973,10.787193298339844,10.30716323852539,10.261223793029785
/data/public/EchoSet/test/zsNo4HB9uLZ/0_13_living_room/1221_5683/mix.wav,5.264125823974609,5.339879989624023,4.695671081542969,4.8477783203125
/data/public/EchoSet/test/zsNo4HB9uLZ/0_13_living_room/61_5683/mix.wav,9.030121803283691,9.230149269104004,8.190319061279297,8.457895278930664
/data/public/EchoSet/test/zsNo4HB9uLZ/0_13_living_room/8555_4992/mix.wav,-1.4431475400924683,-1.4550708532333374,-2.0236382484436035,-1.9330875873565674
/data/public/EchoSet/test/zsNo4HB9uLZ/0_13_living_room/4970_3729/mix.wav,12.226296424865723,12.319243431091309,11.788862228393555,11.917381286621094
/data/public/EchoSet/test/zsNo4HB9uLZ/0_13_living_room/3570_1284/mix.wav,6.8878374099731445,7.397591590881348,5.992214202880859,6.552217483520508
/data/public/EchoSet/test/zsNo4HB9uLZ/0_13_living_room/1089_4077/mix.wav,7.1611714363098145,7.124711990356445,6.724310874938965,6.7129411697387695
/data/public/EchoSet/test/zsNo4HB9uLZ/0_13_living_room/4446_1580/mix.wav,12.539671897888184,12.486547470092773,11.932321548461914,11.929941177368164
/data/public/EchoSet/test/zsNo4HB9uLZ/0_13_living_room/3575_8555/mix.wav,5.045116424560547,5.022655010223389,4.201251983642578,4.265313148498535
/data/public/EchoSet/test/zsNo4HB9uLZ/0_13_living_room/121_237/mix.wav,10.464639663696289,10.564738273620605,9.787349700927734,9.913570404052734
/data/public/EchoSet/test/zsNo4HB9uLZ/0_13_living_room/2961_237/mix.wav,7.050454139709473,7.069822788238525,6.41754150390625,6.505764961242676
/data/public/EchoSet/test/zsNo4HB9uLZ/0_13_living_room/1284_7729/mix.wav,8.847719192504883,8.998322486877441,8.495976448059082,8.73071575164795
/data/public/EchoSet/test/zsNo4HB9uLZ/0_13_living_room/6930_8463/mix.wav,6.959942817687988,6.898630142211914,6.243557453155518,6.355448246002197
/data/public/EchoSet/test/zsNo4HB9uLZ/0_13_living_room/1089_672/mix.wav,10.523228645324707,10.815645217895508,9.197336196899414,9.541770935058594
/data/public/EchoSet/test/zsNo4HB9uLZ/0_13_living_room/2830_6930/mix.wav,2.602123498916626,2.578123092651367,0.8152536153793335,0.8426515460014343
/data/public/EchoSet/test/zsNo4HB9uLZ/0_13_living_room/3575_3729/mix.wav,5.494887351989746,5.384923458099365,4.330275058746338,4.313823699951172
/data/public/EchoSet/test/zsNo4HB9uLZ/0_13_living_room/5639_4507/mix.wav,13.25284194946289,13.31429672241211,12.843997955322266,12.953292846679688
/data/public/EchoSet/test/zsNo4HB9uLZ/0_13_living_room/3729_260/mix.wav,13.164819717407227,13.13764762878418,12.634466171264648,12.659433364868164
/data/public/EchoSet/test/zsNo4HB9uLZ/0_13_living_room/1320_3729/mix.wav,11.768080711364746,11.75478744506836,11.187067031860352,11.236686706542969
/data/public/EchoSet/test/zsNo4HB9uLZ/0_13_living_room/672_4992/mix.wav,10.612180709838867,10.757143020629883,9.845285415649414,10.087928771972656
/data/public/EchoSet/test/zsNo4HB9uLZ/0_13_living_room/8463_4507/mix.wav,8.248550415039062,8.315165519714355,7.43597412109375,7.691646099090576
/data/public/EchoSet/test/zsNo4HB9uLZ/0_13_living_room/3570_4077/mix.wav,11.503217697143555,11.668140411376953,10.681756973266602,10.94245433807373
/data/public/EchoSet/test/zsNo4HB9uLZ/0_13_living_room/1284_8555/mix.wav,-1.2895385026931763,-1.2040692567825317,-2.8447494506835938,-2.571012496948242
/data/public/EchoSet/test/zsNo4HB9uLZ/0_13_living_room/61_1188/mix.wav,5.1510210037231445,4.995661735534668,4.690341472625732,4.601446151733398
/data/public/EchoSet/test/zsNo4HB9uLZ/0_13_living_room/5142_5639/mix.wav,12.660741806030273,12.705280303955078,12.112403869628906,12.189377784729004
/data/public/EchoSet/test/zsNo4HB9uLZ/0_13_living_room/1995_7021/mix.wav,14.365165710449219,14.482003211975098,13.820127487182617,13.952261924743652
/data/public/EchoSet/test/zsNo4HB9uLZ/0_13_living_room/1221_7176/mix.wav,10.249109268188477,10.491483688354492,9.758193969726562,10.079818725585938
/data/public/EchoSet/test/zsNo4HB9uLZ/0_13_living_room/1995_1089/mix.wav,11.476968765258789,11.667634963989258,11.113466262817383,11.332767486572266
/data/public/EchoSet/test/zsNo4HB9uLZ/0_13_living_room/6829_6930/mix.wav,8.590017318725586,8.794022560119629,7.882596015930176,8.18796157836914
/data/public/EchoSet/test/zsNo4HB9uLZ/0_13_living_room/4077_121/mix.wav,8.29464340209961,8.260034561157227,7.640964508056641,7.736199855804443
/data/public/EchoSet/test/zsNo4HB9uLZ/0_13_living_room/8224_1580/mix.wav,11.460428237915039,11.448541641235352,10.46316146850586,10.494094848632812
/data/public/EchoSet/test/zsNo4HB9uLZ/0_13_living_room/1221_3570/mix.wav,12.757450103759766,12.803730010986328,12.024784088134766,12.134589195251465
/data/public/EchoSet/test/zsNo4HB9uLZ/0_13_living_room/5105_2300/mix.wav,7.462784767150879,7.604605197906494,6.644750595092773,6.851698875427246
/data/public/EchoSet/test/zsNo4HB9uLZ/0_13_living_room/237_7729/mix.wav,11.501615524291992,11.096586227416992,10.18277359008789,9.938610076904297
/data/public/EchoSet/test/zsNo4HB9uLZ/0_13_living_room/5639_2830/mix.wav,8.479911804199219,8.710067749023438,7.67410945892334,8.015132904052734
/data/public/EchoSet/test/zsNo4HB9uLZ/0_13_living_room/3729_5105/mix.wav,10.295001029968262,10.283677101135254,9.03496265411377,9.119170188903809
/data/public/EchoSet/test/zsNo4HB9uLZ/0_13_living_room/4446_4992/mix.wav,6.150321006774902,6.298606872558594,5.4868903160095215,5.787459373474121
/data/public/EchoSet/test/zsNo4HB9uLZ/0_13_living_room/7127_2094/mix.wav,11.912641525268555,11.912867546081543,11.224515914916992,11.262154579162598
/data/public/EchoSet/test/zsNo4HB9uLZ/0_13_living_room/61_6930/mix.wav,7.795891284942627,7.787079811096191,6.784477233886719,6.823766708374023
/data/public/EchoSet/test/zsNo4HB9uLZ/0_13_living_room/8230_1188/mix.wav,7.368116855621338,7.74968957901001,6.552447319030762,6.9757399559021
/data/public/EchoSet/test/zsNo4HB9uLZ/0_13_living_room/121_2094/mix.wav,10.793207168579102,11.331769943237305,10.529678344726562,11.116750717163086
/data/public/EchoSet/test/zsNo4HB9uLZ/0_13_living_room/1995_3729/mix.wav,9.60272216796875,9.83442211151123,9.06657600402832,9.343006134033203
/data/public/EchoSet/test/zsNo4HB9uLZ/0_13_living_room/7729_4507/mix.wav,13.078869819641113,13.127504348754883,12.807281494140625,12.880475997924805
/data/public/EchoSet/test/zsNo4HB9uLZ/0_13_living_room/2300_237/mix.wav,8.435930252075195,8.501548767089844,7.690634727478027,7.809195518493652
/data/public/EchoSet/test/zsNo4HB9uLZ/0_13_living_room/5105_5639/mix.wav,8.547798156738281,8.488592147827148,7.579089164733887,7.806041717529297
/data/public/EchoSet/test/zsNo4HB9uLZ/0_13_living_room/3575_908/mix.wav,9.146347045898438,9.731144905090332,8.709624290466309,9.331092834472656
/data/public/EchoSet/test/zsNo4HB9uLZ/0_13_living_room/908_4507/mix.wav,12.758258819580078,12.780190467834473,12.168222427368164,12.291120529174805
/data/public/EchoSet/test/zsNo4HB9uLZ/0_13_living_room/1221_7127/mix.wav,12.143329620361328,12.207603454589844,11.73050308227539,11.877826690673828
/data/public/EchoSet/test/zsNo4HB9uLZ/0_13_living_room/6829_4446/mix.wav,10.1349515914917,10.419377326965332,9.525667190551758,9.879919052124023
/data/public/EchoSet/test/zsNo4HB9uLZ/0_13_living_room/6930_2300/mix.wav,3.948885917663574,4.112325191497803,1.9103535413742065,2.143355131149292
/data/public/EchoSet/test/zsNo4HB9uLZ/0_13_living_room/1320_8455/mix.wav,10.537912368774414,10.907683372497559,10.02127456665039,10.448651313781738
/data/public/EchoSet/test/zsNo4HB9uLZ/0_13_living_room/260_2094/mix.wav,5.4019622802734375,5.652307510375977,4.981073379516602,5.324138164520264
/data/public/EchoSet/test/zsNo4HB9uLZ/0_9_dining_room/908_1221/mix.wav,12.999566078186035,12.966890335083008,12.510784149169922,12.528444290161133
/data/public/EchoSet/test/zsNo4HB9uLZ/0_9_dining_room/7021_4970/mix.wav,13.121211051940918,13.295649528503418,12.715243339538574,12.945486068725586
/data/public/EchoSet/test/zsNo4HB9uLZ/0_9_dining_room/1284_1089/mix.wav,11.840277671813965,11.663217544555664,11.313886642456055,11.2257719039917
/data/public/EchoSet/test/zsNo4HB9uLZ/0_9_dining_room/908_3729/mix.wav,8.859118461608887,8.919208526611328,8.492712020874023,8.637031555175781
/data/public/EchoSet/test/zsNo4HB9uLZ/0_9_dining_room/5105_5639/mix.wav,4.297987461090088,4.152243137359619,3.8662986755371094,3.7678394317626953
/data/public/EchoSet/test/zsNo4HB9uLZ/0_9_dining_room/2830_61/mix.wav,6.795872688293457,6.587867736816406,5.627679824829102,5.526114463806152
/data/public/EchoSet/test/zsNo4HB9uLZ/0_9_dining_room/908_8555/mix.wav,13.731685638427734,13.803454399108887,13.40603256225586,13.504671096801758
/data/public/EchoSet/test/zsNo4HB9uLZ/0_9_dining_room/6829_1995/mix.wav,7.600762367248535,7.99431848526001,6.918043613433838,7.4020185470581055
/data/public/EchoSet/test/zsNo4HB9uLZ/0_9_dining_room/2961_5683/mix.wav,12.34493350982666,12.560422897338867,11.680354118347168,11.925023078918457
/data/public/EchoSet/test/zsNo4HB9uLZ/0_9_dining_room/7127_7729/mix.wav,2.02258038520813,2.1184821128845215,0.4830910563468933,0.6282788515090942
/data/public/EchoSet/test/zsNo4HB9uLZ/0_9_dining_room/5142_8555/mix.wav,11.505911827087402,11.566166877746582,10.731771469116211,10.85067081451416
/data/public/EchoSet/test/zsNo4HB9uLZ/0_9_dining_room/2830_2961/mix.wav,-0.8649332523345947,-0.7715308666229248,-1.7648667097091675,-1.6065236330032349
/data/public/EchoSet/test/zsNo4HB9uLZ/0_9_dining_room/8224_7127/mix.wav,0.933056652545929,1.073575735092163,-0.17374694347381592,0.07084900140762329
/data/public/EchoSet/test/zsNo4HB9uLZ/0_9_dining_room/3729_5105/mix.wav,6.032980918884277,6.104504108428955,5.616398811340332,5.763453960418701
/data/public/EchoSet/test/zsNo4HB9uLZ/0_9_dining_room/237_1995/mix.wav,5.924059867858887,5.917733669281006,5.484240531921387,5.532973289489746
/data/public/EchoSet/test/zsNo4HB9uLZ/0_9_dining_room/5683_237/mix.wav,9.826807022094727,9.679234504699707,9.03333854675293,9.068077087402344
/data/public/EchoSet/test/zsNo4HB9uLZ/0_9_dining_room/260_3570/mix.wav,9.226680755615234,9.019527435302734,8.68716812133789,8.594688415527344
/data/public/EchoSet/test/zsNo4HB9uLZ/0_9_dining_room/7176_7127/mix.wav,8.689382553100586,8.82738208770752,8.032815933227539,8.245861053466797
/data/public/EchoSet/test/zsNo4HB9uLZ/0_9_dining_room/2094_1580/mix.wav,7.773200988769531,7.9507904052734375,4.978857040405273,5.225241661071777
/data/public/EchoSet/test/zsNo4HB9uLZ/0_9_dining_room/672_1221/mix.wav,8.713000297546387,8.941263198852539,6.933405876159668,7.189014434814453
/data/public/EchoSet/test/zsNo4HB9uLZ/0_9_dining_room/1580_6829/mix.wav,-1.4450324773788452,-0.8363004922866821,-2.3257241249084473,-1.5897250175476074
/data/public/EchoSet/test/zsNo4HB9uLZ/0_9_dining_room/5142_7021/mix.wav,11.86096477508545,12.117831230163574,11.278501510620117,11.557868957519531
/data/public/EchoSet/test/zsNo4HB9uLZ/0_9_dining_room/2300_4507/mix.wav,7.400675296783447,7.337430953979492,6.613997936248779,6.631893634796143
/data/public/EchoSet/test/zsNo4HB9uLZ/0_9_dining_room/1995_5639/mix.wav,11.969953536987305,12.297226905822754,9.996150016784668,10.572794914245605
/data/public/EchoSet/test/zsNo4HB9uLZ/0_9_dining_room/3570_4077/mix.wav,11.591323852539062,11.782526969909668,11.152765274047852,11.414421081542969
/data/public/EchoSet/test/zsNo4HB9uLZ/0_9_dining_room/908_8455/mix.wav,8.570047378540039,9.475218772888184,8.306085586547852,9.256765365600586
/data/public/EchoSet/test/zsNo4HB9uLZ/0_9_dining_room/3575_7729/mix.wav,10.987688064575195,10.962932586669922,10.511014938354492,10.586420059204102
/data/public/EchoSet/test/zsNo4HB9uLZ/0_9_dining_room/2300_4992/mix.wav,4.213057041168213,4.454629421234131,3.701268196105957,3.963981866836548
/data/public/EchoSet/test/zsNo4HB9uLZ/0_9_dining_room/5142_121/mix.wav,1.6075160503387451,1.59256112575531,0.7576410174369812,0.8125064373016357
/data/public/EchoSet/test/zsNo4HB9uLZ/0_9_dining_room/1320_1221/mix.wav,12.027936935424805,12.351460456848145,11.45724105834961,11.835269927978516
/data/public/EchoSet/test/zsNo4HB9uLZ/0_9_dining_room/3575_2094/mix.wav,5.71565055847168,6.099346160888672,4.8480634689331055,5.285462856292725
/data/public/EchoSet/test/zsNo4HB9uLZ/0_9_dining_room/3570_8555/mix.wav,6.8989973068237305,6.93787145614624,6.449405193328857,6.529721260070801
/data/public/EchoSet/test/zsNo4HB9uLZ/0_9_dining_room/1320_4077/mix.wav,5.1076836585998535,4.758855819702148,4.660639762878418,4.561227798461914
/data/public/EchoSet/test/zsNo4HB9uLZ/0_9_dining_room/7176_6930/mix.wav,9.657319068908691,10.072551727294922,9.017248153686523,9.520241737365723
/data/public/EchoSet/test/zsNo4HB9uLZ/0_9_dining_room/2300_5105/mix.wav,10.942289352416992,10.769890785217285,10.262092590332031,10.188846588134766
/data/public/EchoSet/test/zsNo4HB9uLZ/0_9_dining_room/4970_2094/mix.wav,2.086153745651245,2.2366089820861816,1.724074363708496,1.9215103387832642
/data/public/EchoSet/test/zsNo4HB9uLZ/0_9_dining_room/4446_5683/mix.wav,6.079403877258301,6.15568733215332,5.3326311111450195,5.466964244842529
/data/public/EchoSet/test/zsNo4HB9uLZ/0_9_dining_room/8463_4507/mix.wav,6.942831516265869,6.927749156951904,6.354551315307617,6.411858081817627
/data/public/EchoSet/test/zsNo4HB9uLZ/0_9_dining_room/3729_5683/mix.wav,1.020418643951416,1.1203837394714355,0.43825799226760864,0.7104868292808533
/data/public/EchoSet/test/zsNo4HB9uLZ/0_9_dining_room/4970_2300/mix.wav,9.39726448059082,9.433842658996582,8.594172477722168,8.732592582702637
/data/public/EchoSet/test/zsNo4HB9uLZ/0_9_dining_room/7176_61/mix.wav,9.942964553833008,10.042912483215332,9.463919639587402,9.61392593383789
/data/public/EchoSet/test/zsNo4HB9uLZ/0_9_dining_room/1188_4446/mix.wav,11.19169807434082,11.688811302185059,10.938453674316406,11.485180854797363
/data/public/EchoSet/test/zsNo4HB9uLZ/0_9_dining_room/1188_1995/mix.wav,11.48675537109375,11.601129531860352,10.832530975341797,10.987181663513184
/data/public/EchoSet/test/zsNo4HB9uLZ/0_9_dining_room/5639_1320/mix.wav,7.960701942443848,8.103094100952148,7.510157108306885,7.699873924255371
/data/public/EchoSet/test/zsNo4HB9uLZ/0_9_dining_room/61_260/mix.wav,5.619623184204102,5.551752090454102,4.7518439292907715,4.788616180419922
/data/public/EchoSet/test/zsNo4HB9uLZ/0_9_dining_room/1320_7729/mix.wav,7.301170349121094,7.4579010009765625,6.554079532623291,6.773087501525879
/data/public/EchoSet/test/zsNo4HB9uLZ/0_9_dining_room/8224_2830/mix.wav,5.096826076507568,5.414553642272949,3.926312208175659,4.337945461273193
/data/public/EchoSet/test/zsNo4HB9uLZ/0_9_dining_room/7176_4992/mix.wav,12.785916328430176,12.892422676086426,12.33146858215332,12.474238395690918
/data/public/EchoSet/test/zsNo4HB9uLZ/0_9_dining_room/8463_6930/mix.wav,11.528715133666992,11.63614273071289,11.145606994628906,11.3196439743042
/data/public/EchoSet/test/zsNo4HB9uLZ/0_9_dining_room/3575_5142/mix.wav,5.010280609130859,5.7861809730529785,4.485337257385254,5.308168411254883
/data/public/EchoSet/test/zsNo4HB9uLZ/0_9_dining_room/4992_672/mix.wav,8.539237976074219,9.20740795135498,8.201766967773438,8.924361228942871
/data/public/EchoSet/test/zsNo4HB9uLZ/0_9_dining_room/8224_5683/mix.wav,8.272392272949219,8.444585800170898,5.675697326660156,5.907398223876953
/data/public/EchoSet/test/zsNo4HB9uLZ/0_9_dining_room/61_2830/mix.wav,7.990782737731934,7.955913543701172,6.577048301696777,6.749513149261475
/data/public/EchoSet/test/zsNo4HB9uLZ/0_9_dining_room/2300_1188/mix.wav,7.7723822593688965,7.879951477050781,7.064417839050293,7.273304462432861
/data/public/EchoSet/test/zsNo4HB9uLZ/0_9_dining_room/7127_3729/mix.wav,7.0845184326171875,7.267556667327881,6.624054431915283,6.852052688598633
/data/public/EchoSet/test/zsNo4HB9uLZ/0_9_dining_room/7127_8555/mix.wav,0.5246033668518066,0.955689549446106,-0.29838889837265015,0.19324851036071777
/data/public/EchoSet/test/zsNo4HB9uLZ/0_9_dining_room/2830_1995/mix.wav,14.149077415466309,14.06736946105957,13.639492988586426,13.635659217834473
/data/public/EchoSet/test/zsNo4HB9uLZ/0_9_dining_room/4970_5639/mix.wav,13.54813003540039,13.79030990600586,13.214540481567383,13.474808692932129
/data/public/EchoSet/test/zsNo4HB9uLZ/0_9_dining_room/672_8463/mix.wav,12.200923919677734,12.43104362487793,11.640945434570312,11.903844833374023
/data/public/EchoSet/test/zsNo4HB9uLZ/0_9_dining_room/2830_6829/mix.wav,3.7918241024017334,3.983964204788208,3.210026264190674,3.418511390686035
/data/public/EchoSet/test/zsNo4HB9uLZ/0_9_dining_room/1089_5639/mix.wav,10.258301734924316,10.232793807983398,9.873210906982422,9.881093978881836
/data/public/EchoSet/test/zsNo4HB9uLZ/0_9_dining_room/7021_4077/mix.wav,9.03626823425293,9.294413566589355,8.724775314331055,9.0142822265625
/data/public/EchoSet/test/zsNo4HB9uLZ/0_9_dining_room/6930_260/mix.wav,9.653947830200195,9.972221374511719,9.349552154541016,9.728508949279785
/data/public/EchoSet/test/zsNo4HB9uLZ/0_9_dining_room/4992_1995/mix.wav,10.326038360595703,10.440446853637695,9.619791984558105,9.797258377075195
/data/public/EchoSet/test/zsNo4HB9uLZ/0_9_dining_room/2961_4446/mix.wav,8.630229949951172,9.044528007507324,7.909187316894531,8.342894554138184
/data/public/EchoSet/test/zsNo4HB9uLZ/0_9_dining_room/4446_1320/mix.wav,11.402219772338867,11.666610717773438,10.746910095214844,11.046879768371582
/data/public/EchoSet/test/zsNo4HB9uLZ/0_9_dining_room/4970_8455/mix.wav,12.215456008911133,12.326873779296875,11.790582656860352,11.952130317687988
/data/public/EchoSet/test/zsNo4HB9uLZ/0_9_dining_room/5142_4970/mix.wav,3.506918430328369,3.550379753112793,3.305305004119873,3.368062734603882
/data/public/EchoSet/test/zsNo4HB9uLZ/0_9_dining_room/4507_6829/mix.wav,-0.8101866245269775,-0.6712555885314941,-1.3528945446014404,-1.1843409538269043
/data/public/EchoSet/test/zsNo4HB9uLZ/0_9_dining_room/237_5105/mix.wav,6.652094841003418,6.95337438583374,5.926004409790039,6.266287803649902
/data/public/EchoSet/test/zsNo4HB9uLZ/0_9_dining_room/5142_6930/mix.wav,3.9180400371551514,4.180530071258545,3.257890224456787,3.575472354888916
/data/public/EchoSet/test/zsNo4HB9uLZ/0_9_dining_room/3570_1188/mix.wav,9.511375427246094,9.856188774108887,8.529596328735352,8.918803215026855
/data/public/EchoSet/test/zsNo4HB9uLZ/0_9_dining_room/5105_7176/mix.wav,8.650704383850098,8.659252166748047,8.246533393859863,8.353894233703613
/data/public/EchoSet/test/zsNo4HB9uLZ/0_9_dining_room/5683_8463/mix.wav,12.427618026733398,12.658611297607422,12.016630172729492,12.301278114318848
/data/public/EchoSet/test/zsNo4HB9uLZ/0_9_dining_room/1188_1284/mix.wav,9.75782299041748,9.726133346557617,8.660018920898438,8.718539237976074
/data/public/EchoSet/test/zsNo4HB9uLZ/0_9_dining_room/1284_6829/mix.wav,7.843903541564941,7.9767866134643555,7.457902908325195,7.647968769073486
/data/public/EchoSet/test/zsNo4HB9uLZ/0_9_dining_room/7729_260/mix.wav,0.07962346076965332,0.41107070446014404,-0.4383666515350342,0.013509154319763184
/data/public/EchoSet/test/zsNo4HB9uLZ/0_9_dining_room/1580_3729/mix.wav,10.393531799316406,10.512420654296875,9.527702331542969,9.68350601196289
/data/public/EchoSet/test/zsNo4HB9uLZ/0_9_dining_room/8463_237/mix.wav,11.9271240234375,12.01059627532959,11.56619644165039,11.69699764251709
/data/public/EchoSet/test/zsNo4HB9uLZ/0_9_dining_room/237_4077/mix.wav,12.853551864624023,12.897686004638672,12.127471923828125,12.210893630981445
/data/public/EchoSet/test/zsNo4HB9uLZ/0_9_dining_room/237_8555/mix.wav,11.782347679138184,12.075766563415527,11.428698539733887,11.763015747070312
/data/public/EchoSet/test/zsNo4HB9uLZ/0_9_dining_room/121_2300/mix.wav,13.55211067199707,13.720182418823242,13.146178245544434,13.352849006652832
/data/public/EchoSet/test/zsNo4HB9uLZ/0_9_dining_room/908_6930/mix.wav,12.222188949584961,12.248784065246582,11.722821235656738,11.80190372467041
/data/public/EchoSet/test/zsNo4HB9uLZ/0_9_dining_room/672_1580/mix.wav,5.211064338684082,5.704118728637695,4.52826452255249,5.180062294006348
/data/public/EchoSet/test/zsNo4HB9uLZ/0_9_dining_room/8230_1089/mix.wav,6.8525166511535645,6.965631484985352,6.25490665435791,6.41681432723999
/data/public/EchoSet/test/zsNo4HB9uLZ/0_9_dining_room/1284_7176/mix.wav,8.928873062133789,9.106940269470215,8.241071701049805,8.4629545211792
/data/public/EchoSet/test/zsNo4HB9uLZ/0_9_dining_room/7729_4970/mix.wav,14.94681453704834,14.995912551879883,14.564416885375977,14.633184432983398
/data/public/EchoSet/test/zsNo4HB9uLZ/0_9_dining_room/121_8555/mix.wav,12.296985626220703,12.315346717834473,11.851123809814453,11.906977653503418
/data/public/EchoSet/test/zsNo4HB9uLZ/0_9_dining_room/61_8230/mix.wav,6.368916034698486,6.514848232269287,5.756954193115234,5.937436580657959
/data/public/EchoSet/test/zsNo4HB9uLZ/0_9_dining_room/7127_2961/mix.wav,4.200148582458496,4.474233627319336,3.431218385696411,3.7553863525390625
/data/public/EchoSet/test/zsNo4HB9uLZ/0_9_dining_room/2094_1089/mix.wav,10.595269203186035,10.688222885131836,9.36467456817627,9.498420715332031
/data/public/EchoSet/test/zsNo4HB9uLZ/0_9_dining_room/4507_3575/mix.wav,8.335216522216797,8.8128080368042,7.942663192749023,8.469120025634766
/data/public/EchoSet/test/zsNo4HB9uLZ/0_9_dining_room/8230_3729/mix.wav,13.782848358154297,13.772847175598145,13.294527053833008,13.373162269592285
/data/public/EchoSet/test/zsNo4HB9uLZ/0_9_dining_room/5142_4446/mix.wav,9.555656433105469,10.05158805847168,9.215641021728516,9.744951248168945
/data/public/EchoSet/test/zsNo4HB9uLZ/0_9_dining_room/1995_1188/mix.wav,14.188224792480469,14.515520095825195,13.885238647460938,14.248452186584473
/data/public/EchoSet/test/zsNo4HB9uLZ/0_9_dining_room/1580_8224/mix.wav,12.694656372070312,12.641016006469727,11.978464126586914,12.00576400756836
/data/public/EchoSet/test/zsNo4HB9uLZ/0_9_dining_room/8230_8555/mix.wav,12.821130752563477,12.95909309387207,12.171645164489746,12.349956512451172
/data/public/EchoSet/test/zsNo4HB9uLZ/0_9_dining_room/1995_121/mix.wav,7.378731727600098,7.250254154205322,6.874285697937012,6.870863437652588
/data/public/EchoSet/test/zsNo4HB9uLZ/0_9_dining_room/6930_7176/mix.wav,9.734825134277344,9.82024097442627,9.432012557983398,9.565345764160156
/data/public/EchoSet/test/zsNo4HB9uLZ/0_9_dining_room/6829_8230/mix.wav,10.691268920898438,10.880820274353027,10.104806900024414,10.331513404846191
/data/public/EchoSet/test/zsNo4HB9uLZ/0_9_dining_room/8224_7021/mix.wav,2.909390926361084,3.5422637462615967,2.619999885559082,3.2958478927612305
/data/public/EchoSet/test/zsNo4HB9uLZ/0_9_dining_room/1580_8455/mix.wav,14.516572952270508,14.539080619812012,14.070608139038086,14.108621597290039
/data/public/EchoSet/test/zsNo4HB9uLZ/0_9_dining_room/1188_121/mix.wav,8.630973815917969,8.767905235290527,7.873565196990967,8.219228744506836
/data/public/EchoSet/test/zsNo4HB9uLZ/0_9_dining_room/8224_1089/mix.wav,1.3253370523452759,1.2785899639129639,0.7801868915557861,0.8092156648635864
/data/public/EchoSet/test/zsNo4HB9uLZ/0_9_dining_room/5639_672/mix.wav,5.119503498077393,5.190096378326416,3.9540257453918457,4.036032199859619
/data/public/EchoSet/test/zsNo4HB9uLZ/0_9_dining_room/6829_1221/mix.wav,7.050426959991455,7.019895076751709,6.038872241973877,6.061841011047363
/data/public/EchoSet/test/zsNo4HB9uLZ/0_9_dining_room/4992_2094/mix.wav,11.814573287963867,11.887937545776367,11.12503433227539,11.219707489013672
/data/public/EchoSet/test/zsNo4HB9uLZ/0_9_dining_room/4507_1284/mix.wav,9.049918174743652,9.652230262756348,8.636457443237305,9.303398132324219
/data/public/EchoSet/test/zsNo4HB9uLZ/0_9_dining_room/5105_237/mix.wav,11.26536750793457,11.153483390808105,10.524162292480469,10.496086120605469
/data/public/EchoSet/test/zsNo4HB9uLZ/0_9_dining_room/4446_8224/mix.wav,8.55105209350586,9.294953346252441,7.960409641265869,8.73326301574707
/data/public/EchoSet/test/zsNo4HB9uLZ/0_9_dining_room/8455_260/mix.wav,9.855473518371582,10.156113624572754,9.372415542602539,9.713472366333008
/data/public/EchoSet/test/zsNo4HB9uLZ/0_9_dining_room/8230_3575/mix.wav,14.995086669921875,15.008785247802734,14.394341468811035,14.462048530578613
/data/public/EchoSet/test/zsNo4HB9uLZ/0_9_dining_room/1320_4507/mix.wav,15.796470642089844,15.728158950805664,15.168213844299316,15.176651000976562
/data/public/EchoSet/test/zsNo4HB9uLZ/0_9_dining_room/7729_1089/mix.wav,8.450234413146973,8.526942253112793,8.003677368164062,8.126620292663574
/data/public/EchoSet/test/zsNo4HB9uLZ/0_9_dining_room/4507_1221/mix.wav,7.702362060546875,8.307424545288086,7.031813621520996,7.722142219543457
/data/public/EchoSet/test/zsNo4HB9uLZ/0_9_dining_room/2961_2300/mix.wav,6.517126083374023,6.8791093826293945,5.243239879608154,5.68048620223999
/data/public/EchoSet/test/zsNo4HB9uLZ/0_9_dining_room/3729_7021/mix.wav,10.578574180603027,10.786849021911621,10.171849250793457,10.442919731140137
/data/public/EchoSet/test/zsNo4HB9uLZ/0_9_dining_room/4077_2094/mix.wav,7.941943168640137,8.240488052368164,5.2160868644714355,5.57984733581543
/data/public/EchoSet/test/zsNo4HB9uLZ/0_9_dining_room/6829_2094/mix.wav,7.66610050201416,7.840035438537598,7.167963981628418,7.386804580688477
/data/public/EchoSet/test/zsNo4HB9uLZ/0_9_dining_room/3729_5639/mix.wav,12.32404899597168,12.34648323059082,11.754297256469727,11.852327346801758
/data/public/EchoSet/test/zsNo4HB9uLZ/0_9_dining_room/4077_121/mix.wav,8.494182586669922,8.53099536895752,8.051128387451172,8.137187957763672
/data/public/EchoSet/test/zsNo4HB9uLZ/0_9_dining_room/4507_5142/mix.wav,10.215259552001953,10.055498123168945,9.589268684387207,9.523184776306152
/data/public/EchoSet/test/zsNo4HB9uLZ/0_9_dining_room/121_61/mix.wav,6.101963043212891,6.211077690124512,5.38892936706543,5.521091938018799
/data/public/EchoSet/test/zsNo4HB9uLZ/0_9_dining_room/5683_8230/mix.wav,13.474227905273438,13.50133991241455,12.659286499023438,12.720354080200195
/data/public/EchoSet/test/zsNo4HB9uLZ/0_9_dining_room/2300_8555/mix.wav,5.417930603027344,5.827544212341309,4.940631866455078,5.485069274902344
/data/public/EchoSet/test/zsNo4HB9uLZ/0_9_dining_room/4077_3575/mix.wav,0.08100533485412598,0.16709661483764648,-0.8058990240097046,-0.6772860288619995
/data/public/EchoSet/test/zsNo4HB9uLZ/0_9_dining_room/1580_8463/mix.wav,5.62921142578125,5.764906883239746,5.064849853515625,5.28464412689209
/data/public/EchoSet/test/zsNo4HB9uLZ/0_9_dining_room/1284_5105/mix.wav,11.136350631713867,11.421860694885254,10.616416931152344,11.100914001464844
/data/public/EchoSet/test/zsNo4HB9uLZ/0_9_dining_room/7021_4446/mix.wav,12.209554672241211,12.526115417480469,11.72450065612793,12.063545227050781
/data/public/EchoSet/test/zsNo4HB9uLZ/0_9_dining_room/8455_3570/mix.wav,10.85922622680664,10.938173294067383,10.03396987915039,10.18221378326416
/data/public/EchoSet/test/zsNo4HB9uLZ/0_9_dining_room/672_2961/mix.wav,11.901451110839844,12.033060073852539,10.850313186645508,11.007963180541992
/data/public/EchoSet/test/zsNo4HB9uLZ/0_9_dining_room/908_5105/mix.wav,10.296199798583984,10.108211517333984,9.416818618774414,9.604866027832031
/data/public/EchoSet/test/zsNo4HB9uLZ/0_9_dining_room/8224_7729/mix.wav,9.543806076049805,9.82093620300293,9.073440551757812,9.467123031616211
/data/public/EchoSet/test/zsNo4HB9uLZ/0_9_dining_room/121_1284/mix.wav,7.085132598876953,7.107252597808838,6.108095169067383,6.265012264251709
/data/public/EchoSet/test/zsNo4HB9uLZ/0_9_dining_room/1221_3575/mix.wav,7.090923309326172,7.079373359680176,6.044927597045898,6.084539890289307
/data/public/EchoSet/test/zsNo4HB9uLZ/0_9_dining_room/6930_61/mix.wav,4.707658767700195,4.538837432861328,4.125707149505615,4.0025506019592285
/data/public/EchoSet/test/zsNo4HB9uLZ/0_9_dining_room/672_5683/mix.wav,13.829231262207031,13.883539199829102,12.812938690185547,12.898818016052246
/data/public/EchoSet/test/zsNo4HB9uLZ/0_9_dining_room/908_4992/mix.wav,15.111734390258789,15.139871597290039,14.424189567565918,14.49232292175293
/data/public/EchoSet/test/zsNo4HB9uLZ/0_9_dining_room/3575_7176/mix.wav,12.721426010131836,12.628254890441895,12.162169456481934,12.131597518920898
/data/public/EchoSet/test/zsNo4HB9uLZ/0_9_dining_room/237_672/mix.wav,10.327960014343262,10.354190826416016,9.35747241973877,9.46133041381836
/data/public/EchoSet/test/zsNo4HB9uLZ/0_9_dining_room/1221_2094/mix.wav,3.4154129028320312,3.4691162109375,2.3978235721588135,2.4889607429504395
/data/public/EchoSet/test/zsNo4HB9uLZ/0_9_dining_room/2830_5639/mix.wav,1.9828518629074097,2.04838228225708,1.0945583581924438,1.2958390712738037
/data/public/EchoSet/test/zsNo4HB9uLZ/0_9_dining_room/8455_1320/mix.wav,9.389616012573242,9.559103012084961,8.618680953979492,8.870466232299805
/data/public/EchoSet/test/zsNo4HB9uLZ/0_9_dining_room/4970_1580/mix.wav,8.06214714050293,8.058208465576172,7.334906578063965,7.362872123718262
/data/public/EchoSet/test/zsNo4HB9uLZ/0_9_dining_room/1188_4077/mix.wav,8.301753997802734,8.411809921264648,7.535480499267578,7.8094072341918945
/data/public/EchoSet/test/zsNo4HB9uLZ/0_9_dining_room/8463_8455/mix.wav,11.057835578918457,10.901118278503418,10.28270435333252,10.230375289916992
/data/public/EchoSet/test/zsNo4HB9uLZ/0_9_dining_room/4992_1089/mix.wav,12.32234001159668,12.309499740600586,11.986780166625977,12.029581069946289
/data/public/EchoSet/test/zsNo4HB9uLZ/0_9_dining_room/4992_7021/mix.wav,13.066451072692871,12.948652267456055,12.495729446411133,12.482908248901367
/data/public/EchoSet/test/zsNo4HB9uLZ/0_9_dining_room/1221_1284/mix.wav,10.448990821838379,10.436553955078125,8.610424041748047,8.6598482131958
/data/public/EchoSet/test/zsNo4HB9uLZ/0_9_dining_room/7127_908/mix.wav,9.736737251281738,9.775291442871094,9.304234504699707,9.392929077148438
/data/public/EchoSet/test/zsNo4HB9uLZ/0_9_dining_room/8463_7021/mix.wav,11.743678092956543,11.861879348754883,11.456639289855957,11.610054969787598
/data/public/EchoSet/test/zsNo4HB9uLZ/0_9_dining_room/2961_8455/mix.wav,9.234662055969238,9.650531768798828,8.58536148071289,9.046120643615723
/data/public/EchoSet/test/zsNo4HB9uLZ/0_11_familyroom_lounge/672_7729/mix.wav,10.261144638061523,10.002945899963379,9.51893138885498,9.36634635925293
/data/public/EchoSet/test/zsNo4HB9uLZ/0_11_familyroom_lounge/4507_237/mix.wav,8.931270599365234,9.351014137268066,8.557228088378906,9.097397804260254
/data/public/EchoSet/test/zsNo4HB9uLZ/0_11_familyroom_lounge/3729_2830/mix.wav,11.295427322387695,11.188283920288086,9.663003921508789,9.824204444885254
/data/public/EchoSet/test/zsNo4HB9uLZ/0_11_familyroom_lounge/8230_1320/mix.wav,0.7532658576965332,0.9369602203369141,0.2965080738067627,0.5166916847229004
/data/public/EchoSet/test/zsNo4HB9uLZ/0_11_familyroom_lounge/1580_4446/mix.wav,8.014124870300293,8.087420463562012,7.3489885330200195,7.482458114624023
/data/public/EchoSet/test/zsNo4HB9uLZ/0_11_familyroom_lounge/1221_672/mix.wav,9.810172080993652,9.909467697143555,8.645548820495605,8.814043045043945
/data/public/EchoSet/test/zsNo4HB9uLZ/0_11_familyroom_lounge/908_61/mix.wav,-1.7937850952148438,-1.4924733638763428,-3.0671796798706055,-2.6971182823181152
/data/public/EchoSet/test/zsNo4HB9uLZ/0_11_familyroom_lounge/8455_8463/mix.wav,8.828597068786621,9.167204856872559,8.437222480773926,8.864447593688965
/data/public/EchoSet/test/zsNo4HB9uLZ/0_11_familyroom_lounge/3570_2300/mix.wav,13.923358917236328,14.125869750976562,13.448123931884766,13.738430976867676
/data/public/EchoSet/test/zsNo4HB9uLZ/0_11_familyroom_lounge/3570_1221/mix.wav,10.455119132995605,10.753820419311523,9.521324157714844,9.873445510864258
/data/public/EchoSet/test/zsNo4HB9uLZ/0_11_familyroom_lounge/2830_5105/mix.wav,2.038883686065674,2.4622209072113037,1.2769001722335815,1.7914752960205078
/data/public/EchoSet/test/zsNo4HB9uLZ/0_11_familyroom_lounge/2094_3570/mix.wav,10.293341636657715,10.278786659240723,9.387008666992188,9.455265998840332
/data/public/EchoSet/test/zsNo4HB9uLZ/0_11_familyroom_lounge/2961_672/mix.wav,9.545570373535156,9.629663467407227,9.085298538208008,9.225409507751465
/data/public/EchoSet/test/zsNo4HB9uLZ/0_11_familyroom_lounge/1188_2961/mix.wav,8.417149543762207,8.604654312133789,7.786816596984863,8.175244331359863
/data/public/EchoSet/test/zsNo4HB9uLZ/0_11_familyroom_lounge/3575_2094/mix.wav,5.1672234535217285,5.283858299255371,4.712639331817627,4.8923444747924805
/data/public/EchoSet/test/zsNo4HB9uLZ/0_11_familyroom_lounge/7021_3575/mix.wav,14.451211929321289,14.475229263305664,13.630240440368652,13.691864013671875
/data/public/EchoSet/test/zsNo4HB9uLZ/0_11_familyroom_lounge/2300_2830/mix.wav,6.6475043296813965,6.932084083557129,5.980762958526611,6.331803798675537
/data/public/EchoSet/test/zsNo4HB9uLZ/0_11_familyroom_lounge/3575_121/mix.wav,7.114859104156494,7.487255573272705,6.384326457977295,6.828245639801025
/data/public/EchoSet/test/zsNo4HB9uLZ/0_11_familyroom_lounge/8455_1284/mix.wav,9.963895797729492,10.009359359741211,9.209906578063965,9.394941329956055
/data/public/EchoSet/test/zsNo4HB9uLZ/0_11_familyroom_lounge/237_4992/mix.wav,8.512296676635742,8.428216934204102,7.661977291107178,7.795038223266602
/data/public/EchoSet/test/zsNo4HB9uLZ/0_11_familyroom_lounge/4077_1580/mix.wav,9.948700904846191,10.157051086425781,9.448686599731445,9.69161319732666
/data/public/EchoSet/test/zsNo4HB9uLZ/0_11_familyroom_lounge/8224_6930/mix.wav,4.41475772857666,4.474098205566406,3.165029764175415,3.3186845779418945
/data/public/EchoSet/test/zsNo4HB9uLZ/0_11_familyroom_lounge/1320_1089/mix.wav,8.267738342285156,8.263846397399902,7.674854755401611,7.72715425491333
/data/public/EchoSet/test/zsNo4HB9uLZ/0_11_familyroom_lounge/8555_4446/mix.wav,11.131009101867676,11.284542083740234,10.685657501220703,10.875701904296875
/data/public/EchoSet/test/zsNo4HB9uLZ/0_11_familyroom_lounge/1320_260/mix.wav,8.710997581481934,8.663984298706055,8.239832878112793,8.245220184326172
/data/public/EchoSet/test/zsNo4HB9uLZ/0_11_familyroom_lounge/3729_5105/mix.wav,6.932981491088867,6.701786518096924,6.016671657562256,6.087734699249268
/data/public/EchoSet/test/zsNo4HB9uLZ/0_11_familyroom_lounge/2830_5683/mix.wav,2.3609206676483154,2.4229390621185303,1.6164417266845703,1.7225120067596436
/data/public/EchoSet/test/zsNo4HB9uLZ/0_11_familyroom_lounge/4992_2830/mix.wav,11.098529815673828,11.01778793334961,10.657674789428711,10.667950630187988
/data/public/EchoSet/test/zsNo4HB9uLZ/0_11_familyroom_lounge/61_1284/mix.wav,8.675025939941406,9.065101623535156,8.060876846313477,8.504199028015137
/data/public/EchoSet/test/zsNo4HB9uLZ/0_11_familyroom_lounge/5142_4077/mix.wav,8.6597261428833,8.786412239074707,8.038137435913086,8.210680961608887
/data/public/EchoSet/test/zsNo4HB9uLZ/0_11_familyroom_lounge/7021_1284/mix.wav,8.000608444213867,7.948551177978516,7.4296464920043945,7.563821315765381
/data/public/EchoSet/test/zsNo4HB9uLZ/0_11_familyroom_lounge/1221_6930/mix.wav,7.125851631164551,7.545746326446533,6.69915246963501,7.166254043579102
/data/public/EchoSet/test/zsNo4HB9uLZ/0_11_familyroom_lounge/1995_8555/mix.wav,9.260873794555664,9.428302764892578,8.712085723876953,8.969941139221191
/data/public/EchoSet/test/zsNo4HB9uLZ/0_11_familyroom_lounge/2094_7127/mix.wav,1.7870287895202637,2.034287452697754,1.439658284187317,1.7246100902557373
/data/public/EchoSet/test/zsNo4HB9uLZ/0_11_familyroom_lounge/3729_4992/mix.wav,6.589688301086426,6.794527053833008,5.656426906585693,5.997694492340088
/data/public/EchoSet/test/zsNo4HB9uLZ/0_11_familyroom_lounge/5105_8455/mix.wav,2.436443328857422,2.629732370376587,1.7254687547683716,1.9634166955947876
/data/public/EchoSet/test/zsNo4HB9uLZ/0_11_familyroom_lounge/2830_2961/mix.wav,0.8980405926704407,0.9205345511436462,0.44456911087036133,0.5605820417404175
/data/public/EchoSet/test/zsNo4HB9uLZ/0_11_familyroom_lounge/5683_2830/mix.wav,11.161863327026367,11.336116790771484,9.366913795471191,9.572500228881836
/data/public/EchoSet/test/zsNo4HB9uLZ/0_11_familyroom_lounge/7021_8555/mix.wav,0.09178793430328369,0.11662447452545166,-1.612104892730713,-1.4991037845611572
/data/public/EchoSet/test/zsNo4HB9uLZ/0_11_familyroom_lounge/4970_5639/mix.wav,9.072494506835938,9.511033058166504,8.513891220092773,9.045886039733887
/data/public/EchoSet/test/zsNo4HB9uLZ/0_11_familyroom_lounge/61_237/mix.wav,5.245687484741211,5.24124002456665,4.933285236358643,4.963449954986572
/data/public/EchoSet/test/zsNo4HB9uLZ/0_11_familyroom_lounge/2300_1188/mix.wav,12.134664535522461,12.125962257385254,11.587095260620117,11.61517333984375
/data/public/EchoSet/test/zsNo4HB9uLZ/0_11_familyroom_lounge/7127_8555/mix.wav,6.7960052490234375,6.936147212982178,6.293383598327637,6.583695411682129
/data/public/EchoSet/test/zsNo4HB9uLZ/0_11_familyroom_lounge/672_1089/mix.wav,9.947834014892578,9.872725486755371,9.02566909790039,9.05383014678955
/data/public/EchoSet/test/zsNo4HB9uLZ/0_11_familyroom_lounge/5142_7729/mix.wav,12.186077117919922,12.147924423217773,11.590291023254395,11.599605560302734
/data/public/EchoSet/test/zsNo4HB9uLZ/0_11_familyroom_lounge/7127_8230/mix.wav,9.876243591308594,9.968206405639648,8.693517684936523,8.822071075439453
/data/public/EchoSet/test/zsNo4HB9uLZ/0_11_familyroom_lounge/260_672/mix.wav,5.966386795043945,6.340324878692627,5.289307594299316,5.736704349517822
/data/public/EchoSet/test/zsNo4HB9uLZ/0_11_familyroom_lounge/4970_8224/mix.wav,10.583833694458008,10.254733085632324,9.965335845947266,9.723372459411621
/data/public/EchoSet/test/zsNo4HB9uLZ/0_11_familyroom_lounge/908_2300/mix.wav,6.2567877769470215,6.486610412597656,5.675542831420898,5.982729911804199
/data/public/EchoSet/test/zsNo4HB9uLZ/0_11_familyroom_lounge/8224_4992/mix.wav,10.36058521270752,10.356532096862793,9.621459007263184,9.667830467224121
/data/public/EchoSet/test/zsNo4HB9uLZ/0_11_familyroom_lounge/4970_7021/mix.wav,12.35117244720459,12.352204322814941,12.022733688354492,12.039615631103516
/data/public/EchoSet/test/zsNo4HB9uLZ/0_11_familyroom_lounge/4507_1995/mix.wav,2.686431407928467,2.787736177444458,2.3444619178771973,2.621683120727539
/data/public/EchoSet/test/zsNo4HB9uLZ/0_11_familyroom_lounge/5639_1995/mix.wav,11.200462341308594,11.270610809326172,10.812262535095215,10.903400421142578
/data/public/EchoSet/test/zsNo4HB9uLZ/0_11_familyroom_lounge/260_1320/mix.wav,1.6896910667419434,1.784376859664917,0.7781538963317871,0.9990673661231995
/data/public/EchoSet/test/zsNo4HB9uLZ/0_11_familyroom_lounge/4970_8555/mix.wav,8.656704902648926,8.74233627319336,8.226900100708008,8.351418495178223
/data/public/EchoSet/test/zsNo4HB9uLZ/0_11_familyroom_lounge/4446_6829/mix.wav,10.512077331542969,10.672130584716797,9.767778396606445,9.956461906433105
/data/public/EchoSet/test/zsNo4HB9uLZ/0_11_familyroom_lounge/1089_3729/mix.wav,10.849427223205566,10.823810577392578,10.460264205932617,10.496896743774414
/data/public/EchoSet/test/zsNo4HB9uLZ/0_11_familyroom_lounge/7176_5105/mix.wav,8.993008613586426,9.057561874389648,8.484442710876465,8.603083610534668
/data/public/EchoSet/test/zsNo4HB9uLZ/0_11_familyroom_lounge/8230_672/mix.wav,9.82571792602539,9.963921546936035,8.966571807861328,9.12407398223877
/data/public/EchoSet/test/zsNo4HB9uLZ/0_11_familyroom_lounge/1188_4446/mix.wav,10.779342651367188,11.045038223266602,10.239928245544434,10.704930305480957
/data/public/EchoSet/test/zsNo4HB9uLZ/0_11_familyroom_lounge/908_260/mix.wav,5.914761543273926,6.3819074630737305,5.376343250274658,5.892530918121338
/data/public/EchoSet/test/zsNo4HB9uLZ/0_11_familyroom_lounge/1580_5683/mix.wav,5.217093467712402,5.219578742980957,3.729294538497925,3.7829902172088623
/data/public/EchoSet/test/zsNo4HB9uLZ/0_11_familyroom_lounge/237_1995/mix.wav,9.057559967041016,9.41580581665039,8.074716567993164,8.446146965026855
/data/public/EchoSet/test/zsNo4HB9uLZ/0_11_familyroom_lounge/2961_121/mix.wav,7.7523956298828125,7.7473978996276855,7.340538024902344,7.369255065917969
/data/public/EchoSet/test/zsNo4HB9uLZ/0_11_familyroom_lounge/3729_7176/mix.wav,10.112924575805664,10.149484634399414,9.561792373657227,9.684436798095703
/data/public/EchoSet/test/zsNo4HB9uLZ/0_11_familyroom_lounge/1320_4970/mix.wav,12.747306823730469,12.739654541015625,12.139312744140625,12.264875411987305
/data/public/EchoSet/test/zsNo4HB9uLZ/0_11_familyroom_lounge/121_1188/mix.wav,12.49788761138916,12.689438819885254,11.655977249145508,11.905791282653809
/data/public/EchoSet/test/zsNo4HB9uLZ/0_11_familyroom_lounge/8463_6930/mix.wav,9.253826141357422,9.23289680480957,8.646909713745117,8.685267448425293
/data/public/EchoSet/test/zsNo4HB9uLZ/0_11_familyroom_lounge/8555_4507/mix.wav,9.859823226928711,9.597278594970703,9.464883804321289,9.28324031829834
/data/public/EchoSet/test/zsNo4HB9uLZ/0_11_familyroom_lounge/1089_8230/mix.wav,11.673785209655762,11.930037498474121,11.304428100585938,11.600894927978516
/data/public/EchoSet/test/zsNo4HB9uLZ/0_11_familyroom_lounge/121_8463/mix.wav,8.423093795776367,8.665223121643066,7.917905330657959,8.202262878417969
/data/public/EchoSet/test/zsNo4HB9uLZ/0_11_familyroom_lounge/8224_7021/mix.wav,0.08373671770095825,0.14405035972595215,-0.6773727536201477,-0.5480118989944458
/data/public/EchoSet/test/zsNo4HB9uLZ/0_11_familyroom_lounge/7176_4077/mix.wav,6.584195613861084,6.68428897857666,5.850030899047852,5.9806623458862305
/data/public/EchoSet/test/zsNo4HB9uLZ/0_11_familyroom_lounge/4970_4992/mix.wav,7.348496437072754,7.399094104766846,6.554018974304199,6.663792610168457
/data/public/EchoSet/test/zsNo4HB9uLZ/0_11_familyroom_lounge/7127_5683/mix.wav,6.374440670013428,6.566437721252441,5.4181389808654785,5.656713485717773
/data/public/EchoSet/test/zsNo4HB9uLZ/0_11_familyroom_lounge/5142_6829/mix.wav,9.764510154724121,9.742584228515625,9.171564102172852,9.207292556762695
/data/public/EchoSet/test/zsNo4HB9uLZ/0_11_familyroom_lounge/1995_1580/mix.wav,11.755523681640625,11.989480972290039,11.362510681152344,11.660735130310059
/data/public/EchoSet/test/zsNo4HB9uLZ/0_11_familyroom_lounge/5142_1188/mix.wav,13.099505424499512,13.112293243408203,12.080410957336426,12.147126197814941
/data/public/EchoSet/test/zsNo4HB9uLZ/0_11_familyroom_lounge/3570_6930/mix.wav,11.17100715637207,11.329172134399414,9.980681419372559,10.175765991210938
/data/public/EchoSet/test/zsNo4HB9uLZ/0_11_familyroom_lounge/5639_3575/mix.wav,13.693267822265625,13.744775772094727,13.344367980957031,13.416617393493652
/data/public/EchoSet/test/zsNo4HB9uLZ/0_11_familyroom_lounge/4970_5105/mix.wav,11.86961555480957,11.808841705322266,11.3864164352417,11.396354675292969
/data/public/EchoSet/test/zsNo4HB9uLZ/0_11_familyroom_lounge/2300_7729/mix.wav,5.929534912109375,5.542113304138184,5.201467514038086,4.980144023895264
/data/public/EchoSet/test/zsNo4HB9uLZ/0_11_familyroom_lounge/4077_8230/mix.wav,5.430079460144043,5.5555596351623535,4.523493766784668,4.761937618255615
/data/public/EchoSet/test/zsNo4HB9uLZ/0_11_familyroom_lounge/7176_61/mix.wav,3.7829811573028564,3.8814496994018555,3.4203083515167236,3.55025053024292
/data/public/EchoSet/test/zsNo4HB9uLZ/0_11_familyroom_lounge/4507_1284/mix.wav,7.459109306335449,7.051320552825928,6.891064643859863,6.791416168212891
/data/public/EchoSet/test/zsNo4HB9uLZ/0_11_familyroom_lounge/1995_7176/mix.wav,9.859310150146484,10.15149211883545,9.316944122314453,9.648969650268555
/data/public/EchoSet/test/zsNo4HB9uLZ/0_11_familyroom_lounge/6930_4446/mix.wav,2.473466157913208,2.404513359069824,1.0444077253341675,1.020176887512207
/data/public/EchoSet/test/zsNo4HB9uLZ/0_11_familyroom_lounge/908_2961/mix.wav,9.805187225341797,10.331243515014648,9.531261444091797,10.101787567138672
/data/public/EchoSet/test/zsNo4HB9uLZ/0_11_familyroom_lounge/3570_121/mix.wav,10.46827507019043,10.631640434265137,9.949957847595215,10.15102767944336
/data/public/EchoSet/test/zsNo4HB9uLZ/0_11_familyroom_lounge/3729_1284/mix.wav,5.309754848480225,5.336183547973633,4.789878845214844,4.863193511962891
/data/public/EchoSet/test/zsNo4HB9uLZ/0_11_familyroom_lounge/260_1284/mix.wav,10.178006172180176,10.3152494430542,9.634187698364258,9.802420616149902
/data/public/EchoSet/test/zsNo4HB9uLZ/0_11_familyroom_lounge/1580_8230/mix.wav,13.872365951538086,13.824543952941895,13.103567123413086,13.123102188110352
/data/public/EchoSet/test/zsNo4HB9uLZ/0_11_familyroom_lounge/4992_8463/mix.wav,9.431906700134277,9.759819984436035,9.110177040100098,9.484533309936523
/data/public/EchoSet/test/zsNo4HB9uLZ/0_11_familyroom_lounge/3575_5683/mix.wav,9.479850769042969,9.694860458374023,8.548131942749023,8.836791038513184
/data/public/EchoSet/test/zsNo4HB9uLZ/0_11_familyroom_lounge/908_4507/mix.wav,9.822050094604492,10.005611419677734,9.14195728302002,9.531778335571289
/data/public/EchoSet/test/zsNo4HB9uLZ/0_11_familyroom_lounge/1284_1580/mix.wav,11.31177043914795,11.579679489135742,10.827909469604492,11.202434539794922
/data/public/EchoSet/test/zsNo4HB9uLZ/0_11_familyroom_lounge/6829_1089/mix.wav,10.550308227539062,10.841339111328125,10.258308410644531,10.590925216674805
/data/public/EchoSet/test/zsNo4HB9uLZ/0_11_familyroom_lounge/2094_8230/mix.wav,6.4358930587768555,6.442662239074707,6.057332515716553,6.106049537658691
/data/public/EchoSet/test/zsNo4HB9uLZ/0_11_familyroom_lounge/237_2094/mix.wav,3.8313121795654297,4.029723167419434,2.3303349018096924,2.5836827754974365
/data/public/EchoSet/test/zsNo4HB9uLZ/0_11_familyroom_lounge/3570_7176/mix.wav,8.57754898071289,8.739779472351074,8.173872947692871,8.398213386535645
/data/public/EchoSet/test/zsNo4HB9uLZ/0_11_familyroom_lounge/908_5105/mix.wav,7.983031272888184,8.171311378479004,7.474605560302734,7.8277788162231445
/data/public/EchoSet/test/zsNo4HB9uLZ/0_11_familyroom_lounge/8224_1221/mix.wav,10.865212440490723,10.879965782165527,9.588619232177734,9.757686614990234
/data/public/EchoSet/test/zsNo4HB9uLZ/0_11_familyroom_lounge/121_7729/mix.wav,13.200023651123047,13.268963813781738,12.857866287231445,12.957676887512207
/data/public/EchoSet/test/zsNo4HB9uLZ/0_11_familyroom_lounge/5639_260/mix.wav,9.93542766571045,10.124354362487793,9.259374618530273,9.538248062133789
/data/public/EchoSet/test/zsNo4HB9uLZ/0_11_familyroom_lounge/2300_8455/mix.wav,8.417509078979492,9.066360473632812,7.869795799255371,8.561527252197266
/data/public/EchoSet/test/zsNo4HB9uLZ/0_11_familyroom_lounge/3575_3570/mix.wav,1.9311236143112183,1.9814915657043457,1.2291969060897827,1.3418313264846802
/data/public/EchoSet/test/zsNo4HB9uLZ/0_11_familyroom_lounge/121_1221/mix.wav,8.783468246459961,9.122563362121582,8.106924057006836,8.481339454650879
/data/public/EchoSet/test/zsNo4HB9uLZ/0_11_familyroom_lounge/61_7127/mix.wav,8.841537475585938,9.054095268249512,8.482155799865723,8.737931251525879
/data/public/EchoSet/test/zsNo4HB9uLZ/0_11_familyroom_lounge/4992_5639/mix.wav,9.458272933959961,9.512910842895508,8.382270812988281,8.478813171386719
/data/public/EchoSet/test/zsNo4HB9uLZ/0_11_familyroom_lounge/237_1221/mix.wav,5.824299335479736,6.003877639770508,5.232845783233643,5.450803756713867
/data/public/EchoSet/test/zsNo4HB9uLZ/0_11_familyroom_lounge/8224_2094/mix.wav,9.410628318786621,9.109938621520996,8.297408103942871,8.07241439819336
/data/public/EchoSet/test/zsNo4HB9uLZ/0_11_familyroom_lounge/4446_2300/mix.wav,10.654775619506836,10.723837852478027,9.424511909484863,9.533912658691406
/data/public/EchoSet/test/zsNo4HB9uLZ/0_11_familyroom_lounge/2961_1089/mix.wav,6.948345184326172,6.963404178619385,6.4570207595825195,6.617187976837158
/data/public/EchoSet/test/zsNo4HB9uLZ/0_11_familyroom_lounge/2961_8455/mix.wav,13.169605255126953,13.312667846679688,12.697632789611816,12.937914848327637
/data/public/EchoSet/test/zsNo4HB9uLZ/0_11_familyroom_lounge/7127_6930/mix.wav,4.891297817230225,4.918025016784668,4.558545112609863,4.708235263824463
/data/public/EchoSet/test/zsNo4HB9uLZ/0_11_familyroom_lounge/1320_5683/mix.wav,11.512138366699219,11.866571426391602,10.996711730957031,11.370113372802734
/data/public/EchoSet/test/zsNo4HB9uLZ/0_11_familyroom_lounge/260_8555/mix.wav,11.523408889770508,11.66069507598877,11.031255722045898,11.206032752990723
/data/public/EchoSet/test/zsNo4HB9uLZ/0_11_familyroom_lounge/5683_8455/mix.wav,10.289844512939453,10.588627815246582,9.010347366333008,9.40311336517334
/data/public/EchoSet/test/zsNo4HB9uLZ/0_11_familyroom_lounge/7729_4077/mix.wav,10.170860290527344,10.330696105957031,9.79150390625,10.023327827453613
/data/public/EchoSet/test/zsNo4HB9uLZ/0_11_familyroom_lounge/4077_8463/mix.wav,10.385830879211426,10.398086547851562,9.826048851013184,9.890270233154297
/data/public/EchoSet/test/zsNo4HB9uLZ/0_11_familyroom_lounge/908_6829/mix.wav,13.26701831817627,13.15588092803955,12.925829887390137,12.851749420166016
/data/public/EchoSet/test/zsNo4HB9uLZ/0_11_familyroom_lounge/1221_237/mix.wav,9.290151596069336,9.853065490722656,8.612838745117188,9.24747371673584
/data/public/EchoSet/test/zsNo4HB9uLZ/0_11_familyroom_lounge/1188_8455/mix.wav,9.45470142364502,9.477871894836426,8.119935989379883,8.189103126525879
/data/public/EchoSet/test/zsNo4HB9uLZ/0_11_familyroom_lounge/1089_672/mix.wav,8.306621551513672,9.13379955291748,7.328090667724609,8.20202922821045
/data/public/EchoSet/test/zsNo4HB9uLZ/0_11_familyroom_lounge/3729_8224/mix.wav,10.228535652160645,10.26455020904541,9.84652328491211,9.953329086303711
/data/public/EchoSet/test/zsNo4HB9uLZ/0_11_familyroom_lounge/5639_4077/mix.wav,10.856668472290039,10.918758392333984,10.10447883605957,10.244919776916504
/data/public/EchoSet/test/zsNo4HB9uLZ/0_11_familyroom_lounge/1320_4507/mix.wav,13.112195014953613,13.266359329223633,12.554973602294922,12.764881134033203
/data/public/EchoSet/test/zsNo4HB9uLZ/0_11_familyroom_lounge/61_1580/mix.wav,11.90420913696289,11.846677780151367,10.861430168151855,10.88811206817627
/data/public/EchoSet/test/zsNo4HB9uLZ/0_11_familyroom_lounge/7176_7729/mix.wav,9.323324203491211,9.327571868896484,8.623538970947266,8.759750366210938
/data/public/EchoSet/test/zsNo4HB9uLZ/0_11_familyroom_lounge/5105_4507/mix.wav,10.227668762207031,8.96034049987793,8.756157875061035,8.407163619995117
/data/public/EchoSet/test/zsNo4HB9uLZ/0_11_familyroom_lounge/7021_6829/mix.wav,5.7948808670043945,5.997000694274902,4.854259490966797,5.129366874694824
/data/public/EchoSet/test/zsNo4HB9uLZ/0_11_familyroom_lounge/2094_8463/mix.wav,10.184894561767578,10.231188774108887,8.635259628295898,8.711140632629395
/data/public/EchoSet/test/zsNo4HB9uLZ/0_11_familyroom_lounge/3575_6930/mix.wav,3.533280372619629,3.8556528091430664,3.1519813537597656,3.5308988094329834
/data/public/EchoSet/test/zsNo4HB9uLZ/0_11_familyroom_lounge/8463_5142/mix.wav,-1.357589840888977,-1.119647741317749,-1.7795329093933105,-1.5288968086242676
/data/public/EchoSet/test/PuKPg4mmafe/0_4_dining_room/1580_8230/mix.wav,9.943544387817383,9.977948188781738,9.399344444274902,9.476109504699707
/data/public/EchoSet/test/PuKPg4mmafe/0_4_dining_room/6930_7127/mix.wav,7.6356282234191895,7.695434093475342,6.6190996170043945,6.707139015197754
/data/public/EchoSet/test/PuKPg4mmafe/0_4_dining_room/3729_2094/mix.wav,2.5052499771118164,2.619133710861206,1.9480061531066895,2.11344051361084
/data/public/EchoSet/test/PuKPg4mmafe/0_4_dining_room/5105_7176/mix.wav,9.9068021774292,10.072412490844727,9.369071960449219,9.568370819091797
/data/public/EchoSet/test/PuKPg4mmafe/0_4_dining_room/1580_4077/mix.wav,13.029397964477539,13.154097557067871,12.492595672607422,12.688980102539062
/data/public/EchoSet/test/PuKPg4mmafe/0_4_dining_room/5105_1580/mix.wav,1.0667762756347656,1.1809788942337036,-1.6132307052612305,-1.4270075559616089
/data/public/EchoSet/test/PuKPg4mmafe/0_4_dining_room/8463_672/mix.wav,5.004334449768066,5.115242958068848,3.815678119659424,3.938607931137085
/data/public/EchoSet/test/PuKPg4mmafe/0_4_dining_room/8224_1089/mix.wav,4.324359893798828,4.327739715576172,3.490694046020508,3.5414535999298096
/data/public/EchoSet/test/PuKPg4mmafe/0_4_dining_room/237_2961/mix.wav,9.911026000976562,9.895242691040039,9.411417007446289,9.465105056762695
/data/public/EchoSet/test/PuKPg4mmafe/0_4_dining_room/6930_3570/mix.wav,9.449431419372559,9.701005935668945,9.059680938720703,9.348111152648926
/data/public/EchoSet/test/PuKPg4mmafe/0_4_dining_room/1284_6930/mix.wav,11.734931945800781,11.721389770507812,10.711265563964844,10.783037185668945
/data/public/EchoSet/test/PuKPg4mmafe/0_4_dining_room/4507_237/mix.wav,5.920791149139404,6.191989421844482,5.279693603515625,5.671436309814453
/data/public/EchoSet/test/PuKPg4mmafe/0_4_dining_room/2094_5639/mix.wav,4.146617889404297,4.204218864440918,4.057096481323242,4.131815433502197
/data/public/EchoSet/test/PuKPg4mmafe/0_4_dining_room/1284_260/mix.wav,11.576560020446777,12.06124496459961,10.770751953125,11.297460556030273
/data/public/EchoSet/test/PuKPg4mmafe/0_4_dining_room/2300_4970/mix.wav,12.37392807006836,12.533392906188965,12.02988052368164,12.222428321838379
/data/public/EchoSet/test/PuKPg4mmafe/0_4_dining_room/3570_908/mix.wav,10.097143173217773,10.326416969299316,9.372452735900879,9.666141510009766
/data/public/EchoSet/test/PuKPg4mmafe/0_4_dining_room/672_4970/mix.wav,11.199531555175781,11.235549926757812,10.129776000976562,10.186981201171875
/data/public/EchoSet/test/PuKPg4mmafe/0_4_dining_room/5683_7729/mix.wav,10.623632431030273,10.77041244506836,9.517828941345215,9.687410354614258
/data/public/EchoSet/test/PuKPg4mmafe/0_4_dining_room/1221_8455/mix.wav,7.127898216247559,7.6358795166015625,6.012792587280273,6.634514808654785
/data/public/EchoSet/test/PuKPg4mmafe/0_4_dining_room/7729_8463/mix.wav,9.657267570495605,9.861271858215332,9.130880355834961,9.383200645446777
/data/public/EchoSet/test/PuKPg4mmafe/0_4_dining_room/4970_260/mix.wav,13.802125930786133,13.888623237609863,13.391246795654297,13.498359680175781
/data/public/EchoSet/test/PuKPg4mmafe/0_4_dining_room/8230_5142/mix.wav,13.333389282226562,13.349448204040527,12.75385856628418,12.8290433883667
/data/public/EchoSet/test/PuKPg4mmafe/0_4_dining_room/1320_7127/mix.wav,6.875014305114746,6.899393081665039,6.417795658111572,6.550158977508545
/data/public/EchoSet/test/PuKPg4mmafe/0_4_dining_room/2300_3575/mix.wav,5.720740795135498,5.833398818969727,5.030106067657471,5.175933837890625
/data/public/EchoSet/test/PuKPg4mmafe/0_4_dining_room/8463_7729/mix.wav,9.314844131469727,9.23273754119873,8.878955841064453,8.859299659729004
/data/public/EchoSet/test/PuKPg4mmafe/0_4_dining_room/1580_260/mix.wav,14.101998329162598,14.110407829284668,13.327138900756836,13.409675598144531
/data/public/EchoSet/test/PuKPg4mmafe/0_4_dining_room/5683_8555/mix.wav,6.675100326538086,6.8749213218688965,6.174005508422852,6.442075729370117
/data/public/EchoSet/test/PuKPg4mmafe/0_4_dining_room/8455_6829/mix.wav,10.655722618103027,10.686786651611328,10.161916732788086,10.220073699951172
/data/public/EchoSet/test/PuKPg4mmafe/0_4_dining_room/7176_3575/mix.wav,7.972344875335693,8.390403747558594,7.530054092407227,8.033345222473145
/data/public/EchoSet/test/PuKPg4mmafe/0_4_dining_room/6829_2094/mix.wav,12.124643325805664,12.267492294311523,11.455351829528809,11.631452560424805
/data/public/EchoSet/test/PuKPg4mmafe/0_4_dining_room/4077_2094/mix.wav,4.556685447692871,4.516356945037842,4.13096809387207,4.147625923156738
/data/public/EchoSet/test/PuKPg4mmafe/0_4_dining_room/3570_4507/mix.wav,10.01324462890625,10.139223098754883,9.25149154663086,9.486520767211914
/data/public/EchoSet/test/PuKPg4mmafe/0_4_dining_room/2830_8230/mix.wav,7.017403602600098,7.010436058044434,6.415670394897461,6.477608680725098
/data/public/EchoSet/test/PuKPg4mmafe/0_4_dining_room/260_6829/mix.wav,9.008793830871582,9.236370086669922,8.567882537841797,8.820812225341797
/data/public/EchoSet/test/PuKPg4mmafe/0_4_dining_room/5683_2300/mix.wav,9.57249641418457,9.641727447509766,8.745959281921387,8.843929290771484
/data/public/EchoSet/test/PuKPg4mmafe/0_4_dining_room/1320_4507/mix.wav,12.594892501831055,12.759249687194824,12.139726638793945,12.33379077911377
/data/public/EchoSet/test/PuKPg4mmafe/0_4_dining_room/2300_5142/mix.wav,11.37789535522461,11.382756233215332,10.81193733215332,10.851909637451172
/data/public/EchoSet/test/PuKPg4mmafe/0_4_dining_room/4077_3575/mix.wav,10.721342086791992,11.026583671569824,10.296404838562012,10.673053741455078
/data/public/EchoSet/test/PuKPg4mmafe/0_4_dining_room/7021_4446/mix.wav,8.183371543884277,8.006885528564453,7.647164821624756,7.590581893920898
/data/public/EchoSet/test/PuKPg4mmafe/0_4_dining_room/7021_1995/mix.wav,1.6174010038375854,1.54613196849823,0.7569315433502197,0.8173685073852539
/data/public/EchoSet/test/PuKPg4mmafe/0_4_dining_room/8455_3570/mix.wav,10.254950523376465,10.619112014770508,9.796303749084473,10.215816497802734
/data/public/EchoSet/test/PuKPg4mmafe/0_4_dining_room/3729_5639/mix.wav,14.167145729064941,14.325889587402344,13.845758438110352,14.050009727478027
/data/public/EchoSet/test/PuKPg4mmafe/0_4_dining_room/8230_2094/mix.wav,10.00561237335205,10.529474258422852,9.659053802490234,10.203485488891602
/data/public/EchoSet/test/PuKPg4mmafe/0_4_dining_room/237_4446/mix.wav,9.944053649902344,9.899439811706543,9.220356941223145,9.233782768249512
/data/public/EchoSet/test/PuKPg4mmafe/0_4_dining_room/2961_5142/mix.wav,9.987188339233398,9.959297180175781,9.406288146972656,9.426369667053223
/data/public/EchoSet/test/PuKPg4mmafe/0_4_dining_room/4507_5142/mix.wav,12.892343521118164,12.826313018798828,12.335272789001465,12.331984519958496
/data/public/EchoSet/test/PuKPg4mmafe/0_4_dining_room/61_1221/mix.wav,10.591445922851562,10.578813552856445,9.585763931274414,9.635246276855469
/data/public/EchoSet/test/PuKPg4mmafe/0_4_dining_room/7021_6829/mix.wav,13.101510047912598,13.15618896484375,12.508747100830078,12.633569717407227
/data/public/EchoSet/test/PuKPg4mmafe/0_4_dining_room/5683_61/mix.wav,8.948030471801758,9.20452880859375,8.431990623474121,8.767538070678711
/data/public/EchoSet/test/PuKPg4mmafe/0_4_dining_room/7729_237/mix.wav,11.772308349609375,11.82701301574707,11.100385665893555,11.197627067565918
/data/public/EchoSet/test/PuKPg4mmafe/0_4_dining_room/672_8555/mix.wav,12.657694816589355,12.637032508850098,11.942512512207031,12.005827903747559
/data/public/EchoSet/test/PuKPg4mmafe/0_4_dining_room/7176_1284/mix.wav,9.096546173095703,9.221163749694824,8.421158790588379,8.613781929016113
/data/public/EchoSet/test/PuKPg4mmafe/0_4_dining_room/8555_1284/mix.wav,4.131448745727539,3.8951640129089355,3.5243871212005615,3.359732151031494
/data/public/EchoSet/test/PuKPg4mmafe/0_4_dining_room/6930_2830/mix.wav,1.945631504058838,2.025454521179199,-1.129056453704834,-0.9518423080444336
/data/public/EchoSet/test/PuKPg4mmafe/0_4_dining_room/5105_121/mix.wav,8.768773078918457,8.708517074584961,8.14808464050293,8.143613815307617
/data/public/EchoSet/test/PuKPg4mmafe/0_4_dining_room/121_1320/mix.wav,14.098417282104492,13.99026107788086,13.499255180358887,13.494173049926758
/data/public/EchoSet/test/PuKPg4mmafe/0_4_dining_room/3570_2830/mix.wav,12.086122512817383,12.18486213684082,8.574081420898438,9.36647891998291
/data/public/EchoSet/test/PuKPg4mmafe/0_4_dining_room/2830_260/mix.wav,7.974740028381348,8.093634605407715,6.227789402008057,6.3954176902771
/data/public/EchoSet/test/PuKPg4mmafe/0_4_dining_room/908_4077/mix.wav,8.875907897949219,8.903034210205078,8.334306716918945,8.39062213897705
/data/public/EchoSet/test/PuKPg4mmafe/0_4_dining_room/6829_121/mix.wav,9.400238037109375,9.395112037658691,8.874691009521484,8.916650772094727
/data/public/EchoSet/test/PuKPg4mmafe/0_4_dining_room/1089_4446/mix.wav,10.989255905151367,11.254886627197266,10.676837921142578,11.01623821258545
/data/public/EchoSet/test/PuKPg4mmafe/0_4_dining_room/1089_6829/mix.wav,10.807525634765625,10.7908935546875,10.232033729553223,10.333852767944336
/data/public/EchoSet/test/PuKPg4mmafe/0_4_dining_room/3729_8555/mix.wav,6.574526786804199,6.406644821166992,5.748480796813965,5.791769504547119
/data/public/EchoSet/test/PuKPg4mmafe/0_4_dining_room/1221_7729/mix.wav,9.74976921081543,9.886048316955566,9.183525085449219,9.399718284606934
/data/public/EchoSet/test/PuKPg4mmafe/0_4_dining_room/8463_8224/mix.wav,10.407731056213379,10.430375099182129,9.947531700134277,10.035923957824707
/data/public/EchoSet/test/PuKPg4mmafe/0_4_dining_room/8463_5683/mix.wav,2.6764841079711914,2.7624118328094482,1.7992335557937622,1.9283450841903687
/data/public/EchoSet/test/PuKPg4mmafe/0_4_dining_room/3570_8455/mix.wav,10.443124771118164,10.486295700073242,9.546855926513672,9.656752586364746
/data/public/EchoSet/test/PuKPg4mmafe/0_4_dining_room/2300_2830/mix.wav,8.264216423034668,8.318020820617676,7.742509841918945,7.808241367340088
/data/public/EchoSet/test/PuKPg4mmafe/0_4_dining_room/7127_908/mix.wav,9.015419960021973,8.763274192810059,7.984850883483887,7.879705429077148
/data/public/EchoSet/test/PuKPg4mmafe/0_4_dining_room/6829_1995/mix.wav,1.5909616947174072,1.360759973526001,1.1046371459960938,0.98488450050354
/data/public/EchoSet/test/PuKPg4mmafe/0_4_dining_room/2300_5683/mix.wav,12.495710372924805,12.610581398010254,11.960742950439453,12.12351131439209
/data/public/EchoSet/test/PuKPg4mmafe/0_4_dining_room/8555_4446/mix.wav,11.128423690795898,11.348981857299805,10.095396041870117,10.386554718017578
/data/public/EchoSet/test/PuKPg4mmafe/0_4_dining_room/8224_7127/mix.wav,-1.2843955755233765,-1.1914461851119995,-1.8272446393966675,-1.667763352394104
/data/public/EchoSet/test/PuKPg4mmafe/0_4_dining_room/8230_6829/mix.wav,9.122793197631836,9.530294418334961,8.632938385009766,9.072230339050293
/data/public/EchoSet/test/PuKPg4mmafe/0_4_dining_room/8230_1188/mix.wav,3.114651679992676,3.096203327178955,2.0485751628875732,2.1148030757904053
/data/public/EchoSet/test/PuKPg4mmafe/0_4_dining_room/1188_4992/mix.wav,11.43815803527832,11.869787216186523,9.995817184448242,10.496878623962402
/data/public/EchoSet/test/PuKPg4mmafe/0_4_dining_room/3729_4992/mix.wav,6.605155944824219,6.514997482299805,6.0838422775268555,6.07233190536499
/data/public/EchoSet/test/PuKPg4mmafe/0_4_dining_room/121_1284/mix.wav,8.252996444702148,8.20370101928711,7.287856578826904,7.32875919342041
/data/public/EchoSet/test/PuKPg4mmafe/0_4_dining_room/237_8463/mix.wav,6.322999954223633,6.25394868850708,5.959028720855713,5.95822811126709
/data/public/EchoSet/test/PuKPg4mmafe/0_4_dining_room/1995_1089/mix.wav,11.528609275817871,11.832169532775879,11.120338439941406,11.48190975189209
/data/public/EchoSet/test/PuKPg4mmafe/0_4_dining_room/4992_5105/mix.wav,10.742071151733398,11.337423324584961,10.04520034790039,10.662564277648926
/data/public/EchoSet/test/PuKPg4mmafe/0_4_dining_room/1188_2830/mix.wav,8.785785675048828,8.803199768066406,8.297431945800781,8.423319816589355
/data/public/EchoSet/test/PuKPg4mmafe/0_4_dining_room/1995_8455/mix.wav,11.109538078308105,11.25328540802002,10.619097709655762,10.816408157348633
/data/public/EchoSet/test/PuKPg4mmafe/0_4_dining_room/4992_61/mix.wav,6.688285827636719,6.670146942138672,5.343091011047363,5.389041900634766
/data/public/EchoSet/test/PuKPg4mmafe/0_4_dining_room/4507_5105/mix.wav,11.438873291015625,11.523582458496094,10.894760131835938,11.050178527832031
/data/public/EchoSet/test/PuKPg4mmafe/0_4_dining_room/4077_6930/mix.wav,4.883744239807129,5.18876314163208,2.4001259803771973,2.7567214965820312
/data/public/EchoSet/test/PuKPg4mmafe/0_4_dining_room/5639_4992/mix.wav,5.783975601196289,5.6927947998046875,5.045055866241455,5.069380283355713
/data/public/EchoSet/test/PuKPg4mmafe/0_4_dining_room/8555_121/mix.wav,9.033395767211914,9.00616455078125,8.167909622192383,8.220368385314941
/data/public/EchoSet/test/PuKPg4mmafe/0_4_dining_room/1580_1188/mix.wav,13.904304504394531,14.143670082092285,13.460823059082031,13.730835914611816
/data/public/EchoSet/test/PuKPg4mmafe/0_4_dining_room/5105_1221/mix.wav,10.704557418823242,10.64619255065918,9.4931640625,9.498964309692383
/data/public/EchoSet/test/PuKPg4mmafe/0_4_dining_room/908_2830/mix.wav,-0.03789067268371582,-0.5278301239013672,-1.4862663745880127,-1.6578905582427979
/data/public/EchoSet/test/PuKPg4mmafe/0_4_dining_room/5683_672/mix.wav,9.53823184967041,9.539416313171387,8.661449432373047,8.817148208618164
/data/public/EchoSet/test/PuKPg4mmafe/0_4_dining_room/1089_7729/mix.wav,1.4763790369033813,2.0697593688964844,1.0647661685943604,1.7084380388259888
/data/public/EchoSet/test/PuKPg4mmafe/0_4_dining_room/4970_2094/mix.wav,-1.7583823204040527,-1.538539171218872,-2.3489317893981934,-2.069214105606079
/data/public/EchoSet/test/PuKPg4mmafe/0_4_dining_room/8224_7176/mix.wav,3.2938382625579834,3.5553603172302246,2.5816612243652344,2.972989559173584
/data/public/EchoSet/test/PuKPg4mmafe/0_4_dining_room/8463_61/mix.wav,8.499899864196777,8.557765007019043,7.7116570472717285,7.782923221588135
/data/public/EchoSet/test/PuKPg4mmafe/0_4_dining_room/1221_1995/mix.wav,8.281402587890625,8.455083847045898,7.364808082580566,7.584675312042236
/data/public/EchoSet/test/PuKPg4mmafe/0_4_dining_room/1284_8555/mix.wav,3.349097967147827,3.5750908851623535,2.9723281860351562,3.2323882579803467
/data/public/EchoSet/test/PuKPg4mmafe/0_4_dining_room/1089_1284/mix.wav,13.384031295776367,13.556106567382812,12.708515167236328,12.898180961608887
/data/public/EchoSet/test/PuKPg4mmafe/0_4_dining_room/3729_260/mix.wav,8.957886695861816,9.524297714233398,8.520407676696777,9.182878494262695
/data/public/EchoSet/test/PuKPg4mmafe/0_4_dining_room/1188_672/mix.wav,10.991235733032227,10.996602058410645,10.434480667114258,10.488868713378906
/data/public/EchoSet/test/PuKPg4mmafe/0_4_dining_room/1320_1221/mix.wav,10.336058616638184,10.192004203796387,8.45648193359375,8.435733795166016
/data/public/EchoSet/test/PuKPg4mmafe/0_4_dining_room/3575_2300/mix.wav,9.459932327270508,9.5147123336792,8.583534240722656,8.705225944519043
/data/public/EchoSet/test/PuKPg4mmafe/0_4_dining_room/5683_121/mix.wav,13.718536376953125,13.851957321166992,11.54343032836914,11.689156532287598
/data/public/EchoSet/test/PuKPg4mmafe/0_4_dining_room/908_4446/mix.wav,8.282089233398438,8.48788833618164,7.973897933959961,8.235569953918457
/data/public/EchoSet/test/PuKPg4mmafe/0_4_dining_room/8455_7021/mix.wav,6.763652801513672,6.839620590209961,6.034755706787109,6.1424407958984375
/data/public/EchoSet/test/PuKPg4mmafe/0_4_dining_room/7176_4992/mix.wav,8.504389762878418,8.517082214355469,8.032575607299805,8.120453834533691
/data/public/EchoSet/test/PuKPg4mmafe/0_4_dining_room/2961_237/mix.wav,7.613381862640381,7.776325225830078,6.853631019592285,7.053375720977783
/data/public/EchoSet/test/PuKPg4mmafe/0_4_dining_room/4970_1221/mix.wav,8.525839805603027,8.905077934265137,8.125618934631348,8.545888900756836
/data/public/EchoSet/test/PuKPg4mmafe/0_4_dining_room/3729_1188/mix.wav,12.042397499084473,12.27971363067627,11.684545516967773,11.948233604431152
/data/public/EchoSet/test/PuKPg4mmafe/0_4_dining_room/2961_1320/mix.wav,-0.17739510536193848,0.13460373878479004,-1.476826548576355,-1.0705848932266235
/data/public/EchoSet/test/PuKPg4mmafe/0_4_dining_room/1188_1995/mix.wav,13.307013511657715,13.551226615905762,13.008472442626953,13.276062965393066
/data/public/EchoSet/test/PuKPg4mmafe/0_4_dining_room/4507_1320/mix.wav,10.084044456481934,10.211834907531738,9.621734619140625,9.856154441833496
/data/public/EchoSet/test/PuKPg4mmafe/0_4_dining_room/4970_5142/mix.wav,10.19540023803711,10.353802680969238,9.754096031188965,9.927993774414062
/data/public/EchoSet/test/PuKPg4mmafe/0_4_dining_room/672_7127/mix.wav,7.555168628692627,8.016510009765625,7.138826370239258,7.637602806091309
/data/public/EchoSet/test/PuKPg4mmafe/0_4_dining_room/5105_908/mix.wav,4.377486228942871,4.536106109619141,4.01528263092041,4.235483646392822
/data/public/EchoSet/test/PuKPg4mmafe/0_4_dining_room/1320_4970/mix.wav,12.070440292358398,12.265012741088867,11.554725646972656,11.835271835327148
/data/public/EchoSet/test/PuKPg4mmafe/0_4_dining_room/260_61/mix.wav,0.5707930326461792,0.9077296257019043,-0.32934194803237915,0.028897345066070557
/data/public/EchoSet/test/PuKPg4mmafe/0_4_dining_room/2961_6930/mix.wav,7.818615913391113,7.87047004699707,7.4738616943359375,7.58764123916626
/data/public/EchoSet/test/PuKPg4mmafe/0_4_dining_room/3570_3575/mix.wav,8.763504028320312,8.943824768066406,7.764172077178955,7.9828619956970215
/data/public/EchoSet/test/PuKPg4mmafe/0_4_dining_room/8455_5639/mix.wav,9.02331829071045,9.6181640625,8.714910507202148,9.337718963623047
/data/public/EchoSet/test/PuKPg4mmafe/0_4_dining_room/121_7021/mix.wav,10.890466690063477,11.214983940124512,10.276812553405762,10.637380599975586
/data/public/EchoSet/test/PuKPg4mmafe/0_4_dining_room/7021_4077/mix.wav,3.429802417755127,3.6089658737182617,2.635765790939331,2.8421730995178223
/data/public/EchoSet/test/PuKPg4mmafe/0_4_dining_room/5639_7176/mix.wav,5.931293487548828,5.990781784057617,5.246876239776611,5.3514299392700195
/data/public/EchoSet/test/PuKPg4mmafe/0_4_dining_room/5142_1284/mix.wav,4.007818222045898,4.146795272827148,3.313826560974121,3.492110252380371
/data/public/EchoSet/test/PuKPg4mmafe/0_4_dining_room/1089_8224/mix.wav,10.712989807128906,10.766702651977539,10.236530303955078,10.325963973999023
/data/public/EchoSet/test/PuKPg4mmafe/0_4_dining_room/3729_7127/mix.wav,10.423377990722656,10.525033950805664,10.01680850982666,10.157999992370605
/data/public/EchoSet/test/PuKPg4mmafe/0_4_dining_room/908_1320/mix.wav,4.9159698486328125,5.356933116912842,4.5142669677734375,5.065339088439941
/data/public/EchoSet/test/PuKPg4mmafe/0_4_dining_room/1580_5105/mix.wav,9.002996444702148,9.432705879211426,8.28780746459961,8.781635284423828
/data/public/EchoSet/test/PuKPg4mmafe/0_4_dining_room/5639_1580/mix.wav,9.183658599853516,9.42698860168457,8.23684310913086,8.508039474487305
/data/public/EchoSet/test/PuKPg4mmafe/0_4_dining_room/8230_61/mix.wav,-0.8495339155197144,-0.7796730995178223,-1.3777791261672974,-1.246175765991211
/data/public/EchoSet/test/PuKPg4mmafe/0_4_dining_room/1995_3575/mix.wav,5.317037105560303,5.341119766235352,4.562784194946289,4.625943660736084
/data/public/EchoSet/test/PuKPg4mmafe/0_4_dining_room/4507_61/mix.wav,9.103293418884277,9.773703575134277,8.803828239440918,9.543981552124023
/data/public/EchoSet/test/PuKPg4mmafe/0_4_dining_room/2961_4446/mix.wav,7.811956405639648,7.820254802703857,6.9247846603393555,6.987383842468262
/data/public/EchoSet/test/PuKPg4mmafe/0_4_dining_room/7021_8230/mix.wav,6.5341410636901855,6.475019454956055,6.045222282409668,6.039224624633789
/data/public/EchoSet/test/PuKPg4mmafe/0_4_dining_room/61_7176/mix.wav,4.721140384674072,4.780121803283691,4.083852767944336,4.165791988372803
/data/public/EchoSet/test/PuKPg4mmafe/0_4_dining_room/4507_4446/mix.wav,10.56797981262207,10.35641860961914,9.879788398742676,9.829693794250488
/data/public/EchoSet/test/PuKPg4mmafe/0_0_lounge/5105_2094/mix.wav,6.819149017333984,7.149116516113281,5.459705829620361,5.850154876708984
/data/public/EchoSet/test/PuKPg4mmafe/0_0_lounge/3570_4970/mix.wav,12.99563217163086,13.037028312683105,11.708221435546875,11.80472183227539
/data/public/EchoSet/test/PuKPg4mmafe/0_0_lounge/4077_4992/mix.wav,9.276074409484863,9.61037540435791,8.80981731414795,9.306490898132324
/data/public/EchoSet/test/PuKPg4mmafe/0_0_lounge/1580_5683/mix.wav,10.849588394165039,10.967888832092285,10.23825740814209,10.374979019165039
/data/public/EchoSet/test/PuKPg4mmafe/0_0_lounge/1089_672/mix.wav,12.535568237304688,12.539166450500488,12.00879192352295,12.047212600708008
/data/public/EchoSet/test/PuKPg4mmafe/0_0_lounge/8224_672/mix.wav,10.407137870788574,10.170774459838867,9.147899627685547,8.975171089172363
/data/public/EchoSet/test/PuKPg4mmafe/0_0_lounge/5105_7729/mix.wav,8.031288146972656,8.115118026733398,6.807178497314453,6.9263787269592285
/data/public/EchoSet/test/PuKPg4mmafe/0_0_lounge/260_121/mix.wav,9.209651947021484,9.240825653076172,8.599096298217773,8.730987548828125
/data/public/EchoSet/test/PuKPg4mmafe/0_0_lounge/7127_8455/mix.wav,8.089487075805664,8.092347145080566,6.493582248687744,6.540025234222412
/data/public/EchoSet/test/PuKPg4mmafe/0_0_lounge/4970_8230/mix.wav,11.626432418823242,11.672096252441406,11.215351104736328,11.302210807800293
/data/public/EchoSet/test/PuKPg4mmafe/0_0_lounge/260_8455/mix.wav,5.806600093841553,5.937861919403076,5.163897514343262,5.38690710067749
/data/public/EchoSet/test/PuKPg4mmafe/0_0_lounge/8555_4507/mix.wav,10.732828140258789,10.786413192749023,10.091827392578125,10.177885055541992
/data/public/EchoSet/test/PuKPg4mmafe/0_0_lounge/7176_4507/mix.wav,10.331676483154297,10.482828140258789,9.971553802490234,10.168118476867676
/data/public/EchoSet/test/PuKPg4mmafe/0_0_lounge/3570_3575/mix.wav,3.7710020542144775,3.7902979850769043,2.7743234634399414,2.841695785522461
/data/public/EchoSet/test/PuKPg4mmafe/0_0_lounge/1320_4970/mix.wav,13.419381141662598,13.376847267150879,12.879871368408203,12.967317581176758
/data/public/EchoSet/test/PuKPg4mmafe/0_0_lounge/8463_7127/mix.wav,7.808174133300781,7.990561008453369,7.416786193847656,7.668343544006348
/data/public/EchoSet/test/PuKPg4mmafe/0_0_lounge/3570_1284/mix.wav,8.759588241577148,8.938894271850586,8.139080047607422,8.378620147705078
/data/public/EchoSet/test/PuKPg4mmafe/0_0_lounge/7729_6829/mix.wav,12.213644027709961,12.285531997680664,11.897603988647461,12.008157730102539
/data/public/EchoSet/test/PuKPg4mmafe/0_0_lounge/61_3575/mix.wav,11.00357437133789,11.087510108947754,10.445085525512695,10.55130672454834
/data/public/EchoSet/test/PuKPg4mmafe/0_0_lounge/1995_121/mix.wav,8.569377899169922,8.947835922241211,7.716877460479736,8.135766983032227
/data/public/EchoSet/test/PuKPg4mmafe/0_0_lounge/3729_4446/mix.wav,11.427099227905273,11.393905639648438,10.954317092895508,11.029510498046875
/data/public/EchoSet/test/PuKPg4mmafe/0_0_lounge/5639_61/mix.wav,2.4709553718566895,2.66731333732605,1.8203785419464111,2.0958399772644043
/data/public/EchoSet/test/PuKPg4mmafe/0_0_lounge/8455_8224/mix.wav,8.160171508789062,8.37111759185791,7.867101669311523,8.131346702575684
/data/public/EchoSet/test/PuKPg4mmafe/0_0_lounge/4992_1320/mix.wav,11.494083404541016,11.703104972839355,11.178963661193848,11.450119018554688
/data/public/EchoSet/test/PuKPg4mmafe/0_0_lounge/1284_2094/mix.wav,8.037338256835938,7.882522106170654,7.301217555999756,7.304285526275635
/data/public/EchoSet/test/PuKPg4mmafe/0_0_lounge/7729_1188/mix.wav,10.653327941894531,10.80562973022461,10.162879943847656,10.350092887878418
/data/public/EchoSet/test/PuKPg4mmafe/0_0_lounge/7176_5105/mix.wav,9.99505615234375,10.353073120117188,9.594558715820312,10.069073677062988
/data/public/EchoSet/test/PuKPg4mmafe/0_0_lounge/8555_5105/mix.wav,15.55184555053711,15.604836463928223,14.680047988891602,14.766180038452148
/data/public/EchoSet/test/PuKPg4mmafe/0_0_lounge/1089_1221/mix.wav,9.066442489624023,9.384045600891113,8.512435913085938,8.92676067352295
/data/public/EchoSet/test/PuKPg4mmafe/0_0_lounge/8463_1320/mix.wav,13.265493392944336,13.343268394470215,12.745667457580566,12.866119384765625
/data/public/EchoSet/test/PuKPg4mmafe/0_0_lounge/61_672/mix.wav,6.893444061279297,7.111964702606201,6.280331611633301,6.558872699737549
/data/public/EchoSet/test/PuKPg4mmafe/0_0_lounge/237_1221/mix.wav,-1.882045030593872,-1.7832422256469727,-3.0019314289093018,-2.7832932472229004
/data/public/EchoSet/test/PuKPg4mmafe/0_0_lounge/1284_8463/mix.wav,12.887409210205078,12.810701370239258,11.944696426391602,11.887205123901367
/data/public/EchoSet/test/PuKPg4mmafe/0_0_lounge/5683_4446/mix.wav,5.468782424926758,5.762934684753418,4.688426494598389,5.129338264465332
/data/public/EchoSet/test/PuKPg4mmafe/0_0_lounge/5683_1995/mix.wav,12.60998821258545,12.595630645751953,11.807844161987305,11.843184471130371
/data/public/EchoSet/test/PuKPg4mmafe/0_0_lounge/4077_2961/mix.wav,5.487847805023193,4.863836765289307,3.73063063621521,3.6469802856445312
/data/public/EchoSet/test/PuKPg4mmafe/0_0_lounge/8463_1580/mix.wav,8.165287017822266,8.29794979095459,7.546998023986816,7.743039131164551
/data/public/EchoSet/test/PuKPg4mmafe/0_0_lounge/7021_5142/mix.wav,10.917726516723633,10.889030456542969,10.083386421203613,10.137471199035645
/data/public/EchoSet/test/PuKPg4mmafe/0_0_lounge/7021_237/mix.wav,1.1874724626541138,1.3187257051467896,0.4078552722930908,0.6275153160095215
/data/public/EchoSet/test/PuKPg4mmafe/0_0_lounge/5639_6829/mix.wav,9.804999351501465,9.943296432495117,9.211349487304688,9.385539054870605
/data/public/EchoSet/test/PuKPg4mmafe/0_0_lounge/3575_1089/mix.wav,7.634138107299805,7.684147357940674,7.040740489959717,7.178245544433594
/data/public/EchoSet/test/PuKPg4mmafe/0_0_lounge/1188_260/mix.wav,9.099483489990234,9.24571704864502,8.79389762878418,8.977694511413574
/data/public/EchoSet/test/PuKPg4mmafe/0_0_lounge/121_1221/mix.wav,1.586474895477295,2.137110948562622,0.7114294767379761,1.3380991220474243
/data/public/EchoSet/test/PuKPg4mmafe/0_0_lounge/6829_5683/mix.wav,10.139375686645508,10.30904769897461,9.565624237060547,9.769343376159668
/data/public/EchoSet/test/PuKPg4mmafe/0_0_lounge/4446_1320/mix.wav,11.044538497924805,10.958781242370605,9.812057495117188,9.841958045959473
/data/public/EchoSet/test/PuKPg4mmafe/0_0_lounge/4507_1995/mix.wav,9.680084228515625,10.293754577636719,9.330406188964844,9.968727111816406
/data/public/EchoSet/test/PuKPg4mmafe/0_0_lounge/121_2300/mix.wav,13.48796558380127,13.524620056152344,13.207754135131836,13.278512954711914
/data/public/EchoSet/test/PuKPg4mmafe/0_0_lounge/672_1995/mix.wav,10.862439155578613,11.076534271240234,10.189979553222656,10.44626235961914
/data/public/EchoSet/test/PuKPg4mmafe/0_0_lounge/672_4446/mix.wav,7.546177864074707,7.71855354309082,6.037546157836914,6.264431953430176
/data/public/EchoSet/test/PuKPg4mmafe/0_0_lounge/1320_8463/mix.wav,12.565930366516113,12.538946151733398,11.912862777709961,11.99142837524414
/data/public/EchoSet/test/PuKPg4mmafe/0_0_lounge/2830_1580/mix.wav,11.227855682373047,11.248600959777832,9.429460525512695,9.508166313171387
/data/public/EchoSet/test/PuKPg4mmafe/0_0_lounge/260_3729/mix.wav,2.9967308044433594,2.833347797393799,2.619203567504883,2.572145938873291
/data/public/EchoSet/test/PuKPg4mmafe/0_0_lounge/2961_7176/mix.wav,7.360339164733887,7.458462715148926,6.221687316894531,6.419792175292969
/data/public/EchoSet/test/PuKPg4mmafe/0_0_lounge/2300_6829/mix.wav,-1.1155636310577393,-0.9874206781387329,-2.446195363998413,-2.2830922603607178
/data/public/EchoSet/test/PuKPg4mmafe/0_0_lounge/7021_3729/mix.wav,15.94239330291748,16.006498336791992,15.573049545288086,15.671871185302734
/data/public/EchoSet/test/PuKPg4mmafe/0_0_lounge/5639_7176/mix.wav,7.045236587524414,7.266420364379883,5.87984561920166,6.1463165283203125
/data/public/EchoSet/test/PuKPg4mmafe/0_0_lounge/7127_2300/mix.wav,5.206061840057373,5.273318290710449,3.387437343597412,3.492064952850342
/data/public/EchoSet/test/PuKPg4mmafe/0_0_lounge/8463_3570/mix.wav,8.722936630249023,8.753466606140137,8.099052429199219,8.265192985534668
/data/public/EchoSet/test/PuKPg4mmafe/0_0_lounge/7176_2961/mix.wav,10.648483276367188,10.6240234375,10.160011291503906,10.229819297790527
/data/public/EchoSet/test/PuKPg4mmafe/0_0_lounge/8455_8230/mix.wav,2.147592782974243,1.99363112449646,1.4328769445419312,1.411609172821045
/data/public/EchoSet/test/PuKPg4mmafe/0_0_lounge/6930_3575/mix.wav,10.263851165771484,10.288207054138184,8.6056489944458,8.657501220703125
/data/public/EchoSet/test/PuKPg4mmafe/0_0_lounge/908_1320/mix.wav,9.21893310546875,9.71861457824707,8.746724128723145,9.30797290802002
/data/public/EchoSet/test/PuKPg4mmafe/0_0_lounge/4077_2830/mix.wav,6.03983211517334,1.7791247367858887,5.001928329467773,1.9993574619293213
/data/public/EchoSet/test/PuKPg4mmafe/0_0_lounge/2830_1995/mix.wav,11.452341079711914,11.381477355957031,10.314229011535645,10.313896179199219
/data/public/EchoSet/test/PuKPg4mmafe/0_0_lounge/2094_4507/mix.wav,0.7022311687469482,0.9068460464477539,0.5321124792098999,0.789580225944519
/data/public/EchoSet/test/PuKPg4mmafe/0_0_lounge/260_1221/mix.wav,11.981544494628906,12.012649536132812,11.402432441711426,11.490654945373535
/data/public/EchoSet/test/PuKPg4mmafe/0_0_lounge/7127_3729/mix.wav,6.560102462768555,6.552853584289551,5.277451515197754,5.622923851013184
/data/public/EchoSet/test/PuKPg4mmafe/0_0_lounge/5142_2300/mix.wav,11.031349182128906,11.182151794433594,10.189855575561523,10.398237228393555
/data/public/EchoSet/test/PuKPg4mmafe/0_0_lounge/2961_2830/mix.wav,11.29733657836914,11.339825630187988,9.654020309448242,9.74212646484375
/data/public/EchoSet/test/PuKPg4mmafe/0_0_lounge/4446_5105/mix.wav,10.889863967895508,11.270709037780762,10.689054489135742,11.085653305053711
/data/public/EchoSet/test/PuKPg4mmafe/0_0_lounge/1995_1221/mix.wav,5.101227760314941,5.26948356628418,3.7858359813690186,3.9989752769470215
/data/public/EchoSet/test/PuKPg4mmafe/0_0_lounge/672_2830/mix.wav,5.162567615509033,5.647613525390625,3.9197373390197754,4.417943000793457
/data/public/EchoSet/test/PuKPg4mmafe/0_0_lounge/8224_7127/mix.wav,6.222931385040283,6.382158279418945,5.085525989532471,5.3034868240356445
/data/public/EchoSet/test/PuKPg4mmafe/0_0_lounge/61_8224/mix.wav,6.581045150756836,7.070964813232422,5.410245418548584,5.934063911437988
/data/public/EchoSet/test/PuKPg4mmafe/0_0_lounge/7021_7729/mix.wav,7.331209659576416,7.5271897315979,6.583319664001465,6.846262454986572
/data/public/EchoSet/test/PuKPg4mmafe/0_0_lounge/6930_5142/mix.wav,10.346165657043457,10.353086471557617,9.161249160766602,9.221713066101074
/data/public/EchoSet/test/PuKPg4mmafe/0_0_lounge/121_672/mix.wav,5.778032302856445,5.927024841308594,4.745924949645996,4.945912837982178
/data/public/EchoSet/test/PuKPg4mmafe/0_0_lounge/237_3575/mix.wav,8.675230979919434,9.39716911315918,8.298827171325684,9.078980445861816
/data/public/EchoSet/test/PuKPg4mmafe/0_0_lounge/2300_237/mix.wav,10.473241806030273,10.41942024230957,10.051284790039062,10.041433334350586
/data/public/EchoSet/test/PuKPg4mmafe/0_0_lounge/1995_4077/mix.wav,10.698637962341309,10.796086311340332,10.312962532043457,10.439065933227539
/data/public/EchoSet/test/PuKPg4mmafe/0_0_lounge/8555_6829/mix.wav,-1.9002394676208496,-1.8584418296813965,-2.4333958625793457,-2.3362622261047363
/data/public/EchoSet/test/PuKPg4mmafe/0_0_lounge/2830_2961/mix.wav,9.963310241699219,10.306282997131348,8.74715805053711,9.196553230285645
/data/public/EchoSet/test/PuKPg4mmafe/0_0_lounge/1995_3729/mix.wav,7.938467979431152,8.29653263092041,7.548870086669922,7.949385643005371
/data/public/EchoSet/test/PuKPg4mmafe/0_0_lounge/4077_7176/mix.wav,4.016732215881348,4.25368070602417,3.475343704223633,3.785451889038086
/data/public/EchoSet/test/PuKPg4mmafe/0_0_lounge/8230_4446/mix.wav,11.97118091583252,11.971475601196289,11.631696701049805,11.740067481994629
/data/public/EchoSet/test/PuKPg4mmafe/0_0_lounge/1188_4992/mix.wav,12.105226516723633,12.115825653076172,11.521259307861328,11.610882759094238
/data/public/EchoSet/test/PuKPg4mmafe/0_0_lounge/4077_3570/mix.wav,12.027538299560547,12.027521133422852,11.41948127746582,11.455275535583496
/data/public/EchoSet/test/PuKPg4mmafe/0_0_lounge/6930_4077/mix.wav,1.5055207014083862,2.2022476196289062,0.6676719188690186,1.4627838134765625
/data/public/EchoSet/test/PuKPg4mmafe/0_0_lounge/1284_8455/mix.wav,8.476312637329102,8.405632019042969,6.930947780609131,6.963411331176758
/data/public/EchoSet/test/PuKPg4mmafe/0_0_lounge/4077_1188/mix.wav,12.259782791137695,12.312578201293945,11.61596965789795,11.686227798461914
/data/public/EchoSet/test/PuKPg4mmafe/0_0_lounge/2300_908/mix.wav,8.8300142288208,8.974360466003418,7.587299823760986,7.813894271850586
/data/public/EchoSet/test/PuKPg4mmafe/0_0_lounge/3729_4507/mix.wav,8.28394889831543,8.402070999145508,7.876842498779297,8.033976554870605
/data/public/EchoSet/test/PuKPg4mmafe/0_0_lounge/6930_8555/mix.wav,12.595660209655762,12.657957077026367,12.134950637817383,12.257394790649414
/data/public/EchoSet/test/PuKPg4mmafe/0_0_lounge/5105_5639/mix.wav,9.160399436950684,9.109048843383789,8.548164367675781,8.754816055297852
/data/public/EchoSet/test/PuKPg4mmafe/0_0_lounge/4446_4507/mix.wav,10.846954345703125,11.100157737731934,10.320625305175781,10.580228805541992
/data/public/EchoSet/test/PuKPg4mmafe/0_0_lounge/7729_4507/mix.wav,12.958263397216797,12.981013298034668,12.631284713745117,12.694953918457031
/data/public/EchoSet/test/PuKPg4mmafe/0_0_lounge/4992_2961/mix.wav,7.9970502853393555,8.153939247131348,7.537789344787598,7.740150451660156
/data/public/EchoSet/test/PuKPg4mmafe/0_0_lounge/6829_1580/mix.wav,11.274818420410156,11.385529518127441,10.644288063049316,10.787945747375488
/data/public/EchoSet/test/PuKPg4mmafe/0_0_lounge/8555_260/mix.wav,1.6891039609909058,1.395991325378418,1.043291687965393,0.8139277696609497
/data/public/EchoSet/test/PuKPg4mmafe/0_0_lounge/6930_1221/mix.wav,4.206564903259277,4.262726783752441,3.6623823642730713,3.8051364421844482
/data/public/EchoSet/test/PuKPg4mmafe/0_0_lounge/1580_6930/mix.wav,7.033382892608643,7.001041412353516,5.552157878875732,5.594615936279297
/data/public/EchoSet/test/PuKPg4mmafe/0_0_lounge/908_5105/mix.wav,8.911370277404785,8.703071594238281,7.905317306518555,7.999988079071045
/data/public/EchoSet/test/PuKPg4mmafe/0_0_lounge/7729_5683/mix.wav,10.042171478271484,9.98316764831543,9.553573608398438,9.569721221923828
/data/public/EchoSet/test/PuKPg4mmafe/0_0_lounge/8224_7176/mix.wav,4.984647750854492,5.21053409576416,4.232290267944336,4.486181259155273
/data/public/EchoSet/test/PuKPg4mmafe/0_0_lounge/1089_2094/mix.wav,11.50947380065918,11.762702941894531,9.736769676208496,10.090462684631348
/data/public/EchoSet/test/PuKPg4mmafe/0_0_lounge/3729_5683/mix.wav,9.848373413085938,9.87543773651123,8.846603393554688,8.92306137084961
/data/public/EchoSet/test/PuKPg4mmafe/0_0_lounge/672_260/mix.wav,7.734541416168213,7.685833930969238,7.306061744689941,7.412604331970215
/data/public/EchoSet/test/PuKPg4mmafe/0_0_lounge/7176_908/mix.wav,11.656538009643555,11.745024681091309,11.393013000488281,11.493806838989258
/data/public/EchoSet/test/PuKPg4mmafe/0_0_lounge/2094_7176/mix.wav,9.928435325622559,9.97481632232666,9.416940689086914,9.499506950378418
/data/public/EchoSet/test/PuKPg4mmafe/0_0_lounge/7729_2961/mix.wav,16.58811378479004,16.547618865966797,16.072782516479492,16.07927703857422
/data/public/EchoSet/test/PuKPg4mmafe/0_0_lounge/1221_1995/mix.wav,6.916988372802734,6.839989185333252,6.2521138191223145,6.2668137550354
/data/public/EchoSet/test/PuKPg4mmafe/0_0_lounge/6930_1089/mix.wav,3.721712350845337,3.8455069065093994,1.4874544143676758,1.6393728256225586
/data/public/EchoSet/test/PuKPg4mmafe/0_0_lounge/8230_237/mix.wav,9.755549430847168,10.536187171936035,9.387267112731934,10.204944610595703
/data/public/EchoSet/test/PuKPg4mmafe/0_0_lounge/5105_3729/mix.wav,9.829522132873535,10.003565788269043,8.938859939575195,9.162702560424805
/data/public/EchoSet/test/PuKPg4mmafe/0_0_lounge/5142_7021/mix.wav,3.688161611557007,3.73510479927063,2.963225841522217,3.0924265384674072
/data/public/EchoSet/test/PuKPg4mmafe/0_0_lounge/8230_7127/mix.wav,9.659971237182617,9.933619499206543,8.943674087524414,9.268340110778809
/data/public/EchoSet/test/PuKPg4mmafe/0_0_lounge/5639_5105/mix.wav,9.046770095825195,8.972968101501465,7.568912506103516,7.572409152984619
/data/public/EchoSet/test/PuKPg4mmafe/0_0_lounge/6829_6930/mix.wav,9.659055709838867,9.850011825561523,8.992610931396484,9.241525650024414
/data/public/EchoSet/test/PuKPg4mmafe/0_0_lounge/5142_8455/mix.wav,10.384172439575195,10.519618034362793,9.987237930297852,10.141182899475098
/data/public/EchoSet/test/PuKPg4mmafe/0_0_lounge/7127_8463/mix.wav,6.875885963439941,7.390844821929932,6.557318687438965,7.133317947387695
/data/public/EchoSet/test/PuKPg4mmafe/0_0_lounge/61_8555/mix.wav,11.009082794189453,10.801876068115234,10.279617309570312,10.143272399902344
/data/public/EchoSet/test/PuKPg4mmafe/0_0_lounge/1320_237/mix.wav,10.221752166748047,10.235631942749023,9.653074264526367,9.698163032531738
/data/public/EchoSet/test/PuKPg4mmafe/0_0_lounge/6930_908/mix.wav,7.363886833190918,7.659545421600342,6.923166275024414,7.277547359466553
/data/public/EchoSet/test/PuKPg4mmafe/0_0_lounge/5142_8224/mix.wav,4.34520959854126,4.705714225769043,3.943715810775757,4.369851112365723
/data/public/EchoSet/test/PuKPg4mmafe/0_0_lounge/1580_4446/mix.wav,12.383500099182129,12.408689498901367,11.878767013549805,11.96682071685791
/data/public/EchoSet/test/PuKPg4mmafe/0_0_lounge/2961_4992/mix.wav,9.072235107421875,9.372650146484375,8.786600112915039,9.147867202758789
/data/public/EchoSet/test/PuKPg4mmafe/0_0_lounge/1320_8230/mix.wav,6.874258995056152,6.816501617431641,6.272509574890137,6.272157669067383
/data/public/EchoSet/test/PuKPg4mmafe/0_0_lounge/1580_1995/mix.wav,12.225841522216797,12.325933456420898,11.671065330505371,11.843877792358398
/data/public/EchoSet/test/PuKPg4mmafe/0_0_lounge/1284_5105/mix.wav,2.866544246673584,2.891899347305298,2.543027877807617,2.617276668548584
/data/public/EchoSet/test/PuKPg4mmafe/0_0_lounge/260_908/mix.wav,9.980339050292969,10.067968368530273,9.1285400390625,9.251055717468262
/data/public/EchoSet/test/PuKPg4mmafe/0_0_lounge/1320_4992/mix.wav,10.24305534362793,10.243232727050781,9.768487930297852,9.796154975891113
/data/public/EchoSet/test/PuKPg4mmafe/0_0_lounge/8230_1284/mix.wav,10.105203628540039,10.23666000366211,9.482414245605469,9.700826644897461
/data/public/EchoSet/test/PuKPg4mmafe/0_0_lounge/1995_237/mix.wav,12.99842357635498,13.160911560058594,12.629339218139648,12.82986831665039
/data/public/EchoSet/test/PuKPg4mmafe/0_0_lounge/7127_6829/mix.wav,3.325368642807007,3.3973333835601807,2.4230878353118896,2.537879467010498
/data/public/EchoSet/test/PuKPg4mmafe/0_0_lounge/8455_3570/mix.wav,10.415719985961914,10.426155090332031,9.794713973999023,9.88247013092041
/data/public/EchoSet/test/PuKPg4mmafe/0_0_lounge/260_1188/mix.wav,7.995203971862793,8.236189842224121,7.027823448181152,7.360146999359131
/data/public/EchoSet/test/PuKPg4mmafe/0_0_lounge/8224_8463/mix.wav,12.322298049926758,12.336349487304688,11.821414947509766,11.909574508666992
/data/public/EchoSet/test/PuKPg4mmafe/0_0_lounge/8230_672/mix.wav,7.640951156616211,8.269722938537598,6.780162811279297,7.466806411743164
/data/public/EchoSet/test/PuKPg4mmafe/0_0_lounge/3570_5105/mix.wav,8.892019271850586,9.013428688049316,7.891132354736328,8.080964088439941
/data/public/EchoSet/test/PuKPg4mmafe/0_0_lounge/121_3570/mix.wav,8.992697715759277,9.039562225341797,7.907666206359863,7.9972710609436035
/data/public/EchoSet/test/PuKPg4mmafe/0_0_lounge/2830_3729/mix.wav,10.111045837402344,10.06994915008545,9.386587142944336,9.445160865783691
/data/public/EchoSet/test/PuKPg4mmafe/0_0_lounge/260_1580/mix.wav,9.294544219970703,9.394466400146484,8.556018829345703,8.725809097290039
/data/public/EchoSet/test/PuKPg4mmafe/0_0_lounge/6829_4970/mix.wav,7.026618480682373,7.209202766418457,6.449419975280762,6.689401626586914
/data/public/EchoSet/test/PuKPg4mmafe/0_0_lounge/2830_4077/mix.wav,6.182513236999512,6.146093845367432,5.401026248931885,5.420507431030273
/data/public/EchoSet/test/PuKPg4mmafe/0_0_lounge/4992_121/mix.wav,9.828695297241211,9.969898223876953,8.938223838806152,9.090691566467285
/data/public/EchoSet/test/PuKPg4mmafe/0_0_lounge/7127_1188/mix.wav,8.27690315246582,8.326069831848145,7.661089897155762,7.741274833679199
/data/public/EchoSet/test/PuKPg4mmafe/0_0_lounge/1188_237/mix.wav,13.305709838867188,13.203577995300293,12.653034210205078,12.60842514038086
/data/public/EchoSet/test/PuKPg4mmafe/0_0_lounge/61_4507/mix.wav,11.654937744140625,11.95468521118164,11.010269165039062,11.374373435974121
/data/public/EchoSet/test/PuKPg4mmafe/0_0_lounge/7127_3570/mix.wav,12.679391860961914,12.818388938903809,10.622665405273438,10.9381742477417
/data/public/EchoSet/test/PuKPg4mmafe/0_0_lounge/5683_4077/mix.wav,9.084060668945312,9.115276336669922,8.175264358520508,8.284393310546875
/data/public/EchoSet/test/PuKPg4mmafe/0_0_lounge/8555_3575/mix.wav,9.989740371704102,10.161540985107422,9.289444923400879,9.516854286193848
/data/public/EchoSet/test/PuKPg4mmafe/0_0_lounge/237_6829/mix.wav,11.009145736694336,11.097134590148926,10.09195327758789,10.215568542480469
/data/public/EchoSet/test/PuKPg4mmafe/0_0_lounge/6930_2961/mix.wav,6.307595252990723,6.388561248779297,5.820315837860107,5.951275825500488
/data/public/EchoSet/test/PuKPg4mmafe/0_0_lounge/1089_1320/mix.wav,10.286102294921875,10.39474105834961,9.504270553588867,9.664460182189941
/data/public/EchoSet/test/PuKPg4mmafe/0_0_lounge/121_4446/mix.wav,8.368230819702148,8.599462509155273,7.038177490234375,7.2879638671875
/data/public/EchoSet/test/PuKPg4mmafe/0_0_lounge/4446_7021/mix.wav,10.61263656616211,10.627279281616211,9.842191696166992,9.942501068115234
/data/public/EchoSet/test/PuKPg4mmafe/0_0_lounge/5639_2300/mix.wav,3.724139451980591,3.7106263637542725,3.3670992851257324,3.425950527191162
/data/public/EchoSet/test/PuKPg4mmafe/0_0_lounge/1188_7021/mix.wav,11.498150825500488,11.823954582214355,10.961400985717773,11.305042266845703
/data/public/EchoSet/test/PuKPg4mmafe/0_0_lounge/6829_7729/mix.wav,8.640464782714844,8.48644733428955,8.219863891601562,8.12969970703125
/data/public/EchoSet/test/PuKPg4mmafe/0_0_lounge/3729_7021/mix.wav,9.666031837463379,10.14313793182373,9.289219856262207,9.793736457824707
/data/public/EchoSet/test/PuKPg4mmafe/0_0_lounge/7021_7176/mix.wav,3.19521427154541,3.2843332290649414,2.650935173034668,2.805720806121826
/data/public/EchoSet/test/PuKPg4mmafe/0_0_lounge/237_4446/mix.wav,7.450262069702148,8.008827209472656,6.9772796630859375,7.62269401550293
/data/public/EchoSet/test/PuKPg4mmafe/0_0_lounge/8463_3729/mix.wav,9.112691879272461,9.121271133422852,8.719747543334961,8.795156478881836
/data/public/EchoSet/test/PuKPg4mmafe/0_0_lounge/1089_7127/mix.wav,9.798662185668945,10.076576232910156,9.350984573364258,9.677976608276367
/data/public/EchoSet/test/PuKPg4mmafe/0_0_lounge/5683_1221/mix.wav,2.5149731636047363,2.5499842166900635,1.9534093141555786,2.255906105041504
/data/public/EchoSet/test/PuKPg4mmafe/0_0_lounge/4970_1995/mix.wav,13.116808891296387,13.18952751159668,11.520959854125977,11.626020431518555
/data/public/EchoSet/test/PuKPg4mmafe/0_0_lounge/1221_1284/mix.wav,10.961451530456543,10.909856796264648,10.240455627441406,10.238800048828125
/data/public/EchoSet/test/PuKPg4mmafe/0_0_lounge/1221_260/mix.wav,6.362395286560059,6.532402992248535,5.8430962562561035,6.056125640869141
/data/public/EchoSet/test/PuKPg4mmafe/0_0_lounge/8463_7021/mix.wav,12.734952926635742,12.586443901062012,12.070162773132324,12.158466339111328
/data/public/EchoSet/test/PuKPg4mmafe/0_0_lounge/672_1089/mix.wav,7.946852684020996,8.039180755615234,7.406786918640137,7.529063701629639
/data/public/EchoSet/test/PuKPg4mmafe/0_0_lounge/4970_672/mix.wav,5.649003028869629,5.948623180389404,4.8801984786987305,5.247766494750977
/data/public/EchoSet/test/PuKPg4mmafe/0_0_lounge/8463_8455/mix.wav,8.96609115600586,8.972375869750977,8.443638801574707,8.556767463684082
/data/public/EchoSet/test/PuKPg4mmafe/0_0_lounge/7729_2300/mix.wav,9.511896133422852,9.36673355102539,9.079757690429688,9.071584701538086
/data/public/EchoSet/test/PuKPg4mmafe/0_0_lounge/2961_1089/mix.wav,10.600335121154785,10.760712623596191,10.070898056030273,10.254388809204102
/data/public/EchoSet/test/PuKPg4mmafe/0_0_lounge/5683_8455/mix.wav,11.352089881896973,11.359186172485352,10.535940170288086,10.636041641235352
/data/public/EchoSet/test/PuKPg4mmafe/0_0_lounge/7127_672/mix.wav,4.810021877288818,4.919530868530273,3.63657283782959,3.806302309036255
/data/public/EchoSet/test/PuKPg4mmafe/0_0_lounge/61_2830/mix.wav,-1.1071921586990356,-0.5231350660324097,-3.168267250061035,-2.503700017929077
/data/public/EchoSet/test/PuKPg4mmafe/0_0_lounge/1188_3729/mix.wav,8.26233959197998,8.645135879516602,7.365932941436768,7.848113059997559
/data/public/EchoSet/test/PuKPg4mmafe/0_0_lounge/3729_4077/mix.wav,11.383992195129395,11.596221923828125,10.924664497375488,11.192620277404785
/data/public/EchoSet/test/PuKPg4mmafe/0_0_lounge/672_8224/mix.wav,2.778862953186035,2.9493744373321533,1.927311658859253,2.1294147968292236
/data/public/EchoSet/test/PuKPg4mmafe/0_0_lounge/237_1320/mix.wav,10.868929862976074,11.064271926879883,10.004171371459961,10.258444786071777
/data/public/EchoSet/test/PuKPg4mmafe/0_0_lounge/1188_8555/mix.wav,11.176568984985352,11.178166389465332,10.345129013061523,10.396519660949707
/data/public/EchoSet/test/PuKPg4mmafe/0_0_lounge/4077_61/mix.wav,8.273577690124512,8.412739753723145,7.624251365661621,7.869319915771484
/data/public/EchoSet/test/PuKPg4mmafe/0_0_lounge/908_8230/mix.wav,10.679793357849121,10.754228591918945,10.273947715759277,10.373130798339844
/data/public/EchoSet/test/PuKPg4mmafe/0_0_lounge/8224_3575/mix.wav,5.479161262512207,5.661428928375244,4.615673542022705,4.85113525390625
/data/public/EchoSet/test/PuKPg4mmafe/0_0_lounge/121_908/mix.wav,10.937076568603516,11.027179718017578,10.42550277709961,10.597111701965332
/data/public/EchoSet/test/PuKPg4mmafe/0_0_lounge/2830_5639/mix.wav,1.7905614376068115,2.0764598846435547,1.1342171430587769,1.4504320621490479
/data/public/EchoSet/test/PuKPg4mmafe/0_0_lounge/4970_6829/mix.wav,1.135994553565979,1.3926031589508057,0.6584208011627197,0.9509966969490051
/data/public/EchoSet/test/PuKPg4mmafe/0_0_lounge/1284_61/mix.wav,7.106706619262695,7.3836188316345215,6.322385787963867,6.678466320037842
/data/public/EchoSet/test/PuKPg4mmafe/0_0_lounge/5142_4507/mix.wav,9.610380172729492,9.607534408569336,9.037691116333008,9.057119369506836
/data/public/EchoSet/test/PuKPg4mmafe/0_0_lounge/260_1320/mix.wav,9.516111373901367,9.591243743896484,8.819931030273438,8.965330123901367
/data/public/EchoSet/test/PuKPg4mmafe/0_0_lounge/908_8555/mix.wav,13.837499618530273,13.835628509521484,13.523223876953125,13.58511734008789
/data/public/EchoSet/test/PuKPg4mmafe/0_0_lounge/8463_121/mix.wav,10.408157348632812,10.472043991088867,9.964881896972656,10.065032958984375
/data/public/EchoSet/test/PuKPg4mmafe/0_0_lounge/3570_2830/mix.wav,10.735214233398438,10.729792594909668,10.12841796875,10.235546112060547
/data/public/EchoSet/test/PuKPg4mmafe/0_0_lounge/7176_61/mix.wav,5.1290717124938965,5.175515174865723,4.276244163513184,4.374260902404785
/data/public/EchoSet/test/PuKPg4mmafe/0_0_lounge/1580_7729/mix.wav,11.356184005737305,11.305707931518555,10.689071655273438,10.689264297485352
/data/public/EchoSet/test/PuKPg4mmafe/0_0_lounge/3729_5142/mix.wav,6.684471130371094,6.90599250793457,6.330666542053223,6.621718883514404
/data/public/EchoSet/test/PuKPg4mmafe/0_0_lounge/4992_5639/mix.wav,10.28653621673584,10.337900161743164,9.737628936767578,9.925477981567383
/data/public/EchoSet/test/PuKPg4mmafe/0_0_lounge/2961_5639/mix.wav,4.773874282836914,4.793226718902588,4.064258575439453,4.191039085388184
/data/public/EchoSet/test/PuKPg4mmafe/0_0_lounge/1089_3570/mix.wav,13.180936813354492,13.524102210998535,12.75662612915039,13.149778366088867
/data/public/EchoSet/test/PuKPg4mmafe/0_0_lounge/4446_5142/mix.wav,7.323366165161133,7.369539260864258,6.607184410095215,6.689012050628662
/data/public/EchoSet/test/PuKPg4mmafe/0_0_lounge/1580_2094/mix.wav,15.344173431396484,15.486371040344238,14.879940032958984,15.05135726928711
/data/public/EchoSet/test/PuKPg4mmafe/0_0_lounge/5105_1188/mix.wav,10.784698486328125,10.915756225585938,9.047924041748047,9.235248565673828
/data/public/EchoSet/test/PuKPg4mmafe/0_0_lounge/1188_4970/mix.wav,11.595447540283203,11.76947021484375,10.800076484680176,11.019720077514648
/data/public/EchoSet/test/PuKPg4mmafe/0_0_lounge/121_4992/mix.wav,6.910051345825195,7.055299758911133,6.411717414855957,6.648619651794434
/data/public/EchoSet/test/PuKPg4mmafe/0_0_lounge/2094_8555/mix.wav,10.925738334655762,10.803352355957031,10.48548698425293,10.438855171203613
/data/public/EchoSet/test/PuKPg4mmafe/0_0_lounge/2300_8463/mix.wav,4.615777015686035,4.889762878417969,3.9662108421325684,4.266458988189697
/data/public/EchoSet/test/PuKPg4mmafe/0_0_lounge/7127_121/mix.wav,6.471757888793945,6.541287422180176,5.014070510864258,5.16649055480957
/data/public/EchoSet/test/PuKPg4mmafe/0_0_lounge/8224_1221/mix.wav,10.949152946472168,11.0967378616333,9.99220085144043,10.16933536529541
/data/public/EchoSet/test/PuKPg4mmafe/0_0_lounge/4077_5639/mix.wav,7.767883777618408,7.833061218261719,7.295785903930664,7.392042636871338
/data/public/EchoSet/test/PuKPg4mmafe/0_0_lounge/8455_4992/mix.wav,11.9644775390625,12.128487586975098,11.569480895996094,11.794766426086426
/data/public/EchoSet/test/PuKPg4mmafe/0_0_lounge/7176_1089/mix.wav,7.653677940368652,7.885594367980957,7.240616321563721,7.551459312438965
/data/public/EchoSet/test/PuKPg4mmafe/0_0_lounge/8555_1089/mix.wav,11.89187240600586,11.794443130493164,11.308502197265625,11.282546997070312
/data/public/EchoSet/test/PuKPg4mmafe/0_0_lounge/908_1284/mix.wav,7.50379753112793,7.442572593688965,6.835066795349121,6.965750694274902
/data/public/EchoSet/test/PuKPg4mmafe/0_0_lounge/7021_4507/mix.wav,12.822664260864258,12.960658073425293,12.423336029052734,12.626614570617676
/data/public/EchoSet/test/PuKPg4mmafe/0_0_lounge/61_6829/mix.wav,7.152508735656738,7.1909379959106445,5.338845729827881,5.475701332092285
/data/public/EchoSet/test/PuKPg4mmafe/0_0_lounge/2094_2300/mix.wav,7.702436447143555,7.832622528076172,6.789506912231445,6.995172023773193
/data/public/EchoSet/test/PuKPg4mmafe/0_0_lounge/7729_3575/mix.wav,13.125917434692383,13.156679153442383,12.3304443359375,12.409063339233398
/data/public/EchoSet/test/PuKPg4mmafe/0_0_lounge/260_4507/mix.wav,12.353048324584961,12.638442993164062,12.029784202575684,12.330506324768066
/data/public/EchoSet/test/PuKPg4mmafe/0_0_lounge/7176_8455/mix.wav,8.131616592407227,8.136696815490723,7.756399631500244,7.8490824699401855
/data/public/EchoSet/test/PuKPg4mmafe/0_0_lounge/4992_8463/mix.wav,6.904470443725586,7.141877174377441,6.211101055145264,6.557734489440918
/data/public/EchoSet/test/PuKPg4mmafe/0_0_lounge/3575_5683/mix.wav,8.437867164611816,8.511762619018555,7.4684929847717285,7.603728294372559
/data/public/EchoSet/test/PuKPg4mmafe/0_0_lounge/1221_2300/mix.wav,11.354268074035645,11.522392272949219,10.486810684204102,10.717157363891602
/data/public/EchoSet/test/PuKPg4mmafe/0_0_lounge/8230_61/mix.wav,-0.6102476716041565,-0.45459508895874023,-1.0381317138671875,-0.8562562465667725
/data/public/EchoSet/test/PuKPg4mmafe/0_0_lounge/1188_1284/mix.wav,8.88250732421875,9.471366882324219,8.277477264404297,8.98662281036377
/data/public/EchoSet/test/PuKPg4mmafe/0_0_lounge/1580_8230/mix.wav,10.123394012451172,10.748064041137695,9.52978229522705,10.21493148803711
/data/public/EchoSet/test/PuKPg4mmafe/0_0_lounge/7021_5105/mix.wav,11.010030746459961,11.086956977844238,10.32192611694336,10.414932250976562
/data/public/EchoSet/test/PuKPg4mmafe/0_0_lounge/4970_5683/mix.wav,3.121638774871826,3.2223472595214844,1.3672757148742676,1.5053210258483887
/data/public/EchoSet/test/PuKPg4mmafe/0_0_lounge/908_4970/mix.wav,13.51295280456543,13.439842224121094,13.025178909301758,13.1311674118042
/data/public/EchoSet/test/PuKPg4mmafe/0_0_lounge/4446_7729/mix.wav,8.136649131774902,8.166358947753906,7.585235118865967,7.666295528411865
/data/public/EchoSet/test/PuKPg4mmafe/0_0_lounge/5142_6930/mix.wav,11.042646408081055,11.078433990478516,10.606358528137207,10.708425521850586
/data/public/EchoSet/test/PuKPg4mmafe/0_0_lounge/7176_5142/mix.wav,11.125791549682617,11.093680381774902,10.065654754638672,10.109875679016113
/data/public/EchoSet/test/PuKPg4mmafe/0_0_lounge/5142_3570/mix.wav,10.33450984954834,10.51038932800293,9.393514633178711,9.641838073730469
/data/public/EchoSet/test/PuKPg4mmafe/0_0_lounge/4507_2094/mix.wav,9.259176254272461,9.351177215576172,9.101242065429688,9.209145545959473
/data/public/EchoSet/test/PuKPg4mmafe/0_0_lounge/5639_2094/mix.wav,13.015571594238281,12.921062469482422,12.636600494384766,12.590509414672852
/data/public/EchoSet/test/PuKPg4mmafe/0_0_lounge/8555_8230/mix.wav,11.516853332519531,11.496082305908203,10.81654167175293,10.871031761169434
/data/public/EchoSet/test/PuKPg4mmafe/0_0_lounge/1320_121/mix.wav,7.70904541015625,8.107810974121094,7.382006645202637,7.920682430267334
/data/public/EchoSet/test/PuKPg4mmafe/0_0_lounge/5683_1284/mix.wav,4.769404888153076,5.1408915519714355,4.3186845779418945,4.740118980407715
/data/public/EchoSet/test/PuKPg4mmafe/0_0_lounge/5639_4970/mix.wav,9.623453140258789,9.588112831115723,9.043157577514648,9.13370132446289
/data/public/EchoSet/test/PuKPg4mmafe/0_0_lounge/2300_1284/mix.wav,9.95883560180664,9.885865211486816,8.876581192016602,8.854945182800293
/data/public/EchoSet/test/PuKPg4mmafe/0_0_lounge/1580_1089/mix.wav,12.819137573242188,12.990498542785645,12.399084091186523,12.641773223876953
/data/public/EchoSet/test/PuKPg4mmafe/0_0_lounge/8224_237/mix.wav,9.481550216674805,9.579546928405762,6.353127956390381,6.808282852172852
/data/public/EchoSet/test/PuKPg4mmafe/0_0_lounge/4507_908/mix.wav,13.156484603881836,13.135132789611816,12.472977638244629,12.495526313781738
/data/public/EchoSet/test/PuKPg4mmafe/0_0_lounge/1284_260/mix.wav,6.750509738922119,6.982309341430664,6.377482891082764,6.7787041664123535
/data/public/EchoSet/test/PuKPg4mmafe/0_0_lounge/8555_237/mix.wav,14.132390022277832,14.174047470092773,13.543572425842285,13.610279083251953
/data/public/EchoSet/test/PuKPg4mmafe/0_0_lounge/8455_2830/mix.wav,10.11579704284668,10.073019981384277,9.42728042602539,9.404510498046875
/data/public/EchoSet/test/PuKPg4mmafe/0_0_lounge/4077_237/mix.wav,7.843810081481934,8.128655433654785,7.219731330871582,7.5383124351501465
/data/public/EchoSet/test/PuKPg4mmafe/0_0_lounge/5683_3575/mix.wav,14.817352294921875,14.851350784301758,13.96714973449707,14.01561164855957
/data/public/EchoSet/test/PuKPg4mmafe/0_0_lounge/8555_4077/mix.wav,11.865708351135254,11.900772094726562,11.166545867919922,11.30703353881836
/data/public/EchoSet/test/PuKPg4mmafe/0_0_lounge/2094_8224/mix.wav,7.981462478637695,7.882781982421875,7.044815540313721,6.976892471313477
/data/public/EchoSet/test/PuKPg4mmafe/0_0_lounge/8224_61/mix.wav,7.2586669921875,7.149616241455078,6.596536636352539,6.530998229980469
/data/public/EchoSet/test/PuKPg4mmafe/0_0_lounge/2830_61/mix.wav,1.1519289016723633,0.6047381162643433,0.8706100583076477,0.49942392110824585
/data/public/EchoSet/test/PuKPg4mmafe/0_0_lounge/672_3575/mix.wav,12.972712516784668,13.044316291809082,12.278654098510742,12.455926895141602
/data/public/EchoSet/test/PuKPg4mmafe/0_0_lounge/1221_5639/mix.wav,12.400875091552734,12.514840126037598,11.800146102905273,11.962663650512695
/data/public/EchoSet/test/PuKPg4mmafe/0_0_lounge/4992_3575/mix.wav,3.285861015319824,2.7736098766326904,1.7683284282684326,1.3500769138336182
/data/public/EchoSet/test/PuKPg4mmafe/0_0_lounge/3570_6930/mix.wav,14.228493690490723,14.282157897949219,13.003948211669922,13.194239616394043
/data/public/EchoSet/test/PuKPg4mmafe/0_0_lounge/2300_2094/mix.wav,8.748209953308105,9.406326293945312,6.9445343017578125,7.646813869476318
/data/public/EchoSet/test/PuKPg4mmafe/0_0_lounge/5142_1995/mix.wav,-0.5552122592926025,-0.5885372161865234,-1.5783588886260986,-1.4183037281036377
/data/public/EchoSet/test/PuKPg4mmafe/0_0_lounge/2830_7729/mix.wav,6.05177640914917,6.072047710418701,5.471818447113037,5.570714473724365
/data/public/EchoSet/test/PuKPg4mmafe/0_0_lounge/5142_4446/mix.wav,11.360725402832031,11.336326599121094,10.801610946655273,10.821895599365234
/data/public/EchoSet/test/PuKPg4mmafe/0_0_lounge/2094_7021/mix.wav,10.49791431427002,10.51517391204834,10.00202751159668,10.056224822998047
/data/public/EchoSet/test/PuKPg4mmafe/0_5_dining_room/4992_7127/mix.wav,7.745325088500977,7.955329418182373,6.739193916320801,6.982280731201172
/data/public/EchoSet/test/PuKPg4mmafe/0_5_dining_room/8455_61/mix.wav,0.4934126138687134,0.6093577146530151,-0.03367719054222107,0.16206249594688416
/data/public/EchoSet/test/PuKPg4mmafe/0_5_dining_room/1221_5683/mix.wav,6.382447719573975,6.794227600097656,5.8650007247924805,6.328766822814941
/data/public/EchoSet/test/PuKPg4mmafe/0_5_dining_room/1320_2094/mix.wav,3.8736236095428467,3.8965113162994385,0.6539582014083862,0.7457448244094849
/data/public/EchoSet/test/PuKPg4mmafe/0_5_dining_room/672_4992/mix.wav,11.270139694213867,11.420769691467285,10.44900894165039,10.717037200927734
/data/public/EchoSet/test/PuKPg4mmafe/0_5_dining_room/672_5105/mix.wav,3.252964973449707,3.1327707767486572,1.8474394083023071,1.8573938608169556
/data/public/EchoSet/test/PuKPg4mmafe/0_5_dining_room/61_8463/mix.wav,12.08656120300293,12.143324851989746,11.378774642944336,11.485698699951172
/data/public/EchoSet/test/PuKPg4mmafe/0_5_dining_room/1320_1284/mix.wav,8.814716339111328,9.005668640136719,8.31376838684082,8.59846305847168
/data/public/EchoSet/test/PuKPg4mmafe/0_5_dining_room/4077_121/mix.wav,7.000299453735352,7.041216850280762,6.220706939697266,6.41139554977417
/data/public/EchoSet/test/PuKPg4mmafe/0_5_dining_room/4970_5142/mix.wav,8.108116149902344,8.522287368774414,7.516820907592773,7.9596357345581055
/data/public/EchoSet/test/PuKPg4mmafe/0_5_dining_room/2830_7127/mix.wav,8.149739265441895,7.889657020568848,7.3113532066345215,7.31235933303833
/data/public/EchoSet/test/PuKPg4mmafe/0_5_dining_room/7176_908/mix.wav,4.720562934875488,4.814945220947266,4.281129360198975,4.461073398590088
/data/public/EchoSet/test/PuKPg4mmafe/0_5_dining_room/8224_2961/mix.wav,10.504108428955078,10.614786148071289,10.019760131835938,10.199637413024902
/data/public/EchoSet/test/PuKPg4mmafe/0_5_dining_room/5142_1284/mix.wav,11.126928329467773,11.244077682495117,10.529844284057617,10.667925834655762
/data/public/EchoSet/test/PuKPg4mmafe/0_5_dining_room/7021_3729/mix.wav,11.142677307128906,11.354344367980957,10.51754379272461,10.756412506103516
/data/public/EchoSet/test/PuKPg4mmafe/0_5_dining_room/4077_260/mix.wav,4.855265140533447,4.876007080078125,4.313945770263672,4.398015022277832
/data/public/EchoSet/test/PuKPg4mmafe/0_5_dining_room/7176_2961/mix.wav,6.3843889236450195,6.937587738037109,6.015038967132568,6.601933479309082
/data/public/EchoSet/test/PuKPg4mmafe/0_5_dining_room/7021_8555/mix.wav,11.218124389648438,11.333623886108398,10.473953247070312,10.62031364440918
/data/public/EchoSet/test/PuKPg4mmafe/0_5_dining_room/8224_4507/mix.wav,8.536620140075684,8.69124984741211,8.226953506469727,8.42408275604248
/data/public/EchoSet/test/PuKPg4mmafe/0_5_dining_room/1995_2094/mix.wav,1.751307487487793,1.8731639385223389,1.0549452304840088,1.194873571395874
/data/public/EchoSet/test/PuKPg4mmafe/0_5_dining_room/5639_260/mix.wav,7.806103706359863,8.083702087402344,7.297479629516602,7.61078405380249
/data/public/EchoSet/test/PuKPg4mmafe/0_5_dining_room/5683_1188/mix.wav,9.404767990112305,9.493884086608887,8.34229850769043,8.516340255737305
/data/public/EchoSet/test/PuKPg4mmafe/0_5_dining_room/5639_6829/mix.wav,11.422443389892578,11.624530792236328,10.997315406799316,11.252392768859863
/data/public/EchoSet/test/PuKPg4mmafe/0_5_dining_room/2300_237/mix.wav,8.15432357788086,8.466437339782715,7.852697372436523,8.1931791305542
/data/public/EchoSet/test/PuKPg4mmafe/0_5_dining_room/7127_8230/mix.wav,10.104076385498047,10.139622688293457,8.842432022094727,8.892694473266602
/data/public/EchoSet/test/PuKPg4mmafe/0_5_dining_room/3570_8463/mix.wav,11.850464820861816,12.08669376373291,10.681615829467773,11.0066499710083
/data/public/EchoSet/test/PuKPg4mmafe/0_5_dining_room/3729_1320/mix.wav,5.160752773284912,5.126498222351074,4.412359237670898,4.4740447998046875
/data/public/EchoSet/test/PuKPg4mmafe/0_5_dining_room/260_7729/mix.wav,1.3587334156036377,1.29085111618042,0.8454867601394653,0.8571814298629761
/data/public/EchoSet/test/PuKPg4mmafe/0_5_dining_room/4507_1995/mix.wav,4.357527732849121,4.199458122253418,3.4849061965942383,3.4219706058502197
/data/public/EchoSet/test/PuKPg4mmafe/0_5_dining_room/3570_7021/mix.wav,9.331344604492188,9.775646209716797,9.09211254119873,9.560977935791016
/data/public/EchoSet/test/PuKPg4mmafe/0_5_dining_room/4077_4446/mix.wav,7.238792419433594,7.622066497802734,6.6833672523498535,7.138965129852295
/data/public/EchoSet/test/PuKPg4mmafe/0_5_dining_room/7021_908/mix.wav,0.4678229093551636,0.569923996925354,-0.15058457851409912,0.0029431581497192383
/data/public/EchoSet/test/PuKPg4mmafe/0_5_dining_room/8463_5683/mix.wav,8.481026649475098,8.418913841247559,6.802906036376953,6.798228740692139
/data/public/EchoSet/test/PuKPg4mmafe/0_5_dining_room/5105_5639/mix.wav,3.804692029953003,3.972402334213257,3.261166572570801,3.4784839153289795
/data/public/EchoSet/test/PuKPg4mmafe/0_5_dining_room/4507_2961/mix.wav,9.839942932128906,10.261696815490723,9.501302719116211,9.968805313110352
/data/public/EchoSet/test/PuKPg4mmafe/0_5_dining_room/6829_908/mix.wav,4.392529010772705,5.317825794219971,3.897899627685547,4.884216785430908
/data/public/EchoSet/test/PuKPg4mmafe/0_5_dining_room/1580_6930/mix.wav,13.513420104980469,13.586992263793945,12.914390563964844,13.02406120300293
/data/public/EchoSet/test/PuKPg4mmafe/0_5_dining_room/8463_908/mix.wav,9.100897789001465,9.314698219299316,8.314070701599121,8.70418930053711
/data/public/EchoSet/test/PuKPg4mmafe/0_5_dining_room/1580_7127/mix.wav,6.884042739868164,7.122457027435303,6.212271690368652,6.532238483428955
/data/public/EchoSet/test/PuKPg4mmafe/0_5_dining_room/4992_2830/mix.wav,8.548986434936523,8.585565567016602,8.107717514038086,8.264360427856445
/data/public/EchoSet/test/PuKPg4mmafe/0_5_dining_room/2094_1320/mix.wav,9.933860778808594,9.990665435791016,8.819548606872559,8.968255996704102
/data/public/EchoSet/test/PuKPg4mmafe/0_5_dining_room/2830_5683/mix.wav,11.876407623291016,12.112860679626465,11.132213592529297,11.414811134338379
/data/public/EchoSet/test/PuKPg4mmafe/0_5_dining_room/5142_1221/mix.wav,6.9469122886657715,7.138219356536865,6.2985076904296875,6.562512397766113
/data/public/EchoSet/test/PuKPg4mmafe/0_5_dining_room/8463_2830/mix.wav,8.676294326782227,8.680397987365723,6.73660135269165,6.78944206237793
/data/public/EchoSet/test/PuKPg4mmafe/0_5_dining_room/61_8230/mix.wav,8.813182830810547,8.899662971496582,8.334059715270996,8.502226829528809
/data/public/EchoSet/test/PuKPg4mmafe/0_5_dining_room/3570_5639/mix.wav,5.754427909851074,6.1193528175354,5.414708137512207,5.897644996643066
/data/public/EchoSet/test/PuKPg4mmafe/0_5_dining_room/8230_4446/mix.wav,11.257698059082031,11.359297752380371,10.34599494934082,10.497543334960938
/data/public/EchoSet/test/PuKPg4mmafe/0_5_dining_room/8455_672/mix.wav,8.050945281982422,8.348989486694336,7.419637680053711,7.75493049621582
/data/public/EchoSet/test/PuKPg4mmafe/0_5_dining_room/3729_2830/mix.wav,8.539629936218262,8.605562210083008,7.200675010681152,7.518306255340576
/data/public/EchoSet/test/PuKPg4mmafe/0_5_dining_room/8230_7127/mix.wav,8.546425819396973,8.822331428527832,7.817152500152588,8.200063705444336
/data/public/EchoSet/test/PuKPg4mmafe/0_5_dining_room/6829_6930/mix.wav,10.409228324890137,10.528338432312012,9.948493957519531,10.110587120056152
/data/public/EchoSet/test/PuKPg4mmafe/0_5_dining_room/3570_672/mix.wav,11.45663833618164,11.617949485778809,10.995013236999512,11.199556350708008
/data/public/EchoSet/test/PuKPg4mmafe/0_5_dining_room/1995_121/mix.wav,10.584843635559082,10.582443237304688,10.149060249328613,10.165841102600098
/data/public/EchoSet/test/PuKPg4mmafe/0_5_dining_room/1221_7176/mix.wav,10.412399291992188,10.571279525756836,9.72973346710205,9.963284492492676
/data/public/EchoSet/test/PuKPg4mmafe/0_5_dining_room/4970_3575/mix.wav,7.504214286804199,7.4725728034973145,6.652416229248047,6.672377586364746
/data/public/EchoSet/test/PuKPg4mmafe/0_5_dining_room/1089_3575/mix.wav,9.325736999511719,9.121249198913574,8.725247383117676,8.631689071655273
/data/public/EchoSet/test/PuKPg4mmafe/0_5_dining_room/8230_1320/mix.wav,6.693632125854492,6.922567844390869,5.558884143829346,5.8262248039245605
/data/public/EchoSet/test/PuKPg4mmafe/0_5_dining_room/4446_5683/mix.wav,5.709300994873047,5.695095062255859,1.6060736179351807,1.6302845478057861
/data/public/EchoSet/test/PuKPg4mmafe/0_5_dining_room/1580_3570/mix.wav,11.595444679260254,11.734683990478516,10.726943969726562,10.942456245422363
/data/public/EchoSet/test/PuKPg4mmafe/0_5_dining_room/6930_8224/mix.wav,4.123138427734375,4.042790412902832,0.4492684006690979,0.4270785450935364
/data/public/EchoSet/test/PuKPg4mmafe/0_5_dining_room/8455_8463/mix.wav,14.320711135864258,14.363020896911621,13.943653106689453,14.009825706481934
/data/public/EchoSet/test/PuKPg4mmafe/0_5_dining_room/8555_672/mix.wav,12.179967880249023,12.178285598754883,11.632354736328125,11.710943222045898
/data/public/EchoSet/test/PuKPg4mmafe/0_5_dining_room/8455_6829/mix.wav,6.822561740875244,6.825739860534668,5.741142272949219,5.883768081665039
/data/public/EchoSet/test/PuKPg4mmafe/0_5_dining_room/5683_3729/mix.wav,9.029438018798828,9.501906394958496,8.609511375427246,9.114015579223633
/data/public/EchoSet/test/PuKPg4mmafe/0_5_dining_room/8555_3575/mix.wav,7.095973014831543,7.560036659240723,6.2107954025268555,6.760776042938232
/data/public/EchoSet/test/PuKPg4mmafe/0_5_dining_room/1284_61/mix.wav,-0.18839189410209656,0.00821027159690857,-0.8132365345954895,-0.5636321306228638
/data/public/EchoSet/test/PuKPg4mmafe/0_5_dining_room/1188_8455/mix.wav,9.2333984375,9.314970970153809,8.719005584716797,8.834627151489258
/data/public/EchoSet/test/PuKPg4mmafe/0_5_dining_room/7729_7021/mix.wav,8.582324981689453,8.662210464477539,8.008308410644531,8.167733192443848
/data/public/EchoSet/test/PuKPg4mmafe/0_5_dining_room/1188_1089/mix.wav,7.791057586669922,8.047952651977539,7.228198051452637,7.590634346008301
/data/public/EchoSet/test/PuKPg4mmafe/0_5_dining_room/2961_2300/mix.wav,12.02320671081543,12.19920539855957,11.57773208618164,11.812891006469727
/data/public/EchoSet/test/PuKPg4mmafe/0_5_dining_room/4507_4077/mix.wav,9.066581726074219,8.662551879882812,8.243887901306152,8.711763381958008
/data/public/EchoSet/test/PuKPg4mmafe/0_5_dining_room/3729_8224/mix.wav,9.485978126525879,9.540414810180664,8.594409942626953,8.72293472290039
/data/public/EchoSet/test/PuKPg4mmafe/0_5_dining_room/1995_5683/mix.wav,10.539520263671875,10.551329612731934,9.672931671142578,9.745853424072266
/data/public/EchoSet/test/PuKPg4mmafe/0_5_dining_room/5639_8230/mix.wav,8.64423942565918,8.778976440429688,7.931607246398926,8.201800346374512
/data/public/EchoSet/test/PuKPg4mmafe/0_5_dining_room/8455_3570/mix.wav,14.605451583862305,14.60209846496582,13.991998672485352,14.018668174743652
/data/public/EchoSet/test/PuKPg4mmafe/0_5_dining_room/2300_8555/mix.wav,-2.302752733230591,-2.1057302951812744,-2.7579023838043213,-2.499913454055786
/data/public/EchoSet/test/PuKPg4mmafe/0_5_dining_room/4507_5142/mix.wav,14.701061248779297,14.830168724060059,14.1519775390625,14.302149772644043
/data/public/EchoSet/test/PuKPg4mmafe/0_5_dining_room/5142_2961/mix.wav,8.992975234985352,9.357071876525879,8.382772445678711,8.77277660369873
/data/public/EchoSet/test/PuKPg4mmafe/0_5_dining_room/1580_1284/mix.wav,7.2288312911987305,7.240571022033691,6.066253662109375,6.125184059143066
/data/public/EchoSet/test/PuKPg4mmafe/0_5_dining_room/6930_4992/mix.wav,3.7650868892669678,3.832796812057495,2.972487449645996,3.0852243900299072
/data/public/EchoSet/test/PuKPg4mmafe/0_5_dining_room/2830_1089/mix.wav,10.221635818481445,10.800042152404785,9.898235321044922,10.50197982788086
/data/public/EchoSet/test/PuKPg4mmafe/0_5_dining_room/1221_3575/mix.wav,5.192011833190918,5.3087358474731445,4.419656753540039,4.577749729156494
/data/public/EchoSet/test/PuKPg4mmafe/0_5_dining_room/2300_8224/mix.wav,-0.39101743698120117,0.05048704147338867,-0.9022601842880249,-0.2804678678512573
/data/public/EchoSet/test/PuKPg4mmafe/0_5_dining_room/1580_7729/mix.wav,14.10228443145752,14.044696807861328,13.091970443725586,13.125372886657715
/data/public/EchoSet/test/PuKPg4mmafe/0_5_dining_room/3729_237/mix.wav,7.53389310836792,8.122209548950195,6.822475433349609,7.46547794342041
/data/public/EchoSet/test/PuKPg4mmafe/0_5_dining_room/8455_6930/mix.wav,8.439266204833984,8.473954200744629,7.915358543395996,8.004629135131836
/data/public/EchoSet/test/PuKPg4mmafe/0_5_dining_room/260_237/mix.wav,3.4684267044067383,3.556946277618408,2.875946283340454,3.017357349395752
/data/public/EchoSet/test/PuKPg4mmafe/0_5_dining_room/121_5105/mix.wav,9.510814666748047,9.646564483642578,8.299542427062988,8.468429565429688
/data/public/EchoSet/test/PuKPg4mmafe/0_5_dining_room/4970_1188/mix.wav,8.72632884979248,9.126099586486816,8.225377082824707,8.70199966430664
/data/public/EchoSet/test/PuKPg4mmafe/0_5_dining_room/1089_4446/mix.wav,9.640485763549805,9.534720420837402,9.22711181640625,9.200392723083496
/data/public/EchoSet/test/PuKPg4mmafe/0_5_dining_room/3575_6829/mix.wav,1.3283907175064087,1.4332504272460938,0.6977127194404602,0.8494675159454346
/data/public/EchoSet/test/PuKPg4mmafe/0_5_dining_room/3570_5683/mix.wav,13.193662643432617,13.36264419555664,12.782877922058105,13.068900108337402
/data/public/EchoSet/test/PuKPg4mmafe/0_5_dining_room/7729_2300/mix.wav,3.0148942470550537,3.200408935546875,2.4186787605285645,2.659501075744629
/data/public/EchoSet/test/PuKPg4mmafe/0_5_dining_room/237_4992/mix.wav,10.735406875610352,10.91411018371582,10.07593059539795,10.34431266784668
/data/public/EchoSet/test/PuKPg4mmafe/0_5_dining_room/908_1284/mix.wav,7.217135429382324,7.296848297119141,6.4138898849487305,6.538515090942383
/data/public/EchoSet/test/PuKPg4mmafe/0_5_dining_room/237_5105/mix.wav,9.742013931274414,10.078506469726562,9.379291534423828,9.787720680236816
/data/public/EchoSet/test/PuKPg4mmafe/0_5_dining_room/1284_121/mix.wav,1.7743042707443237,2.334986686706543,1.1048622131347656,1.7723872661590576
/data/public/EchoSet/test/PuKPg4mmafe/0_5_dining_room/908_2094/mix.wav,5.33590841293335,5.6238861083984375,4.548914909362793,4.873721122741699
/data/public/EchoSet/test/PuKPg4mmafe/0_5_dining_room/2300_5639/mix.wav,10.134416580200195,10.325692176818848,9.614079475402832,9.853991508483887
/data/public/EchoSet/test/PuKPg4mmafe/0_5_dining_room/4507_8224/mix.wav,15.547157287597656,15.646888732910156,15.270971298217773,15.3935546875
/data/public/EchoSet/test/PuKPg4mmafe/0_5_dining_room/7729_8555/mix.wav,11.674552917480469,12.02221965789795,11.329889297485352,11.713359832763672
/data/public/EchoSet/test/PuKPg4mmafe/0_5_dining_room/2830_5639/mix.wav,5.829184532165527,6.085309982299805,4.0901970863342285,4.555447578430176
/data/public/EchoSet/test/PuKPg4mmafe/0_5_dining_room/260_7127/mix.wav,6.425229072570801,6.846883773803711,6.0128173828125,6.560132026672363
/data/public/EchoSet/test/PuKPg4mmafe/0_5_dining_room/4970_2961/mix.wav,11.547222137451172,11.78305435180664,11.182265281677246,11.440908432006836
/data/public/EchoSet/test/PuKPg4mmafe/0_5_dining_room/5639_8463/mix.wav,2.326284885406494,3.1483917236328125,1.7030030488967896,2.6081442832946777
/data/public/EchoSet/test/PuKPg4mmafe/0_5_dining_room/4992_260/mix.wav,5.577680587768555,5.8353352546691895,5.023955345153809,5.3719096183776855
/data/public/EchoSet/test/PuKPg4mmafe/0_5_dining_room/1284_6829/mix.wav,4.748076438903809,4.676126956939697,3.6213183403015137,3.7481460571289062
/data/public/EchoSet/test/PuKPg4mmafe/0_5_dining_room/1284_4446/mix.wav,4.999580383300781,4.98746395111084,3.6979899406433105,3.719904661178589
/data/public/EchoSet/test/PuKPg4mmafe/0_5_dining_room/121_6930/mix.wav,6.8699235916137695,6.968334674835205,5.833477973937988,6.01689338684082
/data/public/EchoSet/test/PuKPg4mmafe/0_5_dining_room/237_61/mix.wav,10.695314407348633,11.104989051818848,10.433162689208984,10.863506317138672
/data/public/EchoSet/test/PuKPg4mmafe/0_5_dining_room/4446_2094/mix.wav,2.7128918170928955,2.708003044128418,1.3650940656661987,1.3927146196365356
/data/public/EchoSet/test/PuKPg4mmafe/0_5_dining_room/3570_1995/mix.wav,7.6894121170043945,7.8441877365112305,7.26301383972168,7.456291675567627
/data/public/EchoSet/test/PuKPg4mmafe/0_5_dining_room/8224_5142/mix.wav,6.714163780212402,6.594420433044434,3.50858736038208,3.4730868339538574
/data/public/EchoSet/test/PuKPg4mmafe/0_5_dining_room/7729_4970/mix.wav,7.281092166900635,7.585525989532471,6.2977519035339355,6.6661481857299805
/data/public/EchoSet/test/PuKPg4mmafe/0_5_dining_room/7127_4507/mix.wav,6.852132797241211,7.264286041259766,5.994811534881592,6.521605014801025
/data/public/EchoSet/test/PuKPg4mmafe/0_5_dining_room/1580_1221/mix.wav,12.646753311157227,12.682509422302246,12.237354278564453,12.296284675598145
/data/public/EchoSet/test/PuKPg4mmafe/0_5_dining_room/8230_7021/mix.wav,11.673707962036133,11.904380798339844,11.152571678161621,11.425536155700684
/data/public/EchoSet/test/PuKPg4mmafe/0_5_dining_room/5105_1995/mix.wav,12.238229751586914,12.385682106018066,11.819351196289062,12.05506706237793
/data/public/EchoSet/test/PuKPg4mmafe/0_5_dining_room/1221_8230/mix.wav,12.591524124145508,12.852818489074707,12.218339920043945,12.519129753112793
/data/public/EchoSet/test/PuKPg4mmafe/0_5_dining_room/2094_8555/mix.wav,4.373252868652344,3.864089012145996,3.5587005615234375,3.292574882507324
/data/public/EchoSet/test/PuKPg4mmafe/0_5_dining_room/2961_260/mix.wav,12.237550735473633,12.227654457092285,11.714335441589355,11.739272117614746
/data/public/EchoSet/test/PuKPg4mmafe/0_5_dining_room/1221_5142/mix.wav,7.726019859313965,7.762052536010742,7.077911853790283,7.186733245849609
/data/public/EchoSet/test/PuKPg4mmafe/0_5_dining_room/7176_7021/mix.wav,6.679145812988281,6.52407169342041,6.27052116394043,6.168762683868408
/data/public/EchoSet/test/PuKPg4mmafe/0_5_dining_room/1580_7021/mix.wav,12.660852432250977,12.675374984741211,11.74138069152832,11.8218994140625
/data/public/EchoSet/test/PuKPg4mmafe/0_5_dining_room/5105_61/mix.wav,-0.40384089946746826,-0.8925777673721313,-0.8671623468399048,-1.2516522407531738
/data/public/EchoSet/test/PuKPg4mmafe/0_5_dining_room/237_1188/mix.wav,13.340102195739746,13.449243545532227,12.660053253173828,12.798284530639648
/data/public/EchoSet/test/PuKPg4mmafe/0_5_dining_room/1995_908/mix.wav,9.600500106811523,9.472360610961914,8.732650756835938,8.806848526000977
/data/public/EchoSet/test/PuKPg4mmafe/0_5_dining_room/672_3729/mix.wav,5.478053569793701,5.438398838043213,4.495578765869141,4.536501884460449
/data/public/EchoSet/test/PuKPg4mmafe/0_5_dining_room/7729_237/mix.wav,8.380170822143555,8.585890769958496,7.992834568023682,8.24177360534668
/data/public/EchoSet/test/PuKPg4mmafe/0_5_dining_room/4970_4992/mix.wav,10.155830383300781,10.16793441772461,9.417823791503906,9.462495803833008
/data/public/EchoSet/test/PuKPg4mmafe/0_5_dining_room/7176_4077/mix.wav,6.711175918579102,7.025158882141113,5.996020317077637,6.49875545501709
/data/public/EchoSet/test/PuKPg4mmafe/0_5_dining_room/8555_1221/mix.wav,8.893604278564453,8.99404525756836,8.283267974853516,8.490915298461914
/data/public/EchoSet/test/PuKPg4mmafe/0_5_dining_room/1089_5105/mix.wav,6.891461372375488,7.263012886047363,6.4924635887146,6.9680938720703125
/data/public/EchoSet/test/PuKPg4mmafe/0_5_dining_room/8463_3575/mix.wav,9.437087059020996,9.602006912231445,8.962538719177246,9.182024002075195
/data/public/EchoSet/test/PuKPg4mmafe/0_5_dining_room/3575_4992/mix.wav,5.732282638549805,5.6993489265441895,4.891100883483887,4.901060104370117
/data/public/EchoSet/test/PuKPg4mmafe/0_5_dining_room/2830_121/mix.wav,8.33365249633789,8.439165115356445,6.902690887451172,7.064136505126953
/data/public/EchoSet/test/PuKPg4mmafe/0_5_dining_room/5142_1995/mix.wav,4.040103912353516,3.9914894104003906,3.5771913528442383,3.6379380226135254
/data/public/EchoSet/test/PuKPg4mmafe/0_5_dining_room/61_4446/mix.wav,7.356065273284912,7.577003479003906,6.629602432250977,6.985363006591797
/data/public/EchoSet/test/PuKPg4mmafe/0_5_dining_room/6930_1188/mix.wav,6.608794212341309,6.751296043395996,6.131560325622559,6.367160320281982
/data/public/EchoSet/test/PuKPg4mmafe/0_5_dining_room/2300_4970/mix.wav,6.376956939697266,6.722380638122559,5.748343467712402,6.140869617462158
/data/public/EchoSet/test/PuKPg4mmafe/0_5_dining_room/1320_7127/mix.wav,5.259316444396973,5.280036449432373,4.74937629699707,4.891232490539551
/data/public/EchoSet/test/PuKPg4mmafe/0_5_dining_room/2961_2094/mix.wav,1.7901639938354492,1.8775603771209717,1.248913288116455,1.432816505432129
/data/public/EchoSet/test/PuKPg4mmafe/0_5_dining_room/61_1580/mix.wav,9.15269947052002,9.274415016174316,8.282522201538086,8.503606796264648
/data/public/EchoSet/test/PuKPg4mmafe/0_5_dining_room/6829_2300/mix.wav,9.385176658630371,9.331082344055176,8.923667907714844,8.9295015335083
/data/public/EchoSet/test/PuKPg4mmafe/0_5_dining_room/7176_672/mix.wav,10.474373817443848,10.840084075927734,9.802730560302734,10.209664344787598
/data/public/EchoSet/test/PuKPg4mmafe/0_5_dining_room/1089_4507/mix.wav,11.686666488647461,11.916322708129883,11.445674896240234,11.704460144042969
/data/public/EchoSet/test/RPmz2sHmrrY/0_7_office/7021_8555/mix.wav,11.164759635925293,11.035947799682617,10.508570671081543,10.422975540161133
/data/public/EchoSet/test/RPmz2sHmrrY/0_7_office/8224_4507/mix.wav,6.181948661804199,6.195261001586914,5.603837966918945,5.719698429107666
/data/public/EchoSet/test/RPmz2sHmrrY/0_7_office/237_6930/mix.wav,10.745636940002441,10.693597793579102,9.558182716369629,9.553873062133789
/data/public/EchoSet/test/RPmz2sHmrrY/0_7_office/2961_7176/mix.wav,10.316793441772461,10.493699073791504,9.868494033813477,10.080389976501465
/data/public/EchoSet/test/RPmz2sHmrrY/0_7_office/2300_672/mix.wav,6.428563117980957,6.885003566741943,5.578758239746094,6.074261665344238
/data/public/EchoSet/test/RPmz2sHmrrY/0_7_office/7021_4077/mix.wav,7.311959743499756,7.650514125823975,6.680872917175293,7.0605244636535645
/data/public/EchoSet/test/RPmz2sHmrrY/0_7_office/4446_7127/mix.wav,5.881394386291504,5.915433883666992,4.982114791870117,5.277670383453369
/data/public/EchoSet/test/RPmz2sHmrrY/0_7_office/3575_1089/mix.wav,7.935763835906982,8.002607345581055,7.455005168914795,7.614347457885742
/data/public/EchoSet/test/RPmz2sHmrrY/0_7_office/121_7127/mix.wav,8.501290321350098,8.529404640197754,8.115063667297363,8.224931716918945
/data/public/EchoSet/test/RPmz2sHmrrY/0_7_office/2830_7176/mix.wav,0.795840859413147,0.7190438508987427,0.5059700012207031,0.5004613399505615
/data/public/EchoSet/test/RPmz2sHmrrY/0_7_office/1995_4970/mix.wav,10.255126953125,10.318387031555176,9.9025239944458,10.013021469116211
/data/public/EchoSet/test/RPmz2sHmrrY/0_7_office/8463_1188/mix.wav,5.789975166320801,5.743659496307373,5.0755615234375,5.084310531616211
/data/public/EchoSet/test/RPmz2sHmrrY/0_7_office/260_6930/mix.wav,0.4039289355278015,0.283890962600708,-0.04885651171207428,-0.15317989885807037
/data/public/EchoSet/test/RPmz2sHmrrY/0_7_office/2094_5105/mix.wav,-2.4679930210113525,-2.335970878601074,-4.112171173095703,-3.9689016342163086
/data/public/EchoSet/test/RPmz2sHmrrY/0_7_office/3729_1320/mix.wav,8.950654983520508,9.057673454284668,8.527278900146484,8.67435359954834
/data/public/EchoSet/test/RPmz2sHmrrY/0_7_office/7729_1320/mix.wav,7.658100128173828,7.833815097808838,7.093196868896484,7.357538223266602
/data/public/EchoSet/test/RPmz2sHmrrY/0_7_office/7021_5639/mix.wav,11.630647659301758,11.614811897277832,10.932609558105469,11.046866416931152
/data/public/EchoSet/test/RPmz2sHmrrY/0_7_office/3729_1580/mix.wav,4.718572616577148,4.861824035644531,4.534389972686768,4.723906993865967
/data/public/EchoSet/test/RPmz2sHmrrY/0_7_office/1284_7729/mix.wav,11.953664779663086,11.831482887268066,11.473073959350586,11.422050476074219
/data/public/EchoSet/test/RPmz2sHmrrY/0_7_office/1188_4446/mix.wav,9.685916900634766,9.840381622314453,8.398087501525879,8.619501113891602
/data/public/EchoSet/test/RPmz2sHmrrY/0_7_office/6829_4992/mix.wav,1.0238736867904663,0.9966832399368286,0.48562848567962646,0.5194822549819946
/data/public/EchoSet/test/RPmz2sHmrrY/0_7_office/2830_7127/mix.wav,2.3298983573913574,1.9876527786254883,1.7288914918899536,1.5905486345291138
/data/public/EchoSet/test/RPmz2sHmrrY/0_7_office/3575_8230/mix.wav,13.515052795410156,13.6713228225708,12.951803207397461,13.146150588989258
/data/public/EchoSet/test/RPmz2sHmrrY/0_7_office/7127_7021/mix.wav,7.684484004974365,7.945089340209961,6.742356300354004,7.02808141708374
/data/public/EchoSet/test/RPmz2sHmrrY/0_7_office/8463_6930/mix.wav,8.359858512878418,8.189047813415527,7.453124523162842,7.422646522521973
/data/public/EchoSet/test/RPmz2sHmrrY/0_7_office/1995_237/mix.wav,12.079272270202637,11.973286628723145,11.521929740905762,11.531978607177734
/data/public/EchoSet/test/RPmz2sHmrrY/0_7_office/8555_4507/mix.wav,9.571369171142578,9.844534873962402,8.880948066711426,9.194361686706543
/data/public/EchoSet/test/RPmz2sHmrrY/0_7_office/8455_5639/mix.wav,7.7663893699646,7.78815221786499,7.15909481048584,7.226694107055664
/data/public/EchoSet/test/RPmz2sHmrrY/0_7_office/6829_5105/mix.wav,7.268913269042969,7.753451347351074,6.679562091827393,7.2018890380859375
/data/public/EchoSet/test/RPmz2sHmrrY/0_7_office/4970_260/mix.wav,14.038605690002441,14.288766860961914,13.504453659057617,13.783119201660156
/data/public/EchoSet/test/RPmz2sHmrrY/0_7_office/260_672/mix.wav,5.795040130615234,5.717857360839844,5.227021217346191,5.3054280281066895
/data/public/EchoSet/test/RPmz2sHmrrY/0_7_office/260_2961/mix.wav,9.605239868164062,9.72512435913086,9.073311805725098,9.290756225585938
/data/public/EchoSet/test/RPmz2sHmrrY/0_7_office/4507_908/mix.wav,13.143560409545898,12.828813552856445,12.38641357421875,12.78177547454834
/data/public/EchoSet/test/RPmz2sHmrrY/0_7_office/4077_237/mix.wav,9.068026542663574,9.072599411010742,7.906548500061035,8.156281471252441
/data/public/EchoSet/test/RPmz2sHmrrY/0_7_office/3570_1221/mix.wav,12.501935958862305,12.604669570922852,11.849790573120117,12.002313613891602
/data/public/EchoSet/test/RPmz2sHmrrY/0_7_office/121_5683/mix.wav,11.051332473754883,11.183216094970703,9.713163375854492,9.922605514526367
/data/public/EchoSet/test/RPmz2sHmrrY/0_7_office/2094_3570/mix.wav,6.2409987449646,6.4648637771606445,5.3841118812561035,5.762805461883545
/data/public/EchoSet/test/RPmz2sHmrrY/0_7_office/3570_3729/mix.wav,9.91346549987793,10.15992259979248,9.318340301513672,9.591687202453613
/data/public/EchoSet/test/RPmz2sHmrrY/0_7_office/1221_1995/mix.wav,14.839251518249512,14.82137393951416,14.44836711883545,14.453819274902344
/data/public/EchoSet/test/RPmz2sHmrrY/0_7_office/1089_1284/mix.wav,10.713136672973633,10.606475830078125,10.022928237915039,10.038939476013184
/data/public/EchoSet/test/RPmz2sHmrrY/0_7_office/3575_7729/mix.wav,10.023558616638184,10.023178100585938,9.56715202331543,9.69668197631836
/data/public/EchoSet/test/RPmz2sHmrrY/0_7_office/3729_2961/mix.wav,7.235902786254883,7.565428733825684,6.190077304840088,6.614565849304199
/data/public/EchoSet/test/RPmz2sHmrrY/0_7_office/5639_908/mix.wav,10.864617347717285,11.065760612487793,10.589292526245117,10.812707901000977
/data/public/EchoSet/test/RPmz2sHmrrY/0_7_office/1284_4077/mix.wav,9.092338562011719,9.031694412231445,8.235782623291016,8.224211692810059
/data/public/EchoSet/test/RPmz2sHmrrY/0_7_office/4446_61/mix.wav,3.4055733680725098,3.654235363006592,2.6164231300354004,2.9467740058898926
/data/public/EchoSet/test/RPmz2sHmrrY/0_7_office/8230_7176/mix.wav,2.4561638832092285,3.069397449493408,1.9385477304458618,2.583761215209961
/data/public/EchoSet/test/RPmz2sHmrrY/0_7_office/1320_8224/mix.wav,11.808465957641602,12.045463562011719,10.835376739501953,11.098407745361328
/data/public/EchoSet/test/RPmz2sHmrrY/0_7_office/1089_8463/mix.wav,11.909753799438477,11.676045417785645,11.410613059997559,11.308774948120117
/data/public/EchoSet/test/RPmz2sHmrrY/0_7_office/8555_1188/mix.wav,11.697998046875,11.744486808776855,10.711748123168945,10.781996726989746
/data/public/EchoSet/test/RPmz2sHmrrY/0_7_office/5105_8224/mix.wav,3.3524181842803955,3.3470957279205322,1.3114571571350098,1.3278803825378418
/data/public/EchoSet/test/RPmz2sHmrrY/0_7_office/1995_2300/mix.wav,9.443437576293945,9.427007675170898,8.82466983795166,8.850496292114258
/data/public/EchoSet/test/RPmz2sHmrrY/0_7_office/237_4992/mix.wav,6.7269792556762695,6.6936116218566895,5.734375953674316,5.7596821784973145
/data/public/EchoSet/test/RPmz2sHmrrY/0_7_office/6930_5142/mix.wav,4.517492771148682,4.227574348449707,4.290818691253662,4.095030784606934
/data/public/EchoSet/test/RPmz2sHmrrY/0_7_office/1188_5105/mix.wav,11.958070755004883,12.059788703918457,10.647809028625488,10.767849922180176
/data/public/EchoSet/test/RPmz2sHmrrY/0_7_office/7729_5105/mix.wav,10.872965812683105,10.888307571411133,10.382248878479004,10.466195106506348
/data/public/EchoSet/test/RPmz2sHmrrY/0_7_office/5142_4077/mix.wav,7.0517988204956055,7.104628086090088,6.077201843261719,6.23706579208374
/data/public/EchoSet/test/RPmz2sHmrrY/0_7_office/237_5105/mix.wav,9.900671005249023,9.838159561157227,9.248320579528809,9.250255584716797
/data/public/EchoSet/test/RPmz2sHmrrY/0_7_office/6930_8230/mix.wav,8.492956161499023,8.264857292175293,7.468896389007568,7.320682048797607
/data/public/EchoSet/test/RPmz2sHmrrY/0_7_office/908_2094/mix.wav,11.250160217285156,11.327169418334961,10.748941421508789,10.937599182128906
/data/public/EchoSet/test/RPmz2sHmrrY/0_7_office/1580_1284/mix.wav,14.449628829956055,14.44511890411377,13.499387741088867,13.54897689819336
/data/public/EchoSet/test/RPmz2sHmrrY/0_7_office/672_3570/mix.wav,8.172880172729492,8.111204147338867,6.821260452270508,6.835022449493408
/data/public/EchoSet/test/RPmz2sHmrrY/0_7_office/6829_908/mix.wav,10.446041107177734,10.328466415405273,9.469047546386719,9.414243698120117
/data/public/EchoSet/test/RPmz2sHmrrY/0_7_office/1320_2830/mix.wav,4.995075702667236,4.4532623291015625,3.9450430870056152,3.5497424602508545
/data/public/EchoSet/test/RPmz2sHmrrY/0_7_office/1221_3575/mix.wav,5.004961013793945,4.923295021057129,4.190096855163574,4.147355079650879
/data/public/EchoSet/test/RPmz2sHmrrY/0_7_office/4970_7176/mix.wav,10.984161376953125,10.950252532958984,10.541976928710938,10.62060546875
/data/public/EchoSet/test/RPmz2sHmrrY/0_7_office/8224_2094/mix.wav,4.833159446716309,5.047245025634766,4.354072570800781,4.5997490882873535
/data/public/EchoSet/test/RPmz2sHmrrY/0_7_office/1580_7729/mix.wav,12.74856185913086,13.020095825195312,12.074745178222656,12.406831741333008
/data/public/EchoSet/test/RPmz2sHmrrY/0_7_office/4446_2300/mix.wav,10.400259971618652,10.688403129577637,9.74718189239502,10.113334655761719
/data/public/EchoSet/test/RPmz2sHmrrY/0_7_office/3570_5683/mix.wav,0.6455004215240479,0.7646323442459106,0.07431352138519287,0.25881218910217285
/data/public/EchoSet/test/RPmz2sHmrrY/0_7_office/4992_1089/mix.wav,9.311765670776367,9.44980525970459,8.929109573364258,9.112991333007812
/data/public/EchoSet/test/RPmz2sHmrrY/0_7_office/5639_7021/mix.wav,9.009771347045898,9.180864334106445,8.422813415527344,8.68649959564209
/data/public/EchoSet/test/RPmz2sHmrrY/0_7_office/7176_61/mix.wav,6.131926536560059,6.174278736114502,5.542733192443848,5.6072096824646
/data/public/EchoSet/test/RPmz2sHmrrY/0_7_office/1284_5683/mix.wav,-1.4584394693374634,-1.4748834371566772,-2.430551290512085,-2.3755977153778076
/data/public/EchoSet/test/RPmz2sHmrrY/0_7_office/61_5683/mix.wav,13.36487102508545,13.508925437927246,12.887826919555664,13.061017990112305
/data/public/EchoSet/test/RPmz2sHmrrY/0_7_office/4992_8224/mix.wav,9.663734436035156,9.656639099121094,7.993260383605957,8.030470848083496
/data/public/EchoSet/test/RPmz2sHmrrY/0_7_office/6930_4507/mix.wav,10.802141189575195,10.810458183288574,10.529287338256836,10.634465217590332
/data/public/EchoSet/test/RPmz2sHmrrY/0_7_office/1089_1580/mix.wav,11.45529556274414,11.516239166259766,10.906242370605469,11.022172927856445
/data/public/EchoSet/test/RPmz2sHmrrY/0_7_office/3575_1995/mix.wav,-0.012133538722991943,-0.08202952146530151,-0.900044322013855,-0.8818225860595703
/data/public/EchoSet/test/RPmz2sHmrrY/0_7_office/3575_1188/mix.wav,10.276729583740234,10.604447364807129,9.561979293823242,9.937599182128906
/data/public/EchoSet/test/RPmz2sHmrrY/0_7_office/3729_1089/mix.wav,10.62320327758789,11.007485389709473,10.112957000732422,10.560539245605469
/data/public/EchoSet/test/RPmz2sHmrrY/0_7_office/4446_121/mix.wav,4.950098991394043,5.044830799102783,3.7326009273529053,3.9529976844787598
/data/public/EchoSet/test/RPmz2sHmrrY/0_7_office/4446_7021/mix.wav,14.902667045593262,14.952165603637695,14.3994140625,14.47215461730957
/data/public/EchoSet/test/RPmz2sHmrrY/0_7_office/672_1320/mix.wav,2.3230738639831543,2.507805585861206,1.6661454439163208,1.9128984212875366
/data/public/EchoSet/test/RPmz2sHmrrY/0_7_office/1995_2830/mix.wav,9.321761131286621,9.24454116821289,8.183646202087402,8.219086647033691
/data/public/EchoSet/test/RPmz2sHmrrY/0_7_office/7729_8455/mix.wav,8.812061309814453,8.975091934204102,8.16879653930664,8.421040534973145
/data/public/EchoSet/test/RPmz2sHmrrY/0_7_office/2961_908/mix.wav,7.053959846496582,7.20493745803833,6.392007827758789,6.584443092346191
/data/public/EchoSet/test/RPmz2sHmrrY/0_7_office/121_8455/mix.wav,13.617151260375977,13.698271751403809,12.82210922241211,12.92098331451416
/data/public/EchoSet/test/RPmz2sHmrrY/0_7_office/3729_8455/mix.wav,10.69437026977539,10.814473152160645,10.035436630249023,10.218100547790527
/data/public/EchoSet/test/RPmz2sHmrrY/0_7_office/3570_672/mix.wav,12.706250190734863,12.845406532287598,11.487340927124023,11.656192779541016
/data/public/EchoSet/test/RPmz2sHmrrY/0_7_office/7021_3570/mix.wav,9.64363956451416,10.041854858398438,9.177590370178223,9.64356803894043
/data/public/EchoSet/test/RPmz2sHmrrY/0_7_office/7176_4970/mix.wav,15.307976722717285,15.365819931030273,14.934589385986328,15.02528190612793
/data/public/EchoSet/test/RPmz2sHmrrY/0_7_office/5639_8555/mix.wav,9.779706954956055,9.706039428710938,8.936698913574219,8.948382377624512
/data/public/EchoSet/test/RPmz2sHmrrY/0_7_office/5142_237/mix.wav,2.9763569831848145,3.143249988555908,2.506925344467163,2.712299346923828
/data/public/EchoSet/test/RPmz2sHmrrY/0_7_office/260_8455/mix.wav,9.44150161743164,10.053829193115234,8.63901424407959,9.298673629760742
/data/public/EchoSet/test/RPmz2sHmrrY/0_7_office/7127_1580/mix.wav,5.075109481811523,5.036292552947998,3.8194923400878906,3.8555846214294434
/data/public/EchoSet/test/RPmz2sHmrrY/0_7_office/1580_8463/mix.wav,5.750357627868652,5.7927703857421875,5.138337135314941,5.248040676116943
/data/public/EchoSet/test/RPmz2sHmrrY/0_7_office/61_4992/mix.wav,7.453782081604004,7.452795028686523,7.08570671081543,7.128507137298584
/data/public/EchoSet/test/RPmz2sHmrrY/0_7_office/908_1580/mix.wav,13.879188537597656,13.670283317565918,13.197816848754883,13.137505531311035
/data/public/EchoSet/test/RPmz2sHmrrY/0_7_office/2300_3729/mix.wav,0.4960489869117737,0.48712775111198425,-0.47647997736930847,-0.45052042603492737
/data/public/EchoSet/test/RPmz2sHmrrY/0_7_office/2830_8555/mix.wav,9.612143516540527,9.550378799438477,7.541597366333008,7.513576984405518
/data/public/EchoSet/test/RPmz2sHmrrY/0_7_office/1995_2961/mix.wav,6.820754528045654,6.697874069213867,6.368564605712891,6.319372177124023
/data/public/EchoSet/test/RPmz2sHmrrY/0_7_office/260_237/mix.wav,11.612608909606934,11.638028144836426,10.95335578918457,11.053803443908691
/data/public/EchoSet/test/RPmz2sHmrrY/0_7_office/5683_8230/mix.wav,11.297908782958984,11.153939247131348,10.4738130569458,10.471345901489258
/data/public/EchoSet/test/RPmz2sHmrrY/0_7_office/1188_672/mix.wav,7.586261749267578,7.784441947937012,6.541348457336426,6.844893932342529
/data/public/EchoSet/test/RPmz2sHmrrY/0_7_office/672_4992/mix.wav,12.528457641601562,12.781317710876465,12.221004486083984,12.501727104187012
/data/public/EchoSet/test/RPmz2sHmrrY/0_7_office/4077_5142/mix.wav,8.686996459960938,8.848183631896973,7.764096260070801,8.016525268554688
/data/public/EchoSet/test/RPmz2sHmrrY/0_7_office/7127_5683/mix.wav,8.843673706054688,8.932754516601562,8.227089881896973,8.367788314819336
/data/public/EchoSet/test/RPmz2sHmrrY/0_7_office/5639_4970/mix.wav,8.328142166137695,8.393625259399414,7.849320411682129,7.946868419647217
/data/public/EchoSet/test/RPmz2sHmrrY/0_7_office/8230_2300/mix.wav,6.387758255004883,6.652468681335449,5.437387943267822,5.7660369873046875
/data/public/EchoSet/test/RPmz2sHmrrY/0_7_office/2961_3575/mix.wav,-0.06210815906524658,0.018155813217163086,-1.3518168926239014,-1.224778413772583
/data/public/EchoSet/test/RPmz2sHmrrY/0_7_office/2830_7729/mix.wav,7.755949020385742,7.788456439971924,6.374298095703125,6.423227310180664
/data/public/EchoSet/test/RPmz2sHmrrY/0_7_office/2961_1284/mix.wav,4.409205436706543,4.470895767211914,3.0572752952575684,3.2031819820404053
/data/public/EchoSet/test/RPmz2sHmrrY/0_7_office/4077_8555/mix.wav,7.656503677368164,7.964945316314697,7.015879154205322,7.390242099761963
/data/public/EchoSet/test/RPmz2sHmrrY/0_7_office/1221_8455/mix.wav,7.906635284423828,8.142709732055664,7.300520896911621,7.586970329284668
/data/public/EchoSet/test/RPmz2sHmrrY/0_7_office/121_8463/mix.wav,8.816122055053711,8.931442260742188,8.248613357543945,8.420764923095703
/data/public/EchoSet/test/RPmz2sHmrrY/0_7_office/5639_121/mix.wav,6.385344505310059,6.483589172363281,5.5160393714904785,5.720226764678955
/data/public/EchoSet/test/RPmz2sHmrrY/0_7_office/1089_4507/mix.wav,-0.01605844497680664,0.1929326057434082,-0.7416896820068359,-0.4326615333557129
/data/public/EchoSet/test/RPmz2sHmrrY/0_7_office/8230_5142/mix.wav,11.71385383605957,11.970921516418457,10.868215560913086,11.150391578674316
/data/public/EchoSet/test/RPmz2sHmrrY/0_7_office/4992_2094/mix.wav,-1.016700267791748,-1.3651704788208008,-1.7868045568466187,-2.038672924041748
/data/public/EchoSet/test/RPmz2sHmrrY/0_7_office/260_4970/mix.wav,11.911809921264648,12.157522201538086,11.115811347961426,11.414716720581055
/data/public/EchoSet/test/RPmz2sHmrrY/0_7_office/1320_4446/mix.wav,13.726728439331055,13.736757278442383,12.823668479919434,12.899093627929688
/data/public/EchoSet/test/RPmz2sHmrrY/0_7_office/1221_2300/mix.wav,9.950239181518555,10.001797676086426,8.750900268554688,8.848016738891602
/data/public/EchoSet/test/RPmz2sHmrrY/0_7_office/1221_4077/mix.wav,10.379091262817383,10.218526840209961,9.53695297241211,9.495340347290039
/data/public/EchoSet/test/RPmz2sHmrrY/0_7_office/5142_6930/mix.wav,6.556886672973633,6.659712314605713,5.838356018066406,6.0361151695251465
/data/public/EchoSet/test/RPmz2sHmrrY/0_7_office/1221_8555/mix.wav,12.222906112670898,12.434463500976562,11.69281005859375,11.959022521972656
/data/public/EchoSet/test/RPmz2sHmrrY/0_7_office/121_2094/mix.wav,9.145891189575195,9.081303596496582,8.795440673828125,8.855426788330078
/data/public/EchoSet/test/RPmz2sHmrrY/0_7_office/6829_8455/mix.wav,9.939947128295898,10.310077667236328,9.422800064086914,9.833749771118164
/data/public/EchoSet/test/RPmz2sHmrrY/0_7_office/1284_1188/mix.wav,10.755271911621094,11.005441665649414,9.886175155639648,10.21364974975586
/data/public/EchoSet/test/RPmz2sHmrrY/0_7_office/2094_8230/mix.wav,7.1961774826049805,7.103688716888428,4.465109825134277,4.46928596496582
/data/public/EchoSet/test/RPmz2sHmrrY/0_7_office/61_6829/mix.wav,4.559511184692383,4.6578569412231445,3.746941566467285,3.8764374256134033
/data/public/EchoSet/test/RPmz2sHmrrY/0_7_office/5683_8463/mix.wav,11.639208793640137,11.556336402893066,11.12579345703125,11.10490608215332
/data/public/EchoSet/test/RPmz2sHmrrY/0_7_office/8224_2300/mix.wav,6.450135231018066,6.580656051635742,5.092808723449707,5.27258825302124
/data/public/EchoSet/test/RPmz2sHmrrY/0_7_office/908_4507/mix.wav,11.116292953491211,11.16539192199707,10.6060209274292,10.700905799865723
/data/public/EchoSet/test/RPmz2sHmrrY/0_7_office/5142_7127/mix.wav,9.719741821289062,9.828250885009766,8.0032958984375,8.128110885620117
/data/public/EchoSet/test/RPmz2sHmrrY/0_7_office/2830_8463/mix.wav,9.831215858459473,9.781221389770508,8.270694732666016,8.367074966430664
/data/public/EchoSet/test/RPmz2sHmrrY/0_7_office/4507_61/mix.wav,12.317075729370117,12.301271438598633,11.850753784179688,11.925614356994629
/data/public/EchoSet/test/RPmz2sHmrrY/0_5_living_room/8555_5639/mix.wav,15.936464309692383,15.967997550964355,15.568680763244629,15.616254806518555
/data/public/EchoSet/test/RPmz2sHmrrY/0_5_living_room/1284_4446/mix.wav,7.047624588012695,7.046463489532471,6.439233779907227,6.518936634063721
/data/public/EchoSet/test/RPmz2sHmrrY/0_5_living_room/1320_6829/mix.wav,11.199485778808594,11.203374862670898,10.202033042907715,10.294540405273438
/data/public/EchoSet/test/RPmz2sHmrrY/0_5_living_room/1995_6930/mix.wav,13.994996070861816,14.27159595489502,13.685371398925781,13.97454833984375
/data/public/EchoSet/test/RPmz2sHmrrY/0_5_living_room/6829_1089/mix.wav,10.634922981262207,10.798025131225586,10.140141487121582,10.362092971801758
/data/public/EchoSet/test/RPmz2sHmrrY/0_5_living_room/6829_7021/mix.wav,13.393611907958984,13.426243782043457,12.429262161254883,12.486740112304688
/data/public/EchoSet/test/RPmz2sHmrrY/0_5_living_room/3729_7729/mix.wav,11.784675598144531,11.964313507080078,11.363858222961426,11.58431339263916
/data/public/EchoSet/test/RPmz2sHmrrY/0_5_living_room/61_2961/mix.wav,10.374874114990234,10.40916919708252,9.72578239440918,9.795083999633789
/data/public/EchoSet/test/RPmz2sHmrrY/0_5_living_room/8230_8455/mix.wav,11.959577560424805,12.065256118774414,11.307180404663086,11.454279899597168
/data/public/EchoSet/test/RPmz2sHmrrY/0_5_living_room/237_4077/mix.wav,12.031181335449219,12.193201065063477,11.392227172851562,11.648027420043945
/data/public/EchoSet/test/RPmz2sHmrrY/0_5_living_room/7176_7021/mix.wav,8.388520240783691,8.572598457336426,7.936832904815674,8.254989624023438
/data/public/EchoSet/test/RPmz2sHmrrY/0_5_living_room/237_2300/mix.wav,11.755786895751953,11.716543197631836,10.918317794799805,10.915542602539062
/data/public/EchoSet/test/RPmz2sHmrrY/0_5_living_room/8455_672/mix.wav,7.7372636795043945,7.7367143630981445,6.348202228546143,6.483670234680176
/data/public/EchoSet/test/RPmz2sHmrrY/0_5_living_room/1995_1320/mix.wav,14.575471878051758,14.685233116149902,14.24094295501709,14.385528564453125
/data/public/EchoSet/test/RPmz2sHmrrY/0_5_living_room/1221_5142/mix.wav,1.4245346784591675,1.3775795698165894,0.30625003576278687,0.2946528196334839
/data/public/EchoSet/test/RPmz2sHmrrY/0_5_living_room/8555_1089/mix.wav,12.943632125854492,12.988484382629395,12.077995300292969,12.2595853805542
/data/public/EchoSet/test/RPmz2sHmrrY/0_5_living_room/8224_3729/mix.wav,11.163125991821289,11.412195205688477,10.873480796813965,11.140863418579102
/data/public/EchoSet/test/RPmz2sHmrrY/0_5_living_room/4992_4970/mix.wav,10.908106803894043,11.028907775878906,10.399134635925293,10.562808990478516
/data/public/EchoSet/test/RPmz2sHmrrY/0_5_living_room/3575_5105/mix.wav,8.88735294342041,9.001237869262695,8.205750465393066,8.423645973205566
/data/public/EchoSet/test/RPmz2sHmrrY/0_5_living_room/7176_8555/mix.wav,9.68539810180664,10.04786205291748,9.309093475341797,9.745786666870117
/data/public/EchoSet/test/RPmz2sHmrrY/0_5_living_room/908_7176/mix.wav,10.242470741271973,10.263280868530273,9.7178955078125,9.778141975402832
/data/public/EchoSet/test/RPmz2sHmrrY/0_5_living_room/4992_3575/mix.wav,6.323748588562012,6.485867977142334,5.908740043640137,6.101863861083984
/data/public/EchoSet/test/RPmz2sHmrrY/0_5_living_room/6930_4446/mix.wav,4.205791473388672,4.345900535583496,3.316319227218628,3.509073257446289
/data/public/EchoSet/test/RPmz2sHmrrY/0_5_living_room/1221_7021/mix.wav,10.447831153869629,10.676990509033203,9.771015167236328,10.04647159576416
/data/public/EchoSet/test/RPmz2sHmrrY/0_5_living_room/2830_4970/mix.wav,8.366016387939453,8.401273727416992,6.362825393676758,6.567028999328613
/data/public/EchoSet/test/RPmz2sHmrrY/0_5_living_room/1188_8463/mix.wav,10.896825790405273,11.079404830932617,9.903703689575195,10.132251739501953
/data/public/EchoSet/test/RPmz2sHmrrY/0_5_living_room/6829_8555/mix.wav,7.076013565063477,7.349173545837402,6.369187355041504,6.690557479858398
/data/public/EchoSet/test/RPmz2sHmrrY/0_5_living_room/8455_5683/mix.wav,11.394328117370605,11.484612464904785,10.34719181060791,10.465275764465332
/data/public/EchoSet/test/RPmz2sHmrrY/0_5_living_room/4507_2094/mix.wav,2.065870523452759,2.037437915802002,0.9247598648071289,1.0549609661102295
/data/public/EchoSet/test/RPmz2sHmrrY/0_5_living_room/8230_5142/mix.wav,10.726827621459961,10.915069580078125,9.868583679199219,10.137177467346191
/data/public/EchoSet/test/RPmz2sHmrrY/0_5_living_room/8463_61/mix.wav,7.122464656829834,7.358953952789307,6.525811195373535,6.9147467613220215
/data/public/EchoSet/test/RPmz2sHmrrY/0_5_living_room/908_4446/mix.wav,10.916299819946289,11.143261909484863,10.455362319946289,10.732620239257812
/data/public/EchoSet/test/RPmz2sHmrrY/0_5_living_room/8224_5639/mix.wav,5.565060615539551,5.492720603942871,5.078926086425781,5.15800142288208
/data/public/EchoSet/test/RPmz2sHmrrY/0_5_living_room/908_1995/mix.wav,11.221284866333008,11.288434982299805,10.610077857971191,10.754536628723145
/data/public/EchoSet/test/RPmz2sHmrrY/0_5_living_room/5683_1284/mix.wav,11.932433128356934,11.915529251098633,11.041138648986816,11.103080749511719
/data/public/EchoSet/test/RPmz2sHmrrY/0_5_living_room/8463_1221/mix.wav,9.930699348449707,10.20295524597168,9.153707504272461,9.461024284362793
/data/public/EchoSet/test/RPmz2sHmrrY/0_5_living_room/8463_2300/mix.wav,11.841660499572754,12.101423263549805,11.27568244934082,11.566777229309082
/data/public/EchoSet/test/RPmz2sHmrrY/0_5_living_room/7127_3570/mix.wav,9.422621726989746,9.72325325012207,8.357290267944336,8.721595764160156
/data/public/EchoSet/test/RPmz2sHmrrY/0_5_living_room/1995_2830/mix.wav,8.752445220947266,8.926206588745117,7.896149158477783,8.191536903381348
/data/public/EchoSet/test/RPmz2sHmrrY/0_5_living_room/3729_260/mix.wav,8.973522186279297,8.975849151611328,8.076242446899414,8.235889434814453
/data/public/EchoSet/test/RPmz2sHmrrY/0_5_living_room/3575_7127/mix.wav,7.070137977600098,7.216102123260498,5.861975193023682,6.06541633605957
/data/public/EchoSet/test/RPmz2sHmrrY/0_5_living_room/1284_4507/mix.wav,8.238086700439453,8.038604736328125,7.599912166595459,7.48148250579834
/data/public/EchoSet/test/RPmz2sHmrrY/0_5_living_room/5639_2300/mix.wav,10.267194747924805,10.499024391174316,9.61347770690918,9.914409637451172
/data/public/EchoSet/test/RPmz2sHmrrY/0_5_living_room/4992_1221/mix.wav,5.631370544433594,6.039719581604004,4.993092060089111,5.439303398132324
/data/public/EchoSet/test/RPmz2sHmrrY/0_5_living_room/3575_1320/mix.wav,15.607361793518066,15.7200288772583,14.952707290649414,15.113020896911621
/data/public/EchoSet/test/RPmz2sHmrrY/0_5_living_room/6930_5683/mix.wav,7.825562477111816,8.011240005493164,6.3811187744140625,6.610941410064697
/data/public/EchoSet/test/RPmz2sHmrrY/0_5_living_room/7021_7176/mix.wav,9.058778762817383,8.811310768127441,8.80293083190918,8.595138549804688
/data/public/EchoSet/test/RPmz2sHmrrY/0_5_living_room/4507_3729/mix.wav,10.530353546142578,10.628275871276855,9.90559196472168,10.089325904846191
/data/public/EchoSet/test/RPmz2sHmrrY/0_5_living_room/1188_8224/mix.wav,8.594152450561523,8.9381103515625,8.062438011169434,8.457326889038086
/data/public/EchoSet/test/RPmz2sHmrrY/0_5_living_room/7729_8224/mix.wav,6.621405124664307,6.716935634613037,5.26676082611084,5.39596700668335
/data/public/EchoSet/test/RPmz2sHmrrY/0_5_living_room/1089_121/mix.wav,11.734552383422852,11.777650833129883,11.246017456054688,11.373180389404297
/data/public/EchoSet/test/RPmz2sHmrrY/0_5_living_room/1284_5105/mix.wav,10.263483047485352,10.379842758178711,9.624005317687988,9.807401657104492
/data/public/EchoSet/test/RPmz2sHmrrY/0_5_living_room/2830_1221/mix.wav,4.779418468475342,4.880931854248047,2.8284707069396973,3.0696358680725098
/data/public/EchoSet/test/RPmz2sHmrrY/0_5_living_room/7127_1580/mix.wav,8.579001426696777,8.730525970458984,8.08031940460205,8.256526947021484
/data/public/EchoSet/test/RPmz2sHmrrY/0_5_living_room/121_8463/mix.wav,5.6263861656188965,5.7986321449279785,5.019134044647217,5.3787360191345215
/data/public/EchoSet/test/RPmz2sHmrrY/0_5_living_room/6930_2830/mix.wav,5.367028713226318,5.39703369140625,4.120441913604736,4.2465643882751465
/data/public/EchoSet/test/RPmz2sHmrrY/0_5_living_room/2094_8463/mix.wav,10.130782127380371,10.177791595458984,9.089335441589355,9.261775970458984
/data/public/EchoSet/test/RPmz2sHmrrY/0_5_living_room/61_7127/mix.wav,6.93333625793457,6.833555221557617,6.170849800109863,6.114384651184082
/data/public/EchoSet/test/RPmz2sHmrrY/0_5_living_room/1580_1284/mix.wav,15.389358520507812,15.38037109375,14.875808715820312,14.892244338989258
/data/public/EchoSet/test/RPmz2sHmrrY/0_5_living_room/237_7729/mix.wav,12.31712818145752,12.404258728027344,11.945199966430664,12.121134757995605
/data/public/EchoSet/test/RPmz2sHmrrY/0_5_living_room/1580_7729/mix.wav,13.544210433959961,13.498062133789062,12.74156379699707,12.755437850952148
/data/public/EchoSet/test/RPmz2sHmrrY/0_5_living_room/1089_4446/mix.wav,11.170358657836914,11.348165512084961,10.787952423095703,10.992164611816406
/data/public/EchoSet/test/RPmz2sHmrrY/0_5_living_room/2300_237/mix.wav,10.383415222167969,10.621421813964844,9.696924209594727,9.964503288269043
/data/public/EchoSet/test/RPmz2sHmrrY/0_5_living_room/1995_5105/mix.wav,10.386897087097168,10.425443649291992,9.748177528381348,9.824589729309082
/data/public/EchoSet/test/RPmz2sHmrrY/0_5_living_room/4970_1995/mix.wav,11.190759658813477,11.273567199707031,10.30907154083252,10.445369720458984
/data/public/EchoSet/test/RPmz2sHmrrY/0_5_living_room/7729_1221/mix.wav,11.934550285339355,12.061105728149414,11.389663696289062,11.572999954223633
/data/public/EchoSet/test/RPmz2sHmrrY/0_5_living_room/1188_2300/mix.wav,5.391572952270508,5.532354354858398,4.522382736206055,4.728845596313477
/data/public/EchoSet/test/RPmz2sHmrrY/0_5_living_room/3729_1221/mix.wav,6.74659538269043,6.794239044189453,6.109448432922363,6.217153072357178
/data/public/EchoSet/test/RPmz2sHmrrY/0_5_living_room/3570_5683/mix.wav,10.976959228515625,11.04755973815918,10.303417205810547,10.406407356262207
/data/public/EchoSet/test/RPmz2sHmrrY/0_5_living_room/61_7176/mix.wav,5.482339859008789,5.598151206970215,4.832637786865234,5.018491268157959
/data/public/EchoSet/test/RPmz2sHmrrY/0_5_living_room/4992_8224/mix.wav,6.742484092712402,7.014087200164795,6.159343242645264,6.511706829071045
/data/public/EchoSet/test/RPmz2sHmrrY/0_5_living_room/3575_8463/mix.wav,3.8289108276367188,4.010671138763428,3.2496604919433594,3.4897453784942627
/data/public/EchoSet/test/RPmz2sHmrrY/0_5_living_room/8230_3570/mix.wav,9.22038745880127,9.240230560302734,8.598092079162598,8.686714172363281
/data/public/EchoSet/test/RPmz2sHmrrY/0_5_living_room/2094_6930/mix.wav,4.788145065307617,4.511552810668945,0.07316458225250244,-0.12059879302978516
/data/public/EchoSet/test/RPmz2sHmrrY/0_5_living_room/1188_4507/mix.wav,12.462540626525879,12.600593566894531,11.805089950561523,11.971742630004883
/data/public/EchoSet/test/RPmz2sHmrrY/0_5_living_room/5639_2961/mix.wav,8.19619369506836,8.391521453857422,7.504265785217285,7.718402862548828
/data/public/EchoSet/test/RPmz2sHmrrY/0_5_living_room/4077_1580/mix.wav,8.337750434875488,8.446682929992676,7.448545455932617,7.624302387237549
/data/public/EchoSet/test/RPmz2sHmrrY/0_5_living_room/1580_6930/mix.wav,11.472616195678711,11.436224937438965,10.640542984008789,10.855269432067871
/data/public/EchoSet/test/RPmz2sHmrrY/0_5_living_room/6930_2300/mix.wav,10.019777297973633,9.903104782104492,8.5764741897583,8.523496627807617
/data/public/EchoSet/test/RPmz2sHmrrY/0_5_living_room/4077_6829/mix.wav,9.816840171813965,9.919532775878906,9.40330982208252,9.543951034545898
/data/public/EchoSet/test/RPmz2sHmrrY/0_5_living_room/5142_1221/mix.wav,8.438332557678223,8.519710540771484,6.632667541503906,6.800281524658203
/data/public/EchoSet/test/RPmz2sHmrrY/0_5_living_room/5142_2300/mix.wav,7.774251461029053,8.06276798248291,7.279658317565918,7.615357875823975
/data/public/EchoSet/test/RPmz2sHmrrY/0_5_living_room/8555_1188/mix.wav,10.780662536621094,10.80888557434082,10.059722900390625,10.16380500793457
/data/public/EchoSet/test/RPmz2sHmrrY/0_5_living_room/1995_4077/mix.wav,11.365262985229492,11.5900297164917,10.806791305541992,11.089484214782715
/data/public/EchoSet/test/RPmz2sHmrrY/0_5_living_room/3570_5639/mix.wav,11.426002502441406,11.555679321289062,10.565467834472656,10.727975845336914
/data/public/EchoSet/test/RPmz2sHmrrY/0_5_living_room/3575_672/mix.wav,6.981447219848633,6.919275760650635,6.359768390655518,6.452540874481201
/data/public/EchoSet/test/RPmz2sHmrrY/0_5_living_room/2830_260/mix.wav,0.44216346740722656,0.5812760591506958,0.02682328224182129,0.24871623516082764
/data/public/EchoSet/test/RPmz2sHmrrY/0_5_living_room/7021_1284/mix.wav,11.021614074707031,11.198204040527344,10.413158416748047,10.607444763183594
/data/public/EchoSet/test/RPmz2sHmrrY/0_5_living_room/4446_4992/mix.wav,8.607059478759766,8.714681625366211,7.487218379974365,7.664450168609619
/data/public/EchoSet/test/RPmz2sHmrrY/0_5_living_room/260_121/mix.wav,10.172607421875,10.335580825805664,9.524951934814453,9.745656967163086
/data/public/EchoSet/test/RPmz2sHmrrY/0_5_living_room/1320_5142/mix.wav,9.985528945922852,10.385939598083496,9.241310119628906,9.693906784057617
/data/public/EchoSet/test/RPmz2sHmrrY/0_5_living_room/2961_5105/mix.wav,10.30596923828125,10.337023735046387,8.110519409179688,8.169878959655762
/data/public/EchoSet/test/RPmz2sHmrrY/0_5_living_room/5105_3729/mix.wav,9.290733337402344,9.010448455810547,7.826902389526367,7.826423645019531
/data/public/EchoSet/test/RPmz2sHmrrY/0_5_living_room/672_4077/mix.wav,4.100893974304199,4.118178367614746,3.143017530441284,3.2165637016296387
/data/public/EchoSet/test/RPmz2sHmrrY/0_5_living_room/5105_8555/mix.wav,10.692615509033203,10.916495323181152,9.752931594848633,10.025238037109375
/data/public/EchoSet/test/RPmz2sHmrrY/0_5_living_room/2830_4507/mix.wav,7.461637496948242,6.520863056182861,5.743152618408203,6.060265064239502
/data/public/EchoSet/test/RPmz2sHmrrY/0_5_living_room/121_1580/mix.wav,6.9834980964660645,7.103114604949951,5.476200103759766,5.635094165802002
/data/public/EchoSet/test/RPmz2sHmrrY/0_5_living_room/2830_121/mix.wav,10.176800727844238,10.183245658874512,8.59795093536377,8.64659595489502
/data/public/EchoSet/test/RPmz2sHmrrY/0_5_living_room/3575_61/mix.wav,7.461565017700195,7.659793376922607,5.376558780670166,5.595206260681152
/data/public/EchoSet/test/RPmz2sHmrrY/0_5_living_room/2094_1580/mix.wav,14.243792533874512,14.597671508789062,13.894828796386719,14.299758911132812
/data/public/EchoSet/test/RPmz2sHmrrY/0_5_living_room/672_2300/mix.wav,2.834463119506836,3.379816770553589,0.21028323471546173,0.8196133375167847
/data/public/EchoSet/test/RPmz2sHmrrY/0_5_living_room/237_6829/mix.wav,7.358968734741211,7.517827033996582,6.510409832000732,6.742573261260986
/data/public/EchoSet/test/RPmz2sHmrrY/0_5_living_room/1089_4970/mix.wav,9.470919609069824,9.78281021118164,8.91688346862793,9.346314430236816
/data/public/EchoSet/test/RPmz2sHmrrY/0_5_living_room/908_672/mix.wav,11.911918640136719,11.99418830871582,11.458845138549805,11.573758125305176
/data/public/EchoSet/test/RPmz2sHmrrY/0_5_living_room/121_3570/mix.wav,8.899894714355469,8.958492279052734,8.57516860961914,8.674335479736328
/data/public/EchoSet/test/RPmz2sHmrrY/0_5_living_room/8224_3570/mix.wav,8.102716445922852,8.016328811645508,7.542370796203613,7.5460333824157715
/data/public/EchoSet/test/RPmz2sHmrrY/0_5_living_room/1089_7729/mix.wav,8.508888244628906,8.83720874786377,8.158075332641602,8.512612342834473
/data/public/EchoSet/test/RPmz2sHmrrY/0_5_living_room/2961_4507/mix.wav,4.8075714111328125,5.001923561096191,4.452269077301025,4.717685699462891
/data/public/EchoSet/test/RPmz2sHmrrY/0_5_living_room/260_4446/mix.wav,1.4590654373168945,1.8256213665008545,0.9238866567611694,1.3684669733047485
/data/public/EchoSet/test/RPmz2sHmrrY/0_5_living_room/4446_237/mix.wav,7.397065162658691,7.50236177444458,6.752793312072754,6.8950018882751465
/data/public/EchoSet/test/RPmz2sHmrrY/0_5_living_room/6829_7127/mix.wav,5.959636211395264,5.890173435211182,4.614015102386475,4.606960296630859
/data/public/EchoSet/test/RPmz2sHmrrY/0_5_living_room/8230_672/mix.wav,5.822506904602051,6.273550033569336,5.137730598449707,5.626516819000244
/data/public/EchoSet/test/RPmz2sHmrrY/0_5_living_room/237_7176/mix.wav,11.722291946411133,11.672330856323242,11.07468318939209,11.115586280822754
/data/public/EchoSet/test/RPmz2sHmrrY/0_5_living_room/8555_4992/mix.wav,10.717016220092773,10.81857967376709,9.887640953063965,10.015663146972656
/data/public/EchoSet/test/RPmz2sHmrrY/0_5_living_room/5683_1320/mix.wav,9.280675888061523,9.721099853515625,8.849178314208984,9.375316619873047
/data/public/EchoSet/test/RPmz2sHmrrY/0_5_living_room/1089_4077/mix.wav,12.329794883728027,12.248458862304688,11.892449378967285,11.850192070007324
/data/public/EchoSet/test/RPmz2sHmrrY/0_5_living_room/4970_260/mix.wav,10.348604202270508,10.349603652954102,9.929876327514648,9.974002838134766
/data/public/EchoSet/test/RPmz2sHmrrY/0_5_living_room/2961_1320/mix.wav,10.09424114227295,10.327532768249512,9.591682434082031,9.875788688659668
/data/public/EchoSet/test/RPmz2sHmrrY/0_5_living_room/2961_672/mix.wav,9.002805709838867,9.04955005645752,8.264142990112305,8.351305961608887
/data/public/EchoSet/test/RPmz2sHmrrY/0_5_living_room/4077_4507/mix.wav,10.003290176391602,9.60750675201416,7.878899097442627,8.168774604797363
/data/public/EchoSet/test/RPmz2sHmrrY/0_5_living_room/1284_4970/mix.wav,5.255352973937988,5.475882530212402,4.730820655822754,5.000323295593262
/data/public/EchoSet/test/RPmz2sHmrrY/0_5_living_room/2094_2961/mix.wav,7.145235061645508,7.312758445739746,6.754680633544922,7.01445198059082
/data/public/EchoSet/test/RPmz2sHmrrY/0_5_living_room/7021_8224/mix.wav,3.5635910034179688,3.6993565559387207,3.2677197456359863,3.4278173446655273
/data/public/EchoSet/test/RPmz2sHmrrY/0_5_living_room/1089_908/mix.wav,1.0532349348068237,1.3472280502319336,0.33150744438171387,0.66197669506073
/data/public/EchoSet/test/RPmz2sHmrrY/0_5_living_room/3570_4970/mix.wav,2.522541046142578,2.676992416381836,1.4839433431625366,1.698411226272583
/data/public/EchoSet/test/RPmz2sHmrrY/0_5_living_room/3729_3570/mix.wav,4.677707672119141,4.680936813354492,3.981011152267456,4.065474510192871
/data/public/EchoSet/test/RPmz2sHmrrY/0_5_living_room/672_2094/mix.wav,0.6021625995635986,1.106138825416565,-4.153185844421387,-3.6095199584960938
/data/public/EchoSet/test/RPmz2sHmrrY/0_5_living_room/61_3729/mix.wav,8.951449394226074,8.99282169342041,8.423553466796875,8.50375747680664
/data/public/EchoSet/test/RPmz2sHmrrY/0_5_living_room/8455_5639/mix.wav,7.522434234619141,7.0833940505981445,7.1306023597717285,6.847540378570557
/data/public/EchoSet/test/RPmz2sHmrrY/0_5_living_room/1580_2961/mix.wav,10.393694877624512,10.404415130615234,9.681315422058105,9.732044219970703
/data/public/EchoSet/test/RPmz2sHmrrY/0_5_living_room/5639_7176/mix.wav,12.102062225341797,12.14743709564209,11.619489669799805,11.683418273925781
/data/public/EchoSet/test/RPmz2sHmrrY/0_5_living_room/237_260/mix.wav,7.058131217956543,7.450023651123047,6.092735290527344,6.5744404792785645
/data/public/EchoSet/test/RPmz2sHmrrY/0_5_living_room/8230_260/mix.wav,6.532782554626465,7.066325664520264,5.840198993682861,6.419294357299805
/data/public/EchoSet/test/RPmz2sHmrrY/0_5_living_room/8455_8230/mix.wav,11.527725219726562,11.673316955566406,11.033332824707031,11.222970962524414
/data/public/EchoSet/test/RPmz2sHmrrY/0_5_living_room/7127_8555/mix.wav,10.81296157836914,10.945917129516602,9.923479080200195,10.099489212036133
/data/public/EchoSet/test/RPmz2sHmrrY/0_5_living_room/61_7021/mix.wav,7.177706718444824,7.32560920715332,6.4308929443359375,6.637917518615723
/data/public/EchoSet/test/RPmz2sHmrrY/0_5_living_room/7127_4077/mix.wav,1.6693660020828247,1.6429387331008911,0.9418145418167114,0.9534839391708374
/data/public/EchoSet/test/RPmz2sHmrrY/0_5_living_room/5142_2094/mix.wav,11.749799728393555,11.90042495727539,11.225671768188477,11.433807373046875
/data/public/EchoSet/test/RPmz2sHmrrY/0_5_living_room/2094_4507/mix.wav,10.560352325439453,10.737262725830078,10.034100532531738,10.279668807983398
/data/public/EchoSet/test/RPmz2sHmrrY/0_5_living_room/5683_1995/mix.wav,0.7671384811401367,0.731489896774292,0.00021791458129882812,0.03648257255554199
/data/public/EchoSet/test/RPmz2sHmrrY/0_5_living_room/8455_908/mix.wav,7.97879695892334,7.861667633056641,7.6191887855529785,7.565374851226807
/data/public/EchoSet/test/RPmz2sHmrrY/0_5_living_room/5142_4970/mix.wav,9.52055549621582,9.767142295837402,9.078948974609375,9.373284339904785
/data/public/EchoSet/test/RPmz2sHmrrY/0_5_living_room/5639_6829/mix.wav,12.132452964782715,12.216046333312988,11.86647891998291,11.971552848815918
/data/public/EchoSet/test/RPmz2sHmrrY/0_5_living_room/3575_7021/mix.wav,8.617843627929688,8.666379928588867,8.022663116455078,8.137662887573242
/data/public/EchoSet/test/RPmz2sHmrrY/0_5_living_room/121_5105/mix.wav,9.39376163482666,9.53720760345459,8.920011520385742,9.156768798828125
/data/public/EchoSet/test/RPmz2sHmrrY/0_5_living_room/908_7729/mix.wav,7.979307174682617,8.202786445617676,7.3597187995910645,7.610260009765625
/data/public/EchoSet/test/RPmz2sHmrrY/0_5_living_room/4992_1188/mix.wav,6.9480814933776855,7.344691276550293,3.5846920013427734,4.052423477172852
/data/public/EchoSet/test/RPmz2sHmrrY/0_4_dining_room/4446_7127/mix.wav,9.243083953857422,9.217864036560059,8.482635498046875,8.5056791305542
/data/public/EchoSet/test/RPmz2sHmrrY/0_4_dining_room/3570_121/mix.wav,6.723472595214844,6.744750022888184,6.285923004150391,6.338865756988525
/data/public/EchoSet/test/RPmz2sHmrrY/0_4_dining_room/4507_1580/mix.wav,7.985479831695557,8.30470085144043,7.449674606323242,7.804082870483398
/data/public/EchoSet/test/RPmz2sHmrrY/0_4_dining_room/5639_1580/mix.wav,13.605610847473145,13.718341827392578,13.151124954223633,13.305065155029297
/data/public/EchoSet/test/RPmz2sHmrrY/0_4_dining_room/2094_672/mix.wav,9.219087600708008,9.472609519958496,7.56733512878418,7.904189109802246
/data/public/EchoSet/test/RPmz2sHmrrY/0_4_dining_room/5683_1188/mix.wav,10.73851203918457,11.2048978805542,10.140944480895996,10.719630241394043
/data/public/EchoSet/test/RPmz2sHmrrY/0_4_dining_room/8224_4992/mix.wav,10.404067993164062,10.537338256835938,8.850308418273926,9.1458740234375
/data/public/EchoSet/test/RPmz2sHmrrY/0_4_dining_room/8455_4077/mix.wav,12.13412857055664,12.152632713317871,11.650416374206543,11.69571304321289
/data/public/EchoSet/test/RPmz2sHmrrY/0_4_dining_room/7176_2830/mix.wav,9.433305740356445,9.614385604858398,9.036527633666992,9.266895294189453
/data/public/EchoSet/test/RPmz2sHmrrY/0_4_dining_room/8455_3729/mix.wav,9.483610153198242,9.362149238586426,8.639158248901367,8.71898078918457
/data/public/EchoSet/test/RPmz2sHmrrY/0_4_dining_room/2961_1188/mix.wav,5.795624256134033,5.876105785369873,4.354902267456055,4.528471946716309
/data/public/EchoSet/test/RPmz2sHmrrY/0_4_dining_room/4507_1995/mix.wav,9.304736137390137,9.793781280517578,8.781058311462402,9.311765670776367
/data/public/EchoSet/test/RPmz2sHmrrY/0_4_dining_room/2300_4446/mix.wav,11.437919616699219,11.54611873626709,10.726659774780273,10.887179374694824
/data/public/EchoSet/test/RPmz2sHmrrY/0_4_dining_room/6829_4992/mix.wav,5.477458953857422,5.493593692779541,5.106753349304199,5.182840347290039
/data/public/EchoSet/test/RPmz2sHmrrY/0_4_dining_room/4077_4992/mix.wav,9.76274299621582,9.87540054321289,9.393503189086914,9.551133155822754
/data/public/EchoSet/test/RPmz2sHmrrY/0_4_dining_room/7021_8224/mix.wav,9.267475128173828,9.489313125610352,8.536665916442871,8.836617469787598
/data/public/EchoSet/test/RPmz2sHmrrY/0_4_dining_room/1995_8463/mix.wav,13.245997428894043,13.237039566040039,12.48901081085205,12.539201736450195
/data/public/EchoSet/test/RPmz2sHmrrY/0_4_dining_room/5105_1284/mix.wav,11.865838050842285,11.793586730957031,11.019872665405273,10.996506690979004
/data/public/EchoSet/test/RPmz2sHmrrY/0_4_dining_room/1089_260/mix.wav,11.015076637268066,11.135164260864258,10.630373001098633,10.777715682983398
/data/public/EchoSet/test/RPmz2sHmrrY/0_4_dining_room/61_2830/mix.wav,9.19378662109375,9.297409057617188,8.253782272338867,8.422626495361328
/data/public/EchoSet/test/RPmz2sHmrrY/0_4_dining_room/8224_260/mix.wav,7.648755073547363,7.656315326690674,7.187062740325928,7.241260528564453
/data/public/EchoSet/test/RPmz2sHmrrY/0_4_dining_room/5105_3575/mix.wav,12.198762893676758,12.253920555114746,11.245306015014648,11.32313060760498
/data/public/EchoSet/test/RPmz2sHmrrY/0_4_dining_room/7729_1580/mix.wav,9.834921836853027,10.089631080627441,9.38150691986084,9.76259994506836
/data/public/EchoSet/test/RPmz2sHmrrY/0_4_dining_room/61_2961/mix.wav,10.011649131774902,9.972208023071289,9.275876998901367,9.292387962341309
/data/public/EchoSet/test/RPmz2sHmrrY/0_4_dining_room/8555_5105/mix.wav,12.532743453979492,12.725968360900879,12.179250717163086,12.407983779907227
/data/public/EchoSet/test/RPmz2sHmrrY/0_4_dining_room/1089_2300/mix.wav,11.383716583251953,11.51585578918457,10.849949836730957,11.048772811889648
/data/public/EchoSet/test/RPmz2sHmrrY/0_4_dining_room/6829_4507/mix.wav,1.662912130355835,1.7376770973205566,-0.6099274158477783,-0.5046787261962891
/data/public/EchoSet/test/RPmz2sHmrrY/0_4_dining_room/61_5683/mix.wav,11.555217742919922,11.528522491455078,10.988439559936523,10.996488571166992
/data/public/EchoSet/test/RPmz2sHmrrY/0_4_dining_room/1284_2094/mix.wav,5.857693672180176,5.910713195800781,4.880775451660156,5.001986980438232
/data/public/EchoSet/test/RPmz2sHmrrY/0_4_dining_room/7127_5639/mix.wav,5.105820655822754,5.016801834106445,4.609095573425293,4.599023342132568
/data/public/EchoSet/test/RPmz2sHmrrY/0_4_dining_room/1320_1284/mix.wav,6.193288326263428,5.998538017272949,5.410581588745117,5.297749996185303
/data/public/EchoSet/test/RPmz2sHmrrY/0_4_dining_room/4970_1284/mix.wav,11.404848098754883,11.372730255126953,10.568848609924316,10.673115730285645
/data/public/EchoSet/test/RPmz2sHmrrY/0_4_dining_room/3729_2961/mix.wav,3.885880947113037,3.660764455795288,2.6907708644866943,2.646195650100708
/data/public/EchoSet/test/RPmz2sHmrrY/0_4_dining_room/4446_2830/mix.wav,16.224491119384766,16.316083908081055,15.851404190063477,15.969853401184082
/data/public/EchoSet/test/RPmz2sHmrrY/0_4_dining_room/7729_2830/mix.wav,8.076507568359375,8.1209716796875,6.179178714752197,6.2448859214782715
/data/public/EchoSet/test/RPmz2sHmrrY/0_4_dining_room/8230_1320/mix.wav,5.570794582366943,5.650057792663574,5.290716171264648,5.4108381271362305
/data/public/EchoSet/test/RPmz2sHmrrY/0_4_dining_room/7021_8463/mix.wav,15.026723861694336,15.103440284729004,14.593265533447266,14.703875541687012
/data/public/EchoSet/test/RPmz2sHmrrY/0_4_dining_room/8555_7127/mix.wav,11.636608123779297,11.6134672164917,10.758502006530762,10.809449195861816
/data/public/EchoSet/test/RPmz2sHmrrY/0_4_dining_room/5105_908/mix.wav,10.751157760620117,10.237895965576172,9.773012161254883,9.566549301147461
/data/public/EchoSet/test/RPmz2sHmrrY/0_4_dining_room/3570_672/mix.wav,15.520936965942383,15.747440338134766,15.363996505737305,15.613432884216309
/data/public/EchoSet/test/RPmz2sHmrrY/0_4_dining_room/121_1089/mix.wav,12.283649444580078,12.478209495544434,11.889058113098145,12.146341323852539
/data/public/EchoSet/test/RPmz2sHmrrY/0_4_dining_room/4077_7176/mix.wav,3.449228286743164,3.620075225830078,2.1519289016723633,2.3720457553863525
/data/public/EchoSet/test/RPmz2sHmrrY/0_4_dining_room/3570_7021/mix.wav,10.731359481811523,10.729951858520508,10.369972229003906,10.442893028259277
/data/public/EchoSet/test/RPmz2sHmrrY/0_4_dining_room/2094_6930/mix.wav,10.736736297607422,10.473437309265137,9.108652114868164,8.90922737121582
/data/public/EchoSet/test/RPmz2sHmrrY/0_4_dining_room/2961_5683/mix.wav,11.65764045715332,11.803543090820312,10.885486602783203,11.13198184967041
/data/public/EchoSet/test/RPmz2sHmrrY/0_4_dining_room/4077_672/mix.wav,4.40924596786499,4.349404335021973,3.176729917526245,3.2442030906677246
/data/public/EchoSet/test/RPmz2sHmrrY/0_4_dining_room/8463_2961/mix.wav,10.48661994934082,10.623348236083984,9.941427230834961,10.13163948059082
/data/public/EchoSet/test/RPmz2sHmrrY/0_4_dining_room/5142_908/mix.wav,7.977845668792725,8.607522010803223,7.552877426147461,8.249337196350098
/data/public/EchoSet/test/RPmz2sHmrrY/0_4_dining_room/3570_8224/mix.wav,10.049371719360352,10.217738151550293,9.705690383911133,10.012662887573242
/data/public/EchoSet/test/RPmz2sHmrrY/0_4_dining_room/2830_237/mix.wav,9.561041831970215,9.985218048095703,8.8009033203125,9.317289352416992
/data/public/EchoSet/test/RPmz2sHmrrY/0_4_dining_room/237_5639/mix.wav,9.743606567382812,9.986038208007812,9.365434646606445,9.659893989562988
/data/public/EchoSet/test/RPmz2sHmrrY/0_4_dining_room/3729_1221/mix.wav,-0.4109792709350586,-0.3118187189102173,-1.781485915184021,-1.6019492149353027
/data/public/EchoSet/test/RPmz2sHmrrY/0_4_dining_room/1188_1221/mix.wav,12.193254470825195,12.205950736999512,11.415035247802734,11.460535049438477
/data/public/EchoSet/test/RPmz2sHmrrY/0_4_dining_room/1995_5105/mix.wav,10.42716121673584,10.764334678649902,9.664493560791016,10.073689460754395
/data/public/EchoSet/test/RPmz2sHmrrY/0_4_dining_room/1089_1188/mix.wav,10.491172790527344,10.498449325561523,10.081441879272461,10.140968322753906
/data/public/EchoSet/test/RPmz2sHmrrY/0_4_dining_room/1089_4446/mix.wav,9.871176719665527,10.000576972961426,9.455827713012695,9.656045913696289
/data/public/EchoSet/test/RPmz2sHmrrY/0_4_dining_room/5639_8224/mix.wav,9.291854858398438,9.073492050170898,8.777372360229492,8.607707023620605
/data/public/EchoSet/test/RPmz2sHmrrY/0_4_dining_room/6930_121/mix.wav,6.500385284423828,6.655726909637451,6.035332679748535,6.306144714355469
/data/public/EchoSet/test/RPmz2sHmrrY/0_4_dining_room/4970_260/mix.wav,11.852466583251953,12.319600105285645,11.132527351379395,11.662829399108887
/data/public/EchoSet/test/RPmz2sHmrrY/0_4_dining_room/7729_8555/mix.wav,14.090827941894531,14.124975204467773,13.271993637084961,13.440603256225586
/data/public/EchoSet/test/RPmz2sHmrrY/0_4_dining_room/5639_908/mix.wav,9.18924331665039,9.145458221435547,8.570728302001953,8.59274959564209
/data/public/EchoSet/test/RPmz2sHmrrY/0_4_dining_room/237_61/mix.wav,8.276988983154297,8.570489883422852,7.295779228210449,7.674592018127441
/data/public/EchoSet/test/RPmz2sHmrrY/0_4_dining_room/4446_5142/mix.wav,3.587721824645996,3.7432546615600586,2.7965972423553467,3.0294361114501953
/data/public/EchoSet/test/RPmz2sHmrrY/0_4_dining_room/260_4992/mix.wav,3.366901397705078,3.5410397052764893,2.6768150329589844,2.904597282409668
/data/public/EchoSet/test/RPmz2sHmrrY/0_4_dining_room/7021_1995/mix.wav,16.891578674316406,16.875009536743164,16.558706283569336,16.56362533569336
/data/public/EchoSet/test/RPmz2sHmrrY/0_4_dining_room/7176_7729/mix.wav,2.4105286598205566,2.911072254180908,1.8958038091659546,2.4434056282043457
/data/public/EchoSet/test/RPmz2sHmrrY/0_4_dining_room/4970_6930/mix.wav,3.09517765045166,3.1245927810668945,2.4325451850891113,2.500039577484131
/data/public/EchoSet/test/RPmz2sHmrrY/0_4_dining_room/7127_6829/mix.wav,7.485428333282471,7.531771183013916,7.0926361083984375,7.1988630294799805
/data/public/EchoSet/test/RPmz2sHmrrY/0_4_dining_room/8230_2094/mix.wav,10.80422592163086,11.164125442504883,10.099618911743164,10.490889549255371
/data/public/EchoSet/test/RPmz2sHmrrY/0_4_dining_room/121_4507/mix.wav,9.42642879486084,9.965225219726562,9.021528244018555,9.60795783996582
/data/public/EchoSet/test/RPmz2sHmrrY/0_4_dining_room/8463_672/mix.wav,6.732328414916992,7.128532886505127,6.022719383239746,6.536959648132324
/data/public/EchoSet/test/RPmz2sHmrrY/0_4_dining_room/7729_7021/mix.wav,12.380546569824219,12.359609603881836,11.988142967224121,12.00827693939209
/data/public/EchoSet/test/RPmz2sHmrrY/0_4_dining_room/4077_7729/mix.wav,-0.02435004711151123,0.6642137765884399,-1.0043613910675049,-0.1874229907989502
/data/public/EchoSet/test/RPmz2sHmrrY/0_4_dining_room/4970_1320/mix.wav,16.24606704711914,16.265169143676758,15.768396377563477,15.844989776611328
/data/public/EchoSet/test/RPmz2sHmrrY/0_4_dining_room/6829_2094/mix.wav,5.839631080627441,5.792783260345459,4.783079147338867,4.834897994995117
/data/public/EchoSet/test/RPmz2sHmrrY/0_4_dining_room/3729_8455/mix.wav,0.743255078792572,0.8271421790122986,0.37187546491622925,0.6492871642112732
/data/public/EchoSet/test/RPmz2sHmrrY/0_4_dining_room/4992_8555/mix.wav,1.3456039428710938,1.5454943180084229,0.9940343499183655,1.276374340057373
/data/public/EchoSet/test/RPmz2sHmrrY/0_4_dining_room/8230_3575/mix.wav,10.651427268981934,10.623339653015137,9.99846076965332,10.003807067871094
/data/public/EchoSet/test/RPmz2sHmrrY/0_4_dining_room/61_8463/mix.wav,-0.4928814172744751,-0.5298329591751099,-1.063833236694336,-1.0371930599212646
/data/public/EchoSet/test/RPmz2sHmrrY/0_4_dining_room/3575_4507/mix.wav,12.50973892211914,12.55449390411377,12.160884857177734,12.224995613098145
/data/public/EchoSet/test/RPmz2sHmrrY/0_4_dining_room/7176_5142/mix.wav,12.47154712677002,12.455387115478516,11.535496711730957,11.610174179077148
/data/public/EchoSet/test/RPmz2sHmrrY/0_4_dining_room/5142_3570/mix.wav,9.66631031036377,9.688193321228027,8.833250045776367,8.934200286865234
/data/public/EchoSet/test/RPmz2sHmrrY/0_4_dining_room/6930_1188/mix.wav,6.36116361618042,6.683282852172852,5.78774356842041,6.153629302978516
/data/public/EchoSet/test/RPmz2sHmrrY/0_4_dining_room/7176_8230/mix.wav,2.2931346893310547,2.47589111328125,2.058992862701416,2.3308496475219727
/data/public/EchoSet/test/RPmz2sHmrrY/0_4_dining_room/2300_672/mix.wav,8.322676658630371,8.500741004943848,7.268681526184082,7.503323554992676
/data/public/EchoSet/test/RPmz2sHmrrY/0_4_dining_room/8455_2961/mix.wav,10.159591674804688,9.995293617248535,9.775196075439453,9.673627853393555
/data/public/EchoSet/test/RPmz2sHmrrY/0_4_dining_room/7021_121/mix.wav,9.292393684387207,9.654753684997559,8.978545188903809,9.418305397033691
/data/public/EchoSet/test/RPmz2sHmrrY/0_4_dining_room/6829_1221/mix.wav,2.1342430114746094,2.4795751571655273,1.816847324371338,2.2224221229553223
/data/public/EchoSet/test/RPmz2sHmrrY/0_4_dining_room/2300_3575/mix.wav,10.469108581542969,10.563596725463867,9.841596603393555,9.989761352539062
/data/public/EchoSet/test/RPmz2sHmrrY/0_4_dining_room/2830_1284/mix.wav,8.392757415771484,8.43486213684082,7.8357977867126465,7.920714378356934
/data/public/EchoSet/test/RPmz2sHmrrY/0_4_dining_room/4507_4970/mix.wav,13.037944793701172,12.992403984069824,12.49945068359375,12.51867961883545
/data/public/EchoSet/test/RPmz2sHmrrY/0_4_dining_room/8230_2300/mix.wav,9.035714149475098,9.03982162475586,8.441859245300293,8.49283218383789
/data/public/EchoSet/test/RPmz2sHmrrY/0_4_dining_room/237_7127/mix.wav,7.194351673126221,7.503014087677002,6.544671535491943,6.875371932983398
/data/public/EchoSet/test/RPmz2sHmrrY/0_4_dining_room/908_5142/mix.wav,10.803136825561523,11.513372421264648,10.401588439941406,11.171940803527832
/data/public/EchoSet/test/RPmz2sHmrrY/0_4_dining_room/8230_4077/mix.wav,8.07712173461914,7.905752182006836,7.423739433288574,7.329743385314941
/data/public/EchoSet/test/RPmz2sHmrrY/0_4_dining_room/5639_3575/mix.wav,7.9376678466796875,8.157622337341309,6.53997802734375,6.8787922859191895
/data/public/EchoSet/test/RPmz2sHmrrY/0_4_dining_room/8555_1221/mix.wav,7.967914581298828,8.097526550292969,7.485179901123047,7.670831680297852
/data/public/EchoSet/test/RPmz2sHmrrY/0_4_dining_room/1284_6930/mix.wav,6.329912185668945,6.372746467590332,5.723320007324219,5.830778121948242
/data/public/EchoSet/test/RPmz2sHmrrY/0_4_dining_room/1580_8224/mix.wav,13.915994644165039,13.930177688598633,13.129169464111328,13.199478149414062
/data/public/EchoSet/test/RPmz2sHmrrY/0_4_dining_room/1089_5105/mix.wav,10.33935546875,10.168067932128906,9.495491027832031,9.394996643066406
/data/public/EchoSet/test/RPmz2sHmrrY/0_4_dining_room/2094_8455/mix.wav,13.129264831542969,13.031354904174805,12.414909362792969,12.407875061035156
/data/public/EchoSet/test/RPmz2sHmrrY/0_4_dining_room/5142_7127/mix.wav,7.057109832763672,7.147109508514404,6.7645769119262695,6.885990142822266
/data/public/EchoSet/test/RPmz2sHmrrY/0_4_dining_room/4446_4970/mix.wav,2.303504705429077,2.4848546981811523,0.7145956158638,1.0726323127746582
/data/public/EchoSet/test/RPmz2sHmrrY/0_4_dining_room/121_1580/mix.wav,11.038041114807129,11.251996040344238,10.488778114318848,10.745745658874512
/data/public/EchoSet/test/RPmz2sHmrrY/0_4_dining_room/7176_8455/mix.wav,5.751343727111816,5.797425270080566,5.36185884475708,5.5268402099609375
/data/public/EchoSet/test/RPmz2sHmrrY/0_4_dining_room/5683_237/mix.wav,10.099465370178223,10.092866897583008,9.196172714233398,9.266104698181152
/data/public/EchoSet/test/RPmz2sHmrrY/0_4_dining_room/1320_1995/mix.wav,13.903258323669434,13.93447208404541,13.460065841674805,13.543706893920898
/data/public/EchoSet/test/RPmz2sHmrrY/0_4_dining_room/8463_260/mix.wav,11.782079696655273,12.159634590148926,11.286117553710938,11.711875915527344
/data/public/EchoSet/test/RPmz2sHmrrY/0_4_dining_room/3570_6829/mix.wav,5.990579605102539,5.9168853759765625,5.578088760375977,5.588967323303223
/data/public/EchoSet/test/RPmz2sHmrrY/0_4_dining_room/1580_61/mix.wav,8.427414894104004,8.499798774719238,7.613404273986816,7.753111839294434
/data/public/EchoSet/test/RPmz2sHmrrY/0_4_dining_room/260_1188/mix.wav,10.45527458190918,10.746805191040039,9.739683151245117,10.158743858337402
/data/public/EchoSet/test/RPmz2sHmrrY/0_4_dining_room/6930_1320/mix.wav,-2.0484964847564697,-1.9885804653167725,-2.8727574348449707,-2.695155382156372
/data/public/EchoSet/test/RPmz2sHmrrY/0_4_dining_room/1995_237/mix.wav,5.930780410766602,5.860480308532715,5.434080600738525,5.467883110046387
/data/public/EchoSet/test/RPmz2sHmrrY/0_4_dining_room/5683_908/mix.wav,14.482168197631836,14.447509765625,13.930513381958008,13.91983413696289
/data/public/EchoSet/test/RPmz2sHmrrY/0_4_dining_room/1320_672/mix.wav,8.13070297241211,8.246402740478516,7.337764263153076,7.532108306884766
/data/public/EchoSet/test/RPmz2sHmrrY/0_4_dining_room/1221_3729/mix.wav,4.874660491943359,5.076919078826904,4.273637771606445,4.529872417449951
avg,8.26808066183666,8.37780145640643,7.521414877353412,7.705171164279839
std,3.527243451721899,3.52133945262092,3.636339629687987,3.621244631403784
