snt_id,sdr,sdr_i,si-snr,si-snr_i
/data/public/EchoSet/test/VLzqgDo317F/0_8_meetingroom_conferenceroom/6829_1089/mix.wav,5.751086711883545,6.283123016357422,5.082622528076172,5.700899600982666
/data/public/EchoSet/test/VLzqgDo317F/0_8_meetingroom_conferenceroom/5639_8463/mix.wav,7.013826370239258,7.446839332580566,6.627131462097168,7.110881805419922
/data/public/EchoSet/test/VLzqgDo317F/0_8_meetingroom_conferenceroom/8555_5639/mix.wav,9.147928237915039,9.197907447814941,8.416918754577637,8.545476913452148
/data/public/EchoSet/test/VLzqgDo317F/0_8_meetingroom_conferenceroom/8555_8455/mix.wav,14.985031127929688,15.01632308959961,14.493619918823242,14.538536071777344
/data/public/EchoSet/test/VLzqgDo317F/0_8_meetingroom_conferenceroom/2961_672/mix.wav,4.381961822509766,4.315448760986328,3.2889633178710938,3.3411121368408203
/data/public/EchoSet/test/VLzqgDo317F/0_8_meetingroom_conferenceroom/4970_2830/mix.wav,5.593693733215332,5.718303680419922,2.873962640762329,3.0570075511932373
/data/public/EchoSet/test/VLzqgDo317F/0_8_meetingroom_conferenceroom/8230_8455/mix.wav,7.206534385681152,7.174968719482422,6.739523410797119,6.775649547576904
/data/public/EchoSet/test/VLzqgDo317F/0_8_meetingroom_conferenceroom/2300_8463/mix.wav,3.3443868160247803,3.3469791412353516,3.018991231918335,3.089674234390259
/data/public/EchoSet/test/VLzqgDo317F/0_8_meetingroom_conferenceroom/1284_3570/mix.wav,7.8508830070495605,7.966330528259277,6.968212127685547,7.162139892578125
/data/public/EchoSet/test/VLzqgDo317F/0_8_meetingroom_conferenceroom/5105_1188/mix.wav,4.539844989776611,4.595021724700928,3.549384593963623,3.660426616668701
/data/public/EchoSet/test/VLzqgDo317F/0_8_meetingroom_conferenceroom/7127_4507/mix.wav,8.771103858947754,8.888608932495117,8.091205596923828,8.435221672058105
/data/public/EchoSet/test/VLzqgDo317F/0_8_meetingroom_conferenceroom/8230_1089/mix.wav,8.663527488708496,8.712282180786133,7.691513538360596,7.780919075012207
/data/public/EchoSet/test/VLzqgDo317F/0_8_meetingroom_conferenceroom/121_4992/mix.wav,10.842339515686035,11.0062255859375,10.434232711791992,10.622812271118164
/data/public/EchoSet/test/VLzqgDo317F/0_8_meetingroom_conferenceroom/2094_7021/mix.wav,11.305679321289062,11.208362579345703,10.566329002380371,10.54037857055664
/data/public/EchoSet/test/VLzqgDo317F/0_8_meetingroom_conferenceroom/908_7729/mix.wav,-0.0018690824508666992,0.07624197006225586,-0.9828258752822876,-0.7485151290893555
/data/public/EchoSet/test/VLzqgDo317F/0_8_meetingroom_conferenceroom/2961_3575/mix.wav,7.584539890289307,7.816429615020752,6.031116485595703,6.323002815246582
/data/public/EchoSet/test/VLzqgDo317F/0_8_meetingroom_conferenceroom/7176_2300/mix.wav,10.696239471435547,10.51819133758545,10.338934898376465,10.20890998840332
/data/public/EchoSet/test/VLzqgDo317F/0_8_meetingroom_conferenceroom/908_2094/mix.wav,11.289329528808594,11.371660232543945,10.753255844116211,10.894886016845703
/data/public/EchoSet/test/VLzqgDo317F/0_8_meetingroom_conferenceroom/1221_5639/mix.wav,13.967145919799805,14.024663925170898,13.25282096862793,13.332088470458984
/data/public/EchoSet/test/VLzqgDo317F/0_8_meetingroom_conferenceroom/1580_8224/mix.wav,14.05181884765625,14.130430221557617,13.49838638305664,13.646554946899414
/data/public/EchoSet/test/VLzqgDo317F/0_8_meetingroom_conferenceroom/237_4992/mix.wav,3.4691996574401855,3.5778279304504395,2.761691093444824,2.9394049644470215
/data/public/EchoSet/test/VLzqgDo317F/0_8_meetingroom_conferenceroom/2094_8224/mix.wav,9.367958068847656,9.293682098388672,7.7705583572387695,7.746997833251953
/data/public/EchoSet/test/VLzqgDo317F/0_8_meetingroom_conferenceroom/2830_1284/mix.wav,7.420685768127441,7.558030605316162,6.702877998352051,6.900115013122559
/data/public/EchoSet/test/VLzqgDo317F/0_8_meetingroom_conferenceroom/8463_4970/mix.wav,11.520997047424316,11.623538970947266,10.860584259033203,11.007237434387207
/data/public/EchoSet/test/VLzqgDo317F/0_8_meetingroom_conferenceroom/8230_2300/mix.wav,5.188894271850586,5.610264301300049,4.736629486083984,5.232208251953125
/data/public/EchoSet/test/VLzqgDo317F/0_8_meetingroom_conferenceroom/1995_1580/mix.wav,11.208518981933594,11.185415267944336,9.409957885742188,9.43840503692627
/data/public/EchoSet/test/VLzqgDo317F/0_8_meetingroom_conferenceroom/2300_1284/mix.wav,6.221076965332031,6.520123481750488,5.4029622077941895,5.733068943023682
/data/public/EchoSet/test/VLzqgDo317F/0_8_meetingroom_conferenceroom/5683_1284/mix.wav,11.5869140625,11.968414306640625,11.174976348876953,11.582444190979004
/data/public/EchoSet/test/VLzqgDo317F/0_8_meetingroom_conferenceroom/61_4507/mix.wav,7.174627304077148,7.156918525695801,6.648608207702637,6.733262538909912
/data/public/EchoSet/test/VLzqgDo317F/0_8_meetingroom_conferenceroom/8463_7729/mix.wav,10.367690086364746,10.597885131835938,9.955023765563965,10.234604835510254
/data/public/EchoSet/test/VLzqgDo317F/0_8_meetingroom_conferenceroom/7021_2830/mix.wav,8.829019546508789,9.319770812988281,8.53869342803955,9.067513465881348
/data/public/EchoSet/test/VLzqgDo317F/0_8_meetingroom_conferenceroom/1284_7127/mix.wav,6.64990234375,6.719733715057373,6.017186641693115,6.291843414306641
/data/public/EchoSet/test/VLzqgDo317F/0_8_meetingroom_conferenceroom/3570_7127/mix.wav,6.78764009475708,6.5793256759643555,6.200207233428955,6.101868152618408
/data/public/EchoSet/test/VLzqgDo317F/0_8_meetingroom_conferenceroom/6829_4077/mix.wav,9.497452735900879,9.692049980163574,8.88033676147461,9.115987777709961
/data/public/EchoSet/test/VLzqgDo317F/0_8_meetingroom_conferenceroom/8555_4970/mix.wav,10.916585922241211,11.132430076599121,10.488340377807617,10.728738784790039
/data/public/EchoSet/test/VLzqgDo317F/0_8_meetingroom_conferenceroom/7021_3570/mix.wav,11.599660873413086,11.634296417236328,10.925463676452637,11.004586219787598
/data/public/EchoSet/test/VLzqgDo317F/0_8_meetingroom_conferenceroom/4446_8224/mix.wav,10.276297569274902,10.179964065551758,9.417800903320312,9.378994941711426
/data/public/EchoSet/test/VLzqgDo317F/0_8_meetingroom_conferenceroom/3575_1320/mix.wav,9.44441032409668,10.004972457885742,8.827448844909668,9.453407287597656
/data/public/EchoSet/test/VLzqgDo317F/0_8_meetingroom_conferenceroom/2961_3729/mix.wav,8.218735694885254,8.075448036193848,7.5797553062438965,7.555919647216797
/data/public/EchoSet/test/VLzqgDo317F/0_8_meetingroom_conferenceroom/8224_61/mix.wav,4.101024627685547,3.699953556060791,3.070291519165039,2.7524194717407227
/data/public/EchoSet/test/VLzqgDo317F/0_8_meetingroom_conferenceroom/4077_7729/mix.wav,7.933472633361816,8.23525333404541,7.3621063232421875,7.728156089782715
/data/public/EchoSet/test/VLzqgDo317F/0_8_meetingroom_conferenceroom/3729_7021/mix.wav,7.571532249450684,7.850183010101318,7.050419807434082,7.40201997756958
/data/public/EchoSet/test/VLzqgDo317F/0_8_meetingroom_conferenceroom/4507_1221/mix.wav,6.847966194152832,7.125091552734375,5.980255603790283,6.3387885093688965
/data/public/EchoSet/test/VLzqgDo317F/0_8_meetingroom_conferenceroom/4446_1089/mix.wav,10.529036521911621,10.827383041381836,10.028633117675781,10.37152099609375
/data/public/EchoSet/test/VLzqgDo317F/0_8_meetingroom_conferenceroom/5142_2830/mix.wav,9.170980453491211,9.321812629699707,8.341216087341309,8.575761795043945
/data/public/EchoSet/test/VLzqgDo317F/0_8_meetingroom_conferenceroom/7127_672/mix.wav,13.271635055541992,13.536724090576172,12.794516563415527,13.070863723754883
/data/public/EchoSet/test/VLzqgDo317F/0_8_meetingroom_conferenceroom/2830_8555/mix.wav,11.382242202758789,11.377182006835938,10.206918716430664,10.27579116821289
/data/public/EchoSet/test/VLzqgDo317F/0_8_meetingroom_conferenceroom/4507_5142/mix.wav,10.537613868713379,10.624604225158691,9.979848861694336,10.087921142578125
/data/public/EchoSet/test/VLzqgDo317F/0_8_meetingroom_conferenceroom/8230_2094/mix.wav,9.379976272583008,9.431633949279785,8.196118354797363,8.290160179138184
/data/public/EchoSet/test/VLzqgDo317F/0_8_meetingroom_conferenceroom/8463_5142/mix.wav,10.377593994140625,10.415417671203613,9.79327392578125,9.883859634399414
/data/public/EchoSet/test/VLzqgDo317F/0_8_meetingroom_conferenceroom/121_6930/mix.wav,10.522256851196289,10.691347122192383,10.170860290527344,10.389859199523926
/data/public/EchoSet/test/VLzqgDo317F/0_8_meetingroom_conferenceroom/5142_260/mix.wav,12.864513397216797,12.850740432739258,12.15926742553711,12.23001766204834
/data/public/EchoSet/test/VLzqgDo317F/0_8_meetingroom_conferenceroom/237_3570/mix.wav,10.051887512207031,10.532965660095215,9.384002685546875,9.908319473266602
/data/public/EchoSet/test/VLzqgDo317F/0_8_meetingroom_conferenceroom/1221_3575/mix.wav,10.773397445678711,10.87254524230957,10.139272689819336,10.300592422485352
/data/public/EchoSet/test/VLzqgDo317F/0_8_meetingroom_conferenceroom/5105_5683/mix.wav,6.402617454528809,6.713535308837891,5.824323654174805,6.204242706298828
/data/public/EchoSet/test/VLzqgDo317F/0_8_meetingroom_conferenceroom/5105_61/mix.wav,8.572725296020508,8.37191390991211,7.966510772705078,7.853844165802002
/data/public/EchoSet/test/VLzqgDo317F/0_8_meetingroom_conferenceroom/908_8455/mix.wav,0.34470754861831665,0.22278717160224915,-0.9557845592498779,-0.9338884353637695
/data/public/EchoSet/test/VLzqgDo317F/0_8_meetingroom_conferenceroom/1089_6829/mix.wav,9.602107048034668,9.655433654785156,9.182537078857422,9.299945831298828
/data/public/EchoSet/test/VLzqgDo317F/0_8_meetingroom_conferenceroom/5105_2830/mix.wav,5.956799030303955,2.9381515979766846,2.5752601623535156,0.6990768909454346
/data/public/EchoSet/test/VLzqgDo317F/0_8_meetingroom_conferenceroom/1188_4077/mix.wav,9.643658638000488,9.8638334274292,8.924697875976562,9.177278518676758
/data/public/EchoSet/test/VLzqgDo317F/0_8_meetingroom_conferenceroom/260_7176/mix.wav,4.956888675689697,5.055483818054199,4.593374252319336,4.724955081939697
/data/public/EchoSet/test/VLzqgDo317F/0_8_meetingroom_conferenceroom/7729_2300/mix.wav,6.208329200744629,6.379709720611572,5.541913032531738,5.765159606933594
/data/public/EchoSet/test/VLzqgDo317F/0_8_meetingroom_conferenceroom/1580_4970/mix.wav,2.2163515090942383,2.251897096633911,1.7093998193740845,1.8272600173950195
/data/public/EchoSet/test/VLzqgDo317F/0_8_meetingroom_conferenceroom/1089_1995/mix.wav,11.146471977233887,11.081084251403809,10.637763023376465,10.621562957763672
/data/public/EchoSet/test/VLzqgDo317F/0_8_meetingroom_conferenceroom/4992_8455/mix.wav,10.318435668945312,10.32502555847168,10.03034782409668,10.085548400878906
/data/public/EchoSet/test/VLzqgDo317F/0_8_meetingroom_conferenceroom/61_1188/mix.wav,8.014532089233398,8.191889762878418,7.649295806884766,7.855321884155273
/data/public/EchoSet/test/VLzqgDo317F/0_8_meetingroom_conferenceroom/4970_1188/mix.wav,13.000444412231445,13.278289794921875,12.449102401733398,12.748793601989746
/data/public/EchoSet/test/VLzqgDo317F/0_8_meetingroom_conferenceroom/8224_4970/mix.wav,8.156025886535645,8.728727340698242,7.611109733581543,8.293169975280762
/data/public/EchoSet/test/VLzqgDo317F/0_8_meetingroom_conferenceroom/237_1188/mix.wav,11.308937072753906,11.312830924987793,10.79081916809082,10.82320785522461
/data/public/EchoSet/test/VLzqgDo317F/0_8_meetingroom_conferenceroom/7021_6930/mix.wav,8.185907363891602,8.278694152832031,6.596396446228027,6.723453044891357
/data/public/EchoSet/test/VLzqgDo317F/0_8_meetingroom_conferenceroom/8555_7176/mix.wav,8.74832534790039,8.848420143127441,8.082107543945312,8.301691055297852
/data/public/EchoSet/test/VLzqgDo317F/0_8_meetingroom_conferenceroom/1995_5142/mix.wav,9.897538185119629,10.449224472045898,9.559863090515137,10.220359802246094
/data/public/EchoSet/test/VLzqgDo317F/0_8_meetingroom_conferenceroom/672_4507/mix.wav,9.617642402648926,10.165966033935547,9.340264320373535,9.920056343078613
/data/public/EchoSet/test/VLzqgDo317F/0_8_meetingroom_conferenceroom/2961_61/mix.wav,11.090579986572266,11.282855033874512,10.65223503112793,10.864036560058594
/data/public/EchoSet/test/VLzqgDo317F/0_8_meetingroom_conferenceroom/7127_3575/mix.wav,8.172910690307617,8.357780456542969,7.389840602874756,7.649750232696533
/data/public/EchoSet/test/VLzqgDo317F/0_8_meetingroom_conferenceroom/8455_61/mix.wav,5.596841812133789,5.8085432052612305,5.127315044403076,5.380245208740234
/data/public/EchoSet/test/VLzqgDo317F/0_8_meetingroom_conferenceroom/7176_908/mix.wav,0.29715263843536377,0.33633553981781006,-0.6792654991149902,-0.5650741457939148
/data/public/EchoSet/test/VLzqgDo317F/0_8_meetingroom_conferenceroom/8230_7176/mix.wav,3.595337152481079,4.0385637283325195,3.201770544052124,3.7749431133270264
/data/public/EchoSet/test/VLzqgDo317F/0_8_meetingroom_conferenceroom/7176_1580/mix.wav,13.896875381469727,14.007927894592285,13.5663480758667,13.711897850036621
/data/public/EchoSet/test/VLzqgDo317F/0_8_meetingroom_conferenceroom/3570_121/mix.wav,15.294795989990234,15.408490180969238,14.528802871704102,14.656867980957031
/data/public/EchoSet/test/VLzqgDo317F/0_8_meetingroom_conferenceroom/4446_4992/mix.wav,6.974803924560547,7.106321811676025,6.278125286102295,6.4776787757873535
/data/public/EchoSet/test/VLzqgDo317F/0_8_meetingroom_conferenceroom/8230_4446/mix.wav,9.41446304321289,9.476226806640625,8.997379302978516,9.110998153686523
/data/public/EchoSet/test/VLzqgDo317F/0_8_meetingroom_conferenceroom/5142_3729/mix.wav,8.035752296447754,8.325681686401367,7.661593914031982,8.016154289245605
/data/public/EchoSet/test/VLzqgDo317F/0_8_meetingroom_conferenceroom/1995_4077/mix.wav,10.455342292785645,10.491680145263672,9.970194816589355,10.050816535949707
/data/public/EchoSet/test/VLzqgDo317F/0_8_meetingroom_conferenceroom/6829_7176/mix.wav,8.668264389038086,8.734034538269043,8.224790573120117,8.32137680053711
/data/public/EchoSet/test/VLzqgDo317F/0_8_meetingroom_conferenceroom/8555_4446/mix.wav,8.486440658569336,9.23279094696045,8.112346649169922,8.92281723022461
/data/public/EchoSet/test/VLzqgDo317F/0_8_meetingroom_conferenceroom/1188_5105/mix.wav,12.149845123291016,12.329143524169922,11.611177444458008,11.816089630126953
/data/public/EchoSet/test/VLzqgDo317F/0_8_meetingroom_conferenceroom/1320_8230/mix.wav,5.43868350982666,5.31893253326416,4.680447578430176,4.709755897521973
/data/public/EchoSet/test/VLzqgDo317F/0_8_meetingroom_conferenceroom/1580_4446/mix.wav,9.682085037231445,9.787220001220703,9.18022346496582,9.322749137878418
/data/public/EchoSet/test/VLzqgDo317F/0_8_meetingroom_conferenceroom/5105_2300/mix.wav,3.6194779872894287,3.62262225151062,2.961819887161255,3.0209052562713623
/data/public/EchoSet/test/VLzqgDo317F/0_8_meetingroom_conferenceroom/2094_1580/mix.wav,7.796276092529297,7.728512287139893,7.405392646789551,7.375605583190918
/data/public/EchoSet/test/VLzqgDo317F/0_8_meetingroom_conferenceroom/8555_1320/mix.wav,13.484538078308105,13.308614730834961,13.036497116088867,12.956802368164062
/data/public/EchoSet/test/VLzqgDo317F/0_8_meetingroom_conferenceroom/7729_2830/mix.wav,8.877935409545898,9.038737297058105,8.014603614807129,8.20811653137207
/data/public/EchoSet/test/VLzqgDo317F/0_8_meetingroom_conferenceroom/5639_260/mix.wav,6.868740081787109,7.2222795486450195,6.602245807647705,6.993893146514893
/data/public/EchoSet/test/VLzqgDo317F/0_8_meetingroom_conferenceroom/1221_4446/mix.wav,8.660995483398438,9.024240493774414,7.991490364074707,8.482147216796875
/data/public/EchoSet/test/VLzqgDo317F/0_8_meetingroom_conferenceroom/1995_5639/mix.wav,9.938924789428711,10.306386947631836,9.636096000671387,10.067181587219238
/data/public/EchoSet/test/VLzqgDo317F/0_8_meetingroom_conferenceroom/908_4992/mix.wav,8.903116226196289,8.996198654174805,8.333436965942383,8.527332305908203
/data/public/EchoSet/test/VLzqgDo317F/0_8_meetingroom_conferenceroom/672_5683/mix.wav,3.0255720615386963,3.2026028633117676,1.8760576248168945,2.098228693008423
/data/public/EchoSet/test/VLzqgDo317F/0_8_meetingroom_conferenceroom/260_3575/mix.wav,14.12299919128418,14.213903427124023,13.595229148864746,13.727860450744629
/data/public/EchoSet/test/VLzqgDo317F/0_8_meetingroom_conferenceroom/3729_2961/mix.wav,-0.6199259161949158,-0.19763129949569702,-1.3652050495147705,-0.9048905372619629
/data/public/EchoSet/test/VLzqgDo317F/0_8_meetingroom_conferenceroom/121_2094/mix.wav,9.223361015319824,9.603912353515625,8.748366355895996,9.175188064575195
/data/public/EchoSet/test/VLzqgDo317F/0_8_meetingroom_conferenceroom/4077_260/mix.wav,10.513652801513672,10.718467712402344,10.016244888305664,10.269964218139648
/data/public/EchoSet/test/VLzqgDo317F/0_8_meetingroom_conferenceroom/237_2300/mix.wav,8.838939666748047,9.225822448730469,8.332178115844727,8.745257377624512
/data/public/EchoSet/test/VLzqgDo317F/0_8_meetingroom_conferenceroom/237_1221/mix.wav,9.123594284057617,9.510367393493652,8.679647445678711,9.09302043914795
/data/public/EchoSet/test/VLzqgDo317F/0_8_meetingroom_conferenceroom/1320_1284/mix.wav,9.531631469726562,9.860024452209473,9.196786880493164,9.580575942993164
/data/public/EchoSet/test/VLzqgDo317F/0_8_meetingroom_conferenceroom/121_3729/mix.wav,10.662714958190918,10.689033508300781,10.117420196533203,10.195611000061035
/data/public/EchoSet/test/VLzqgDo317F/0_8_meetingroom_conferenceroom/6930_8463/mix.wav,-0.17631006240844727,-0.2634003162384033,-0.5618510246276855,-0.542050838470459
/data/public/EchoSet/test/VLzqgDo317F/0_8_meetingroom_conferenceroom/7729_1995/mix.wav,11.201347351074219,11.361285209655762,10.950828552246094,11.158685684204102
/data/public/EchoSet/test/VLzqgDo317F/0_8_meetingroom_conferenceroom/672_1580/mix.wav,9.889734268188477,9.941727638244629,8.235644340515137,8.309922218322754
/data/public/EchoSet/test/VLzqgDo317F/0_8_meetingroom_conferenceroom/260_5142/mix.wav,8.99026107788086,9.040504455566406,8.479843139648438,8.592697143554688
/data/public/EchoSet/test/VLzqgDo317F/0_8_meetingroom_conferenceroom/3729_6829/mix.wav,2.7121572494506836,2.874338388442993,1.966817021369934,2.172840118408203
/data/public/EchoSet/test/VLzqgDo317F/0_8_meetingroom_conferenceroom/121_1221/mix.wav,9.406293869018555,9.388267517089844,8.586868286132812,8.601473808288574
/data/public/EchoSet/test/VLzqgDo317F/0_8_meetingroom_conferenceroom/5105_1284/mix.wav,0.5421162843704224,1.191665530204773,-0.06302237510681152,0.6847567558288574
/data/public/EchoSet/test/VLzqgDo317F/0_8_meetingroom_conferenceroom/1320_4970/mix.wav,13.958845138549805,13.914732933044434,13.333078384399414,13.346688270568848
/data/public/EchoSet/test/VLzqgDo317F/0_8_meetingroom_conferenceroom/5683_6930/mix.wav,8.87181282043457,8.972979545593262,8.044490814208984,8.199962615966797
/data/public/EchoSet/test/VLzqgDo317F/0_8_meetingroom_conferenceroom/7127_1089/mix.wav,5.294983863830566,5.335962295532227,4.6755523681640625,4.7699408531188965
/data/public/EchoSet/test/VLzqgDo317F/0_8_meetingroom_conferenceroom/260_8224/mix.wav,1.8064213991165161,1.9278817176818848,1.1059257984161377,1.2691835165023804
/data/public/EchoSet/test/VLzqgDo317F/0_8_meetingroom_conferenceroom/6930_3575/mix.wav,7.411276817321777,7.526823997497559,6.564556121826172,6.750575065612793
/data/public/EchoSet/test/VLzqgDo317F/0_8_meetingroom_conferenceroom/4992_3570/mix.wav,1.4436469078063965,1.7063770294189453,0.042995989322662354,0.33911019563674927
/data/public/EchoSet/test/VLzqgDo317F/0_8_meetingroom_conferenceroom/672_121/mix.wav,8.487075805664062,8.463693618774414,7.7923808097839355,7.8223724365234375
/data/public/EchoSet/test/VLzqgDo317F/0_8_meetingroom_conferenceroom/237_5639/mix.wav,12.654701232910156,12.653440475463867,12.352226257324219,12.395938873291016
/data/public/EchoSet/test/VLzqgDo317F/0_8_meetingroom_conferenceroom/7021_4077/mix.wav,11.934439659118652,11.888672828674316,10.95291519165039,10.994484901428223
/data/public/EchoSet/test/VLzqgDo317F/0_8_meetingroom_conferenceroom/8463_3570/mix.wav,7.072895526885986,7.1466474533081055,6.579078674316406,6.75398588180542
/data/public/EchoSet/test/VLzqgDo317F/0_8_meetingroom_conferenceroom/3729_1320/mix.wav,10.535048484802246,10.863130569458008,9.824066162109375,10.209494590759277
/data/public/EchoSet/test/VLzqgDo317F/0_8_meetingroom_conferenceroom/61_8455/mix.wav,7.689404010772705,7.660530090332031,7.011734485626221,7.07424259185791
/data/public/EchoSet/test/VLzqgDo317F/0_8_meetingroom_conferenceroom/4077_5683/mix.wav,6.876643657684326,6.975193500518799,5.722189426422119,5.879378318786621
/data/public/EchoSet/test/VLzqgDo317F/0_8_meetingroom_conferenceroom/4992_1188/mix.wav,12.462353706359863,12.43139362335205,11.986157417297363,12.00528335571289
/data/public/EchoSet/test/VLzqgDo317F/0_8_meetingroom_conferenceroom/1188_1320/mix.wav,4.15934944152832,4.049460411071777,3.799478530883789,3.782952308654785
/data/public/EchoSet/test/VLzqgDo317F/0_8_meetingroom_conferenceroom/1089_8455/mix.wav,7.169493675231934,7.0221052169799805,6.697340965270996,6.622217178344727
/data/public/EchoSet/test/VLzqgDo317F/0_8_meetingroom_conferenceroom/6829_5683/mix.wav,9.395795822143555,9.487011909484863,8.929302215576172,9.062568664550781
/data/public/EchoSet/test/VLzqgDo317F/0_8_meetingroom_conferenceroom/4992_1995/mix.wav,2.8507137298583984,3.0746119022369385,2.1477773189544678,2.3988544940948486
/data/public/EchoSet/test/VLzqgDo317F/0_8_meetingroom_conferenceroom/3575_7021/mix.wav,12.406597137451172,12.444518089294434,12.045804977416992,12.114457130432129
/data/public/EchoSet/test/VLzqgDo317F/0_8_meetingroom_conferenceroom/7729_7127/mix.wav,9.676870346069336,10.124862670898438,9.45018196105957,9.923004150390625
/data/public/EchoSet/test/VLzqgDo317F/0_8_meetingroom_conferenceroom/6930_2094/mix.wav,6.687893867492676,6.864406585693359,5.521467685699463,5.7454657554626465
/data/public/EchoSet/test/VLzqgDo317F/0_8_meetingroom_conferenceroom/2961_908/mix.wav,9.202174186706543,9.083346366882324,7.686122894287109,7.650057792663574
/data/public/EchoSet/test/VLzqgDo317F/0_8_meetingroom_conferenceroom/6829_2961/mix.wav,5.7622880935668945,6.331169128417969,5.074771404266357,5.6873779296875
/data/public/EchoSet/test/VLzqgDo317F/0_8_meetingroom_conferenceroom/4507_672/mix.wav,8.70835018157959,9.205421447753906,8.278369903564453,8.851239204406738
/data/public/EchoSet/test/VLzqgDo317F/1_2_meetingroom_conferenceroom/7729_1995/mix.wav,10.91705322265625,11.246682167053223,10.517313003540039,10.870660781860352
/data/public/EchoSet/test/VLzqgDo317F/1_2_meetingroom_conferenceroom/8230_4992/mix.wav,10.435330390930176,10.490811347961426,9.915489196777344,10.013319969177246
/data/public/EchoSet/test/VLzqgDo317F/1_2_meetingroom_conferenceroom/237_4992/mix.wav,7.146607398986816,7.581389427185059,6.823362350463867,7.567917823791504
/data/public/EchoSet/test/VLzqgDo317F/1_2_meetingroom_conferenceroom/3729_908/mix.wav,12.996366500854492,12.991798400878906,12.09561538696289,12.187764167785645
/data/public/EchoSet/test/VLzqgDo317F/1_2_meetingroom_conferenceroom/6930_260/mix.wav,13.107412338256836,13.274057388305664,12.732213020324707,12.938638687133789
/data/public/EchoSet/test/VLzqgDo317F/1_2_meetingroom_conferenceroom/8555_5105/mix.wav,14.131613731384277,14.181709289550781,13.684085845947266,13.76411247253418
/data/public/EchoSet/test/VLzqgDo317F/1_2_meetingroom_conferenceroom/1320_7729/mix.wav,2.0210134983062744,2.1744742393493652,0.5767295360565186,0.8293581008911133
/data/public/EchoSet/test/VLzqgDo317F/1_2_meetingroom_conferenceroom/121_237/mix.wav,7.383794784545898,7.521954536437988,6.955185890197754,7.191036224365234
/data/public/EchoSet/test/VLzqgDo317F/1_2_meetingroom_conferenceroom/61_2961/mix.wav,7.7117018699646,8.031166076660156,6.934926986694336,7.319498062133789
/data/public/EchoSet/test/VLzqgDo317F/1_2_meetingroom_conferenceroom/1188_1580/mix.wav,13.103181838989258,13.115504264831543,12.69118881225586,12.747031211853027
/data/public/EchoSet/test/VLzqgDo317F/1_2_meetingroom_conferenceroom/7127_121/mix.wav,4.031374931335449,4.333699703216553,3.282954216003418,3.680821418762207
/data/public/EchoSet/test/VLzqgDo317F/1_2_meetingroom_conferenceroom/8224_2961/mix.wav,9.96615219116211,10.240547180175781,8.990925788879395,9.28463077545166
/data/public/EchoSet/test/VLzqgDo317F/1_2_meetingroom_conferenceroom/8555_4507/mix.wav,9.33332633972168,9.459295272827148,8.819256782531738,8.9851655960083
/data/public/EchoSet/test/VLzqgDo317F/1_2_meetingroom_conferenceroom/1580_2961/mix.wav,10.314903259277344,10.553300857543945,9.968351364135742,10.250218391418457
/data/public/EchoSet/test/VLzqgDo317F/1_2_meetingroom_conferenceroom/121_908/mix.wav,9.208800315856934,9.309551239013672,7.182956695556641,7.319202899932861
/data/public/EchoSet/test/VLzqgDo317F/1_2_meetingroom_conferenceroom/1320_3575/mix.wav,11.183737754821777,11.070809364318848,10.379467010498047,10.337129592895508
/data/public/EchoSet/test/VLzqgDo317F/1_2_meetingroom_conferenceroom/4446_7176/mix.wav,11.010973930358887,11.271573066711426,10.522063255310059,10.83174991607666
/data/public/EchoSet/test/VLzqgDo317F/1_2_meetingroom_conferenceroom/1188_7176/mix.wav,7.157390117645264,7.263975143432617,6.88939905166626,7.047317028045654
/data/public/EchoSet/test/VLzqgDo317F/1_2_meetingroom_conferenceroom/3570_4970/mix.wav,11.242356300354004,11.549026489257812,10.463993072509766,10.814209938049316
/data/public/EchoSet/test/VLzqgDo317F/1_2_meetingroom_conferenceroom/8455_5142/mix.wav,11.294889450073242,11.36754322052002,10.81640625,10.924416542053223
/data/public/EchoSet/test/VLzqgDo317F/1_2_meetingroom_conferenceroom/5105_8463/mix.wav,-1.2750390768051147,-0.9849447011947632,-2.01908278465271,-1.674639105796814
/data/public/EchoSet/test/VLzqgDo317F/1_2_meetingroom_conferenceroom/7176_5683/mix.wav,14.880912780761719,14.915410995483398,14.145588874816895,14.203886985778809
/data/public/EchoSet/test/VLzqgDo317F/1_2_meetingroom_conferenceroom/7176_121/mix.wav,11.846151351928711,11.9491548538208,11.437187194824219,11.57597541809082
/data/public/EchoSet/test/VLzqgDo317F/1_2_meetingroom_conferenceroom/7021_1221/mix.wav,1.7416701316833496,2.1145715713500977,0.9366631507873535,1.3807423114776611
/data/public/EchoSet/test/VLzqgDo317F/1_2_meetingroom_conferenceroom/5639_3570/mix.wav,9.349515914916992,9.856392860412598,9.002372741699219,9.55115795135498
/data/public/EchoSet/test/VLzqgDo317F/1_2_meetingroom_conferenceroom/4970_8455/mix.wav,11.277539253234863,11.28764533996582,10.756954193115234,10.859739303588867
/data/public/EchoSet/test/VLzqgDo317F/1_2_meetingroom_conferenceroom/61_4507/mix.wav,10.195932388305664,10.38704776763916,9.492355346679688,9.732505798339844
/data/public/EchoSet/test/VLzqgDo317F/1_2_meetingroom_conferenceroom/8463_4446/mix.wav,11.065439224243164,11.119884490966797,10.721729278564453,10.884105682373047
/data/public/EchoSet/test/VLzqgDo317F/1_2_meetingroom_conferenceroom/6930_2094/mix.wav,2.228562593460083,2.259627342224121,1.6985859870910645,1.8033392429351807
/data/public/EchoSet/test/VLzqgDo317F/1_2_meetingroom_conferenceroom/1284_8463/mix.wav,9.671873092651367,9.611621856689453,9.217435836791992,9.205827713012695
/data/public/EchoSet/test/VLzqgDo317F/1_2_meetingroom_conferenceroom/3570_8463/mix.wav,10.53151798248291,10.807775497436523,10.021587371826172,10.33863353729248
/data/public/EchoSet/test/VLzqgDo317F/1_2_meetingroom_conferenceroom/3729_7127/mix.wav,9.317298889160156,9.222526550292969,6.556824207305908,6.634804725646973
/data/public/EchoSet/test/VLzqgDo317F/1_2_meetingroom_conferenceroom/2830_3570/mix.wav,9.12826919555664,8.609140396118164,6.810995578765869,7.245324611663818
/data/public/EchoSet/test/VLzqgDo317F/1_2_meetingroom_conferenceroom/4970_8224/mix.wav,9.633222579956055,9.847932815551758,9.128007888793945,9.387401580810547
/data/public/EchoSet/test/VLzqgDo317F/1_2_meetingroom_conferenceroom/5639_6829/mix.wav,10.932823181152344,10.840271949768066,10.57990837097168,10.576677322387695
/data/public/EchoSet/test/VLzqgDo317F/1_2_meetingroom_conferenceroom/8463_1580/mix.wav,7.168406009674072,7.402844429016113,6.476368427276611,6.873126983642578
/data/public/EchoSet/test/VLzqgDo317F/1_2_meetingroom_conferenceroom/7127_8230/mix.wav,7.023822784423828,6.890048503875732,5.802385330200195,5.722657680511475
/data/public/EchoSet/test/VLzqgDo317F/1_2_meetingroom_conferenceroom/908_7021/mix.wav,12.359504699707031,12.49731159210205,11.951655387878418,12.120137214660645
/data/public/EchoSet/test/VLzqgDo317F/1_2_meetingroom_conferenceroom/6829_1580/mix.wav,7.629910469055176,7.817532539367676,7.119704246520996,7.391839981079102
/data/public/EchoSet/test/VLzqgDo317F/1_2_meetingroom_conferenceroom/1284_8224/mix.wav,12.771559715270996,12.897725105285645,12.12830924987793,12.274908065795898
/data/public/EchoSet/test/VLzqgDo317F/1_2_meetingroom_conferenceroom/1995_5142/mix.wav,5.4954423904418945,5.691755771636963,5.070827960968018,5.282717704772949
/data/public/EchoSet/test/VLzqgDo317F/1_2_meetingroom_conferenceroom/1221_1320/mix.wav,13.543092727661133,13.65382194519043,12.8100004196167,12.962008476257324
/data/public/EchoSet/test/VLzqgDo317F/1_2_meetingroom_conferenceroom/61_7127/mix.wav,5.116849899291992,5.111157417297363,4.225253105163574,4.321154594421387
/data/public/EchoSet/test/VLzqgDo317F/1_2_meetingroom_conferenceroom/6829_1188/mix.wav,10.348047256469727,10.342731475830078,9.807937622070312,9.919137954711914
/data/public/EchoSet/test/VLzqgDo317F/1_2_meetingroom_conferenceroom/5683_908/mix.wav,13.949817657470703,14.154623031616211,13.203047752380371,13.4442777633667
/data/public/EchoSet/test/VLzqgDo317F/1_2_meetingroom_conferenceroom/8230_672/mix.wav,10.139800071716309,10.268499374389648,9.737855911254883,9.898444175720215
/data/public/EchoSet/test/VLzqgDo317F/1_2_meetingroom_conferenceroom/3729_4507/mix.wav,11.837726593017578,12.23522663116455,11.390405654907227,11.817198753356934
/data/public/EchoSet/test/VLzqgDo317F/1_2_meetingroom_conferenceroom/2830_2961/mix.wav,11.713655471801758,11.646260261535645,9.324421882629395,9.332304000854492
/data/public/EchoSet/test/VLzqgDo317F/1_2_meetingroom_conferenceroom/260_7176/mix.wav,5.247849941253662,5.353146553039551,4.776123046875,4.960623741149902
/data/public/EchoSet/test/VLzqgDo317F/1_2_meetingroom_conferenceroom/1580_1320/mix.wav,11.11665153503418,11.268537521362305,10.312832832336426,10.535188674926758
/data/public/EchoSet/test/VLzqgDo317F/1_2_meetingroom_conferenceroom/2094_7127/mix.wav,8.748065948486328,9.033921241760254,7.193312644958496,7.547209739685059
/data/public/EchoSet/test/VLzqgDo317F/1_2_meetingroom_conferenceroom/672_4077/mix.wav,6.076992988586426,6.062766075134277,5.243539810180664,5.312075614929199
/data/public/EchoSet/test/VLzqgDo317F/1_2_meetingroom_conferenceroom/1188_5105/mix.wav,10.166973114013672,10.274452209472656,9.686667442321777,9.84771728515625
/data/public/EchoSet/test/VLzqgDo317F/1_2_meetingroom_conferenceroom/4992_2830/mix.wav,9.38486099243164,9.354151725769043,7.029820919036865,7.05742073059082
/data/public/EchoSet/test/VLzqgDo317F/1_2_meetingroom_conferenceroom/3729_5105/mix.wav,10.343690872192383,10.628462791442871,9.966558456420898,10.286235809326172
/data/public/EchoSet/test/VLzqgDo317F/1_2_meetingroom_conferenceroom/121_1995/mix.wav,6.544037818908691,6.6539201736450195,5.679067611694336,5.882748126983643
/data/public/EchoSet/test/VLzqgDo317F/1_2_meetingroom_conferenceroom/6930_5142/mix.wav,10.930705070495605,10.949406623840332,10.337498664855957,10.414180755615234
/data/public/EchoSet/test/VLzqgDo317F/1_2_meetingroom_conferenceroom/8455_4970/mix.wav,12.192258834838867,12.360597610473633,11.796724319458008,12.005208015441895
/data/public/EchoSet/test/VLzqgDo317F/1_2_meetingroom_conferenceroom/2300_5683/mix.wav,7.233363151550293,7.7006916999816895,6.74931001663208,7.2817182540893555
/data/public/EchoSet/test/VLzqgDo317F/1_2_meetingroom_conferenceroom/61_7176/mix.wav,7.995639801025391,8.367583274841309,7.565761566162109,8.00893783569336
/data/public/EchoSet/test/VLzqgDo317F/1_2_meetingroom_conferenceroom/5105_1221/mix.wav,12.26921558380127,12.424103736877441,11.653655052185059,11.84888744354248
/data/public/EchoSet/test/VLzqgDo317F/1_2_meetingroom_conferenceroom/672_1089/mix.wav,6.300559043884277,6.4647626876831055,4.425364971160889,4.673758506774902
/data/public/EchoSet/test/VLzqgDo317F/1_2_meetingroom_conferenceroom/5105_4077/mix.wav,-1.1211459636688232,-1.1174439191818237,-1.8947416543960571,-1.8354862928390503
/data/public/EchoSet/test/VLzqgDo317F/1_2_meetingroom_conferenceroom/8224_6829/mix.wav,7.39021110534668,7.606777191162109,6.945661544799805,7.2158918380737305
/data/public/EchoSet/test/VLzqgDo317F/1_2_meetingroom_conferenceroom/5142_260/mix.wav,10.06238079071045,9.767560958862305,9.284594535827637,9.124040603637695
/data/public/EchoSet/test/VLzqgDo317F/1_2_meetingroom_conferenceroom/3575_7729/mix.wav,11.428313255310059,11.675328254699707,11.061416625976562,11.351945877075195
/data/public/EchoSet/test/VLzqgDo317F/1_2_meetingroom_conferenceroom/2300_672/mix.wav,7.545444488525391,7.862435817718506,6.925669193267822,7.353729248046875
/data/public/EchoSet/test/VLzqgDo317F/1_2_meetingroom_conferenceroom/672_237/mix.wav,7.4609880447387695,7.602957248687744,6.779658317565918,6.9741621017456055
/data/public/EchoSet/test/VLzqgDo317F/1_2_meetingroom_conferenceroom/2830_4992/mix.wav,5.079113483428955,5.308238983154297,2.310882568359375,2.6799941062927246
/data/public/EchoSet/test/VLzqgDo317F/1_2_meetingroom_conferenceroom/1995_5639/mix.wav,13.966114044189453,14.010647773742676,13.635015487670898,13.72314739227295
/data/public/EchoSet/test/VLzqgDo317F/1_2_meetingroom_conferenceroom/8230_6930/mix.wav,6.290868759155273,6.421629428863525,5.710649490356445,5.957273960113525
/data/public/EchoSet/test/VLzqgDo317F/1_2_meetingroom_conferenceroom/4077_1320/mix.wav,4.5952067375183105,3.804548978805542,3.930542230606079,3.5077574253082275
/data/public/EchoSet/test/VLzqgDo317F/1_2_meetingroom_conferenceroom/4446_5683/mix.wav,7.545467853546143,7.344921588897705,6.720665454864502,6.642170429229736
/data/public/EchoSet/test/VLzqgDo317F/1_2_meetingroom_conferenceroom/1089_7729/mix.wav,8.470163345336914,8.412610054016113,8.10590934753418,8.079585075378418
/data/public/EchoSet/test/VLzqgDo317F/1_2_meetingroom_conferenceroom/2300_237/mix.wav,12.851680755615234,12.82158374786377,11.742137908935547,11.75610637664795
/data/public/EchoSet/test/VLzqgDo317F/1_2_meetingroom_conferenceroom/5639_8555/mix.wav,12.871025085449219,12.771553039550781,12.41617202758789,12.393254280090332
/data/public/EchoSet/test/VLzqgDo317F/1_2_meetingroom_conferenceroom/4507_8555/mix.wav,8.385505676269531,8.2891263961792,7.339829444885254,7.276883125305176
/data/public/EchoSet/test/VLzqgDo317F/1_2_meetingroom_conferenceroom/4077_1284/mix.wav,7.867676734924316,8.03479290008545,7.348344802856445,7.561426639556885
/data/public/EchoSet/test/VLzqgDo317F/1_2_meetingroom_conferenceroom/7729_8224/mix.wav,11.888612747192383,12.002311706542969,11.622344970703125,11.763860702514648
/data/public/EchoSet/test/VLzqgDo317F/1_2_meetingroom_conferenceroom/4507_260/mix.wav,13.830720901489258,13.693094253540039,13.279415130615234,13.347990036010742
/data/public/EchoSet/test/VLzqgDo317F/1_2_meetingroom_conferenceroom/1284_908/mix.wav,10.776840209960938,10.966553688049316,10.43912124633789,10.671002388000488
/data/public/EchoSet/test/VLzqgDo317F/1_2_meetingroom_conferenceroom/2830_8230/mix.wav,1.1896191835403442,1.2602297067642212,-0.6402774453163147,-0.37241631746292114
/data/public/EchoSet/test/VLzqgDo317F/1_2_meetingroom_conferenceroom/260_4970/mix.wav,11.704700469970703,11.954628944396973,10.698208808898926,11.064420700073242
/data/public/EchoSet/test/VLzqgDo317F/1_2_meetingroom_conferenceroom/1995_2961/mix.wav,9.47220230102539,9.40240478515625,8.889432907104492,8.888908386230469
/data/public/EchoSet/test/VLzqgDo317F/1_2_meetingroom_conferenceroom/6829_4970/mix.wav,10.833490371704102,10.953401565551758,10.403705596923828,10.556185722351074
/data/public/EchoSet/test/VLzqgDo317F/1_2_meetingroom_conferenceroom/4446_5639/mix.wav,6.801149845123291,6.8369646072387695,6.162927627563477,6.235278129577637
/data/public/EchoSet/test/VLzqgDo317F/1_2_meetingroom_conferenceroom/1284_4992/mix.wav,5.1818389892578125,5.052199840545654,4.480347633361816,4.542391777038574
/data/public/EchoSet/test/VLzqgDo317F/1_2_meetingroom_conferenceroom/5639_8230/mix.wav,14.323336601257324,14.416844367980957,13.899178504943848,14.00743293762207
/data/public/EchoSet/test/VLzqgDo317F/1_2_meetingroom_conferenceroom/4507_8230/mix.wav,11.424463272094727,11.567355155944824,11.102787017822266,11.288472175598145
/data/public/EchoSet/test/VLzqgDo317F/1_2_meetingroom_conferenceroom/7021_1995/mix.wav,9.086978912353516,9.675553321838379,8.791268348693848,9.416377067565918
/data/public/EchoSet/test/VLzqgDo317F/1_2_meetingroom_conferenceroom/7021_4446/mix.wav,12.982800483703613,13.05475902557373,12.548124313354492,12.642294883728027
/data/public/EchoSet/test/VLzqgDo317F/1_2_meetingroom_conferenceroom/1089_7176/mix.wav,11.582103729248047,11.796163558959961,11.319832801818848,11.568704605102539
/data/public/EchoSet/test/VLzqgDo317F/1_2_meetingroom_conferenceroom/4446_5142/mix.wav,8.091794967651367,8.10586929321289,7.518445014953613,7.575416564941406
/data/public/EchoSet/test/VLzqgDo317F/1_2_meetingroom_conferenceroom/3570_2830/mix.wav,13.62842082977295,13.711673736572266,13.353477478027344,13.46320629119873
/data/public/EchoSet/test/VLzqgDo317F/1_2_meetingroom_conferenceroom/2094_4970/mix.wav,11.183845520019531,11.21768569946289,10.518733978271484,10.579560279846191
/data/public/EchoSet/test/VLzqgDo317F/1_2_meetingroom_conferenceroom/1188_3729/mix.wav,10.706907272338867,10.691664695739746,10.14472770690918,10.212040901184082
/data/public/EchoSet/test/VLzqgDo317F/1_2_meetingroom_conferenceroom/3729_4077/mix.wav,4.383357524871826,4.146143913269043,3.730194091796875,3.8483924865722656
/data/public/EchoSet/test/VLzqgDo317F/1_2_meetingroom_conferenceroom/1284_2961/mix.wav,4.874828338623047,4.76039981842041,3.992621421813965,3.980820655822754
/data/public/EchoSet/test/VLzqgDo317F/1_2_meetingroom_conferenceroom/5142_4992/mix.wav,5.212660789489746,5.371509552001953,4.794447422027588,5.0388007164001465
/data/public/EchoSet/test/VLzqgDo317F/1_2_meetingroom_conferenceroom/8224_3575/mix.wav,12.854097366333008,12.901744842529297,12.237143516540527,12.34109115600586
/data/public/EchoSet/test/VLzqgDo317F/1_2_meetingroom_conferenceroom/908_5683/mix.wav,11.657219886779785,11.305285453796387,10.763751983642578,10.791187286376953
/data/public/EchoSet/test/VLzqgDo317F/1_2_meetingroom_conferenceroom/2961_8455/mix.wav,12.475873947143555,12.494081497192383,12.044296264648438,12.11732006072998
/data/public/EchoSet/test/VLzqgDo317F/1_2_meetingroom_conferenceroom/1089_1188/mix.wav,4.883318901062012,5.0541911125183105,4.331195831298828,4.564126014709473
/data/public/EchoSet/test/VLzqgDo317F/1_2_meetingroom_conferenceroom/7021_6930/mix.wav,14.563907623291016,14.610945701599121,13.321624755859375,13.40546989440918
/data/public/EchoSet/test/VLzqgDo317F/1_2_meetingroom_conferenceroom/4507_1089/mix.wav,13.324747085571289,13.535937309265137,13.006698608398438,13.259906768798828
/data/public/EchoSet/test/VLzqgDo317F/1_2_meetingroom_conferenceroom/1188_2300/mix.wav,6.187738418579102,6.375125885009766,5.629376411437988,5.876636505126953
/data/public/EchoSet/test/VLzqgDo317F/1_2_meetingroom_conferenceroom/7729_2094/mix.wav,15.909178733825684,16.093297958374023,15.470809936523438,15.677948951721191
/data/public/EchoSet/test/VLzqgDo317F/1_2_meetingroom_conferenceroom/1089_5683/mix.wav,11.445365905761719,11.610318183898926,10.906627655029297,11.09618854522705
/data/public/EchoSet/test/VLzqgDo317F/1_2_meetingroom_conferenceroom/6829_8455/mix.wav,9.446866989135742,9.50496768951416,8.495182037353516,8.619380950927734
/data/public/EchoSet/test/VLzqgDo317F/1_2_meetingroom_conferenceroom/1221_8555/mix.wav,9.696271896362305,9.698569297790527,9.314318656921387,9.361166000366211
/data/public/EchoSet/test/VLzqgDo317F/1_2_meetingroom_conferenceroom/5142_908/mix.wav,11.41167163848877,11.445048332214355,10.68103313446045,10.747365951538086
/data/public/EchoSet/test/VLzqgDo317F/1_2_meetingroom_conferenceroom/4077_7021/mix.wav,8.831331253051758,8.972542762756348,8.14742374420166,8.314336776733398
/data/public/EchoSet/test/VLzqgDo317F/1_2_meetingroom_conferenceroom/5105_237/mix.wav,10.090951919555664,10.033014297485352,8.604194641113281,8.60601806640625
/data/public/EchoSet/test/VLzqgDo317F/1_2_meetingroom_conferenceroom/1284_1580/mix.wav,8.811441421508789,8.90853500366211,8.29409408569336,8.450008392333984
/data/public/EchoSet/test/VLzqgDo317F/1_2_meetingroom_conferenceroom/61_4077/mix.wav,5.783346176147461,6.048487663269043,5.243655204772949,5.604987144470215
/data/public/EchoSet/test/VLzqgDo317F/1_2_meetingroom_conferenceroom/4970_2961/mix.wav,9.037873268127441,9.121920585632324,8.568557739257812,8.70831298828125
/data/public/EchoSet/test/VLzqgDo317F/1_2_meetingroom_conferenceroom/8555_5639/mix.wav,12.56801700592041,12.630716323852539,12.002737045288086,12.141264915466309
/data/public/EchoSet/test/VLzqgDo317F/1_2_meetingroom_conferenceroom/4446_1284/mix.wav,9.680353164672852,9.744565963745117,9.113235473632812,9.222184181213379
/data/public/EchoSet/test/VLzqgDo317F/1_2_meetingroom_conferenceroom/260_8224/mix.wav,8.118682861328125,8.589205741882324,7.5707197189331055,8.101766586303711
/data/public/EchoSet/test/VLzqgDo317F/1_2_meetingroom_conferenceroom/1320_3570/mix.wav,10.160530090332031,10.191428184509277,8.816183090209961,9.01526165008545
/data/public/EchoSet/test/VLzqgDo317F/1_2_meetingroom_conferenceroom/8555_7021/mix.wav,12.328571319580078,12.581342697143555,11.904729843139648,12.206875801086426
/data/public/EchoSet/test/VLzqgDo317F/1_2_meetingroom_conferenceroom/8555_1089/mix.wav,11.224437713623047,11.266923904418945,10.533235549926758,10.681754112243652
/data/public/EchoSet/test/VLzqgDo317F/1_2_meetingroom_conferenceroom/7729_3575/mix.wav,9.97530460357666,10.138340950012207,9.355680465698242,9.574116706848145
/data/public/EchoSet/test/VLzqgDo317F/1_2_meetingroom_conferenceroom/2094_2300/mix.wav,6.33596134185791,6.181067943572998,5.342670917510986,5.326681137084961
/data/public/EchoSet/test/VLzqgDo317F/1_2_meetingroom_conferenceroom/1188_3575/mix.wav,14.320148468017578,14.535927772521973,13.671116828918457,13.938225746154785
/data/public/EchoSet/test/VLzqgDo317F/1_2_meetingroom_conferenceroom/5105_6829/mix.wav,6.913669586181641,7.04157829284668,6.181210994720459,6.335202693939209
/data/public/EchoSet/test/VLzqgDo317F/1_2_meetingroom_conferenceroom/2094_121/mix.wav,5.843890190124512,5.945170879364014,5.312921524047852,5.453850269317627
/data/public/EchoSet/test/VLzqgDo317F/1_2_meetingroom_conferenceroom/237_1089/mix.wav,9.875832557678223,9.940555572509766,9.031393051147461,9.18404483795166
/data/public/EchoSet/test/VLzqgDo317F/1_2_meetingroom_conferenceroom/1580_1221/mix.wav,9.480690002441406,9.474505424499512,8.984954833984375,9.011609077453613
/data/public/EchoSet/test/VLzqgDo317F/1_2_meetingroom_conferenceroom/672_7127/mix.wav,6.804532051086426,7.130075931549072,6.269833564758301,6.645073890686035
/data/public/EchoSet/test/VLzqgDo317F/1_2_meetingroom_conferenceroom/2830_908/mix.wav,7.634324550628662,7.302433967590332,5.911355018615723,6.080265522003174
/data/public/EchoSet/test/VLzqgDo317F/1_2_meetingroom_conferenceroom/61_5142/mix.wav,4.7905426025390625,5.047604084014893,3.260972738265991,3.6218926906585693
/data/public/EchoSet/test/VLzqgDo317F/1_2_meetingroom_conferenceroom/2094_8455/mix.wav,7.377549648284912,7.458710670471191,6.566956520080566,6.6813225746154785
/data/public/EchoSet/test/VLzqgDo317F/1_2_meetingroom_conferenceroom/6930_7176/mix.wav,11.0225248336792,11.642784118652344,10.793153762817383,11.457695960998535
/data/public/EchoSet/test/VLzqgDo317F/1_2_meetingroom_conferenceroom/121_1221/mix.wav,8.845048904418945,8.990324020385742,8.362906455993652,8.535868644714355
/data/public/EchoSet/test/VLzqgDo317F/1_2_meetingroom_conferenceroom/8463_3575/mix.wav,11.02385139465332,11.285061836242676,10.527042388916016,10.866316795349121
/data/public/EchoSet/test/VLzqgDo317F/1_2_meetingroom_conferenceroom/4992_3575/mix.wav,13.229889869689941,13.278589248657227,12.729951858520508,12.80347728729248
/data/public/EchoSet/test/VLzqgDo317F/1_2_meetingroom_conferenceroom/1995_1580/mix.wav,12.563140869140625,12.872451782226562,12.241292953491211,12.651384353637695
/data/public/EchoSet/test/VLzqgDo317F/1_2_meetingroom_conferenceroom/8224_8455/mix.wav,6.238058567047119,6.34575080871582,4.94384765625,5.106667518615723
/data/public/EchoSet/test/VLzqgDo317F/1_2_meetingroom_conferenceroom/237_2300/mix.wav,10.04802417755127,10.30761432647705,9.679800987243652,9.990809440612793
/data/public/EchoSet/test/VLzqgDo317F/1_2_meetingroom_conferenceroom/7127_5683/mix.wav,13.70522689819336,13.842817306518555,13.096587181091309,13.270306587219238
/data/public/EchoSet/test/VLzqgDo317F/1_2_meetingroom_conferenceroom/7021_237/mix.wav,13.028589248657227,13.191356658935547,12.566134452819824,12.75131893157959
/data/public/EchoSet/test/VLzqgDo317F/1_2_meetingroom_conferenceroom/61_5639/mix.wav,10.777174949645996,10.827045440673828,9.514700889587402,9.582756042480469
/data/public/EchoSet/test/VLzqgDo317F/1_2_meetingroom_conferenceroom/1320_6930/mix.wav,14.245291709899902,14.190943717956543,13.696449279785156,13.764310836791992
/data/public/EchoSet/test/VLzqgDo317F/1_2_meetingroom_conferenceroom/260_2300/mix.wav,4.45078182220459,4.7329936027526855,4.054030418395996,4.416133880615234
/data/public/EchoSet/test/VLzqgDo317F/1_2_meetingroom_conferenceroom/260_1221/mix.wav,9.627591133117676,9.989049911499023,9.239587783813477,9.660333633422852
/data/public/EchoSet/test/VLzqgDo317F/1_2_meetingroom_conferenceroom/672_61/mix.wav,7.17104434967041,7.162513732910156,6.197946071624756,6.2179412841796875
/data/public/EchoSet/test/VLzqgDo317F/1_2_meetingroom_conferenceroom/3729_8463/mix.wav,9.348220825195312,9.65876579284668,8.631119728088379,9.033217430114746
/data/public/EchoSet/test/VLzqgDo317F/1_2_meetingroom_conferenceroom/6829_4077/mix.wav,6.978967666625977,7.027195930480957,6.512266159057617,6.593326091766357
/data/public/EchoSet/test/VLzqgDo317F/0_7_meetingroom_conferenceroom/3729_121/mix.wav,10.501840591430664,10.497976303100586,10.060691833496094,10.091958999633789
/data/public/EchoSet/test/VLzqgDo317F/0_7_meetingroom_conferenceroom/1089_8555/mix.wav,10.596710205078125,10.414257049560547,10.02108383178711,10.126447677612305
/data/public/EchoSet/test/VLzqgDo317F/0_7_meetingroom_conferenceroom/3729_6829/mix.wav,-1.5403999090194702,-1.0646190643310547,-2.2591874599456787,-1.7169361114501953
/data/public/EchoSet/test/VLzqgDo317F/0_7_meetingroom_conferenceroom/237_3575/mix.wav,7.044764518737793,6.976345062255859,5.645698547363281,5.620306015014648
/data/public/EchoSet/test/VLzqgDo317F/0_7_meetingroom_conferenceroom/3575_908/mix.wav,9.637556076049805,9.830880165100098,8.930072784423828,9.229894638061523
/data/public/EchoSet/test/VLzqgDo317F/0_7_meetingroom_conferenceroom/8230_5105/mix.wav,8.183613777160645,8.261232376098633,7.66501522064209,7.791298866271973
/data/public/EchoSet/test/VLzqgDo317F/0_7_meetingroom_conferenceroom/4970_8555/mix.wav,8.315284729003906,8.35548210144043,7.9569621086120605,8.017433166503906
/data/public/EchoSet/test/VLzqgDo317F/0_7_meetingroom_conferenceroom/4970_2300/mix.wav,11.685232162475586,11.70226001739502,10.782061576843262,10.829192161560059
/data/public/EchoSet/test/VLzqgDo317F/0_7_meetingroom_conferenceroom/7729_4446/mix.wav,11.468648910522461,11.479726791381836,10.909658432006836,10.95811653137207
/data/public/EchoSet/test/VLzqgDo317F/0_7_meetingroom_conferenceroom/1188_4446/mix.wav,13.194097518920898,13.305810928344727,12.664859771728516,12.813541412353516
/data/public/EchoSet/test/VLzqgDo317F/0_7_meetingroom_conferenceroom/7127_5639/mix.wav,5.084270477294922,5.137882232666016,4.6612958908081055,4.750153541564941
/data/public/EchoSet/test/VLzqgDo317F/0_7_meetingroom_conferenceroom/61_4992/mix.wav,9.954390525817871,9.979133605957031,9.527582168579102,9.64677619934082
/data/public/EchoSet/test/VLzqgDo317F/0_7_meetingroom_conferenceroom/1221_2830/mix.wav,8.560379981994629,8.350884437561035,7.27452278137207,7.2331132888793945
/data/public/EchoSet/test/VLzqgDo317F/0_7_meetingroom_conferenceroom/4446_7176/mix.wav,10.957402229309082,11.161686897277832,10.56006908416748,10.787169456481934
/data/public/EchoSet/test/VLzqgDo317F/0_7_meetingroom_conferenceroom/5683_6930/mix.wav,8.056289672851562,8.23793888092041,7.480833530426025,7.702269554138184
/data/public/EchoSet/test/VLzqgDo317F/0_7_meetingroom_conferenceroom/3575_8230/mix.wav,6.7416229248046875,6.792011260986328,6.066370964050293,6.176750659942627
/data/public/EchoSet/test/VLzqgDo317F/0_7_meetingroom_conferenceroom/8224_5683/mix.wav,8.582378387451172,8.685174942016602,7.733303546905518,7.923851013183594
/data/public/EchoSet/test/VLzqgDo317F/0_7_meetingroom_conferenceroom/1580_2961/mix.wav,10.745770454406738,10.79833984375,10.341203689575195,10.46925163269043
/data/public/EchoSet/test/VLzqgDo317F/0_7_meetingroom_conferenceroom/908_4992/mix.wav,13.084006309509277,13.13803768157959,12.680757522583008,12.76163101196289
/data/public/EchoSet/test/VLzqgDo317F/0_7_meetingroom_conferenceroom/8230_5683/mix.wav,11.91723918914795,11.913455963134766,11.49585247039795,11.540474891662598
/data/public/EchoSet/test/VLzqgDo317F/0_7_meetingroom_conferenceroom/1089_5639/mix.wav,3.20416259765625,3.5023012161254883,2.306856393814087,2.698849678039551
/data/public/EchoSet/test/VLzqgDo317F/0_7_meetingroom_conferenceroom/4970_5639/mix.wav,3.351034641265869,3.4554224014282227,1.5291393995285034,1.7934736013412476
/data/public/EchoSet/test/VLzqgDo317F/0_7_meetingroom_conferenceroom/7127_2300/mix.wav,4.850467205047607,5.24888801574707,3.7016870975494385,4.166019439697266
/data/public/EchoSet/test/VLzqgDo317F/0_7_meetingroom_conferenceroom/8555_121/mix.wav,16.36959457397461,16.52292251586914,16.073707580566406,16.231300354003906
/data/public/EchoSet/test/VLzqgDo317F/0_7_meetingroom_conferenceroom/4077_121/mix.wav,9.145398139953613,9.13705062866211,8.268831253051758,8.388279914855957
/data/public/EchoSet/test/VLzqgDo317F/0_7_meetingroom_conferenceroom/2830_1580/mix.wav,5.6293840408325195,6.021077632904053,2.8986313343048096,3.3821442127227783
/data/public/EchoSet/test/VLzqgDo317F/0_7_meetingroom_conferenceroom/7127_4077/mix.wav,0.9148330688476562,1.2635284662246704,0.13655078411102295,0.5609754323959351
/data/public/EchoSet/test/VLzqgDo317F/0_7_meetingroom_conferenceroom/2300_1995/mix.wav,6.627028465270996,6.677819728851318,6.072246551513672,6.184098720550537
/data/public/EchoSet/test/VLzqgDo317F/0_7_meetingroom_conferenceroom/5105_8463/mix.wav,6.486666679382324,6.522744178771973,4.663523197174072,4.732974052429199
/data/public/EchoSet/test/VLzqgDo317F/0_7_meetingroom_conferenceroom/4970_61/mix.wav,9.51948356628418,9.593862533569336,9.010072708129883,9.142645835876465
/data/public/EchoSet/test/VLzqgDo317F/0_7_meetingroom_conferenceroom/7021_5142/mix.wav,8.800384521484375,9.17236328125,8.168582916259766,8.60097599029541
/data/public/EchoSet/test/VLzqgDo317F/0_7_meetingroom_conferenceroom/8224_5105/mix.wav,4.930207252502441,4.966569423675537,3.869807243347168,3.996342658996582
/data/public/EchoSet/test/VLzqgDo317F/0_7_meetingroom_conferenceroom/2300_3570/mix.wav,5.83817195892334,5.906667232513428,5.134995460510254,5.255824089050293
/data/public/EchoSet/test/VLzqgDo317F/0_7_meetingroom_conferenceroom/61_2961/mix.wav,5.241588592529297,5.283023357391357,3.712947368621826,3.901472568511963
/data/public/EchoSet/test/VLzqgDo317F/0_7_meetingroom_conferenceroom/121_237/mix.wav,13.01392936706543,13.036312103271484,12.400554656982422,12.458112716674805
/data/public/EchoSet/test/VLzqgDo317F/0_7_meetingroom_conferenceroom/5683_6829/mix.wav,9.433952331542969,9.555771827697754,8.579614639282227,8.783510208129883
/data/public/EchoSet/test/VLzqgDo317F/0_7_meetingroom_conferenceroom/3575_8224/mix.wav,10.891843795776367,10.88735580444336,9.940101623535156,10.004961967468262
/data/public/EchoSet/test/VLzqgDo317F/0_7_meetingroom_conferenceroom/5639_4446/mix.wav,11.668213844299316,11.812356948852539,11.254849433898926,11.43118953704834
/data/public/EchoSet/test/VLzqgDo317F/0_7_meetingroom_conferenceroom/1320_237/mix.wav,8.827733993530273,9.104260444641113,8.004467964172363,8.35870361328125
/data/public/EchoSet/test/VLzqgDo317F/0_7_meetingroom_conferenceroom/2961_1188/mix.wav,7.827779769897461,7.789297103881836,6.623843193054199,6.91908073425293
/data/public/EchoSet/test/VLzqgDo317F/0_7_meetingroom_conferenceroom/3729_1320/mix.wav,10.536741256713867,10.661260604858398,9.970138549804688,10.166051864624023
/data/public/EchoSet/test/VLzqgDo317F/0_7_meetingroom_conferenceroom/3729_4507/mix.wav,11.5772123336792,11.654831886291504,11.0164794921875,11.176676750183105
/data/public/EchoSet/test/VLzqgDo317F/0_7_meetingroom_conferenceroom/2830_237/mix.wav,11.715024948120117,11.999553680419922,10.488616943359375,10.810559272766113
/data/public/EchoSet/test/VLzqgDo317F/0_7_meetingroom_conferenceroom/1221_7127/mix.wav,8.668294906616211,8.565262794494629,7.533621788024902,7.523367404937744
/data/public/EchoSet/test/VLzqgDo317F/0_7_meetingroom_conferenceroom/4992_908/mix.wav,8.087937355041504,8.392265319824219,7.680230140686035,8.03962230682373
/data/public/EchoSet/test/VLzqgDo317F/0_7_meetingroom_conferenceroom/61_1995/mix.wav,7.17208194732666,7.218672752380371,6.676498889923096,6.803837299346924
/data/public/EchoSet/test/VLzqgDo317F/0_7_meetingroom_conferenceroom/6930_3729/mix.wav,8.21714973449707,8.465861320495605,7.636087417602539,7.946442604064941
/data/public/EchoSet/test/VLzqgDo317F/0_7_meetingroom_conferenceroom/6930_1221/mix.wav,7.454373359680176,8.012434005737305,6.952727317810059,7.597797393798828
/data/public/EchoSet/test/VLzqgDo317F/0_7_meetingroom_conferenceroom/1580_6930/mix.wav,6.491454124450684,6.627171516418457,5.734472274780273,5.909386157989502
/data/public/EchoSet/test/VLzqgDo317F/0_7_meetingroom_conferenceroom/8555_672/mix.wav,10.992822647094727,11.40347671508789,10.70559310913086,11.177978515625
/data/public/EchoSet/test/VLzqgDo317F/0_7_meetingroom_conferenceroom/1995_5142/mix.wav,11.546287536621094,11.624868392944336,11.093791007995605,11.212235450744629
/data/public/EchoSet/test/VLzqgDo317F/0_7_meetingroom_conferenceroom/908_4446/mix.wav,11.39028549194336,11.544782638549805,10.800970077514648,11.032557487487793
/data/public/EchoSet/test/VLzqgDo317F/0_7_meetingroom_conferenceroom/1995_121/mix.wav,3.791961193084717,4.0738372802734375,2.4377081394195557,2.7673654556274414
/data/public/EchoSet/test/VLzqgDo317F/0_7_meetingroom_conferenceroom/7021_7729/mix.wav,8.620601654052734,8.967009544372559,8.237585067749023,8.623241424560547
/data/public/EchoSet/test/VLzqgDo317F/0_7_meetingroom_conferenceroom/672_908/mix.wav,9.931440353393555,10.268572807312012,9.090471267700195,9.480518341064453
/data/public/EchoSet/test/VLzqgDo317F/0_7_meetingroom_conferenceroom/7127_1284/mix.wav,8.709030151367188,8.67188835144043,8.137558937072754,8.157729148864746
/data/public/EchoSet/test/VLzqgDo317F/0_7_meetingroom_conferenceroom/6829_3570/mix.wav,10.322526931762695,10.293540000915527,9.628183364868164,9.634870529174805
/data/public/EchoSet/test/VLzqgDo317F/0_7_meetingroom_conferenceroom/8230_1188/mix.wav,6.502756118774414,6.4929914474487305,5.876946449279785,6.013404846191406
/data/public/EchoSet/test/VLzqgDo317F/0_7_meetingroom_conferenceroom/8224_1320/mix.wav,5.532370567321777,5.620893478393555,4.972917556762695,5.144937992095947
/data/public/EchoSet/test/VLzqgDo317F/0_7_meetingroom_conferenceroom/1995_4077/mix.wav,8.519709587097168,8.49739933013916,7.821308612823486,7.932065963745117
/data/public/EchoSet/test/VLzqgDo317F/0_7_meetingroom_conferenceroom/237_8455/mix.wav,10.81567668914795,10.889949798583984,10.13802719116211,10.273584365844727
/data/public/EchoSet/test/VLzqgDo317F/0_7_meetingroom_conferenceroom/4077_7176/mix.wav,3.597309112548828,3.7974653244018555,2.269557237625122,2.5405383110046387
/data/public/EchoSet/test/VLzqgDo317F/0_7_meetingroom_conferenceroom/5683_2830/mix.wav,7.59792947769165,7.702580451965332,6.465906143188477,6.750044345855713
/data/public/EchoSet/test/VLzqgDo317F/0_7_meetingroom_conferenceroom/260_8230/mix.wav,-0.37472760677337646,0.08039295673370361,-1.2438313961029053,-0.7274904251098633
/data/public/EchoSet/test/VLzqgDo317F/0_7_meetingroom_conferenceroom/1995_8455/mix.wav,10.566446304321289,10.873291015625,10.145309448242188,10.508620262145996
/data/public/EchoSet/test/VLzqgDo317F/0_7_meetingroom_conferenceroom/6829_6930/mix.wav,9.975635528564453,9.880176544189453,9.305129051208496,9.32153606414795
/data/public/EchoSet/test/VLzqgDo317F/0_7_meetingroom_conferenceroom/2094_1188/mix.wav,0.7994781732559204,0.8505682945251465,-1.2150835990905762,-1.100262999534607
/data/public/EchoSet/test/VLzqgDo317F/0_7_meetingroom_conferenceroom/1221_3570/mix.wav,7.761744976043701,7.832655906677246,7.207738876342773,7.354330539703369
/data/public/EchoSet/test/VLzqgDo317F/0_7_meetingroom_conferenceroom/1284_8230/mix.wav,2.7970519065856934,2.7315590381622314,2.2467713356018066,2.378992795944214
/data/public/EchoSet/test/VLzqgDo317F/0_7_meetingroom_conferenceroom/8455_672/mix.wav,7.1086626052856445,7.164452075958252,6.11496114730835,6.195013999938965
/data/public/EchoSet/test/VLzqgDo317F/0_7_meetingroom_conferenceroom/1995_8224/mix.wav,7.98594856262207,8.154862403869629,7.561912536621094,7.803506374359131
/data/public/EchoSet/test/VLzqgDo317F/0_7_meetingroom_conferenceroom/1580_4446/mix.wav,10.372946739196777,10.735580444335938,9.784992218017578,10.167542457580566
/data/public/EchoSet/test/VLzqgDo317F/0_7_meetingroom_conferenceroom/1284_5142/mix.wav,11.714520454406738,11.65589427947998,11.22677230834961,11.221381187438965
/data/public/EchoSet/test/VLzqgDo317F/0_7_meetingroom_conferenceroom/672_1580/mix.wav,9.959246635437012,10.014793395996094,9.107032775878906,9.250160217285156
/data/public/EchoSet/test/VLzqgDo317F/0_7_meetingroom_conferenceroom/908_6930/mix.wav,10.097663879394531,10.788373947143555,9.399894714355469,10.144086837768555
/data/public/EchoSet/test/VLzqgDo317F/0_7_meetingroom_conferenceroom/5142_8224/mix.wav,5.543761730194092,5.544611930847168,4.3796234130859375,4.640015602111816
/data/public/EchoSet/test/VLzqgDo317F/0_7_meetingroom_conferenceroom/1221_1580/mix.wav,2.9985921382904053,3.8534491062164307,2.2755794525146484,3.235328197479248
/data/public/EchoSet/test/VLzqgDo317F/0_7_meetingroom_conferenceroom/5105_5142/mix.wav,5.937314987182617,6.020199775695801,2.3586606979370117,2.4732038974761963
/data/public/EchoSet/test/VLzqgDo317F/0_7_meetingroom_conferenceroom/5639_4507/mix.wav,8.81187915802002,8.806594848632812,8.298591613769531,8.365251541137695
/data/public/EchoSet/test/VLzqgDo317F/0_7_meetingroom_conferenceroom/1089_7729/mix.wav,11.949323654174805,11.9610013961792,11.304710388183594,11.399145126342773
/data/public/EchoSet/test/VLzqgDo317F/0_7_meetingroom_conferenceroom/1089_2094/mix.wav,9.693829536437988,9.563167572021484,9.223508834838867,9.18620491027832
/data/public/EchoSet/test/VLzqgDo317F/0_7_meetingroom_conferenceroom/3570_2300/mix.wav,7.51521635055542,7.357549667358398,7.16529655456543,7.03587532043457
/data/public/EchoSet/test/VLzqgDo317F/0_7_meetingroom_conferenceroom/4446_5683/mix.wav,8.435166358947754,8.666779518127441,7.802987575531006,8.076520919799805
/data/public/EchoSet/test/VLzqgDo317F/0_7_meetingroom_conferenceroom/8463_908/mix.wav,7.969986915588379,8.1068115234375,7.244481563568115,7.409615516662598
/data/public/EchoSet/test/VLzqgDo317F/0_7_meetingroom_conferenceroom/7729_2961/mix.wav,11.373441696166992,11.273576736450195,10.966236114501953,10.916851997375488
/data/public/EchoSet/test/VLzqgDo317F/0_7_meetingroom_conferenceroom/4507_2300/mix.wav,9.889101028442383,10.035992622375488,9.489240646362305,9.664798736572266
/data/public/EchoSet/test/VLzqgDo317F/0_7_meetingroom_conferenceroom/5105_4992/mix.wav,10.219512939453125,10.393497467041016,9.835113525390625,10.124829292297363
/data/public/EchoSet/test/VLzqgDo317F/0_7_meetingroom_conferenceroom/4507_8555/mix.wav,8.752180099487305,8.927556037902832,8.307926177978516,8.533161163330078
/data/public/EchoSet/test/VLzqgDo317F/0_7_meetingroom_conferenceroom/4077_1284/mix.wav,7.786338806152344,7.963570594787598,6.447227478027344,6.676305294036865
/data/public/EchoSet/test/VLzqgDo317F/0_7_meetingroom_conferenceroom/1089_7127/mix.wav,10.942347526550293,11.02167797088623,10.458863258361816,10.598031997680664
/data/public/EchoSet/test/VLzqgDo317F/0_7_meetingroom_conferenceroom/4992_4077/mix.wav,10.125701904296875,10.203991889953613,9.780942916870117,9.891536712646484
/data/public/EchoSet/test/VLzqgDo317F/0_7_meetingroom_conferenceroom/7021_7176/mix.wav,5.361690521240234,5.317812919616699,5.0317888259887695,5.044938087463379
/data/public/EchoSet/test/VLzqgDo317F/0_7_meetingroom_conferenceroom/260_5105/mix.wav,5.106473445892334,5.146078109741211,4.513700485229492,4.596548080444336
/data/public/EchoSet/test/VLzqgDo317F/0_7_meetingroom_conferenceroom/121_4507/mix.wav,6.798694610595703,7.561742782592773,6.43739128112793,7.222164630889893
/data/public/EchoSet/test/VLzqgDo317F/0_7_meetingroom_conferenceroom/7021_1188/mix.wav,6.196305751800537,6.429006576538086,5.574862957000732,5.872901916503906
/data/public/EchoSet/test/VLzqgDo317F/0_7_meetingroom_conferenceroom/2300_121/mix.wav,7.284246921539307,8.0239839553833,6.760453224182129,7.57082462310791
/data/public/EchoSet/test/VLzqgDo317F/0_7_meetingroom_conferenceroom/2961_5142/mix.wav,4.733548164367676,4.634439468383789,4.195501804351807,4.171907901763916
/data/public/EchoSet/test/VLzqgDo317F/0_7_meetingroom_conferenceroom/61_908/mix.wav,6.787456035614014,6.7188191413879395,6.121339797973633,6.149218559265137
/data/public/EchoSet/test/VLzqgDo317F/0_7_meetingroom_conferenceroom/7021_1580/mix.wav,15.651025772094727,15.508768081665039,14.961856842041016,14.962957382202148
/data/public/EchoSet/test/VLzqgDo317F/0_7_meetingroom_conferenceroom/8230_7729/mix.wav,8.460777282714844,8.42945671081543,7.861386299133301,7.883539199829102
/data/public/EchoSet/test/VLzqgDo317F/0_7_meetingroom_conferenceroom/3570_4992/mix.wav,8.94901180267334,9.33698558807373,8.130020141601562,8.538429260253906
/data/public/EchoSet/test/VLzqgDo317F/0_7_meetingroom_conferenceroom/2830_4077/mix.wav,1.978621244430542,2.084712505340576,1.3548742532730103,1.5334370136260986
/data/public/EchoSet/test/VLzqgDo317F/0_7_meetingroom_conferenceroom/4507_5639/mix.wav,11.641453742980957,11.802495956420898,11.174736976623535,11.406743049621582
/data/public/EchoSet/test/VLzqgDo317F/0_7_meetingroom_conferenceroom/1320_2830/mix.wav,8.017261505126953,7.937023162841797,7.479233741760254,7.4584856033325195
/data/public/EchoSet/test/VLzqgDo317F/0_7_meetingroom_conferenceroom/1580_2094/mix.wav,5.826710224151611,6.267494201660156,4.9308085441589355,5.464893341064453
/data/public/EchoSet/test/VLzqgDo317F/0_7_meetingroom_conferenceroom/237_5683/mix.wav,8.299097061157227,8.551230430603027,7.568696975708008,7.869172096252441
/data/public/EchoSet/test/VLzqgDo317F/0_7_meetingroom_conferenceroom/8463_5639/mix.wav,9.252320289611816,9.341560363769531,8.341297149658203,8.454218864440918
/data/public/EchoSet/test/VLzqgDo317F/0_7_meetingroom_conferenceroom/3729_2300/mix.wav,11.42141342163086,11.38202953338623,10.897736549377441,10.893399238586426
/data/public/EchoSet/test/VLzqgDo317F/0_7_meetingroom_conferenceroom/4992_7021/mix.wav,-0.8919289112091064,-0.7152499556541443,-1.6751317977905273,-1.4272538423538208
/data/public/EchoSet/test/VLzqgDo317F/0_7_meetingroom_conferenceroom/2094_3575/mix.wav,9.214521408081055,9.127503395080566,8.411637306213379,8.407234191894531
/data/public/EchoSet/test/VLzqgDo317F/0_7_meetingroom_conferenceroom/1221_1284/mix.wav,11.748000144958496,11.873199462890625,11.265070915222168,11.434439659118652
/data/public/EchoSet/test/VLzqgDo317F/0_7_meetingroom_conferenceroom/4446_8555/mix.wav,10.128830909729004,10.039780616760254,9.356649398803711,9.338013648986816
/data/public/EchoSet/test/VLzqgDo317F/0_7_meetingroom_conferenceroom/4970_6829/mix.wav,4.584280967712402,4.982938289642334,4.117557525634766,4.537502288818359
/data/public/EchoSet/test/VLzqgDo317F/0_7_meetingroom_conferenceroom/2830_5639/mix.wav,5.982351779937744,6.111403942108154,5.617660045623779,5.782785415649414
/data/public/EchoSet/test/VLzqgDo317F/0_7_meetingroom_conferenceroom/1188_8555/mix.wav,11.896458625793457,12.027597427368164,10.490680694580078,10.69061279296875
/data/public/EchoSet/test/VLzqgDo317F/0_7_meetingroom_conferenceroom/672_4970/mix.wav,2.780583620071411,2.806633472442627,2.2126243114471436,2.284820079803467
/data/public/EchoSet/test/VLzqgDo317F/0_7_meetingroom_conferenceroom/1284_2961/mix.wav,9.221835136413574,9.324136734008789,8.825759887695312,9.064924240112305
/data/public/EchoSet/test/VLzqgDo317F/0_7_meetingroom_conferenceroom/1221_7729/mix.wav,9.749807357788086,9.934405326843262,9.35947036743164,9.615571975708008
/data/public/EchoSet/test/VLzqgDo317F/0_7_meetingroom_conferenceroom/5105_672/mix.wav,5.12576961517334,5.129544258117676,3.916726589202881,3.9752068519592285
/data/public/EchoSet/test/VLzqgDo317F/0_7_meetingroom_conferenceroom/121_7176/mix.wav,7.361352920532227,7.337259769439697,6.987621784210205,7.039002895355225
/data/public/EchoSet/test/VLzqgDo317F/0_7_meetingroom_conferenceroom/5142_6930/mix.wav,3.0601468086242676,3.2753899097442627,2.641082763671875,2.9365620613098145
/data/public/EchoSet/test/VLzqgDo317F/0_7_meetingroom_conferenceroom/1320_672/mix.wav,4.866783142089844,4.865431785583496,3.7826130390167236,3.9146902561187744
/data/public/EchoSet/test/VLzqgDo317F/0_7_meetingroom_conferenceroom/260_1188/mix.wav,2.9170608520507812,3.050224542617798,1.5180003643035889,1.7000281810760498
/data/public/EchoSet/test/VLzqgDo317F/0_7_meetingroom_conferenceroom/1188_7729/mix.wav,10.579645156860352,10.709043502807617,10.06220531463623,10.258626937866211
/data/public/EchoSet/test/VLzqgDo317F/0_7_meetingroom_conferenceroom/8463_260/mix.wav,8.696734428405762,8.902400970458984,8.133089065551758,8.40536117553711
/data/public/EchoSet/test/VLzqgDo317F/0_7_meetingroom_conferenceroom/61_8455/mix.wav,7.603762626647949,7.663895130157471,6.72781229019165,6.835782527923584
/data/public/EchoSet/test/VLzqgDo317F/0_7_meetingroom_conferenceroom/5683_8463/mix.wav,3.6389694213867188,4.006135940551758,-0.7827075123786926,-0.35406070947647095
/data/public/EchoSet/test/VLzqgDo317F/0_7_meetingroom_conferenceroom/1320_6829/mix.wav,13.067937850952148,13.218637466430664,12.650778770446777,12.81830883026123
/data/public/EchoSet/test/VLzqgDo317F/0_7_meetingroom_conferenceroom/6829_8455/mix.wav,9.447364807128906,9.707037925720215,8.77532958984375,9.14603042602539
/data/public/EchoSet/test/VLzqgDo317F/0_7_meetingroom_conferenceroom/3570_7176/mix.wav,8.577493667602539,8.888964653015137,8.07986831665039,8.495161056518555
/data/public/EchoSet/test/VLzqgDo317F/0_7_meetingroom_conferenceroom/260_7176/mix.wav,8.140668869018555,8.420555114746094,7.6968770027160645,8.02755355834961
/data/public/EchoSet/test/VLzqgDo317F/0_7_meetingroom_conferenceroom/2094_3729/mix.wav,9.233500480651855,9.238755226135254,8.738224029541016,8.781574249267578
/data/public/EchoSet/test/VLzqgDo317F/0_7_meetingroom_conferenceroom/237_1995/mix.wav,10.917741775512695,10.984277725219727,10.444095611572266,10.57999324798584
/data/public/EchoSet/test/VLzqgDo317F/0_7_meetingroom_conferenceroom/5105_6829/mix.wav,1.4581758975982666,1.6870636940002441,0.9589025974273682,1.2222692966461182
/data/public/EchoSet/test/VLzqgDo317F/0_7_meetingroom_conferenceroom/8455_2830/mix.wav,8.057734489440918,8.173409461975098,7.553712844848633,7.765598297119141
/data/public/EchoSet/test/VLzqgDo317F/0_7_meetingroom_conferenceroom/8463_4970/mix.wav,9.301316261291504,9.484895706176758,8.63521671295166,8.865620613098145
/data/public/EchoSet/test/VLzqgDo317F/0_7_meetingroom_conferenceroom/1089_4992/mix.wav,9.48025131225586,9.446216583251953,8.991840362548828,9.028648376464844
/data/public/EchoSet/test/VLzqgDo317F/0_7_meetingroom_conferenceroom/61_5142/mix.wav,6.803966522216797,6.94911003112793,4.549208641052246,4.791520118713379
/data/public/EchoSet/test/VLzqgDo317F/0_7_meetingroom_conferenceroom/6930_3570/mix.wav,9.23021125793457,9.303305625915527,8.482654571533203,8.58857250213623
/data/public/EchoSet/test/VLzqgDo317F/0_7_meetingroom_conferenceroom/260_61/mix.wav,11.025733947753906,10.920355796813965,10.18790054321289,10.17626667022705
/data/public/EchoSet/test/VLzqgDo317F/0_7_meetingroom_conferenceroom/8463_3575/mix.wav,12.540027618408203,12.869668006896973,12.182692527770996,12.593816757202148
/data/public/EchoSet/test/VLzqgDo317F/0_7_meetingroom_conferenceroom/1284_7127/mix.wav,11.175085067749023,11.126859664916992,9.855033874511719,10.17166805267334
/data/public/EchoSet/test/VLzqgDo317F/0_7_meetingroom_conferenceroom/4507_1284/mix.wav,6.151011943817139,6.257317066192627,5.652407169342041,5.79919958114624
/data/public/EchoSet/test/VLzqgDo317F/0_7_meetingroom_conferenceroom/3729_8463/mix.wav,13.001663208007812,13.108484268188477,12.563225746154785,12.694060325622559
/data/public/EchoSet/test/VLzqgDo317F/0_7_meetingroom_conferenceroom/1221_1089/mix.wav,10.198509216308594,10.086981773376465,9.696653366088867,9.647577285766602
/data/public/EchoSet/test/VLzqgDo317F/0_7_meetingroom_conferenceroom/3570_7127/mix.wav,9.351848602294922,9.376898765563965,8.950135231018066,9.033173561096191
/data/public/EchoSet/test/VLzqgDo317F/0_7_meetingroom_conferenceroom/260_1320/mix.wav,9.52502727508545,9.554657936096191,9.242059707641602,9.310081481933594
/data/public/EchoSet/test/VLzqgDo317F/0_7_meetingroom_conferenceroom/8455_2961/mix.wav,11.468218803405762,11.724079132080078,11.003175735473633,11.297850608825684
/data/public/EchoSet/test/VLzqgDo317F/0_7_meetingroom_conferenceroom/8555_8230/mix.wav,13.558185577392578,13.7172269821167,12.957611083984375,13.13858413696289
/data/public/EchoSet/test/VLzqgDo317F/0_7_meetingroom_conferenceroom/4507_2094/mix.wav,3.991286277770996,4.078963756561279,3.199005603790283,3.368156909942627
/data/public/EchoSet/test/VLzqgDo317F/0_7_meetingroom_conferenceroom/2961_2094/mix.wav,13.739238739013672,13.81726360321045,13.287771224975586,13.384145736694336
/data/public/EchoSet/test/uNb9QFRL6hY/0_28_living_room/8230_3570/mix.wav,12.226789474487305,12.248802185058594,11.787330627441406,11.847524642944336
/data/public/EchoSet/test/uNb9QFRL6hY/0_28_living_room/5142_908/mix.wav,6.19278621673584,6.339896202087402,5.659306526184082,5.932436466217041
/data/public/EchoSet/test/uNb9QFRL6hY/0_28_living_room/4992_61/mix.wav,10.534881591796875,10.625580787658691,10.23260498046875,10.374483108520508
/data/public/EchoSet/test/uNb9QFRL6hY/0_28_living_room/6930_8555/mix.wav,1.5862501859664917,1.6904734373092651,0.5417223572731018,0.6970305442810059
/data/public/EchoSet/test/uNb9QFRL6hY/0_28_living_room/4446_4507/mix.wav,12.384063720703125,12.43798828125,11.987625122070312,12.067440032958984
/data/public/EchoSet/test/uNb9QFRL6hY/0_28_living_room/6930_1221/mix.wav,9.584417343139648,9.446531295776367,8.907597541809082,8.813882827758789
/data/public/EchoSet/test/uNb9QFRL6hY/0_28_living_room/4077_672/mix.wav,10.887887954711914,11.019569396972656,10.033754348754883,10.192835807800293
/data/public/EchoSet/test/uNb9QFRL6hY/0_28_living_room/4446_5105/mix.wav,7.591598987579346,8.253133773803711,7.196075916290283,7.9154767990112305
/data/public/EchoSet/test/uNb9QFRL6hY/0_28_living_room/5639_2830/mix.wav,8.817346572875977,9.212013244628906,8.257534980773926,8.686044692993164
/data/public/EchoSet/test/uNb9QFRL6hY/0_28_living_room/7127_1284/mix.wav,5.91042423248291,5.800114154815674,5.187723159790039,5.396782875061035
/data/public/EchoSet/test/uNb9QFRL6hY/0_28_living_room/908_7176/mix.wav,4.176010608673096,4.3601226806640625,3.615720272064209,3.897226572036743
/data/public/EchoSet/test/uNb9QFRL6hY/0_28_living_room/8463_2830/mix.wav,9.055615425109863,9.62172794342041,8.708356857299805,9.313003540039062
/data/public/EchoSet/test/uNb9QFRL6hY/0_28_living_room/7176_1188/mix.wav,9.160475730895996,9.085590362548828,8.776697158813477,8.743757247924805
/data/public/EchoSet/test/uNb9QFRL6hY/0_28_living_room/237_1089/mix.wav,11.425519943237305,11.5147705078125,10.904582023620605,11.053186416625977
/data/public/EchoSet/test/uNb9QFRL6hY/0_28_living_room/8230_7127/mix.wav,8.161672592163086,8.372645378112793,6.331928253173828,6.6337995529174805
/data/public/EchoSet/test/uNb9QFRL6hY/0_28_living_room/5639_5105/mix.wav,8.995857238769531,9.267818450927734,8.484941482543945,8.831745147705078
/data/public/EchoSet/test/uNb9QFRL6hY/0_28_living_room/8224_4446/mix.wav,9.919666290283203,10.113515853881836,9.635519027709961,9.897964477539062
/data/public/EchoSet/test/uNb9QFRL6hY/0_28_living_room/121_3729/mix.wav,10.057687759399414,9.902429580688477,9.163515090942383,9.190777778625488
/data/public/EchoSet/test/uNb9QFRL6hY/0_28_living_room/1995_8224/mix.wav,5.583174705505371,5.633236408233643,5.109414100646973,5.243778705596924
/data/public/EchoSet/test/uNb9QFRL6hY/0_28_living_room/2961_4992/mix.wav,8.330656051635742,8.410616874694824,7.834255218505859,7.986497402191162
/data/public/EchoSet/test/uNb9QFRL6hY/0_28_living_room/8455_672/mix.wav,5.8243584632873535,5.626089096069336,5.090210914611816,5.176152229309082
/data/public/EchoSet/test/uNb9QFRL6hY/0_28_living_room/1284_5142/mix.wav,12.242465019226074,12.401876449584961,11.707087516784668,11.890206336975098
/data/public/EchoSet/test/uNb9QFRL6hY/0_28_living_room/237_2300/mix.wav,13.264396667480469,13.099842071533203,12.227964401245117,12.12759780883789
/data/public/EchoSet/test/uNb9QFRL6hY/0_28_living_room/1221_6829/mix.wav,7.791022777557373,7.80380392074585,7.2407307624816895,7.29472017288208
/data/public/EchoSet/test/uNb9QFRL6hY/0_28_living_room/7729_5683/mix.wav,10.084257125854492,10.285249710083008,9.575836181640625,9.843624114990234
/data/public/EchoSet/test/uNb9QFRL6hY/0_28_living_room/3570_2300/mix.wav,8.792445182800293,9.501214027404785,8.582937240600586,9.333364486694336
/data/public/EchoSet/test/uNb9QFRL6hY/0_28_living_room/1284_2300/mix.wav,6.896164894104004,6.898645401000977,6.306539058685303,6.407873630523682
/data/public/EchoSet/test/uNb9QFRL6hY/0_28_living_room/2961_4507/mix.wav,10.132826805114746,10.121420860290527,9.39228343963623,9.416413307189941
/data/public/EchoSet/test/uNb9QFRL6hY/0_28_living_room/7176_61/mix.wav,5.418144226074219,5.305492877960205,4.830148696899414,4.80721378326416
/data/public/EchoSet/test/uNb9QFRL6hY/0_28_living_room/3570_8555/mix.wav,12.173819541931152,12.342073440551758,11.838826179504395,12.049093246459961
/data/public/EchoSet/test/uNb9QFRL6hY/0_28_living_room/8463_7127/mix.wav,13.525659561157227,13.634706497192383,13.060737609863281,13.222681999206543
/data/public/EchoSet/test/uNb9QFRL6hY/0_28_living_room/4507_1320/mix.wav,13.391666412353516,13.459264755249023,12.988981246948242,13.091118812561035
/data/public/EchoSet/test/uNb9QFRL6hY/0_28_living_room/1188_1995/mix.wav,11.38827896118164,11.272712707519531,10.93326187133789,10.868600845336914
/data/public/EchoSet/test/uNb9QFRL6hY/0_28_living_room/4970_1221/mix.wav,6.319788932800293,6.441057205200195,5.5447893142700195,5.76979398727417
/data/public/EchoSet/test/uNb9QFRL6hY/0_28_living_room/1284_4970/mix.wav,9.677899360656738,9.787191390991211,8.411850929260254,8.555169105529785
/data/public/EchoSet/test/uNb9QFRL6hY/0_28_living_room/672_2961/mix.wav,12.503735542297363,12.623743057250977,11.557780265808105,11.903252601623535
/data/public/EchoSet/test/uNb9QFRL6hY/0_28_living_room/5105_2094/mix.wav,9.094932556152344,9.211324691772461,7.333914756774902,7.482182502746582
/data/public/EchoSet/test/uNb9QFRL6hY/0_28_living_room/672_908/mix.wav,8.250544548034668,8.34032154083252,7.634455680847168,7.762173652648926
/data/public/EchoSet/test/uNb9QFRL6hY/0_28_living_room/2094_2961/mix.wav,9.792880058288574,10.125304222106934,9.183540344238281,9.573080062866211
/data/public/EchoSet/test/uNb9QFRL6hY/0_28_living_room/8230_4507/mix.wav,10.644718170166016,11.150542259216309,9.988296508789062,10.594405174255371
/data/public/EchoSet/test/uNb9QFRL6hY/0_28_living_room/260_4970/mix.wav,8.026777267456055,8.08170223236084,7.008172035217285,7.104250907897949
/data/public/EchoSet/test/uNb9QFRL6hY/0_28_living_room/7021_8224/mix.wav,11.147298812866211,11.214920997619629,10.70713996887207,10.874499320983887
/data/public/EchoSet/test/uNb9QFRL6hY/0_28_living_room/3729_3570/mix.wav,7.023336410522461,6.7319254875183105,6.244215488433838,6.091265678405762
/data/public/EchoSet/test/uNb9QFRL6hY/0_28_living_room/8455_5639/mix.wav,4.891158103942871,4.986721992492676,4.088197231292725,4.292009353637695
/data/public/EchoSet/test/uNb9QFRL6hY/0_28_living_room/121_2094/mix.wav,7.767685890197754,7.782172679901123,7.132341384887695,7.185032844543457
/data/public/EchoSet/test/uNb9QFRL6hY/0_28_living_room/4970_237/mix.wav,10.675376892089844,10.929885864257812,10.336341857910156,10.636917114257812
/data/public/EchoSet/test/uNb9QFRL6hY/0_28_living_room/7127_2300/mix.wav,7.823720932006836,7.774643898010254,6.893583297729492,6.8810858726501465
/data/public/EchoSet/test/uNb9QFRL6hY/0_28_living_room/2830_1580/mix.wav,6.702116012573242,6.660260200500488,5.656932830810547,5.684117317199707
/data/public/EchoSet/test/uNb9QFRL6hY/0_28_living_room/7021_8555/mix.wav,12.498737335205078,12.757987022399902,12.066303253173828,12.345315933227539
/data/public/EchoSet/test/uNb9QFRL6hY/0_28_living_room/2961_3570/mix.wav,11.556293487548828,11.424381256103516,10.109126091003418,10.045198440551758
/data/public/EchoSet/test/uNb9QFRL6hY/0_28_living_room/7127_3729/mix.wav,12.167522430419922,12.170015335083008,11.615641593933105,11.663311958312988
/data/public/EchoSet/test/uNb9QFRL6hY/0_28_living_room/5639_1580/mix.wav,12.548765182495117,12.595073699951172,11.995847702026367,12.103384017944336
/data/public/EchoSet/test/uNb9QFRL6hY/0_28_living_room/3729_260/mix.wav,13.446426391601562,13.429239273071289,13.054325103759766,13.063081741333008
/data/public/EchoSet/test/uNb9QFRL6hY/0_28_living_room/5639_6829/mix.wav,10.882278442382812,10.891939163208008,10.365110397338867,10.402273178100586
/data/public/EchoSet/test/uNb9QFRL6hY/0_28_living_room/2830_61/mix.wav,4.410348415374756,4.130304336547852,3.61078143119812,3.5685224533081055
/data/public/EchoSet/test/uNb9QFRL6hY/0_28_living_room/4992_1995/mix.wav,11.259126663208008,11.158570289611816,10.612434387207031,10.587106704711914
/data/public/EchoSet/test/uNb9QFRL6hY/0_28_living_room/4077_5683/mix.wav,9.717350006103516,9.631864547729492,8.86751937866211,8.87601375579834
/data/public/EchoSet/test/uNb9QFRL6hY/0_28_living_room/4077_8224/mix.wav,6.9659223556518555,6.901400566101074,6.292675018310547,6.255571365356445
/data/public/EchoSet/test/uNb9QFRL6hY/0_28_living_room/1320_6829/mix.wav,13.325440406799316,13.086234092712402,12.805177688598633,12.676223754882812
/data/public/EchoSet/test/uNb9QFRL6hY/0_28_living_room/1284_1995/mix.wav,10.14506721496582,10.150068283081055,9.772647857666016,9.863748550415039
/data/public/EchoSet/test/uNb9QFRL6hY/0_28_living_room/672_4077/mix.wav,6.344651222229004,6.50393009185791,5.857121467590332,6.06107759475708
/data/public/EchoSet/test/uNb9QFRL6hY/0_28_living_room/8455_5105/mix.wav,10.906339645385742,11.174249649047852,10.385871887207031,10.684326171875
/data/public/EchoSet/test/uNb9QFRL6hY/0_28_living_room/1320_3570/mix.wav,12.872835159301758,12.8524169921875,12.269712448120117,12.2789306640625
/data/public/EchoSet/test/uNb9QFRL6hY/0_28_living_room/1995_1320/mix.wav,13.113258361816406,13.210123062133789,12.805585861206055,12.923650741577148
/data/public/EchoSet/test/uNb9QFRL6hY/0_28_living_room/4446_3575/mix.wav,11.718470573425293,11.723424911499023,11.015240669250488,11.097738265991211
/data/public/EchoSet/test/uNb9QFRL6hY/0_28_living_room/1580_4077/mix.wav,11.605459213256836,11.618767738342285,11.052519798278809,11.101322174072266
/data/public/EchoSet/test/uNb9QFRL6hY/0_28_living_room/237_6829/mix.wav,9.546250343322754,9.595535278320312,8.709819793701172,8.791242599487305
/data/public/EchoSet/test/uNb9QFRL6hY/0_28_living_room/2830_121/mix.wav,7.469415664672852,8.070626258850098,5.539443016052246,6.191518783569336
/data/public/EchoSet/test/uNb9QFRL6hY/0_28_living_room/1580_7021/mix.wav,11.797331809997559,12.057710647583008,11.373392105102539,11.6812744140625
/data/public/EchoSet/test/uNb9QFRL6hY/0_28_living_room/7127_5683/mix.wav,9.234045028686523,9.16720199584961,8.593189239501953,8.61376667022705
/data/public/EchoSet/test/uNb9QFRL6hY/0_28_living_room/8224_1089/mix.wav,9.924416542053223,9.943897247314453,9.397712707519531,9.464677810668945
/data/public/EchoSet/test/uNb9QFRL6hY/0_28_living_room/1320_6930/mix.wav,12.083046913146973,12.025713920593262,11.151658058166504,11.135748863220215
/data/public/EchoSet/test/uNb9QFRL6hY/0_28_living_room/8463_3575/mix.wav,9.461337089538574,9.529521942138672,8.985280990600586,9.143011093139648
/data/public/EchoSet/test/uNb9QFRL6hY/0_28_living_room/8230_4077/mix.wav,11.115884780883789,11.036991119384766,10.148233413696289,10.112156867980957
/data/public/EchoSet/test/uNb9QFRL6hY/0_28_living_room/5142_1188/mix.wav,13.036542892456055,13.097158432006836,12.525787353515625,12.6411714553833
/data/public/EchoSet/test/uNb9QFRL6hY/0_28_living_room/2300_672/mix.wav,5.6330060958862305,5.568526268005371,0.8438780903816223,0.7987839579582214
/data/public/EchoSet/test/uNb9QFRL6hY/0_28_living_room/1089_4507/mix.wav,11.862744331359863,11.986449241638184,11.515859603881836,11.657354354858398
/data/public/EchoSet/test/uNb9QFRL6hY/0_28_living_room/260_1320/mix.wav,4.796071529388428,5.333651065826416,4.3816609382629395,5.006051540374756
/data/public/EchoSet/test/uNb9QFRL6hY/0_28_living_room/4992_7729/mix.wav,9.05925178527832,9.074921607971191,8.387941360473633,8.478459358215332
/data/public/EchoSet/test/uNb9QFRL6hY/0_28_living_room/2961_7729/mix.wav,9.779853820800781,9.787281036376953,8.864599227905273,9.055163383483887
/data/public/EchoSet/test/uNb9QFRL6hY/0_28_living_room/4970_121/mix.wav,8.95688247680664,8.843402862548828,8.422511100769043,8.390543937683105
/data/public/EchoSet/test/uNb9QFRL6hY/0_28_living_room/1188_8455/mix.wav,11.362441062927246,11.427680015563965,10.825642585754395,10.947128295898438
/data/public/EchoSet/test/uNb9QFRL6hY/0_28_living_room/4992_2300/mix.wav,9.495906829833984,9.869455337524414,9.088709831237793,9.521804809570312
/data/public/EchoSet/test/uNb9QFRL6hY/0_28_living_room/5683_8555/mix.wav,10.912759780883789,11.07766342163086,10.073665618896484,10.29626750946045
/data/public/EchoSet/test/uNb9QFRL6hY/0_28_living_room/61_8224/mix.wav,-0.5400919914245605,-0.12095522880554199,-1.1582322120666504,-0.6770257949829102
/data/public/EchoSet/test/uNb9QFRL6hY/0_28_living_room/5105_4992/mix.wav,11.490974426269531,11.235736846923828,10.84842300415039,10.88261890411377
/data/public/EchoSet/test/uNb9QFRL6hY/0_28_living_room/61_237/mix.wav,14.001707077026367,14.114531517028809,13.555091857910156,13.74378490447998
/data/public/EchoSet/test/uNb9QFRL6hY/0_28_living_room/8463_8555/mix.wav,11.362970352172852,11.556161880493164,11.082366943359375,11.30751895904541
/data/public/EchoSet/test/uNb9QFRL6hY/0_28_living_room/908_2094/mix.wav,8.957294464111328,9.152486801147461,8.425140380859375,8.727032661437988
/data/public/EchoSet/test/uNb9QFRL6hY/0_28_living_room/7021_7176/mix.wav,5.163217067718506,5.199152946472168,4.8089494705200195,4.9238176345825195
/data/public/EchoSet/test/uNb9QFRL6hY/0_28_living_room/5683_1221/mix.wav,13.58947467803955,13.50637149810791,12.795448303222656,12.824699401855469
/data/public/EchoSet/test/uNb9QFRL6hY/0_28_living_room/2830_5142/mix.wav,8.68334674835205,8.7172212600708,5.971630096435547,6.050127983093262
/data/public/EchoSet/test/uNb9QFRL6hY/0_28_living_room/8230_260/mix.wav,8.47144889831543,8.450875282287598,6.850807189941406,6.880448818206787
/data/public/EchoSet/test/uNb9QFRL6hY/0_28_living_room/8455_7176/mix.wav,2.9863014221191406,2.996943950653076,1.7894830703735352,1.84565007686615
/data/public/EchoSet/test/uNb9QFRL6hY/0_28_living_room/4507_5142/mix.wav,12.142227172851562,12.402100563049316,11.745731353759766,12.057482719421387
/data/public/EchoSet/test/uNb9QFRL6hY/0_28_living_room/1188_5639/mix.wav,9.691006660461426,9.808565139770508,9.414056777954102,9.574555397033691
/data/public/EchoSet/test/uNb9QFRL6hY/0_28_living_room/908_3575/mix.wav,14.096363067626953,14.071907997131348,13.570466041564941,13.57339096069336
/data/public/EchoSet/test/uNb9QFRL6hY/0_28_living_room/1580_2094/mix.wav,3.1589322090148926,3.2562379837036133,1.6508567333221436,1.8508527278900146
/data/public/EchoSet/test/uNb9QFRL6hY/0_28_living_room/61_3729/mix.wav,1.8364274501800537,1.913905382156372,1.666128158569336,1.7873947620391846
/data/public/EchoSet/test/uNb9QFRL6hY/0_28_living_room/8463_1089/mix.wav,14.088720321655273,14.228066444396973,13.698077201843262,13.886492729187012
/data/public/EchoSet/test/uNb9QFRL6hY/0_28_living_room/1089_4446/mix.wav,11.498420715332031,11.631263732910156,10.899919509887695,11.079244613647461
/data/public/EchoSet/test/uNb9QFRL6hY/0_28_living_room/6930_121/mix.wav,11.065166473388672,11.068639755249023,10.444805145263672,10.527327537536621
/data/public/EchoSet/test/uNb9QFRL6hY/0_28_living_room/7021_6930/mix.wav,10.734292984008789,10.812686920166016,10.136003494262695,10.25529670715332
/data/public/EchoSet/test/uNb9QFRL6hY/0_28_living_room/7729_1221/mix.wav,14.155633926391602,14.34811019897461,13.877182960510254,14.11434555053711
/data/public/EchoSet/test/uNb9QFRL6hY/0_28_living_room/5142_5105/mix.wav,11.949670791625977,11.952414512634277,11.38032341003418,11.49029541015625
/data/public/EchoSet/test/uNb9QFRL6hY/0_28_living_room/3575_6829/mix.wav,10.68252944946289,10.606012344360352,9.605016708374023,9.58358097076416
/data/public/EchoSet/test/uNb9QFRL6hY/0_28_living_room/1284_260/mix.wav,11.721935272216797,11.858314514160156,11.20787239074707,11.419700622558594
/data/public/EchoSet/test/uNb9QFRL6hY/0_28_living_room/7729_3729/mix.wav,11.63827133178711,11.550738334655762,11.22208023071289,11.203187942504883
/data/public/EchoSet/test/uNb9QFRL6hY/0_1_office/7021_1320/mix.wav,6.951149940490723,7.1363348960876465,6.4895172119140625,6.780766487121582
/data/public/EchoSet/test/uNb9QFRL6hY/0_1_office/5142_4507/mix.wav,7.40587043762207,7.349573135375977,6.2090606689453125,6.2227582931518555
/data/public/EchoSet/test/uNb9QFRL6hY/0_1_office/2094_7729/mix.wav,15.217426300048828,15.528238296508789,14.883403778076172,15.223343849182129
/data/public/EchoSet/test/uNb9QFRL6hY/0_1_office/6930_4992/mix.wav,12.764753341674805,12.928297996520996,12.45828628540039,12.654955863952637
/data/public/EchoSet/test/uNb9QFRL6hY/0_1_office/8224_1284/mix.wav,7.945631980895996,8.18319320678711,7.1750030517578125,7.477331638336182
/data/public/EchoSet/test/uNb9QFRL6hY/0_1_office/121_5142/mix.wav,9.431732177734375,10.02526569366455,9.06942367553711,9.722302436828613
/data/public/EchoSet/test/uNb9QFRL6hY/0_1_office/2300_8224/mix.wav,0.904167890548706,0.9709322452545166,-0.6923768520355225,-0.5817790031433105
/data/public/EchoSet/test/uNb9QFRL6hY/0_1_office/6930_5105/mix.wav,3.030364990234375,2.964873790740967,-0.38367411494255066,-0.38447698950767517
/data/public/EchoSet/test/uNb9QFRL6hY/0_1_office/2830_8224/mix.wav,3.9320154190063477,4.1075439453125,3.0178639888763428,3.238215208053589
/data/public/EchoSet/test/uNb9QFRL6hY/0_1_office/4992_5639/mix.wav,11.063018798828125,11.182707786560059,10.12937068939209,10.351096153259277
/data/public/EchoSet/test/uNb9QFRL6hY/0_1_office/8555_8463/mix.wav,10.363213539123535,10.3475341796875,9.782705307006836,9.828435897827148
/data/public/EchoSet/test/uNb9QFRL6hY/0_1_office/908_7127/mix.wav,7.830630302429199,7.839241027832031,7.057287693023682,7.187232971191406
/data/public/EchoSet/test/uNb9QFRL6hY/0_1_office/1089_3570/mix.wav,8.43370532989502,8.454521179199219,7.768463134765625,7.866281509399414
/data/public/EchoSet/test/uNb9QFRL6hY/0_1_office/8463_1089/mix.wav,9.867098808288574,9.980341911315918,9.510278701782227,9.6848726272583
/data/public/EchoSet/test/uNb9QFRL6hY/0_1_office/672_6829/mix.wav,11.133321762084961,11.3650541305542,9.70151138305664,9.95976448059082
/data/public/EchoSet/test/uNb9QFRL6hY/0_1_office/8455_672/mix.wav,6.9053874015808105,7.091228485107422,4.835267066955566,5.121044158935547
/data/public/EchoSet/test/uNb9QFRL6hY/0_1_office/5639_7021/mix.wav,2.6430156230926514,2.736447334289551,1.9181488752365112,2.1559343338012695
/data/public/EchoSet/test/uNb9QFRL6hY/0_1_office/6829_8463/mix.wav,10.017679214477539,10.490796089172363,9.595026969909668,10.094346046447754
/data/public/EchoSet/test/uNb9QFRL6hY/0_1_office/5105_2830/mix.wav,9.897818565368652,7.819113731384277,9.248623847961426,8.10699462890625
/data/public/EchoSet/test/uNb9QFRL6hY/0_1_office/672_1188/mix.wav,8.727581024169922,9.008700370788574,7.155035495758057,7.46018123626709
/data/public/EchoSet/test/uNb9QFRL6hY/0_1_office/5683_1089/mix.wav,12.206621170043945,12.287266731262207,11.80184555053711,11.911696434020996
/data/public/EchoSet/test/uNb9QFRL6hY/0_1_office/4507_2300/mix.wav,11.454000473022461,11.599112510681152,10.869154930114746,11.054319381713867
/data/public/EchoSet/test/uNb9QFRL6hY/0_1_office/5142_237/mix.wav,2.1108510494232178,1.6431602239608765,1.6539040803909302,1.3470021486282349
/data/public/EchoSet/test/uNb9QFRL6hY/0_1_office/5639_1221/mix.wav,10.518218994140625,10.75674819946289,9.756257057189941,10.111112594604492
/data/public/EchoSet/test/uNb9QFRL6hY/0_1_office/7021_7176/mix.wav,5.700625419616699,6.197211742401123,4.832023620605469,5.424349784851074
/data/public/EchoSet/test/uNb9QFRL6hY/0_1_office/4992_4077/mix.wav,11.701825141906738,11.619128227233887,11.146856307983398,11.128133773803711
/data/public/EchoSet/test/uNb9QFRL6hY/0_1_office/6930_61/mix.wav,3.743032217025757,3.8053693771362305,3.4611945152282715,3.5645012855529785
/data/public/EchoSet/test/uNb9QFRL6hY/0_1_office/1188_8224/mix.wav,6.394078254699707,6.304739475250244,1.43961763381958,1.4546899795532227
/data/public/EchoSet/test/uNb9QFRL6hY/0_1_office/8224_8463/mix.wav,10.834957122802734,11.162933349609375,10.513912200927734,10.891870498657227
/data/public/EchoSet/test/uNb9QFRL6hY/0_1_office/260_8224/mix.wav,5.999934196472168,6.525813102722168,5.1347761154174805,5.702973365783691
/data/public/EchoSet/test/uNb9QFRL6hY/0_1_office/7729_121/mix.wav,8.704829216003418,9.033540725708008,8.161584854125977,8.584553718566895
/data/public/EchoSet/test/uNb9QFRL6hY/0_1_office/8455_7176/mix.wav,11.515936851501465,11.670876502990723,11.029289245605469,11.225645065307617
/data/public/EchoSet/test/uNb9QFRL6hY/0_1_office/260_1089/mix.wav,5.994358539581299,5.996221542358398,5.144447326660156,5.180120944976807
/data/public/EchoSet/test/uNb9QFRL6hY/0_1_office/1221_237/mix.wav,14.089195251464844,14.14223575592041,13.216822624206543,13.278205871582031
/data/public/EchoSet/test/uNb9QFRL6hY/0_1_office/1995_672/mix.wav,14.184300422668457,14.175986289978027,13.451547622680664,13.478045463562012
/data/public/EchoSet/test/uNb9QFRL6hY/0_1_office/61_2300/mix.wav,2.4547529220581055,2.406341552734375,1.9330211877822876,1.9326735734939575
/data/public/EchoSet/test/uNb9QFRL6hY/0_1_office/8463_4970/mix.wav,11.736209869384766,11.685545921325684,11.243759155273438,11.250934600830078
/data/public/EchoSet/test/uNb9QFRL6hY/0_1_office/1320_6930/mix.wav,12.298200607299805,12.39804744720459,11.499839782714844,11.65397834777832
/data/public/EchoSet/test/uNb9QFRL6hY/0_1_office/5683_3575/mix.wav,9.955137252807617,9.90821361541748,9.29300594329834,9.290637969970703
/data/public/EchoSet/test/uNb9QFRL6hY/0_1_office/1995_6829/mix.wav,6.9897003173828125,6.914024829864502,6.371669292449951,6.405459403991699
/data/public/EchoSet/test/uNb9QFRL6hY/0_1_office/1221_5639/mix.wav,13.429254531860352,13.634636878967285,12.949325561523438,13.196334838867188
/data/public/EchoSet/test/uNb9QFRL6hY/0_1_office/4507_3575/mix.wav,3.68542742729187,3.5910558700561523,2.8055942058563232,3.217785358428955
/data/public/EchoSet/test/uNb9QFRL6hY/0_1_office/6829_4077/mix.wav,12.050148963928223,12.162375450134277,11.458166122436523,11.604016304016113
/data/public/EchoSet/test/uNb9QFRL6hY/0_1_office/8555_5142/mix.wav,2.065565347671509,2.074392080307007,1.4914629459381104,1.5861952304840088
/data/public/EchoSet/test/uNb9QFRL6hY/0_1_office/8463_1284/mix.wav,10.597077369689941,10.686920166015625,9.83183479309082,9.996451377868652
/data/public/EchoSet/test/uNb9QFRL6hY/0_1_office/6930_1188/mix.wav,2.417617082595825,2.6878538131713867,1.6833410263061523,1.9986244440078735
/data/public/EchoSet/test/uNb9QFRL6hY/0_1_office/8455_5683/mix.wav,13.43023681640625,13.60265827178955,11.898822784423828,12.109532356262207
/data/public/EchoSet/test/uNb9QFRL6hY/0_1_office/2961_2094/mix.wav,13.033761978149414,13.072173118591309,11.44902229309082,11.519559860229492
/data/public/EchoSet/test/uNb9QFRL6hY/0_1_office/4992_2094/mix.wav,6.1240739822387695,6.3651885986328125,5.611591339111328,5.883394718170166
/data/public/EchoSet/test/uNb9QFRL6hY/0_1_office/4992_7729/mix.wav,10.843116760253906,11.075732231140137,10.369853019714355,10.698091506958008
/data/public/EchoSet/test/uNb9QFRL6hY/0_1_office/1320_908/mix.wav,8.468253135681152,8.482269287109375,8.088377952575684,8.212115287780762
/data/public/EchoSet/test/uNb9QFRL6hY/0_1_office/4077_1221/mix.wav,8.676536560058594,8.645442962646484,7.590909004211426,7.666053771972656
/data/public/EchoSet/test/uNb9QFRL6hY/0_1_office/6930_1320/mix.wav,5.163149356842041,5.36093282699585,4.51938533782959,4.756039619445801
/data/public/EchoSet/test/uNb9QFRL6hY/0_1_office/3570_1580/mix.wav,15.319086074829102,15.410554885864258,14.110498428344727,14.244194030761719
/data/public/EchoSet/test/uNb9QFRL6hY/0_1_office/908_4992/mix.wav,11.94167709350586,12.111550331115723,11.470117568969727,11.664359092712402
/data/public/EchoSet/test/uNb9QFRL6hY/0_1_office/7021_5105/mix.wav,13.695473670959473,13.830310821533203,13.343754768371582,13.510919570922852
/data/public/EchoSet/test/uNb9QFRL6hY/0_1_office/2094_8230/mix.wav,7.316849231719971,7.912419319152832,6.337985038757324,7.048107147216797
/data/public/EchoSet/test/uNb9QFRL6hY/0_1_office/4077_8455/mix.wav,7.242223262786865,7.207223415374756,6.784913539886475,6.786554336547852
/data/public/EchoSet/test/uNb9QFRL6hY/0_1_office/5142_6930/mix.wav,6.504472255706787,6.825933456420898,6.0299811363220215,6.419145584106445
/data/public/EchoSet/test/uNb9QFRL6hY/0_1_office/7729_4970/mix.wav,12.637861251831055,12.617134094238281,12.068119049072266,12.108160018920898
/data/public/EchoSet/test/uNb9QFRL6hY/0_1_office/61_1089/mix.wav,0.5818581581115723,0.7709484100341797,-0.28721046447753906,0.00649571418762207
/data/public/EchoSet/test/uNb9QFRL6hY/0_1_office/8230_1089/mix.wav,10.10209846496582,10.144006729125977,9.649005889892578,9.81188678741455
/data/public/EchoSet/test/uNb9QFRL6hY/0_1_office/8224_2300/mix.wav,9.945091247558594,9.943495750427246,9.39749526977539,9.466111183166504
/data/public/EchoSet/test/uNb9QFRL6hY/0_1_office/3570_7176/mix.wav,11.761509895324707,11.854751586914062,11.539833068847656,11.69202709197998
/data/public/EchoSet/test/uNb9QFRL6hY/0_1_office/61_8455/mix.wav,0.8779605627059937,1.1849033832550049,-2.0527591705322266,-1.6379746198654175
/data/public/EchoSet/test/uNb9QFRL6hY/0_1_office/908_3729/mix.wav,12.053664207458496,12.170726776123047,11.573812484741211,11.735401153564453
/data/public/EchoSet/test/uNb9QFRL6hY/0_1_office/7021_8555/mix.wav,11.621652603149414,11.588985443115234,10.961386680603027,11.021883010864258
/data/public/EchoSet/test/uNb9QFRL6hY/0_1_office/61_5683/mix.wav,6.360878944396973,6.95667028427124,5.619837760925293,6.297085762023926
/data/public/EchoSet/test/uNb9QFRL6hY/0_1_office/7127_8555/mix.wav,8.096988677978516,8.612894058227539,7.704395294189453,8.281087875366211
/data/public/EchoSet/test/uNb9QFRL6hY/0_1_office/2830_1188/mix.wav,3.776465892791748,3.7628931999206543,2.7916953563690186,2.8387691974639893
/data/public/EchoSet/test/uNb9QFRL6hY/0_1_office/2830_4446/mix.wav,5.8391523361206055,4.932496547698975,5.359922409057617,4.887141227722168
/data/public/EchoSet/test/uNb9QFRL6hY/0_1_office/2300_672/mix.wav,10.901175498962402,10.896650314331055,10.33626651763916,10.383840560913086
/data/public/EchoSet/test/uNb9QFRL6hY/0_1_office/5142_260/mix.wav,7.7708587646484375,7.932331085205078,7.371763229370117,7.592837810516357
/data/public/EchoSet/test/uNb9QFRL6hY/0_1_office/121_237/mix.wav,5.9597625732421875,5.996853828430176,5.464498043060303,5.557308197021484
/data/public/EchoSet/test/uNb9QFRL6hY/0_1_office/3575_8455/mix.wav,11.853761672973633,11.905345916748047,11.272345542907715,11.380178451538086
/data/public/EchoSet/test/uNb9QFRL6hY/0_1_office/2300_3570/mix.wav,8.390392303466797,9.051876068115234,8.103216171264648,8.813365936279297
/data/public/EchoSet/test/uNb9QFRL6hY/0_1_office/5683_1995/mix.wav,7.94238805770874,8.600927352905273,7.224305629730225,7.923162460327148
/data/public/EchoSet/test/uNb9QFRL6hY/0_1_office/2961_1580/mix.wav,12.201786041259766,12.190018653869629,11.640007019042969,11.675365447998047
/data/public/EchoSet/test/uNb9QFRL6hY/0_1_office/7127_8230/mix.wav,10.215051651000977,10.287615776062012,8.779485702514648,8.888860702514648
/data/public/EchoSet/test/uNb9QFRL6hY/0_1_office/1580_5105/mix.wav,9.520133972167969,9.626482009887695,7.757444381713867,7.917110443115234
/data/public/EchoSet/test/uNb9QFRL6hY/0_1_office/7729_1320/mix.wav,8.282066345214844,8.202873229980469,7.527592658996582,7.539360046386719
/data/public/EchoSet/test/uNb9QFRL6hY/0_1_office/4970_4077/mix.wav,9.017004013061523,9.136344909667969,8.150077819824219,8.307930946350098
/data/public/EchoSet/test/uNb9QFRL6hY/0_1_office/3729_1580/mix.wav,9.584646224975586,9.858633041381836,8.935626029968262,9.275199890136719
/data/public/EchoSet/test/uNb9QFRL6hY/0_1_office/3575_1221/mix.wav,7.597633361816406,8.05266284942627,6.8191633224487305,7.311912536621094
/data/public/EchoSet/test/uNb9QFRL6hY/0_1_office/1995_908/mix.wav,10.500589370727539,10.409004211425781,10.089371681213379,10.050822257995605
/data/public/EchoSet/test/uNb9QFRL6hY/0_1_office/7127_5639/mix.wav,4.672207832336426,5.154611110687256,3.9970855712890625,4.527370452880859
/data/public/EchoSet/test/uNb9QFRL6hY/0_1_office/7729_1188/mix.wav,9.271099090576172,9.589455604553223,8.820998191833496,9.237730026245117
/data/public/EchoSet/test/uNb9QFRL6hY/0_1_office/260_7176/mix.wav,7.9645466804504395,8.257524490356445,7.299283981323242,7.662425518035889
/data/public/EchoSet/test/uNb9QFRL6hY/0_1_office/1284_7729/mix.wav,12.0669584274292,12.323890686035156,11.63581371307373,11.918842315673828
/data/public/EchoSet/test/uNb9QFRL6hY/0_1_office/6829_4507/mix.wav,9.587947845458984,9.69705581665039,9.24193000793457,9.404273986816406
/data/public/EchoSet/test/uNb9QFRL6hY/0_1_office/4077_4507/mix.wav,11.130754470825195,10.413655281066895,8.287755966186523,8.294649124145508
/data/public/EchoSet/test/uNb9QFRL6hY/0_1_office/1995_8463/mix.wav,11.530035018920898,11.526939392089844,10.81508731842041,10.868709564208984
/data/public/EchoSet/test/uNb9QFRL6hY/0_1_office/2300_7127/mix.wav,5.07781457901001,5.271226406097412,4.2090678215026855,4.5160064697265625
/data/public/EchoSet/test/uNb9QFRL6hY/0_1_office/6829_260/mix.wav,10.02193832397461,10.188192367553711,9.487129211425781,9.698017120361328
/data/public/EchoSet/test/uNb9QFRL6hY/0_1_office/1320_3575/mix.wav,9.74001693725586,10.050636291503906,9.31407356262207,9.696892738342285
/data/public/EchoSet/test/uNb9QFRL6hY/0_1_office/672_8230/mix.wav,4.2828898429870605,4.236991882324219,0.6874038577079773,0.6929387450218201
/data/public/EchoSet/test/uNb9QFRL6hY/0_1_office/4446_7176/mix.wav,6.445880889892578,6.4992523193359375,5.533183574676514,5.605613708496094
/data/public/EchoSet/test/uNb9QFRL6hY/0_1_office/3729_3570/mix.wav,11.558208465576172,11.37720012664795,10.634035110473633,10.635746002197266
/data/public/EchoSet/test/uNb9QFRL6hY/0_1_office/260_1188/mix.wav,10.061079978942871,10.185697555541992,9.212162017822266,9.403745651245117
/data/public/EchoSet/test/uNb9QFRL6hY/0_1_office/4446_237/mix.wav,11.380794525146484,11.373252868652344,10.891593933105469,10.980609893798828
/data/public/EchoSet/test/uNb9QFRL6hY/0_1_office/908_7021/mix.wav,12.169024467468262,12.35112190246582,11.764960289001465,11.974549293518066
/data/public/EchoSet/test/uNb9QFRL6hY/0_1_office/5105_1284/mix.wav,7.665670394897461,7.422847747802734,5.3261494636535645,5.259037017822266
/data/public/EchoSet/test/uNb9QFRL6hY/0_1_office/121_3570/mix.wav,11.07691764831543,11.059138298034668,10.579511642456055,10.62187385559082
/data/public/EchoSet/test/uNb9QFRL6hY/0_1_office/260_1580/mix.wav,11.9285249710083,12.190889358520508,11.27537727355957,11.564894676208496
/data/public/EchoSet/test/uNb9QFRL6hY/0_1_office/5105_3729/mix.wav,12.742740631103516,12.8484468460083,12.363780975341797,12.525798797607422
/data/public/EchoSet/test/uNb9QFRL6hY/0_1_office/4992_5105/mix.wav,13.16636848449707,13.173738479614258,12.788597106933594,12.853599548339844
/data/public/EchoSet/test/uNb9QFRL6hY/0_1_office/3575_4970/mix.wav,12.44879150390625,12.505824089050293,11.277795791625977,11.350845336914062
/data/public/EchoSet/test/uNb9QFRL6hY/0_1_office/4446_2830/mix.wav,6.4618635177612305,5.607465744018555,5.352168560028076,4.893249988555908
/data/public/EchoSet/test/uNb9QFRL6hY/0_1_office/2830_61/mix.wav,4.203097820281982,4.060361862182617,3.68398380279541,3.6532185077667236
/data/public/EchoSet/test/uNb9QFRL6hY/0_1_office/1089_237/mix.wav,10.065139770507812,10.189229965209961,9.306424140930176,9.488992691040039
/data/public/EchoSet/test/uNb9QFRL6hY/0_1_office/2094_6829/mix.wav,12.856847763061523,12.822062492370605,11.381230354309082,11.428335189819336
/data/public/EchoSet/test/uNb9QFRL6hY/0_1_office/4970_2094/mix.wav,8.90595817565918,9.276947975158691,8.191829681396484,8.590503692626953
/data/public/EchoSet/test/uNb9QFRL6hY/0_1_office/237_5683/mix.wav,5.087312698364258,5.575140953063965,4.553328514099121,5.092633247375488
/data/public/EchoSet/test/uNb9QFRL6hY/0_1_office/3729_5683/mix.wav,12.000280380249023,12.250678062438965,11.24888801574707,11.517817497253418
/data/public/EchoSet/test/uNb9QFRL6hY/0_1_office/1320_3729/mix.wav,9.928893089294434,10.255646705627441,8.704306602478027,9.11640739440918
/data/public/EchoSet/test/uNb9QFRL6hY/0_1_office/2961_4507/mix.wav,11.875068664550781,11.860616683959961,11.43962287902832,11.483142852783203
/data/public/EchoSet/test/uNb9QFRL6hY/0_1_office/7176_121/mix.wav,11.448266983032227,11.50605583190918,10.988781929016113,11.10114860534668
/data/public/EchoSet/test/uNb9QFRL6hY/0_1_office/3570_8555/mix.wav,8.09469985961914,7.9880876541137695,7.066441535949707,7.018906116485596
/data/public/EchoSet/test/uNb9QFRL6hY/0_1_office/672_2094/mix.wav,4.800567150115967,4.554751396179199,4.310390472412109,4.089527130126953
/data/public/EchoSet/test/uNb9QFRL6hY/0_1_office/4446_2961/mix.wav,11.75755500793457,11.75085735321045,11.347625732421875,11.38748550415039
/data/public/EchoSet/test/uNb9QFRL6hY/0_1_office/1995_8230/mix.wav,12.204428672790527,12.409749984741211,11.516775131225586,11.78191089630127
/data/public/EchoSet/test/uNb9QFRL6hY/0_1_office/5639_2961/mix.wav,14.029467582702637,14.079955101013184,13.678754806518555,13.798877716064453
/data/public/EchoSet/test/uNb9QFRL6hY/0_1_office/8230_61/mix.wav,5.782691955566406,5.8489179611206055,5.0750203132629395,5.172850608825684
/data/public/EchoSet/test/uNb9QFRL6hY/0_1_office/1284_121/mix.wav,13.162500381469727,13.253499984741211,12.729881286621094,12.870200157165527
/data/public/EchoSet/test/uNb9QFRL6hY/0_1_office/5142_1221/mix.wav,6.928241729736328,7.0439133644104,6.066896438598633,6.231553077697754
/data/public/EchoSet/test/uNb9QFRL6hY/0_1_office/7176_1188/mix.wav,5.160963535308838,5.583718776702881,4.683108329772949,5.152379512786865
/data/public/EchoSet/test/uNb9QFRL6hY/0_1_office/8455_4970/mix.wav,14.094779968261719,14.154043197631836,13.266593933105469,13.420866012573242
/data/public/EchoSet/test/uNb9QFRL6hY/0_1_office/8230_1580/mix.wav,11.863504409790039,11.997017860412598,11.468977928161621,11.67697525024414
/data/public/EchoSet/test/uNb9QFRL6hY/0_1_office/1995_8555/mix.wav,6.777828693389893,7.1451592445373535,6.220208168029785,6.652945518493652
/data/public/EchoSet/test/uNb9QFRL6hY/0_1_office/7021_1284/mix.wav,6.810243606567383,6.810243129730225,4.338112831115723,4.389007568359375
/data/public/EchoSet/test/Z6MFQCViBuw/0_4_lounge/5105_1320/mix.wav,8.520139694213867,8.690123558044434,7.525279998779297,7.756001949310303
/data/public/EchoSet/test/Z6MFQCViBuw/0_4_lounge/2961_4970/mix.wav,11.420976638793945,11.577738761901855,10.870641708374023,11.084173202514648
/data/public/EchoSet/test/Z6MFQCViBuw/0_4_lounge/7176_4077/mix.wav,8.986549377441406,9.237077713012695,8.743159294128418,9.03495979309082
/data/public/EchoSet/test/Z6MFQCViBuw/0_4_lounge/7127_5683/mix.wav,7.798364162445068,7.816005706787109,6.746368408203125,6.922336578369141
/data/public/EchoSet/test/Z6MFQCViBuw/0_4_lounge/1089_121/mix.wav,9.498327255249023,9.250428199768066,9.003063201904297,8.876631736755371
/data/public/EchoSet/test/Z6MFQCViBuw/0_4_lounge/2830_2094/mix.wav,9.00469970703125,9.105175018310547,7.99553108215332,8.168450355529785
/data/public/EchoSet/test/Z6MFQCViBuw/0_4_lounge/3570_6930/mix.wav,11.246569633483887,11.388436317443848,9.725162506103516,9.8982515335083
/data/public/EchoSet/test/Z6MFQCViBuw/0_4_lounge/5639_3575/mix.wav,12.225044250488281,12.25855827331543,11.792159080505371,11.88410758972168
/data/public/EchoSet/test/Z6MFQCViBuw/0_4_lounge/2094_7021/mix.wav,11.323460578918457,11.294145584106445,10.632427215576172,10.64851188659668
/data/public/EchoSet/test/Z6MFQCViBuw/0_4_lounge/1995_3570/mix.wav,8.540493965148926,8.111288070678711,7.744150161743164,7.5456719398498535
/data/public/EchoSet/test/Z6MFQCViBuw/0_4_lounge/121_260/mix.wav,13.313712120056152,13.241020202636719,12.319448471069336,12.285322189331055
/data/public/EchoSet/test/Z6MFQCViBuw/0_4_lounge/7176_237/mix.wav,12.7886323928833,12.733224868774414,12.466343879699707,12.446216583251953
/data/public/EchoSet/test/Z6MFQCViBuw/0_4_lounge/8463_7729/mix.wav,11.856524467468262,11.883892059326172,11.33812141418457,11.408836364746094
/data/public/EchoSet/test/Z6MFQCViBuw/0_4_lounge/1995_672/mix.wav,11.832191467285156,12.548994064331055,11.652225494384766,12.401750564575195
/data/public/EchoSet/test/Z6MFQCViBuw/0_4_lounge/4077_2300/mix.wav,6.135217666625977,6.160422325134277,5.452874660491943,5.497368335723877
/data/public/EchoSet/test/Z6MFQCViBuw/0_4_lounge/5639_8463/mix.wav,12.418057441711426,12.488391876220703,11.736000061035156,11.846131324768066
/data/public/EchoSet/test/Z6MFQCViBuw/0_4_lounge/1188_1284/mix.wav,10.995477676391602,11.07397174835205,10.667062759399414,10.78722858428955
/data/public/EchoSet/test/Z6MFQCViBuw/0_4_lounge/1284_1188/mix.wav,12.960917472839355,13.01082992553711,12.249082565307617,12.344867706298828
/data/public/EchoSet/test/Z6MFQCViBuw/0_4_lounge/7021_5105/mix.wav,14.078532218933105,14.217011451721191,13.469420433044434,13.669933319091797
/data/public/EchoSet/test/Z6MFQCViBuw/0_4_lounge/7127_4992/mix.wav,9.408370971679688,9.716732025146484,8.561386108398438,8.978641510009766
/data/public/EchoSet/test/Z6MFQCViBuw/0_4_lounge/7729_4970/mix.wav,15.48347282409668,15.563692092895508,14.985315322875977,15.093634605407715
/data/public/EchoSet/test/Z6MFQCViBuw/0_4_lounge/237_7729/mix.wav,11.073379516601562,11.146529197692871,10.610742568969727,10.737483978271484
/data/public/EchoSet/test/Z6MFQCViBuw/0_4_lounge/2094_8555/mix.wav,10.098379135131836,9.826138496398926,9.636423110961914,9.477335929870605
/data/public/EchoSet/test/Z6MFQCViBuw/0_4_lounge/3575_237/mix.wav,6.808002471923828,6.769373893737793,6.409765243530273,6.420474529266357
/data/public/EchoSet/test/Z6MFQCViBuw/0_4_lounge/8230_8224/mix.wav,14.957780838012695,14.981650352478027,14.515481948852539,14.550086975097656
/data/public/EchoSet/test/Z6MFQCViBuw/0_4_lounge/4446_8230/mix.wav,9.509931564331055,9.823983192443848,9.004079818725586,9.406991004943848
/data/public/EchoSet/test/Z6MFQCViBuw/0_4_lounge/4446_260/mix.wav,11.842973709106445,12.122797966003418,11.35118293762207,11.651001930236816
/data/public/EchoSet/test/Z6MFQCViBuw/0_4_lounge/5683_5639/mix.wav,10.7915678024292,11.206802368164062,10.174470901489258,10.68931770324707
/data/public/EchoSet/test/Z6MFQCViBuw/0_4_lounge/3729_672/mix.wav,11.727241516113281,11.757570266723633,11.178261756896973,11.318757057189941
/data/public/EchoSet/test/Z6MFQCViBuw/0_4_lounge/5105_5683/mix.wav,10.63162612915039,10.489485740661621,9.617974281311035,9.547205924987793
/data/public/EchoSet/test/Z6MFQCViBuw/0_4_lounge/2300_8224/mix.wav,4.577073097229004,4.775111675262451,4.082912921905518,4.3017048835754395
/data/public/EchoSet/test/Z6MFQCViBuw/0_4_lounge/2830_8224/mix.wav,-0.7840839624404907,-0.4865034222602844,-1.7384963035583496,-1.3348848819732666
/data/public/EchoSet/test/Z6MFQCViBuw/0_4_lounge/1580_2094/mix.wav,10.807196617126465,10.841100692749023,10.254638671875,10.362430572509766
/data/public/EchoSet/test/Z6MFQCViBuw/0_4_lounge/3729_1221/mix.wav,8.796223640441895,8.737357139587402,8.178661346435547,8.277220726013184
/data/public/EchoSet/test/Z6MFQCViBuw/0_4_lounge/4507_1089/mix.wav,14.589977264404297,14.866211891174316,14.417068481445312,14.710460662841797
/data/public/EchoSet/test/Z6MFQCViBuw/0_4_lounge/3729_2300/mix.wav,15.478067398071289,15.551441192626953,15.203210830688477,15.323087692260742
/data/public/EchoSet/test/Z6MFQCViBuw/0_4_lounge/7729_3729/mix.wav,12.585927963256836,12.629916191101074,12.07826042175293,12.15737247467041
/data/public/EchoSet/test/Z6MFQCViBuw/0_4_lounge/672_7176/mix.wav,7.819232940673828,7.902673244476318,7.368566513061523,7.476649284362793
/data/public/EchoSet/test/Z6MFQCViBuw/0_4_lounge/1188_4077/mix.wav,10.174797058105469,10.269068717956543,9.423785209655762,9.63298225402832
/data/public/EchoSet/test/Z6MFQCViBuw/0_4_lounge/2830_5639/mix.wav,6.353275299072266,6.287881374359131,4.168583869934082,4.253663063049316
/data/public/EchoSet/test/Z6MFQCViBuw/0_4_lounge/2961_8224/mix.wav,5.492900848388672,6.064659118652344,4.819526672363281,5.468881607055664
/data/public/EchoSet/test/Z6MFQCViBuw/0_4_lounge/6930_2961/mix.wav,13.364690780639648,13.282516479492188,12.834101676940918,12.815960884094238
/data/public/EchoSet/test/Z6MFQCViBuw/0_4_lounge/3575_7127/mix.wav,2.869220733642578,3.0535778999328613,2.1039223670959473,2.305260419845581
/data/public/EchoSet/test/Z6MFQCViBuw/0_4_lounge/61_5142/mix.wav,8.520580291748047,8.333150863647461,7.8620758056640625,7.773301124572754
/data/public/EchoSet/test/Z6MFQCViBuw/0_4_lounge/7729_7021/mix.wav,9.376209259033203,9.404117584228516,9.063680648803711,9.184934616088867
/data/public/EchoSet/test/Z6MFQCViBuw/0_4_lounge/6829_7729/mix.wav,13.540735244750977,13.695343017578125,13.11514663696289,13.318289756774902
/data/public/EchoSet/test/Z6MFQCViBuw/0_4_lounge/3570_61/mix.wav,8.258722305297852,8.605828285217285,7.727108478546143,8.150561332702637
/data/public/EchoSet/test/Z6MFQCViBuw/0_4_lounge/3575_1320/mix.wav,13.52587890625,13.575687408447266,12.795989990234375,12.87601089477539
/data/public/EchoSet/test/Z6MFQCViBuw/0_4_lounge/8463_8555/mix.wav,14.021865844726562,14.040420532226562,13.515514373779297,13.564033508300781
/data/public/EchoSet/test/Z6MFQCViBuw/0_4_lounge/8455_4446/mix.wav,11.675416946411133,11.65507984161377,11.319879531860352,11.38581657409668
/data/public/EchoSet/test/Z6MFQCViBuw/0_4_lounge/3570_672/mix.wav,11.425155639648438,11.609552383422852,10.562602043151855,10.803834915161133
/data/public/EchoSet/test/Z6MFQCViBuw/0_4_lounge/2830_2300/mix.wav,8.300559997558594,8.321147918701172,7.965458393096924,8.021634101867676
/data/public/EchoSet/test/Z6MFQCViBuw/0_4_lounge/5683_5142/mix.wav,5.89395809173584,5.799472808837891,5.02011775970459,4.981472969055176
/data/public/EchoSet/test/Z6MFQCViBuw/0_4_lounge/2830_3729/mix.wav,10.344663619995117,10.489215850830078,9.609981536865234,9.8391695022583
/data/public/EchoSet/test/Z6MFQCViBuw/0_4_lounge/1320_5105/mix.wav,9.900574684143066,10.03965950012207,9.359676361083984,9.555277824401855
/data/public/EchoSet/test/Z6MFQCViBuw/0_4_lounge/61_2300/mix.wav,5.623970985412598,5.827965259552002,5.120421409606934,5.356569766998291
/data/public/EchoSet/test/Z6MFQCViBuw/0_4_lounge/5142_237/mix.wav,7.6082048416137695,7.664000511169434,7.004772663116455,7.096245288848877
/data/public/EchoSet/test/Z6MFQCViBuw/0_4_lounge/1284_4992/mix.wav,4.9640936851501465,4.871075630187988,3.827007293701172,3.7950940132141113
/data/public/EchoSet/test/Z6MFQCViBuw/0_4_lounge/2094_4446/mix.wav,-0.8727072477340698,-0.699072003364563,-1.3815524578094482,-1.145696759223938
/data/public/EchoSet/test/Z6MFQCViBuw/0_4_lounge/8224_908/mix.wav,7.951988220214844,7.759815692901611,7.338813781738281,7.272072792053223
/data/public/EchoSet/test/Z6MFQCViBuw/0_4_lounge/1995_1089/mix.wav,12.409984588623047,12.435670852661133,12.12320613861084,12.180950164794922
/data/public/EchoSet/test/Z6MFQCViBuw/0_4_lounge/1089_4970/mix.wav,12.753194808959961,12.697624206542969,11.962747573852539,12.139323234558105
/data/public/EchoSet/test/Z6MFQCViBuw/0_4_lounge/1188_61/mix.wav,3.6247472763061523,3.7474148273468018,3.012320041656494,3.213665008544922
/data/public/EchoSet/test/Z6MFQCViBuw/0_4_lounge/7176_7127/mix.wav,11.05514144897461,11.257795333862305,10.415712356567383,10.668682098388672
/data/public/EchoSet/test/Z6MFQCViBuw/0_4_lounge/61_4507/mix.wav,9.315860748291016,9.630867004394531,8.851058959960938,9.269765853881836
/data/public/EchoSet/test/Z6MFQCViBuw/0_4_lounge/4507_4992/mix.wav,6.451929092407227,6.720853328704834,5.848691940307617,6.161248207092285
/data/public/EchoSet/test/Z6MFQCViBuw/0_4_lounge/1221_672/mix.wav,7.900156021118164,7.941361427307129,7.183818817138672,7.289205551147461
/data/public/EchoSet/test/Z6MFQCViBuw/0_4_lounge/6829_1320/mix.wav,8.444125175476074,8.676217079162598,7.702663421630859,7.975687026977539
/data/public/EchoSet/test/Z6MFQCViBuw/0_4_lounge/6930_121/mix.wav,4.88432502746582,5.1849493980407715,4.4197773933410645,4.761186122894287
/data/public/EchoSet/test/Z6MFQCViBuw/0_4_lounge/2300_61/mix.wav,6.57742977142334,6.672727108001709,5.986560821533203,6.14373779296875
/data/public/EchoSet/test/Z6MFQCViBuw/0_4_lounge/1221_1580/mix.wav,1.9901784658432007,2.2102463245391846,1.2586634159088135,1.5459650754928589
/data/public/EchoSet/test/Z6MFQCViBuw/0_4_lounge/6930_8455/mix.wav,10.499004364013672,10.598682403564453,9.959318161010742,10.103350639343262
/data/public/EchoSet/test/Z6MFQCViBuw/0_4_lounge/3570_908/mix.wav,11.143879890441895,11.058587074279785,10.64684009552002,10.689691543579102
/data/public/EchoSet/test/Z6MFQCViBuw/0_4_lounge/1284_8555/mix.wav,11.27143669128418,11.514768600463867,10.584074020385742,10.89621639251709
/data/public/EchoSet/test/Z6MFQCViBuw/0_4_lounge/1221_4446/mix.wav,10.370657920837402,10.450732231140137,9.812317848205566,9.979137420654297
/data/public/EchoSet/test/Z6MFQCViBuw/0_4_lounge/5683_4507/mix.wav,12.16485595703125,12.306283950805664,10.759697914123535,10.9810152053833
/data/public/EchoSet/test/Z6MFQCViBuw/0_4_lounge/6930_4077/mix.wav,-0.317288875579834,-0.5380752086639404,-1.5342806577682495,-1.646335244178772
/data/public/EchoSet/test/Z6MFQCViBuw/0_4_lounge/1284_8455/mix.wav,11.171886444091797,11.472480773925781,10.729694366455078,11.069820404052734
/data/public/EchoSet/test/Z6MFQCViBuw/0_4_lounge/8455_908/mix.wav,6.9046831130981445,7.001607418060303,6.3891143798828125,6.527462482452393
/data/public/EchoSet/test/Z6MFQCViBuw/0_4_lounge/908_1284/mix.wav,10.698585510253906,10.73048210144043,10.21927261352539,10.351680755615234
/data/public/EchoSet/test/Z6MFQCViBuw/0_4_lounge/121_237/mix.wav,9.174701690673828,9.380002975463867,8.642598152160645,8.898015975952148
/data/public/EchoSet/test/Z6MFQCViBuw/0_4_lounge/1188_5105/mix.wav,7.514848709106445,7.711980819702148,7.045112609863281,7.316878318786621
/data/public/EchoSet/test/Z6MFQCViBuw/0_4_lounge/2094_1320/mix.wav,6.001206398010254,6.543487548828125,4.707362174987793,5.419330596923828
/data/public/EchoSet/test/Z6MFQCViBuw/0_4_lounge/8230_6829/mix.wav,11.05990219116211,10.93455696105957,10.658390045166016,10.647915840148926
/data/public/EchoSet/test/Z6MFQCViBuw/0_4_lounge/1320_5639/mix.wav,9.00794792175293,9.118061065673828,8.618313789367676,8.787817001342773
/data/public/EchoSet/test/Z6MFQCViBuw/0_4_lounge/7176_4446/mix.wav,10.8550386428833,10.899439811706543,10.507515907287598,10.602615356445312
/data/public/EchoSet/test/Z6MFQCViBuw/0_4_lounge/1995_1221/mix.wav,11.517827033996582,11.8948974609375,11.072425842285156,11.560462951660156
/data/public/EchoSet/test/Z6MFQCViBuw/0_4_lounge/121_4507/mix.wav,9.260283470153809,9.84465217590332,8.791790008544922,9.484243392944336
/data/public/EchoSet/test/Z6MFQCViBuw/0_4_lounge/5105_8455/mix.wav,8.002738952636719,8.034998893737793,6.769595146179199,6.819436550140381
/data/public/EchoSet/test/Z6MFQCViBuw/0_4_lounge/2830_2961/mix.wav,12.236536979675293,12.314156532287598,10.947835922241211,11.058225631713867
/data/public/EchoSet/test/Z6MFQCViBuw/0_4_lounge/5142_4077/mix.wav,12.941218376159668,12.934967041015625,12.476502418518066,12.506195068359375
/data/public/EchoSet/test/Z6MFQCViBuw/0_4_lounge/7176_1580/mix.wav,0.26281505823135376,0.3952268362045288,-0.2723323404788971,-0.09899875521659851
/data/public/EchoSet/test/Z6MFQCViBuw/0_4_lounge/8555_2961/mix.wav,11.658967971801758,11.902464866638184,11.075189590454102,11.36136531829834
/data/public/EchoSet/test/Z6MFQCViBuw/0_4_lounge/8230_5683/mix.wav,10.451539993286133,10.619712829589844,9.909688949584961,10.164891242980957
/data/public/EchoSet/test/Z6MFQCViBuw/0_4_lounge/8455_8230/mix.wav,11.893930435180664,11.957489013671875,11.390899658203125,11.470601081848145
/data/public/EchoSet/test/Z6MFQCViBuw/0_4_lounge/3729_6930/mix.wav,11.4882230758667,11.590807914733887,10.724347114562988,10.88649845123291
/data/public/EchoSet/test/Z6MFQCViBuw/0_4_lounge/4970_672/mix.wav,12.84054946899414,12.84492301940918,12.017189025878906,12.099370002746582
/data/public/EchoSet/test/Z6MFQCViBuw/0_4_lounge/8463_1580/mix.wav,12.240385055541992,12.16143798828125,11.555765151977539,11.550901412963867
/data/public/EchoSet/test/Z6MFQCViBuw/0_4_lounge/4446_7127/mix.wav,12.100162506103516,12.232532501220703,11.72072982788086,11.914115905761719
/data/public/EchoSet/test/Z6MFQCViBuw/0_4_lounge/5639_6829/mix.wav,12.717172622680664,12.925741195678711,12.236959457397461,12.496087074279785
/data/public/EchoSet/test/Z6MFQCViBuw/0_4_lounge/2094_4992/mix.wav,12.220914840698242,12.403596878051758,11.758487701416016,11.96883773803711
/data/public/EchoSet/test/Z6MFQCViBuw/0_4_lounge/5142_260/mix.wav,0.677947998046875,1.1002798080444336,-0.8154090642929077,-0.2564002275466919
/data/public/EchoSet/test/Z6MFQCViBuw/0_4_lounge/4970_8224/mix.wav,11.404928207397461,11.221983909606934,11.006134986877441,10.89787769317627
/data/public/EchoSet/test/Z6MFQCViBuw/0_4_lounge/4992_6829/mix.wav,5.016251564025879,5.703843116760254,4.478951930999756,5.297634124755859
/data/public/EchoSet/test/Z6MFQCViBuw/0_4_lounge/7021_8230/mix.wav,9.472162246704102,9.597894668579102,9.224485397338867,9.39365005493164
/data/public/EchoSet/test/Z6MFQCViBuw/0_4_lounge/2961_1995/mix.wav,10.150887489318848,10.219151496887207,9.715804100036621,9.832765579223633
/data/public/EchoSet/test/Z6MFQCViBuw/0_4_lounge/4992_1188/mix.wav,12.239614486694336,12.13633918762207,11.716178894042969,11.695718765258789
/data/public/EchoSet/test/Z6MFQCViBuw/0_4_lounge/5142_3575/mix.wav,9.169225692749023,9.963899612426758,8.63628101348877,9.469122886657715
/data/public/EchoSet/test/Z6MFQCViBuw/0_4_lounge/1995_3575/mix.wav,5.165924072265625,4.995495796203613,4.745858669281006,4.710074424743652
/data/public/EchoSet/test/Z6MFQCViBuw/0_4_lounge/260_6829/mix.wav,8.376775741577148,8.37381649017334,7.814866065979004,7.918539047241211
/data/public/EchoSet/test/Z6MFQCViBuw/0_4_lounge/4970_4077/mix.wav,10.264659881591797,10.376943588256836,9.430255889892578,9.668312072753906
/data/public/EchoSet/test/Z6MFQCViBuw/0_4_lounge/908_7021/mix.wav,8.265178680419922,8.512992858886719,7.814436912536621,8.095571517944336
/data/public/EchoSet/test/Z6MFQCViBuw/0_4_lounge/8455_8224/mix.wav,11.041589736938477,11.50565242767334,10.611662864685059,11.11777114868164
/data/public/EchoSet/test/Z6MFQCViBuw/0_4_lounge/8463_260/mix.wav,13.643178939819336,13.665336608886719,13.262693405151367,13.353914260864258
/data/public/EchoSet/test/Z6MFQCViBuw/0_4_lounge/8230_4992/mix.wav,10.097439765930176,10.304805755615234,9.158615112304688,9.414655685424805
/data/public/EchoSet/test/Z6MFQCViBuw/0_4_lounge/3575_8555/mix.wav,7.594355583190918,8.378110885620117,7.176024913787842,8.043383598327637
/data/public/EchoSet/test/Z6MFQCViBuw/0_4_lounge/5683_908/mix.wav,12.055791854858398,12.15316390991211,11.48712158203125,11.633674621582031
/data/public/EchoSet/test/Z6MFQCViBuw/0_4_lounge/1089_1221/mix.wav,9.60325813293457,9.705424308776855,8.932201385498047,9.175189971923828
/data/public/EchoSet/test/Z6MFQCViBuw/0_4_lounge/8463_1320/mix.wav,13.498250007629395,13.524178504943848,12.718131065368652,12.78454303741455
/data/public/EchoSet/test/Z6MFQCViBuw/0_4_lounge/3729_7176/mix.wav,13.557658195495605,13.593853950500488,13.145162582397461,13.216874122619629
/data/public/EchoSet/test/Z6MFQCViBuw/0_4_lounge/7127_7021/mix.wav,11.748620986938477,11.777825355529785,11.4158296585083,11.451501846313477
/data/public/EchoSet/test/Z6MFQCViBuw/0_4_lounge/121_1580/mix.wav,8.706077575683594,8.932328224182129,7.901884078979492,8.147924423217773
/data/public/EchoSet/test/Z6MFQCViBuw/0_4_lounge/260_3570/mix.wav,11.781380653381348,11.867854118347168,11.382682800292969,11.510647773742676
/data/public/EchoSet/test/Z6MFQCViBuw/0_4_lounge/672_8555/mix.wav,11.926142692565918,12.022604942321777,11.097184181213379,11.25865650177002
/data/public/EchoSet/test/Z6MFQCViBuw/0_4_lounge/5142_8463/mix.wav,9.1919527053833,9.415498733520508,8.771352767944336,9.039902687072754
/data/public/EchoSet/test/Z6MFQCViBuw/0_4_lounge/8555_4507/mix.wav,5.768854141235352,5.843471527099609,5.416994094848633,5.545980453491211
/data/public/EchoSet/test/Z6MFQCViBuw/0_4_lounge/237_1580/mix.wav,7.724715709686279,7.662768840789795,6.97598934173584,6.965855598449707
/data/public/EchoSet/test/Z6MFQCViBuw/0_4_lounge/908_237/mix.wav,11.567392349243164,11.6159029006958,11.088333129882812,11.187480926513672
/data/public/EchoSet/test/Z6MFQCViBuw/0_7_lounge/1221_4507/mix.wav,9.149007797241211,9.214783668518066,8.849536895751953,8.966353416442871
/data/public/EchoSet/test/Z6MFQCViBuw/0_7_lounge/5639_6829/mix.wav,9.042532920837402,9.006684303283691,8.444454193115234,8.510302543640137
/data/public/EchoSet/test/Z6MFQCViBuw/0_7_lounge/3729_7127/mix.wav,6.783293724060059,6.6698760986328125,6.2301530838012695,6.256394863128662
/data/public/EchoSet/test/Z6MFQCViBuw/0_7_lounge/5683_1580/mix.wav,12.231792449951172,12.208086967468262,11.423600196838379,11.462265968322754
/data/public/EchoSet/test/Z6MFQCViBuw/0_7_lounge/5639_1188/mix.wav,8.036002159118652,8.584409713745117,7.437905311584473,8.037635803222656
/data/public/EchoSet/test/Z6MFQCViBuw/0_7_lounge/8455_3729/mix.wav,10.76228141784668,10.67861557006836,10.173030853271484,10.150372505187988
/data/public/EchoSet/test/Z6MFQCViBuw/0_7_lounge/8230_5683/mix.wav,12.44955825805664,12.501591682434082,11.509773254394531,11.610891342163086
/data/public/EchoSet/test/Z6MFQCViBuw/0_7_lounge/2830_4446/mix.wav,7.053730010986328,7.127497673034668,5.101767539978027,5.2512969970703125
/data/public/EchoSet/test/Z6MFQCViBuw/0_7_lounge/7729_7176/mix.wav,8.976451873779297,8.985836029052734,8.312969207763672,8.401866912841797
/data/public/EchoSet/test/Z6MFQCViBuw/0_7_lounge/5142_8463/mix.wav,10.715807914733887,10.957374572753906,10.270981788635254,10.549159049987793
/data/public/EchoSet/test/Z6MFQCViBuw/0_7_lounge/8555_4507/mix.wav,6.487237453460693,6.506633281707764,5.591111183166504,5.677964687347412
/data/public/EchoSet/test/Z6MFQCViBuw/0_7_lounge/237_1995/mix.wav,8.023493766784668,8.37833023071289,7.426104545593262,7.844170570373535
/data/public/EchoSet/test/Z6MFQCViBuw/0_7_lounge/260_4446/mix.wav,6.754705429077148,6.672270774841309,5.888223648071289,5.940206050872803
/data/public/EchoSet/test/Z6MFQCViBuw/0_7_lounge/4992_1320/mix.wav,12.53653335571289,12.546939849853516,12.022253036499023,12.099011421203613
/data/public/EchoSet/test/Z6MFQCViBuw/0_7_lounge/4446_1188/mix.wav,13.446554183959961,13.585319519042969,12.440669059753418,12.604893684387207
/data/public/EchoSet/test/Z6MFQCViBuw/0_7_lounge/2300_6930/mix.wav,11.2434663772583,11.250170707702637,10.305275917053223,10.394683837890625
/data/public/EchoSet/test/Z6MFQCViBuw/0_7_lounge/4507_908/mix.wav,11.947696685791016,12.084815979003906,11.610383987426758,11.797911643981934
/data/public/EchoSet/test/Z6MFQCViBuw/0_7_lounge/1284_260/mix.wav,11.313560485839844,11.221656799316406,10.825864791870117,10.80218505859375
/data/public/EchoSet/test/Z6MFQCViBuw/0_7_lounge/8555_237/mix.wav,4.857612133026123,5.11776876449585,4.1935834884643555,4.517585754394531
/data/public/EchoSet/test/Z6MFQCViBuw/0_7_lounge/237_2830/mix.wav,7.5546770095825195,7.569906234741211,6.871270179748535,6.9906158447265625
/data/public/EchoSet/test/Z6MFQCViBuw/0_7_lounge/1089_7729/mix.wav,10.282621383666992,10.380764961242676,9.664352416992188,9.788763999938965
/data/public/EchoSet/test/Z6MFQCViBuw/0_7_lounge/1188_2961/mix.wav,12.545951843261719,12.60428524017334,12.191387176513672,12.279274940490723
/data/public/EchoSet/test/Z6MFQCViBuw/0_7_lounge/6930_121/mix.wav,-1.4191045761108398,-1.1954824924468994,-2.433654546737671,-2.16178822517395
/data/public/EchoSet/test/Z6MFQCViBuw/0_7_lounge/2961_5105/mix.wav,13.876197814941406,13.873717308044434,13.447391510009766,13.477261543273926
/data/public/EchoSet/test/Z6MFQCViBuw/0_7_lounge/1995_8455/mix.wav,10.029760360717773,10.294713973999023,9.573753356933594,9.89004135131836
/data/public/EchoSet/test/Z6MFQCViBuw/0_7_lounge/8555_1320/mix.wav,12.4853515625,12.503541946411133,11.32127571105957,11.44686508178711
/data/public/EchoSet/test/Z6MFQCViBuw/0_7_lounge/8463_5105/mix.wav,12.468748092651367,12.336766242980957,12.149151802062988,12.126387596130371
/data/public/EchoSet/test/Z6MFQCViBuw/0_7_lounge/672_7729/mix.wav,9.22697925567627,9.48095417022705,8.534161567687988,8.840690612792969
/data/public/EchoSet/test/Z6MFQCViBuw/0_7_lounge/4077_908/mix.wav,8.323888778686523,8.875094413757324,8.029409408569336,8.613527297973633
/data/public/EchoSet/test/Z6MFQCViBuw/0_7_lounge/672_2094/mix.wav,6.339010715484619,6.346282958984375,5.343770503997803,5.423187255859375
/data/public/EchoSet/test/Z6MFQCViBuw/0_7_lounge/1320_8230/mix.wav,6.750698089599609,6.898451805114746,5.973291873931885,6.160714149475098
/data/public/EchoSet/test/Z6MFQCViBuw/0_7_lounge/6829_3570/mix.wav,8.293684005737305,8.336063385009766,7.417370319366455,7.529135227203369
/data/public/EchoSet/test/Z6MFQCViBuw/0_7_lounge/5639_5683/mix.wav,13.878083229064941,13.978601455688477,13.461217880249023,13.583495140075684
/data/public/EchoSet/test/Z6MFQCViBuw/0_7_lounge/6829_4446/mix.wav,10.85645866394043,10.884757995605469,10.540821075439453,10.607070922851562
/data/public/EchoSet/test/Z6MFQCViBuw/0_7_lounge/7127_4970/mix.wav,13.360357284545898,13.321433067321777,12.337852478027344,12.337374687194824
/data/public/EchoSet/test/Z6MFQCViBuw/0_7_lounge/3570_8224/mix.wav,8.903501510620117,9.108501434326172,8.271642684936523,8.500516891479492
/data/public/EchoSet/test/Z6MFQCViBuw/0_7_lounge/6930_260/mix.wav,14.284164428710938,14.240645408630371,13.352045059204102,13.40728759765625
/data/public/EchoSet/test/Z6MFQCViBuw/0_7_lounge/5639_7021/mix.wav,9.171298027038574,9.235758781433105,8.870660781860352,9.051467895507812
/data/public/EchoSet/test/Z6MFQCViBuw/0_7_lounge/1089_1580/mix.wav,13.158750534057617,13.23855972290039,12.695196151733398,12.832737922668457
/data/public/EchoSet/test/Z6MFQCViBuw/0_7_lounge/1284_2961/mix.wav,9.874643325805664,9.903409957885742,9.27794075012207,9.332329750061035
/data/public/EchoSet/test/Z6MFQCViBuw/0_7_lounge/1580_3575/mix.wav,8.449792861938477,8.454143524169922,7.657010078430176,7.732823848724365
/data/public/EchoSet/test/Z6MFQCViBuw/0_7_lounge/4507_8224/mix.wav,12.453374862670898,12.860264778137207,12.257521629333496,12.685962677001953
/data/public/EchoSet/test/Z6MFQCViBuw/0_7_lounge/3575_7176/mix.wav,11.937551498413086,11.802793502807617,11.348934173583984,11.290020942687988
/data/public/EchoSet/test/Z6MFQCViBuw/0_7_lounge/2300_1089/mix.wav,5.162014961242676,5.515895366668701,4.797419548034668,5.23292350769043
/data/public/EchoSet/test/Z6MFQCViBuw/0_7_lounge/2300_8455/mix.wav,2.0460541248321533,1.8337199687957764,1.576859474182129,1.4459350109100342
/data/public/EchoSet/test/Z6MFQCViBuw/0_7_lounge/5105_5683/mix.wav,13.439109802246094,13.385456085205078,12.521181106567383,12.518634796142578
/data/public/EchoSet/test/Z6MFQCViBuw/0_7_lounge/7021_7127/mix.wav,11.821157455444336,11.890880584716797,11.100542068481445,11.216355323791504
/data/public/EchoSet/test/Z6MFQCViBuw/0_7_lounge/7729_5142/mix.wav,10.383275985717773,10.157974243164062,9.455678939819336,9.410909652709961
/data/public/EchoSet/test/Z6MFQCViBuw/0_7_lounge/1221_908/mix.wav,11.321056365966797,11.194345474243164,10.818714141845703,10.757070541381836
/data/public/EchoSet/test/Z6MFQCViBuw/0_7_lounge/6829_3575/mix.wav,10.499153137207031,10.813372611999512,9.907903671264648,10.256437301635742
/data/public/EchoSet/test/Z6MFQCViBuw/0_7_lounge/121_7021/mix.wav,11.927717208862305,12.015829086303711,11.496942520141602,11.728972434997559
/data/public/EchoSet/test/Z6MFQCViBuw/0_7_lounge/2300_3729/mix.wav,3.733858108520508,3.723151683807373,3.262796640396118,3.326920509338379
/data/public/EchoSet/test/Z6MFQCViBuw/0_7_lounge/2961_5142/mix.wav,1.3620083332061768,1.9615495204925537,0.7485934495925903,1.5359326601028442
/data/public/EchoSet/test/Z6MFQCViBuw/0_7_lounge/2094_121/mix.wav,9.887261390686035,10.045269966125488,8.980937957763672,9.19683837890625
/data/public/EchoSet/test/Z6MFQCViBuw/0_7_lounge/61_1284/mix.wav,9.183526992797852,9.570812225341797,7.971333026885986,8.455024719238281
/data/public/EchoSet/test/Z6MFQCViBuw/0_7_lounge/7127_7176/mix.wav,4.152431011199951,4.0721540451049805,3.3818445205688477,3.352750062942505
/data/public/EchoSet/test/Z6MFQCViBuw/0_7_lounge/5105_4992/mix.wav,10.750091552734375,10.91321849822998,9.71106243133545,9.952058792114258
/data/public/EchoSet/test/Z6MFQCViBuw/0_7_lounge/8224_672/mix.wav,6.438348770141602,6.4196367263793945,5.639590263366699,5.663548469543457
/data/public/EchoSet/test/Z6MFQCViBuw/0_7_lounge/8230_4970/mix.wav,12.643356323242188,12.777565002441406,12.188581466674805,12.371108055114746
/data/public/EchoSet/test/Z6MFQCViBuw/0_7_lounge/4992_908/mix.wav,12.937135696411133,13.042374610900879,12.57352066040039,12.704025268554688
/data/public/EchoSet/test/Z6MFQCViBuw/0_7_lounge/2830_4970/mix.wav,9.173683166503906,9.23239517211914,6.376392364501953,6.606195449829102
/data/public/EchoSet/test/Z6MFQCViBuw/0_7_lounge/1995_61/mix.wav,10.951509475708008,11.1354341506958,10.620857238769531,10.85062313079834
/data/public/EchoSet/test/Z6MFQCViBuw/0_7_lounge/237_121/mix.wav,11.061429977416992,11.276756286621094,10.58726692199707,10.847835540771484
/data/public/EchoSet/test/Z6MFQCViBuw/0_7_lounge/8463_2094/mix.wav,14.090522766113281,14.229990005493164,13.498710632324219,13.702733993530273
/data/public/EchoSet/test/Z6MFQCViBuw/0_7_lounge/8455_260/mix.wav,9.922000885009766,9.801885604858398,8.785558700561523,8.711548805236816
/data/public/EchoSet/test/Z6MFQCViBuw/0_7_lounge/4077_1221/mix.wav,7.284963607788086,7.1442108154296875,6.060844421386719,6.099045276641846
/data/public/EchoSet/test/Z6MFQCViBuw/0_7_lounge/8463_4970/mix.wav,7.723331928253174,7.938839912414551,6.720406532287598,7.034891605377197
/data/public/EchoSet/test/Z6MFQCViBuw/0_7_lounge/61_8230/mix.wav,2.752361297607422,3.1085093021392822,1.606368899345398,2.081145763397217
/data/public/EchoSet/test/Z6MFQCViBuw/0_7_lounge/6930_3570/mix.wav,9.343770980834961,9.378616333007812,8.764388084411621,8.841447830200195
/data/public/EchoSet/test/Z6MFQCViBuw/0_7_lounge/1284_7176/mix.wav,9.840818405151367,10.042492866516113,9.253196716308594,9.50003433227539
/data/public/EchoSet/test/Z6MFQCViBuw/0_7_lounge/3575_2830/mix.wav,12.75668716430664,12.931787490844727,12.193238258361816,12.396434783935547
/data/public/EchoSet/test/Z6MFQCViBuw/0_7_lounge/1995_1320/mix.wav,11.487813949584961,11.379434585571289,10.993528366088867,10.932182312011719
/data/public/EchoSet/test/Z6MFQCViBuw/0_7_lounge/672_61/mix.wav,6.332435607910156,6.221400737762451,5.298768997192383,5.2935357093811035
/data/public/EchoSet/test/Z6MFQCViBuw/0_7_lounge/8555_1089/mix.wav,14.140413284301758,14.295995712280273,13.853046417236328,14.023296356201172
/data/public/EchoSet/test/Z6MFQCViBuw/0_7_lounge/1580_4077/mix.wav,10.387969970703125,10.50787353515625,9.801860809326172,9.989730834960938
/data/public/EchoSet/test/Z6MFQCViBuw/0_7_lounge/7021_4992/mix.wav,8.212987899780273,8.251355171203613,7.062511444091797,7.178434371948242
/data/public/EchoSet/test/Z6MFQCViBuw/0_7_lounge/3729_2094/mix.wav,9.394693374633789,9.564204216003418,8.63037109375,8.849295616149902
/data/public/EchoSet/test/Z6MFQCViBuw/0_7_lounge/1221_4077/mix.wav,9.475109100341797,9.538704872131348,8.786739349365234,8.902342796325684
/data/public/EchoSet/test/Z6MFQCViBuw/0_7_lounge/3570_1188/mix.wav,12.902889251708984,13.055366516113281,12.071900367736816,12.245426177978516
/data/public/EchoSet/test/Z6MFQCViBuw/0_7_lounge/8224_5142/mix.wav,6.726841926574707,6.679970741271973,2.897672653198242,2.9731533527374268
/data/public/EchoSet/test/Z6MFQCViBuw/0_5_lounge/260_6930/mix.wav,7.881361961364746,8.417823791503906,6.206254959106445,6.788566589355469
/data/public/EchoSet/test/Z6MFQCViBuw/0_5_lounge/2961_5105/mix.wav,8.980727195739746,8.891372680664062,7.788273334503174,7.794266223907471
/data/public/EchoSet/test/Z6MFQCViBuw/0_5_lounge/1320_5142/mix.wav,12.012816429138184,11.985164642333984,10.983553886413574,11.020193099975586
/data/public/EchoSet/test/Z6MFQCViBuw/0_5_lounge/8224_6829/mix.wav,7.41538143157959,7.568698883056641,6.370034217834473,6.598048210144043
/data/public/EchoSet/test/Z6MFQCViBuw/0_5_lounge/8555_1320/mix.wav,12.162261009216309,12.260891914367676,11.62677001953125,11.762650489807129
/data/public/EchoSet/test/Z6MFQCViBuw/0_5_lounge/8463_5105/mix.wav,8.801188468933105,8.851279258728027,8.307250022888184,8.449665069580078
/data/public/EchoSet/test/Z6MFQCViBuw/0_5_lounge/2961_61/mix.wav,12.191116333007812,12.206443786621094,11.77525520324707,11.857279777526855
/data/public/EchoSet/test/Z6MFQCViBuw/0_5_lounge/1995_8224/mix.wav,7.661319732666016,7.894807815551758,7.075540065765381,7.405398845672607
/data/public/EchoSet/test/Z6MFQCViBuw/0_5_lounge/260_7127/mix.wav,4.8864030838012695,4.886166572570801,4.173234939575195,4.226028919219971
/data/public/EchoSet/test/Z6MFQCViBuw/0_5_lounge/260_4446/mix.wav,9.673606872558594,9.980253219604492,9.220512390136719,9.589550971984863
/data/public/EchoSet/test/Z6MFQCViBuw/0_5_lounge/4992_5683/mix.wav,6.855188369750977,6.905618667602539,5.359743118286133,5.451115608215332
/data/public/EchoSet/test/Z6MFQCViBuw/0_5_lounge/5142_8230/mix.wav,9.409971237182617,9.43154525756836,8.499703407287598,8.570562362670898
/data/public/EchoSet/test/Z6MFQCViBuw/0_5_lounge/4446_4507/mix.wav,12.037761688232422,12.075252532958984,11.527819633483887,11.607162475585938
/data/public/EchoSet/test/Z6MFQCViBuw/0_5_lounge/7127_4970/mix.wav,8.360498428344727,8.462553977966309,6.862870693206787,7.095765113830566
/data/public/EchoSet/test/Z6MFQCViBuw/0_5_lounge/1221_1320/mix.wav,11.37075424194336,11.567256927490234,8.544898986816406,8.81139087677002
/data/public/EchoSet/test/Z6MFQCViBuw/0_5_lounge/5105_7021/mix.wav,3.6963844299316406,3.645294666290283,3.1402053833007812,3.1425745487213135
/data/public/EchoSet/test/Z6MFQCViBuw/0_5_lounge/1221_6930/mix.wav,9.640130996704102,9.682975769042969,8.961530685424805,9.0657958984375
/data/public/EchoSet/test/Z6MFQCViBuw/0_5_lounge/2300_6829/mix.wav,6.821789741516113,7.623966217041016,5.9417314529418945,6.801198959350586
/data/public/EchoSet/test/Z6MFQCViBuw/0_5_lounge/672_1284/mix.wav,-0.09129011631011963,0.17484760284423828,-1.0248081684112549,-0.679301381111145
/data/public/EchoSet/test/Z6MFQCViBuw/0_5_lounge/121_2961/mix.wav,7.816781997680664,8.092111587524414,7.247829437255859,7.624194145202637
/data/public/EchoSet/test/Z6MFQCViBuw/0_5_lounge/61_3729/mix.wav,4.954295635223389,5.18857479095459,4.485829830169678,4.757781028747559
/data/public/EchoSet/test/Z6MFQCViBuw/0_5_lounge/1995_61/mix.wav,10.153968811035156,10.368741989135742,9.942195892333984,10.18737506866455
/data/public/EchoSet/test/Z6MFQCViBuw/0_5_lounge/1089_908/mix.wav,8.000067710876465,8.025431632995605,7.629415035247803,7.726681709289551
/data/public/EchoSet/test/Z6MFQCViBuw/0_5_lounge/4992_1580/mix.wav,10.82174015045166,10.800930976867676,10.070293426513672,10.105774879455566
/data/public/EchoSet/test/Z6MFQCViBuw/0_5_lounge/5683_4446/mix.wav,12.43366813659668,12.480386734008789,11.585227012634277,11.670246124267578
/data/public/EchoSet/test/Z6MFQCViBuw/0_5_lounge/2830_7176/mix.wav,2.967341423034668,3.077907085418701,0.3002508878707886,0.4351656436920166
/data/public/EchoSet/test/Z6MFQCViBuw/0_5_lounge/1995_4970/mix.wav,7.984066963195801,8.1708345413208,7.446834564208984,7.714595317840576
/data/public/EchoSet/test/Z6MFQCViBuw/0_5_lounge/3575_7021/mix.wav,13.160325050354004,13.264663696289062,12.164617538452148,12.307415008544922
/data/public/EchoSet/test/Z6MFQCViBuw/0_5_lounge/1188_7127/mix.wav,9.661413192749023,9.80574893951416,9.056922912597656,9.24372673034668
/data/public/EchoSet/test/Z6MFQCViBuw/0_5_lounge/1089_8455/mix.wav,13.279552459716797,13.276707649230957,12.91793441772461,12.944740295410156
/data/public/EchoSet/test/Z6MFQCViBuw/0_5_lounge/672_3575/mix.wav,10.622627258300781,10.632819175720215,9.628751754760742,9.65726375579834
/data/public/EchoSet/test/Z6MFQCViBuw/0_5_lounge/3729_1580/mix.wav,7.208773136138916,7.580018043518066,6.803654670715332,7.29302978515625
/data/public/EchoSet/test/Z6MFQCViBuw/0_5_lounge/8455_1089/mix.wav,6.734375,6.771313190460205,6.190822124481201,6.278336048126221
/data/public/EchoSet/test/Z6MFQCViBuw/0_5_lounge/1284_121/mix.wav,7.998429775238037,8.082399368286133,6.922082424163818,7.099208831787109
/data/public/EchoSet/test/Z6MFQCViBuw/0_5_lounge/3729_1995/mix.wav,7.55150032043457,7.947881698608398,6.498439311981201,6.996326923370361
/data/public/EchoSet/test/Z6MFQCViBuw/0_5_lounge/237_4992/mix.wav,10.256022453308105,10.386313438415527,9.769586563110352,9.969728469848633
/data/public/EchoSet/test/Z6MFQCViBuw/0_5_lounge/3570_7729/mix.wav,7.53756046295166,8.344908714294434,7.029560089111328,7.929550647735596
/data/public/EchoSet/test/Z6MFQCViBuw/0_5_lounge/5683_7127/mix.wav,0.9284040927886963,0.999833345413208,0.02294015884399414,0.19234085083007812
/data/public/EchoSet/test/Z6MFQCViBuw/0_5_lounge/4077_4507/mix.wav,10.284809112548828,10.752592086791992,9.90020751953125,10.445099830627441
/data/public/EchoSet/test/Z6MFQCViBuw/0_5_lounge/1188_7176/mix.wav,-0.01281428337097168,0.1601567268371582,-0.5644891858100891,-0.3594211935997009
/data/public/EchoSet/test/Z6MFQCViBuw/0_5_lounge/908_3575/mix.wav,9.974470138549805,10.043965339660645,9.295656204223633,9.426822662353516
/data/public/EchoSet/test/Z6MFQCViBuw/0_5_lounge/5683_6930/mix.wav,5.201225757598877,4.93548583984375,4.014859676361084,3.9285809993743896
/data/public/EchoSet/test/Z6MFQCViBuw/0_5_lounge/7729_3570/mix.wav,10.263348579406738,10.349374771118164,9.843720436096191,9.976540565490723
/data/public/EchoSet/test/Z6MFQCViBuw/0_5_lounge/8224_2961/mix.wav,10.821520805358887,10.821619987487793,10.011495590209961,10.087324142456055
/data/public/EchoSet/test/Z6MFQCViBuw/0_5_lounge/4507_6930/mix.wav,13.052372932434082,13.005802154541016,12.247390747070312,12.293551445007324
/data/public/EchoSet/test/Z6MFQCViBuw/0_5_lounge/8555_3729/mix.wav,10.302900314331055,10.761775970458984,9.115612030029297,9.653244972229004
/data/public/EchoSet/test/Z6MFQCViBuw/0_5_lounge/8555_2300/mix.wav,2.446197032928467,2.489011287689209,1.5569971799850464,1.6325421333312988
/data/public/EchoSet/test/Z6MFQCViBuw/0_5_lounge/8463_237/mix.wav,7.830811977386475,7.91917610168457,7.370323181152344,7.505754470825195
/data/public/EchoSet/test/Z6MFQCViBuw/0_5_lounge/672_3570/mix.wav,6.52964973449707,6.694553375244141,4.766975402832031,4.949508190155029
/data/public/EchoSet/test/Z6MFQCViBuw/0_5_lounge/8463_7729/mix.wav,10.322021484375,10.358704566955566,9.818614959716797,9.892868995666504
/data/public/EchoSet/test/Z6MFQCViBuw/0_5_lounge/4507_2094/mix.wav,15.849847793579102,15.990577697753906,15.086275100708008,15.239789962768555
/data/public/EchoSet/test/Z6MFQCViBuw/0_5_lounge/260_1221/mix.wav,2.233721971511841,2.5084123611450195,1.6320393085479736,1.9547044038772583
/data/public/EchoSet/test/Z6MFQCViBuw/0_5_lounge/121_8230/mix.wav,12.792173385620117,12.744288444519043,12.414751052856445,12.400713920593262
/data/public/EchoSet/test/Z6MFQCViBuw/0_5_lounge/4077_672/mix.wav,6.941137790679932,7.101601600646973,5.077314853668213,5.290072441101074
/data/public/EchoSet/test/Z6MFQCViBuw/0_5_lounge/2094_5142/mix.wav,12.24742317199707,12.356558799743652,11.252708435058594,11.399962425231934
/data/public/EchoSet/test/Z6MFQCViBuw/0_5_lounge/4077_8224/mix.wav,2.5402166843414307,2.5648491382598877,1.3209657669067383,1.3804316520690918
/data/public/EchoSet/test/Z6MFQCViBuw/0_5_lounge/7729_1284/mix.wav,10.848381042480469,10.948624610900879,10.498741149902344,10.640608787536621
/data/public/EchoSet/test/Z6MFQCViBuw/0_5_lounge/1188_2094/mix.wav,11.209869384765625,11.099353790283203,10.371431350708008,10.591303825378418
/data/public/EchoSet/test/Z6MFQCViBuw/0_5_lounge/260_237/mix.wav,9.653482437133789,9.809926986694336,8.877212524414062,9.128121376037598
/data/public/EchoSet/test/Z6MFQCViBuw/0_5_lounge/2830_237/mix.wav,9.300500869750977,9.415339469909668,8.717427253723145,8.885381698608398
/data/public/EchoSet/test/Z6MFQCViBuw/0_5_lounge/1320_1580/mix.wav,10.417365074157715,10.75006103515625,9.965341567993164,10.336657524108887
/data/public/EchoSet/test/Z6MFQCViBuw/0_5_lounge/3570_1188/mix.wav,11.696295738220215,11.822524070739746,11.315357208251953,11.469564437866211
/data/public/EchoSet/test/Z6MFQCViBuw/0_5_lounge/1221_4077/mix.wav,10.762955665588379,10.464195251464844,10.166515350341797,9.983797073364258
/data/public/EchoSet/test/Z6MFQCViBuw/0_5_lounge/1221_8230/mix.wav,12.47804069519043,12.46782112121582,11.760335922241211,11.775701522827148
/data/public/EchoSet/test/Z6MFQCViBuw/0_5_lounge/2300_8463/mix.wav,11.013309478759766,11.119296073913574,10.501611709594727,10.675207138061523
/data/public/EchoSet/test/Z6MFQCViBuw/0_5_lounge/4077_5639/mix.wav,10.765043258666992,10.793453216552734,10.19659423828125,10.240617752075195
/data/public/EchoSet/test/Z6MFQCViBuw/0_5_lounge/61_4507/mix.wav,10.884956359863281,10.952188491821289,9.984376907348633,10.142218589782715
/data/public/EchoSet/test/Z6MFQCViBuw/0_5_lounge/5105_6829/mix.wav,8.296154022216797,8.41084098815918,7.459957122802734,7.649633407592773
/data/public/EchoSet/test/Z6MFQCViBuw/0_5_lounge/908_7176/mix.wav,9.233048439025879,9.161458969116211,8.803136825561523,8.924514770507812
/data/public/EchoSet/test/Z6MFQCViBuw/0_5_lounge/2094_2300/mix.wav,2.0215938091278076,2.472682476043701,1.1163735389709473,1.61649751663208
/data/public/EchoSet/test/Z6MFQCViBuw/0_5_lounge/4446_8230/mix.wav,10.819326400756836,10.94212818145752,10.126129150390625,10.285862922668457
/data/public/EchoSet/test/Z6MFQCViBuw/0_5_lounge/8555_121/mix.wav,5.6823954582214355,6.154655456542969,4.287770748138428,4.896087169647217
/data/public/EchoSet/test/Z6MFQCViBuw/0_5_lounge/1580_2094/mix.wav,10.491581916809082,10.533964157104492,9.97177791595459,10.04104232788086
/data/public/EchoSet/test/Z6MFQCViBuw/0_5_lounge/5639_7021/mix.wav,6.652779579162598,7.109094619750977,6.150271415710449,6.767797470092773
/data/public/EchoSet/test/Z6MFQCViBuw/0_5_lounge/8463_8455/mix.wav,12.182897567749023,12.118504524230957,11.748382568359375,11.707515716552734
/data/public/EchoSet/test/Z6MFQCViBuw/0_5_lounge/5639_1089/mix.wav,0.7768691778182983,0.5005255937576294,-0.5159022808074951,-0.698314905166626
/data/public/EchoSet/test/Z6MFQCViBuw/0_5_lounge/3575_4446/mix.wav,8.50907039642334,8.563835144042969,7.361931800842285,7.591700077056885
/data/public/EchoSet/test/Z6MFQCViBuw/0_5_lounge/7729_8555/mix.wav,12.754257202148438,12.765645027160645,12.337600708007812,12.397553443908691
/data/public/EchoSet/test/Z6MFQCViBuw/0_5_lounge/4992_8224/mix.wav,11.034561157226562,11.038285255432129,10.510428428649902,10.553478240966797
/data/public/EchoSet/test/Z6MFQCViBuw/0_5_lounge/237_4970/mix.wav,7.8773274421691895,8.121413230895996,7.257561683654785,7.568849563598633
/data/public/EchoSet/test/Z6MFQCViBuw/0_5_lounge/5142_2830/mix.wav,8.297220230102539,8.21005916595459,6.735225677490234,6.752432346343994
/data/public/EchoSet/test/Z6MFQCViBuw/0_5_lounge/3729_7021/mix.wav,16.326953887939453,16.409706115722656,16.040477752685547,16.155637741088867
/data/public/EchoSet/test/Z6MFQCViBuw/0_5_lounge/61_3570/mix.wav,13.206302642822266,13.395454406738281,12.322585105895996,12.536933898925781
/data/public/EchoSet/test/Z6MFQCViBuw/0_5_lounge/3575_908/mix.wav,8.877578735351562,8.678251266479492,8.189897537231445,8.071816444396973
/data/public/EchoSet/test/Z6MFQCViBuw/0_5_lounge/1580_908/mix.wav,10.71195125579834,10.994641304016113,10.394817352294922,10.700784683227539
/data/public/EchoSet/test/Z6MFQCViBuw/0_5_lounge/2830_5142/mix.wav,10.205276489257812,10.263408660888672,9.61273193359375,9.753005981445312
/data/public/EchoSet/test/Z6MFQCViBuw/0_5_lounge/8455_1188/mix.wav,5.646719932556152,5.674027442932129,5.222301483154297,5.308260917663574
/data/public/EchoSet/test/Z6MFQCViBuw/0_5_lounge/7176_4970/mix.wav,12.85177230834961,13.12962532043457,12.192079544067383,12.539406776428223
/data/public/EchoSet/test/Z6MFQCViBuw/0_5_lounge/1995_5683/mix.wav,9.951190948486328,10.267406463623047,9.45096206665039,9.841920852661133
/data/public/EchoSet/test/Z6MFQCViBuw/0_5_lounge/1089_6930/mix.wav,10.518697738647461,10.705538749694824,9.79440689086914,10.061684608459473
/data/public/EchoSet/test/Z6MFQCViBuw/0_5_lounge/7127_6829/mix.wav,5.211345672607422,5.198123931884766,4.107251167297363,4.213045120239258
/data/public/EchoSet/test/Z6MFQCViBuw/0_5_lounge/5639_8230/mix.wav,10.38822078704834,10.651994705200195,9.94199275970459,10.261506080627441
/data/public/EchoSet/test/Z6MFQCViBuw/0_5_lounge/2830_2300/mix.wav,9.153543472290039,9.200937271118164,7.741842269897461,7.82573127746582
/data/public/EchoSet/test/Z6MFQCViBuw/0_5_lounge/8455_7176/mix.wav,8.795145034790039,9.059417724609375,8.340019226074219,8.658848762512207
/data/public/EchoSet/test/Z6MFQCViBuw/0_5_lounge/6829_4970/mix.wav,9.398831367492676,9.572855949401855,8.725127220153809,8.930757522583008
/data/public/EchoSet/test/Z6MFQCViBuw/0_5_lounge/121_1284/mix.wav,8.122316360473633,8.126147270202637,7.433738708496094,7.612009048461914
/data/public/EchoSet/test/Z6MFQCViBuw/0_5_lounge/1320_5105/mix.wav,6.637474060058594,5.9502153396606445,5.94859504699707,5.8036627769470215
/data/public/EchoSet/test/Z6MFQCViBuw/0_5_lounge/672_2961/mix.wav,14.216437339782715,14.348538398742676,13.915048599243164,14.083388328552246
/data/public/EchoSet/test/Z6MFQCViBuw/0_5_lounge/1284_4992/mix.wav,8.385015487670898,8.334429740905762,7.838679313659668,7.8434906005859375
/data/public/EchoSet/test/pLe4wQe7qrG/0_0_other_room/237_5142/mix.wav,12.474653244018555,12.653480529785156,11.681999206542969,11.899395942687988
/data/public/EchoSet/test/pLe4wQe7qrG/0_0_other_room/1995_4077/mix.wav,10.543060302734375,10.383195877075195,9.87904167175293,9.807876586914062
/data/public/EchoSet/test/pLe4wQe7qrG/0_0_other_room/2830_2961/mix.wav,9.059540748596191,9.142090797424316,7.950740814208984,8.080023765563965
/data/public/EchoSet/test/pLe4wQe7qrG/0_0_other_room/7127_2094/mix.wav,8.445560455322266,8.934436798095703,7.75200080871582,8.308791160583496
/data/public/EchoSet/test/pLe4wQe7qrG/0_0_other_room/1188_5105/mix.wav,9.428196907043457,9.384891510009766,8.522003173828125,8.507678031921387
/data/public/EchoSet/test/pLe4wQe7qrG/0_0_other_room/8555_4446/mix.wav,7.72920560836792,7.851874828338623,7.349903106689453,7.592626571655273
/data/public/EchoSet/test/pLe4wQe7qrG/0_0_other_room/8555_1188/mix.wav,12.693492889404297,12.714448928833008,12.105058670043945,12.158052444458008
/data/public/EchoSet/test/pLe4wQe7qrG/0_0_other_room/6930_2300/mix.wav,9.310641288757324,9.412771224975586,8.446596145629883,8.615371704101562
/data/public/EchoSet/test/pLe4wQe7qrG/0_0_other_room/6829_1188/mix.wav,10.600122451782227,10.631189346313477,10.043907165527344,10.146039009094238
/data/public/EchoSet/test/pLe4wQe7qrG/0_0_other_room/5142_61/mix.wav,6.336790084838867,6.512685775756836,5.547600746154785,5.7682905197143555
/data/public/EchoSet/test/pLe4wQe7qrG/0_0_other_room/237_1221/mix.wav,5.892752647399902,6.052227973937988,5.409377098083496,5.616439342498779
/data/public/EchoSet/test/pLe4wQe7qrG/0_0_other_room/1284_7021/mix.wav,10.827934265136719,10.648399353027344,10.290372848510742,10.221488952636719
/data/public/EchoSet/test/pLe4wQe7qrG/0_0_other_room/3729_672/mix.wav,8.68687629699707,8.786625862121582,7.452889919281006,7.578393936157227
/data/public/EchoSet/test/pLe4wQe7qrG/0_0_other_room/1995_121/mix.wav,9.357429504394531,9.635370254516602,8.21999740600586,8.57667064666748
/data/public/EchoSet/test/pLe4wQe7qrG/0_0_other_room/1221_4446/mix.wav,3.394055128097534,3.5853006839752197,2.7718353271484375,3.015674591064453
/data/public/EchoSet/test/pLe4wQe7qrG/0_0_other_room/6930_1089/mix.wav,1.3338292837142944,1.3538028001785278,0.7645502090454102,0.846664547920227
/data/public/EchoSet/test/pLe4wQe7qrG/0_0_other_room/2961_4992/mix.wav,12.810338973999023,12.852005958557129,12.435935974121094,12.50885009765625
/data/public/EchoSet/test/pLe4wQe7qrG/0_0_other_room/2094_6829/mix.wav,7.718001365661621,7.789222240447998,7.416170120239258,7.5528178215026855
/data/public/EchoSet/test/pLe4wQe7qrG/0_0_other_room/61_237/mix.wav,6.060415267944336,6.441200256347656,5.172732353210449,5.622640132904053
/data/public/EchoSet/test/pLe4wQe7qrG/0_0_other_room/61_8224/mix.wav,13.149345397949219,13.286835670471191,12.192340850830078,12.351871490478516
/data/public/EchoSet/test/pLe4wQe7qrG/0_0_other_room/61_8463/mix.wav,5.474002838134766,5.498229026794434,4.925614356994629,5.023251533508301
/data/public/EchoSet/test/pLe4wQe7qrG/0_0_other_room/260_8463/mix.wav,9.01390552520752,9.327313423156738,8.603282928466797,8.965587615966797
/data/public/EchoSet/test/pLe4wQe7qrG/0_0_other_room/4077_5105/mix.wav,6.6270036697387695,6.691269874572754,5.309045791625977,5.4087233543396
/data/public/EchoSet/test/pLe4wQe7qrG/0_0_other_room/2830_1320/mix.wav,7.601149559020996,7.732120037078857,6.747772216796875,6.933369159698486
/data/public/EchoSet/test/pLe4wQe7qrG/0_0_other_room/1320_4970/mix.wav,12.018194198608398,12.428365707397461,11.716107368469238,12.205720901489258
/data/public/EchoSet/test/pLe4wQe7qrG/0_0_other_room/5105_2094/mix.wav,8.065031051635742,8.127224922180176,6.749234676361084,6.835140228271484
/data/public/EchoSet/test/pLe4wQe7qrG/0_0_other_room/4970_5142/mix.wav,10.738086700439453,10.809696197509766,10.103119850158691,10.22691535949707
/data/public/EchoSet/test/pLe4wQe7qrG/0_0_other_room/5105_7729/mix.wav,7.949253082275391,7.824629306793213,6.976696014404297,6.969005584716797
/data/public/EchoSet/test/pLe4wQe7qrG/0_0_other_room/5683_672/mix.wav,12.072467803955078,12.2964506149292,11.43656063079834,11.698458671569824
/data/public/EchoSet/test/pLe4wQe7qrG/0_0_other_room/4507_1320/mix.wav,14.028404235839844,14.124391555786133,13.782855033874512,13.915548324584961
/data/public/EchoSet/test/pLe4wQe7qrG/0_0_other_room/4446_1188/mix.wav,11.020435333251953,11.014615058898926,9.530038833618164,9.559948921203613
/data/public/EchoSet/test/pLe4wQe7qrG/0_0_other_room/8230_908/mix.wav,9.21751880645752,9.159173965454102,8.526260375976562,8.547805786132812
/data/public/EchoSet/test/pLe4wQe7qrG/0_0_other_room/8455_1089/mix.wav,11.465636253356934,11.447917938232422,11.014833450317383,11.032777786254883
/data/public/EchoSet/test/pLe4wQe7qrG/0_0_other_room/237_8463/mix.wav,10.184829711914062,10.286827087402344,8.84860610961914,8.963704109191895
/data/public/EchoSet/test/pLe4wQe7qrG/0_0_other_room/1089_8555/mix.wav,9.515483856201172,9.57966423034668,9.073458671569824,9.171209335327148
/data/public/EchoSet/test/pLe4wQe7qrG/0_0_other_room/6829_5683/mix.wav,7.871638774871826,8.040358543395996,7.159258842468262,7.361987113952637
/data/public/EchoSet/test/pLe4wQe7qrG/0_0_other_room/4077_5683/mix.wav,9.546839714050293,9.803657531738281,8.89535140991211,9.209896087646484
/data/public/EchoSet/test/pLe4wQe7qrG/0_0_other_room/1089_260/mix.wav,12.17911148071289,12.179856300354004,11.555293083190918,11.628846168518066
/data/public/EchoSet/test/pLe4wQe7qrG/0_0_other_room/5639_4446/mix.wav,12.354911804199219,12.488940238952637,11.98808479309082,12.153907775878906
/data/public/EchoSet/test/pLe4wQe7qrG/0_0_other_room/237_7729/mix.wav,13.21703052520752,13.356385231018066,12.79580020904541,12.958956718444824
/data/public/EchoSet/test/pLe4wQe7qrG/0_0_other_room/8455_3729/mix.wav,6.51675271987915,6.7160868644714355,5.487796783447266,5.7274980545043945
/data/public/EchoSet/test/pLe4wQe7qrG/0_0_other_room/8455_4077/mix.wav,6.184981346130371,6.614241600036621,5.480542182922363,5.978584289550781
/data/public/EchoSet/test/pLe4wQe7qrG/0_0_other_room/5639_260/mix.wav,4.982264041900635,5.0095696449279785,4.488152503967285,4.551670074462891
/data/public/EchoSet/test/pLe4wQe7qrG/0_0_other_room/3575_8455/mix.wav,9.219314575195312,9.634748458862305,8.892489433288574,9.432442665100098
/data/public/EchoSet/test/pLe4wQe7qrG/0_0_other_room/4507_1580/mix.wav,9.963871002197266,10.050944328308105,9.666409492492676,9.806233406066895
/data/public/EchoSet/test/pLe4wQe7qrG/0_0_other_room/5639_1580/mix.wav,12.892045974731445,12.899072647094727,12.449149131774902,12.527826309204102
/data/public/EchoSet/test/pLe4wQe7qrG/0_0_other_room/1995_4970/mix.wav,14.961326599121094,14.923839569091797,14.290067672729492,14.299184799194336
/data/public/EchoSet/test/pLe4wQe7qrG/0_0_other_room/260_3575/mix.wav,8.028234481811523,8.397747039794922,7.2663068771362305,7.703598499298096
/data/public/EchoSet/test/pLe4wQe7qrG/0_0_other_room/1995_2094/mix.wav,13.07307243347168,12.895917892456055,12.705890655517578,12.563226699829102
/data/public/EchoSet/test/pLe4wQe7qrG/0_0_other_room/4077_2830/mix.wav,10.193099021911621,10.610971450805664,9.650390625,10.087215423583984
/data/public/EchoSet/test/pLe4wQe7qrG/0_0_other_room/5683_3570/mix.wav,9.862541198730469,10.00268268585205,8.657613754272461,8.834573745727539
/data/public/EchoSet/test/pLe4wQe7qrG/0_0_other_room/3570_260/mix.wav,9.771258354187012,9.864348411560059,9.198319435119629,9.374814987182617
/data/public/EchoSet/test/pLe4wQe7qrG/0_0_other_room/5639_7176/mix.wav,7.476534843444824,7.572932243347168,6.856135368347168,7.0076069831848145
/data/public/EchoSet/test/pLe4wQe7qrG/0_0_other_room/7021_8555/mix.wav,0.13602709770202637,0.20899486541748047,-2.265895366668701,-2.1447691917419434
/data/public/EchoSet/test/pLe4wQe7qrG/0_0_other_room/61_7729/mix.wav,2.5398237705230713,2.5863757133483887,0.9579864740371704,1.0505131483078003
/data/public/EchoSet/test/pLe4wQe7qrG/0_0_other_room/5639_3570/mix.wav,11.668994903564453,11.712064743041992,11.148996353149414,11.218716621398926
/data/public/EchoSet/test/pLe4wQe7qrG/0_0_other_room/8455_4992/mix.wav,10.60902214050293,10.574296951293945,10.169020652770996,10.180668830871582
/data/public/EchoSet/test/pLe4wQe7qrG/0_0_other_room/7176_7021/mix.wav,3.6123456954956055,3.4951910972595215,2.914790630340576,2.9382081031799316
/data/public/EchoSet/test/pLe4wQe7qrG/0_0_other_room/3729_3575/mix.wav,5.394350528717041,5.319316864013672,5.022615432739258,5.017493724822998
/data/public/EchoSet/test/pLe4wQe7qrG/0_0_other_room/908_8555/mix.wav,14.35299301147461,14.593304634094238,13.957145690917969,14.214787483215332
/data/public/EchoSet/test/pLe4wQe7qrG/0_0_other_room/8230_7021/mix.wav,9.207561492919922,9.42006778717041,8.650190353393555,8.923248291015625
/data/public/EchoSet/test/pLe4wQe7qrG/0_0_other_room/1320_6829/mix.wav,11.720329284667969,11.813114166259766,11.297136306762695,11.449675559997559
/data/public/EchoSet/test/pLe4wQe7qrG/0_0_other_room/7127_672/mix.wav,10.304567337036133,10.282801628112793,9.515445709228516,9.582627296447754
/data/public/EchoSet/test/pLe4wQe7qrG/0_0_other_room/5105_7176/mix.wav,8.442450523376465,8.474373817443848,8.177733421325684,8.273910522460938
/data/public/EchoSet/test/pLe4wQe7qrG/0_0_other_room/3575_2961/mix.wav,6.6612725257873535,7.203006744384766,6.198569297790527,6.787137985229492
/data/public/EchoSet/test/pLe4wQe7qrG/0_0_other_room/6829_7021/mix.wav,12.750585556030273,12.727466583251953,12.025830268859863,12.047456741333008
/data/public/EchoSet/test/pLe4wQe7qrG/0_0_other_room/6930_7127/mix.wav,11.019227027893066,10.549814224243164,10.434807777404785,10.416717529296875
/data/public/EchoSet/test/pLe4wQe7qrG/0_0_other_room/1221_3729/mix.wav,9.45089340209961,9.925129890441895,9.06297779083252,9.56001091003418
/data/public/EchoSet/test/pLe4wQe7qrG/0_0_other_room/237_1320/mix.wav,12.563801765441895,12.680821418762207,11.959721565246582,12.137166976928711
/data/public/EchoSet/test/pLe4wQe7qrG/0_0_other_room/2961_8463/mix.wav,6.007927894592285,5.945952415466309,5.244235038757324,5.319248199462891
/data/public/EchoSet/test/pLe4wQe7qrG/0_0_other_room/4970_2961/mix.wav,13.200910568237305,13.436420440673828,12.998302459716797,13.252577781677246
/data/public/EchoSet/test/pLe4wQe7qrG/0_0_other_room/1221_2300/mix.wav,15.094093322753906,15.192586898803711,14.503751754760742,14.636456489562988
/data/public/EchoSet/test/pLe4wQe7qrG/0_0_other_room/4507_8463/mix.wav,11.929343223571777,12.040691375732422,11.277795791625977,11.451515197753906
/data/public/EchoSet/test/pLe4wQe7qrG/0_0_other_room/8224_8230/mix.wav,5.541528701782227,5.733284950256348,5.124673366546631,5.338868618011475
/data/public/EchoSet/test/pLe4wQe7qrG/0_0_other_room/1089_2961/mix.wav,9.224706649780273,9.340859413146973,8.709099769592285,8.892904281616211
/data/public/EchoSet/test/pLe4wQe7qrG/0_0_other_room/2094_5142/mix.wav,9.09477710723877,9.185003280639648,8.057446479797363,8.198948860168457
/data/public/EchoSet/test/pLe4wQe7qrG/0_0_other_room/3729_1284/mix.wav,10.539403915405273,10.589703559875488,9.960526466369629,10.051698684692383
/data/public/EchoSet/test/pLe4wQe7qrG/0_0_other_room/1284_6829/mix.wav,10.306889533996582,10.271073341369629,9.39299488067627,9.407649040222168
/data/public/EchoSet/test/pLe4wQe7qrG/0_0_other_room/7729_1284/mix.wav,6.781447410583496,6.77980899810791,6.326949119567871,6.371616840362549
/data/public/EchoSet/test/pLe4wQe7qrG/0_0_other_room/61_7176/mix.wav,4.589629173278809,4.694828510284424,3.954763174057007,4.112666606903076
/data/public/EchoSet/test/pLe4wQe7qrG/0_0_other_room/260_3570/mix.wav,7.386953353881836,7.622523307800293,6.956002712249756,7.31352424621582
/data/public/EchoSet/test/pLe4wQe7qrG/0_0_other_room/4077_2300/mix.wav,6.801430702209473,6.872020721435547,5.351078987121582,5.4862213134765625
/data/public/EchoSet/test/pLe4wQe7qrG/0_0_other_room/4446_908/mix.wav,10.165641784667969,10.160123825073242,9.570621490478516,9.613561630249023
/data/public/EchoSet/test/pLe4wQe7qrG/0_0_other_room/2830_121/mix.wav,7.430333614349365,7.648190498352051,5.814515113830566,6.066801071166992
/data/public/EchoSet/test/pLe4wQe7qrG/0_0_other_room/1188_908/mix.wav,13.405134201049805,13.538911819458008,13.09521484375,13.249513626098633
/data/public/EchoSet/test/pLe4wQe7qrG/0_0_other_room/6930_1995/mix.wav,10.38010311126709,10.460392951965332,9.730667114257812,9.86436653137207
/data/public/EchoSet/test/pLe4wQe7qrG/0_0_other_room/1995_3570/mix.wav,8.406364440917969,8.382501602172852,7.702231407165527,7.746370792388916
/data/public/EchoSet/test/pLe4wQe7qrG/0_0_other_room/4992_1284/mix.wav,12.179363250732422,12.256441116333008,11.862635612487793,11.964847564697266
/data/public/EchoSet/test/pLe4wQe7qrG/0_0_other_room/4077_8555/mix.wav,9.165979385375977,9.361961364746094,7.893496036529541,8.181824684143066
/data/public/EchoSet/test/pLe4wQe7qrG/0_0_other_room/121_4446/mix.wav,6.278534412384033,6.438889503479004,5.667224884033203,5.906106948852539
/data/public/EchoSet/test/pLe4wQe7qrG/0_0_other_room/4507_1284/mix.wav,9.788995742797852,9.864872932434082,8.948424339294434,9.085403442382812
/data/public/EchoSet/test/pLe4wQe7qrG/0_0_other_room/121_1188/mix.wav,10.55793571472168,10.521880149841309,9.74905776977539,9.800551414489746
/data/public/EchoSet/test/pLe4wQe7qrG/0_0_other_room/5683_4970/mix.wav,5.738821983337402,6.081659317016602,3.8766348361968994,4.2786970138549805
/data/public/EchoSet/test/pLe4wQe7qrG/0_0_other_room/2094_8455/mix.wav,8.056915283203125,7.985835075378418,7.25709342956543,7.298091888427734
/data/public/EchoSet/test/pLe4wQe7qrG/0_0_other_room/7176_2300/mix.wav,9.268840789794922,9.283066749572754,8.972006797790527,9.018667221069336
/data/public/EchoSet/test/pLe4wQe7qrG/0_0_other_room/3570_6930/mix.wav,17.667768478393555,17.736387252807617,16.251550674438477,16.380767822265625
/data/public/EchoSet/test/pLe4wQe7qrG/0_0_other_room/260_1188/mix.wav,7.9848713874816895,8.11562728881836,7.358799934387207,7.555259704589844
/data/public/EchoSet/test/pLe4wQe7qrG/0_0_other_room/1320_672/mix.wav,9.643753051757812,9.667777061462402,8.819555282592773,8.946524620056152
/data/public/EchoSet/test/pLe4wQe7qrG/0_0_other_room/4992_4970/mix.wav,11.473353385925293,11.578132629394531,10.89100170135498,11.043726921081543
/data/public/EchoSet/test/pLe4wQe7qrG/0_0_other_room/1580_1089/mix.wav,11.614023208618164,11.623518943786621,10.875321388244629,10.951103210449219
/data/public/EchoSet/test/pLe4wQe7qrG/0_0_other_room/908_8224/mix.wav,1.0554841756820679,0.7545126676559448,0.32778143882751465,0.22180676460266113
/data/public/EchoSet/test/pLe4wQe7qrG/0_0_other_room/7176_672/mix.wav,5.645914077758789,5.690096855163574,5.102603912353516,5.203351020812988
/data/public/EchoSet/test/pLe4wQe7qrG/0_0_other_room/8230_2300/mix.wav,7.822056293487549,8.11301040649414,7.112292289733887,7.473740577697754
/data/public/EchoSet/test/pLe4wQe7qrG/0_0_other_room/5142_1580/mix.wav,2.8760533332824707,3.0378425121307373,0.8267347812652588,1.0377614498138428
/data/public/EchoSet/test/pLe4wQe7qrG/0_0_other_room/8224_7021/mix.wav,10.474246978759766,10.416698455810547,9.847163200378418,9.83801555633545
/data/public/EchoSet/test/pLe4wQe7qrG/0_0_other_room/2830_4077/mix.wav,-1.5114548206329346,-1.4785624742507935,-1.9405591487884521,-1.8282634019851685
/data/public/EchoSet/test/pLe4wQe7qrG/0_0_other_room/5683_8230/mix.wav,12.252021789550781,12.71208381652832,11.755865097045898,12.235309600830078
/data/public/EchoSet/test/pLe4wQe7qrG/0_0_other_room/3575_6930/mix.wav,7.341953277587891,7.539968013763428,6.818309307098389,7.059553146362305
/data/public/EchoSet/test/pLe4wQe7qrG/0_0_other_room/7127_1995/mix.wav,6.590239524841309,6.594817161560059,5.595274448394775,5.77515983581543
/data/public/EchoSet/test/pLe4wQe7qrG/0_0_other_room/6930_121/mix.wav,10.772066116333008,10.9931001663208,10.274086952209473,10.525625228881836
/data/public/EchoSet/test/pLe4wQe7qrG/0_0_other_room/5105_4507/mix.wav,13.84432601928711,13.895753860473633,13.574098587036133,13.651446342468262
/data/public/EchoSet/test/pLe4wQe7qrG/0_0_other_room/4507_5142/mix.wav,11.819053649902344,11.909332275390625,10.23227310180664,10.404691696166992
/data/public/EchoSet/test/pLe4wQe7qrG/0_0_other_room/7176_7729/mix.wav,7.860524654388428,8.133002281188965,7.425073146820068,7.782297134399414
/data/public/EchoSet/test/pLe4wQe7qrG/0_0_other_room/8555_7729/mix.wav,7.5965070724487305,8.095195770263672,7.167972564697266,7.757257461547852
/data/public/EchoSet/test/pLe4wQe7qrG/0_0_other_room/5105_672/mix.wav,10.921737670898438,10.956952095031738,10.315735816955566,10.372368812561035
/data/public/EchoSet/test/pLe4wQe7qrG/0_0_other_room/7127_1580/mix.wav,9.170426368713379,9.200538635253906,8.449386596679688,8.524543762207031
/data/public/EchoSet/test/pLe4wQe7qrG/0_0_other_room/2830_1221/mix.wav,4.444537162780762,4.470946311950684,3.1613519191741943,3.364692211151123
/data/public/EchoSet/test/pLe4wQe7qrG/0_0_other_room/5683_5142/mix.wav,10.215446472167969,10.48834228515625,9.519830703735352,9.867082595825195
/data/public/EchoSet/test/pLe4wQe7qrG/0_0_other_room/8230_121/mix.wav,8.781641006469727,8.795333862304688,8.32882308959961,8.412145614624023
/data/public/EchoSet/test/pLe4wQe7qrG/0_0_other_room/3575_1320/mix.wav,12.41168212890625,12.59328842163086,11.792953491210938,12.033125877380371
/data/public/EchoSet/test/pLe4wQe7qrG/0_0_other_room/8224_908/mix.wav,5.036069393157959,5.5774760246276855,2.759275197982788,3.3839571475982666
/data/public/EchoSet/test/pLe4wQe7qrG/0_0_other_room/6829_1284/mix.wav,9.373117446899414,9.473607063293457,8.650782585144043,8.81234359741211
/data/public/EchoSet/test/pLe4wQe7qrG/0_0_other_room/7127_3570/mix.wav,12.459716796875,12.51460075378418,9.236291885375977,9.76102066040039
/data/public/EchoSet/test/pLe4wQe7qrG/0_0_other_room/5683_3729/mix.wav,8.663825035095215,9.116902351379395,7.232317924499512,7.721245765686035
/data/public/EchoSet/test/pLe4wQe7qrG/0_0_other_room/6930_2961/mix.wav,4.275879859924316,4.482192039489746,3.172222375869751,3.448245048522949
/data/public/EchoSet/test/pLe4wQe7qrG/0_0_other_room/5639_908/mix.wav,6.125412940979004,5.891044616699219,5.738170623779297,5.592403411865234
/data/public/EchoSet/test/pLe4wQe7qrG/0_0_other_room/8455_1580/mix.wav,10.687976837158203,10.896728515625,10.051322937011719,10.323354721069336
/data/public/EchoSet/test/pLe4wQe7qrG/0_0_other_room/8463_672/mix.wav,5.778946876525879,5.731289386749268,4.952832221984863,4.944881916046143
/data/public/EchoSet/test/pLe4wQe7qrG/0_0_other_room/8463_8224/mix.wav,10.209461212158203,10.448524475097656,9.721235275268555,10.13937759399414
/data/public/EchoSet/test/pLe4wQe7qrG/0_0_other_room/2300_5639/mix.wav,9.323954582214355,9.4387845993042,8.512839317321777,8.683460235595703
/data/public/EchoSet/test/pLe4wQe7qrG/0_0_other_room/4970_6829/mix.wav,3.624997615814209,3.595633029937744,2.6993215084075928,2.7055344581604004
/data/public/EchoSet/test/pLe4wQe7qrG/0_0_other_room/2961_8224/mix.wav,11.26180648803711,11.36353588104248,10.676563262939453,10.884273529052734
/data/public/EchoSet/test/pLe4wQe7qrG/0_0_other_room/8455_7127/mix.wav,7.300673007965088,7.714349269866943,6.413178443908691,6.8824872970581055
/data/public/EchoSet/test/pLe4wQe7qrG/0_0_other_room/3575_1580/mix.wav,11.735357284545898,12.049630165100098,11.267032623291016,11.61698055267334
/data/public/EchoSet/test/pLe4wQe7qrG/0_0_other_room/3729_237/mix.wav,10.410067558288574,10.824650764465332,9.87466812133789,10.350790023803711
/data/public/EchoSet/test/pLe4wQe7qrG/0_0_other_room/4992_1089/mix.wav,9.715396881103516,9.734392166137695,9.146364212036133,9.218527793884277
/data/public/EchoSet/test/pLe4wQe7qrG/0_0_other_room/1580_4970/mix.wav,8.618596076965332,8.7184419631958,8.209979057312012,8.36094856262207
/data/public/EchoSet/test/pLe4wQe7qrG/0_0_other_room/3729_2300/mix.wav,14.373714447021484,14.446500778198242,13.949496269226074,14.068334579467773
/data/public/EchoSet/test/pLe4wQe7qrG/0_0_other_room/4446_1221/mix.wav,11.292603492736816,11.295108795166016,10.62912368774414,10.666648864746094
/data/public/EchoSet/test/pLe4wQe7qrG/0_0_other_room/61_4992/mix.wav,7.66719913482666,7.702053546905518,6.73881721496582,6.8398027420043945
/data/public/EchoSet/test/pLe4wQe7qrG/0_0_other_room/4992_7021/mix.wav,10.113466262817383,10.268392562866211,9.125326156616211,9.32287883758545
/data/public/EchoSet/test/pLe4wQe7qrG/0_0_other_room/3575_121/mix.wav,6.156494617462158,6.619969367980957,5.476158142089844,5.989599704742432
/data/public/EchoSet/test/pLe4wQe7qrG/0_0_other_room/121_5105/mix.wav,10.859918594360352,10.858330726623535,10.409765243530273,10.489730834960938
/data/public/EchoSet/test/pLe4wQe7qrG/0_0_other_room/908_7729/mix.wav,11.163163185119629,11.139730453491211,10.560441970825195,10.570748329162598
/data/public/EchoSet/test/pLe4wQe7qrG/0_0_other_room/1284_2830/mix.wav,11.007104873657227,11.125068664550781,10.43490982055664,10.604290008544922
/data/public/EchoSet/test/pLe4wQe7qrG/0_0_other_room/4992_61/mix.wav,5.006097793579102,5.184309005737305,2.780524969100952,3.0045502185821533
/data/public/EchoSet/test/pLe4wQe7qrG/0_0_other_room/7729_8230/mix.wav,5.160388469696045,5.103181838989258,4.5539069175720215,4.52772331237793
/data/public/EchoSet/test/pLe4wQe7qrG/0_0_other_room/2830_1089/mix.wav,4.163327693939209,4.308917999267578,3.2150957584381104,3.5776407718658447
/data/public/EchoSet/test/pLe4wQe7qrG/0_1_other_room/4970_5105/mix.wav,12.811529159545898,12.923261642456055,12.268442153930664,12.48082160949707
/data/public/EchoSet/test/pLe4wQe7qrG/0_1_other_room/5683_4970/mix.wav,6.553317546844482,6.795281887054443,5.272090911865234,5.603506565093994
/data/public/EchoSet/test/pLe4wQe7qrG/0_1_other_room/1995_1188/mix.wav,13.14063835144043,13.20885181427002,12.448891639709473,12.561769485473633
/data/public/EchoSet/test/pLe4wQe7qrG/0_1_other_room/2094_1089/mix.wav,11.219038009643555,11.179411888122559,9.859382629394531,9.870728492736816
/data/public/EchoSet/test/pLe4wQe7qrG/0_1_other_room/8555_4077/mix.wav,3.571413516998291,3.632720470428467,2.0608062744140625,2.151472806930542
/data/public/EchoSet/test/pLe4wQe7qrG/0_1_other_room/2830_1284/mix.wav,7.039687156677246,7.19243049621582,5.837182998657227,6.091528415679932
/data/public/EchoSet/test/pLe4wQe7qrG/0_1_other_room/1995_6829/mix.wav,10.108438491821289,10.02616024017334,9.348348617553711,9.340868949890137
/data/public/EchoSet/test/pLe4wQe7qrG/0_1_other_room/1580_8455/mix.wav,13.153032302856445,13.289960861206055,12.630245208740234,12.802513122558594
/data/public/EchoSet/test/pLe4wQe7qrG/0_1_other_room/4970_672/mix.wav,9.019790649414062,9.084428787231445,7.309433937072754,7.43283748626709
/data/public/EchoSet/test/pLe4wQe7qrG/0_1_other_room/260_6930/mix.wav,9.582086563110352,9.465035438537598,8.668754577636719,8.700576782226562
/data/public/EchoSet/test/pLe4wQe7qrG/0_1_other_room/2300_3575/mix.wav,11.278590202331543,11.257240295410156,9.81325912475586,9.855095863342285
/data/public/EchoSet/test/pLe4wQe7qrG/0_1_other_room/6930_1580/mix.wav,12.146074295043945,12.434976577758789,11.850624084472656,12.160247802734375
/data/public/EchoSet/test/pLe4wQe7qrG/0_1_other_room/5639_7729/mix.wav,4.300451278686523,4.93000602722168,3.8143959045410156,4.472349166870117
/data/public/EchoSet/test/pLe4wQe7qrG/0_1_other_room/4507_7729/mix.wav,8.961838722229004,8.940677642822266,8.102106094360352,8.222457885742188
/data/public/EchoSet/test/pLe4wQe7qrG/0_1_other_room/4992_260/mix.wav,-1.2446855306625366,-0.9698901176452637,-1.9090111255645752,-1.5115370750427246
/data/public/EchoSet/test/pLe4wQe7qrG/0_1_other_room/8224_5639/mix.wav,4.939172744750977,4.789745330810547,3.7620630264282227,3.685598611831665
/data/public/EchoSet/test/pLe4wQe7qrG/0_1_other_room/908_8555/mix.wav,11.597770690917969,11.761519432067871,11.36175537109375,11.554926872253418
/data/public/EchoSet/test/pLe4wQe7qrG/0_1_other_room/1995_3570/mix.wav,5.58489465713501,6.385082244873047,4.895815849304199,5.742766857147217
/data/public/EchoSet/test/pLe4wQe7qrG/0_1_other_room/7127_4992/mix.wav,8.749094009399414,8.738402366638184,7.373819351196289,7.417654037475586
/data/public/EchoSet/test/pLe4wQe7qrG/0_1_other_room/5683_8463/mix.wav,-0.7742929458618164,-0.6062321662902832,-1.89836847782135,-1.5724390745162964
/data/public/EchoSet/test/pLe4wQe7qrG/0_1_other_room/4446_2094/mix.wav,3.933483123779297,4.034329891204834,3.3606832027435303,3.5033669471740723
/data/public/EchoSet/test/pLe4wQe7qrG/0_1_other_room/121_7176/mix.wav,8.669578552246094,8.630582809448242,8.070090293884277,8.113639831542969
/data/public/EchoSet/test/pLe4wQe7qrG/0_1_other_room/1221_8555/mix.wav,7.226593971252441,7.243484020233154,6.733008861541748,6.879196643829346
/data/public/EchoSet/test/pLe4wQe7qrG/0_1_other_room/121_908/mix.wav,8.726207733154297,8.64985466003418,8.373653411865234,8.371904373168945
/data/public/EchoSet/test/pLe4wQe7qrG/0_1_other_room/3570_6829/mix.wav,9.893367767333984,9.95750904083252,9.148702621459961,9.248824119567871
/data/public/EchoSet/test/pLe4wQe7qrG/0_1_other_room/260_1188/mix.wav,2.8369662761688232,2.9007203578948975,2.2818808555603027,2.429962396621704
/data/public/EchoSet/test/pLe4wQe7qrG/0_1_other_room/3570_1580/mix.wav,11.058100700378418,11.197086334228516,9.461474418640137,9.64095401763916
/data/public/EchoSet/test/pLe4wQe7qrG/0_1_other_room/8230_8224/mix.wav,9.867803573608398,9.858698844909668,9.453542709350586,9.507331848144531
/data/public/EchoSet/test/pLe4wQe7qrG/0_1_other_room/7176_7021/mix.wav,6.081035137176514,6.269241809844971,5.658897399902344,5.933357238769531
/data/public/EchoSet/test/pLe4wQe7qrG/0_1_other_room/1320_3570/mix.wav,13.842609405517578,13.941465377807617,13.306228637695312,13.426748275756836
/data/public/EchoSet/test/pLe4wQe7qrG/0_1_other_room/61_5683/mix.wav,10.496747970581055,10.568782806396484,9.41904067993164,9.557991981506348
/data/public/EchoSet/test/pLe4wQe7qrG/0_1_other_room/7729_237/mix.wav,12.469602584838867,12.605046272277832,12.057043075561523,12.220792770385742
/data/public/EchoSet/test/pLe4wQe7qrG/0_1_other_room/8455_4992/mix.wav,2.9609785079956055,3.3784379959106445,1.1614799499511719,1.6558926105499268
/data/public/EchoSet/test/pLe4wQe7qrG/0_1_other_room/4446_3575/mix.wav,10.949735641479492,10.91176986694336,10.273137092590332,10.273736000061035
/data/public/EchoSet/test/pLe4wQe7qrG/0_1_other_room/260_7176/mix.wav,9.786423683166504,9.784475326538086,9.399900436401367,9.43362045288086
/data/public/EchoSet/test/pLe4wQe7qrG/0_1_other_room/5105_1995/mix.wav,9.436409950256348,10.097576141357422,8.940149307250977,9.687898635864258
/data/public/EchoSet/test/pLe4wQe7qrG/0_1_other_room/3729_4970/mix.wav,8.891195297241211,8.840856552124023,8.305139541625977,8.375020980834961
/data/public/EchoSet/test/pLe4wQe7qrG/0_1_other_room/5142_7127/mix.wav,8.091279983520508,8.162182807922363,7.579982757568359,7.756287574768066
/data/public/EchoSet/test/pLe4wQe7qrG/0_1_other_room/6930_672/mix.wav,4.384074687957764,4.808465003967285,3.4289979934692383,3.890373945236206
/data/public/EchoSet/test/pLe4wQe7qrG/0_1_other_room/1221_8230/mix.wav,12.500886917114258,12.471052169799805,11.794841766357422,11.799738883972168
/data/public/EchoSet/test/pLe4wQe7qrG/0_1_other_room/1089_908/mix.wav,11.191500663757324,11.073256492614746,10.737188339233398,10.667522430419922
/data/public/EchoSet/test/pLe4wQe7qrG/0_1_other_room/672_2094/mix.wav,2.834150791168213,2.962777853012085,0.6518827080726624,0.8620808720588684
/data/public/EchoSet/test/pLe4wQe7qrG/0_1_other_room/8224_908/mix.wav,4.898009300231934,4.884092330932617,4.136634826660156,4.188450813293457
/data/public/EchoSet/test/pLe4wQe7qrG/0_1_other_room/7729_5142/mix.wav,10.244430541992188,10.279011726379395,9.64885139465332,9.834625244140625
/data/public/EchoSet/test/pLe4wQe7qrG/0_1_other_room/5105_2961/mix.wav,10.389631271362305,10.712430953979492,10.099260330200195,10.473843574523926
/data/public/EchoSet/test/pLe4wQe7qrG/0_1_other_room/61_1995/mix.wav,9.002209663391113,9.20238971710205,8.36985969543457,8.720187187194824
/data/public/EchoSet/test/pLe4wQe7qrG/0_1_other_room/8224_1284/mix.wav,10.06340217590332,10.028082847595215,9.470098495483398,9.499109268188477
/data/public/EchoSet/test/pLe4wQe7qrG/0_1_other_room/2300_5639/mix.wav,3.6693360805511475,4.191148281097412,2.843034505844116,3.4389426708221436
/data/public/EchoSet/test/pLe4wQe7qrG/0_1_other_room/908_8463/mix.wav,10.06605339050293,10.117347717285156,9.460969924926758,9.563092231750488
/data/public/EchoSet/test/pLe4wQe7qrG/0_1_other_room/1284_2961/mix.wav,5.570669651031494,5.823718070983887,4.815410614013672,5.153316497802734
/data/public/EchoSet/test/pLe4wQe7qrG/0_1_other_room/1089_6829/mix.wav,10.168306350708008,10.392118453979492,9.417956352233887,9.700531005859375
/data/public/EchoSet/test/pLe4wQe7qrG/0_1_other_room/8230_61/mix.wav,9.181683540344238,9.344072341918945,8.329771041870117,8.539377212524414
/data/public/EchoSet/test/pLe4wQe7qrG/0_1_other_room/8463_7021/mix.wav,10.067695617675781,10.098649024963379,9.60239315032959,9.738783836364746
/data/public/EchoSet/test/pLe4wQe7qrG/0_1_other_room/5142_5105/mix.wav,9.416407585144043,10.044387817382812,9.121990203857422,9.797273635864258
/data/public/EchoSet/test/pLe4wQe7qrG/0_1_other_room/4507_1089/mix.wav,9.098576545715332,9.094131469726562,8.63935375213623,8.733704566955566
/data/public/EchoSet/test/pLe4wQe7qrG/0_1_other_room/2961_3729/mix.wav,6.254174709320068,6.2964301109313965,4.969358921051025,5.10430908203125
/data/public/EchoSet/test/pLe4wQe7qrG/0_1_other_room/2300_5142/mix.wav,11.134626388549805,11.557320594787598,10.817541122436523,11.285517692565918
/data/public/EchoSet/test/pLe4wQe7qrG/0_1_other_room/1580_121/mix.wav,8.440706253051758,8.448166847229004,8.05429458618164,8.115525245666504
/data/public/EchoSet/test/pLe4wQe7qrG/0_1_other_room/4507_8555/mix.wav,7.613328456878662,7.7185258865356445,6.7117462158203125,6.954218864440918
/data/public/EchoSet/test/pLe4wQe7qrG/0_1_other_room/8463_4077/mix.wav,8.844943046569824,8.693390846252441,7.779544353485107,7.815091133117676
/data/public/EchoSet/test/pLe4wQe7qrG/0_1_other_room/6930_2961/mix.wav,6.720569610595703,6.782446384429932,6.205373287200928,6.299982070922852
/data/public/EchoSet/test/pLe4wQe7qrG/0_1_other_room/7729_8455/mix.wav,11.661148071289062,11.751279830932617,11.295401573181152,11.414198875427246
/data/public/EchoSet/test/pLe4wQe7qrG/0_1_other_room/2300_8230/mix.wav,6.020338535308838,6.148317337036133,5.7329301834106445,5.923325061798096
/data/public/EchoSet/test/pLe4wQe7qrG/0_1_other_room/4992_1221/mix.wav,10.40619945526123,10.713422775268555,9.808088302612305,10.15044116973877
/data/public/EchoSet/test/pLe4wQe7qrG/0_1_other_room/121_4992/mix.wav,4.457154750823975,4.63635778427124,3.8191583156585693,4.116610050201416
/data/public/EchoSet/test/pLe4wQe7qrG/0_1_other_room/7176_1284/mix.wav,2.2365176677703857,2.11918306350708,1.869570016860962,1.8333871364593506
/data/public/EchoSet/test/pLe4wQe7qrG/0_1_other_room/2830_4077/mix.wav,6.257699489593506,5.230480194091797,5.761054039001465,5.081143856048584
/data/public/EchoSet/test/pLe4wQe7qrG/0_1_other_room/2094_8463/mix.wav,11.30469799041748,11.424766540527344,11.013113021850586,11.162055969238281
/data/public/EchoSet/test/pLe4wQe7qrG/0_1_other_room/6829_672/mix.wav,12.352681159973145,12.338568687438965,11.842308044433594,11.84659194946289
/data/public/EchoSet/test/pLe4wQe7qrG/0_1_other_room/237_908/mix.wav,9.554962158203125,9.458454132080078,8.91647720336914,8.916154861450195
/data/public/EchoSet/test/pLe4wQe7qrG/0_1_other_room/5639_8230/mix.wav,9.63880443572998,9.624125480651855,8.948217391967773,9.029339790344238
/data/public/EchoSet/test/pLe4wQe7qrG/0_1_other_room/7021_4446/mix.wav,11.761144638061523,11.986027717590332,11.405706405639648,11.666218757629395
/data/public/EchoSet/test/pLe4wQe7qrG/0_1_other_room/7021_1188/mix.wav,5.097025394439697,5.1855058670043945,3.927734136581421,4.173788070678711
/data/public/EchoSet/test/pLe4wQe7qrG/0_1_other_room/8455_7176/mix.wav,11.612237930297852,11.709038734436035,11.233976364135742,11.35805892944336
/data/public/EchoSet/test/pLe4wQe7qrG/0_1_other_room/3729_237/mix.wav,4.307170867919922,4.27959680557251,3.1602985858917236,3.26495099067688
/data/public/EchoSet/test/pLe4wQe7qrG/0_1_other_room/5683_5142/mix.wav,3.1850168704986572,3.0530924797058105,1.1654536724090576,1.2726894617080688
/data/public/EchoSet/test/pLe4wQe7qrG/0_1_other_room/8555_7127/mix.wav,9.372808456420898,9.779699325561523,9.098791122436523,9.530592918395996
/data/public/EchoSet/test/pLe4wQe7qrG/0_1_other_room/8224_1188/mix.wav,7.800507545471191,7.986259937286377,6.285040855407715,6.53342342376709
/data/public/EchoSet/test/pLe4wQe7qrG/0_1_other_room/8224_4446/mix.wav,7.4038872718811035,7.771432876586914,6.650892734527588,7.191323280334473
/data/public/EchoSet/test/pLe4wQe7qrG/0_1_other_room/8463_237/mix.wav,10.70267105102539,10.715126037597656,10.217669486999512,10.291889190673828
/data/public/EchoSet/test/pLe4wQe7qrG/0_1_other_room/1580_4446/mix.wav,9.875467300415039,10.044332504272461,9.378698348999023,9.604462623596191
/data/public/EchoSet/test/pLe4wQe7qrG/0_1_other_room/121_2300/mix.wav,7.654732704162598,7.561056137084961,6.490780353546143,6.499597549438477
/data/public/EchoSet/test/pLe4wQe7qrG/0_1_other_room/5105_3729/mix.wav,12.96575927734375,13.251518249511719,12.712394714355469,13.012252807617188
/data/public/EchoSet/test/pLe4wQe7qrG/0_1_other_room/5105_4077/mix.wav,8.454742431640625,8.74742317199707,7.738702774047852,8.092881202697754
/data/public/EchoSet/test/pLe4wQe7qrG/0_1_other_room/2830_4507/mix.wav,9.78287410736084,9.67556381225586,9.231406211853027,9.365796089172363
/data/public/EchoSet/test/pLe4wQe7qrG/0_1_other_room/1221_7176/mix.wav,9.653404235839844,9.954373359680176,9.120545387268066,9.5198974609375
/data/public/EchoSet/test/pLe4wQe7qrG/0_1_other_room/672_6829/mix.wav,7.603761196136475,7.652692794799805,6.414804935455322,6.530499458312988
/data/public/EchoSet/test/pLe4wQe7qrG/0_1_other_room/5142_5639/mix.wav,10.187206268310547,10.2230224609375,9.658464431762695,9.727076530456543
/data/public/EchoSet/test/pLe4wQe7qrG/0_1_other_room/5639_61/mix.wav,10.329049110412598,10.43310546875,9.999185562133789,10.118972778320312
/data/public/EchoSet/test/pLe4wQe7qrG/0_1_other_room/4077_7127/mix.wav,6.685074806213379,6.775184631347656,5.990353107452393,6.140568256378174
/data/public/EchoSet/test/pLe4wQe7qrG/0_1_other_room/5639_4507/mix.wav,6.029327392578125,6.135531902313232,5.408220291137695,5.553840160369873
/data/public/EchoSet/test/pLe4wQe7qrG/0_1_other_room/260_7021/mix.wav,6.298774719238281,6.348546504974365,5.695762634277344,5.7568583488464355
/data/public/EchoSet/test/pLe4wQe7qrG/0_1_other_room/1320_1089/mix.wav,8.013178825378418,8.419218063354492,7.453558444976807,7.900450706481934
/data/public/EchoSet/test/pLe4wQe7qrG/0_1_other_room/4077_1580/mix.wav,11.403923034667969,11.45711898803711,10.987204551696777,11.089288711547852
/data/public/EchoSet/test/pLe4wQe7qrG/0_1_other_room/1320_7021/mix.wav,8.721807479858398,8.861205101013184,8.391704559326172,8.571320533752441
/data/public/EchoSet/test/pLe4wQe7qrG/0_1_other_room/2830_237/mix.wav,7.732132911682129,7.948169231414795,7.027674198150635,7.292165756225586
/data/public/EchoSet/test/pLe4wQe7qrG/0_1_other_room/6930_1221/mix.wav,6.859076499938965,6.950312614440918,6.347855567932129,6.496520042419434
/data/public/EchoSet/test/pLe4wQe7qrG/0_1_other_room/4077_6829/mix.wav,10.294685363769531,10.534536361694336,9.622403144836426,9.893595695495605
/data/public/EchoSet/test/pLe4wQe7qrG/0_1_other_room/1320_8455/mix.wav,11.279123306274414,11.32453727722168,10.727680206298828,10.846527099609375
/data/public/EchoSet/test/pLe4wQe7qrG/0_1_other_room/4992_5683/mix.wav,7.253072738647461,7.673267841339111,6.488897323608398,7.002233505249023
/data/public/EchoSet/test/pLe4wQe7qrG/0_1_other_room/7729_121/mix.wav,13.15938949584961,13.219786643981934,12.581934928894043,12.684037208557129
/data/public/EchoSet/test/pLe4wQe7qrG/0_1_other_room/4507_5683/mix.wav,10.776822090148926,11.149553298950195,10.349946975708008,10.737168312072754
/data/public/EchoSet/test/pLe4wQe7qrG/0_1_other_room/2094_6930/mix.wav,7.928408145904541,8.286728858947754,6.4089202880859375,6.81865930557251
/data/public/EchoSet/test/pLe4wQe7qrG/0_1_other_room/8455_3575/mix.wav,12.429888725280762,12.474251747131348,11.862131118774414,11.938532829284668
/data/public/EchoSet/test/pLe4wQe7qrG/0_1_other_room/5142_8555/mix.wav,8.512022018432617,8.855137825012207,7.792262077331543,8.185540199279785
/data/public/EchoSet/test/pLe4wQe7qrG/0_1_other_room/672_1320/mix.wav,5.543692588806152,5.606664180755615,4.518177032470703,4.677255630493164
/data/public/EchoSet/test/pLe4wQe7qrG/0_1_other_room/3570_672/mix.wav,10.839539527893066,10.876943588256836,8.846441268920898,8.901163101196289
/data/public/EchoSet/test/pLe4wQe7qrG/0_1_other_room/4446_4992/mix.wav,10.530518531799316,10.698722839355469,10.018275260925293,10.226423263549805
/data/public/EchoSet/test/pLe4wQe7qrG/0_1_other_room/260_61/mix.wav,4.02894401550293,4.154616832733154,3.2288451194763184,3.397902727127075
/data/public/EchoSet/test/pLe4wQe7qrG/0_1_other_room/1221_6930/mix.wav,7.29683780670166,7.568130970001221,5.198439121246338,5.506623268127441
/data/public/EchoSet/test/pLe4wQe7qrG/0_1_other_room/8555_4446/mix.wav,6.7261128425598145,7.364394187927246,6.138998508453369,6.812128067016602
/data/public/EchoSet/test/pLe4wQe7qrG/0_1_other_room/121_8224/mix.wav,7.856761932373047,8.187026977539062,7.141227722167969,7.586589336395264
/data/public/EchoSet/test/pLe4wQe7qrG/0_1_other_room/8455_4970/mix.wav,11.224166870117188,11.434259414672852,10.80042552947998,11.078290939331055
/data/public/EchoSet/test/pLe4wQe7qrG/0_1_other_room/4507_3570/mix.wav,9.523225784301758,9.465250015258789,7.784453868865967,7.886958599090576
/data/public/EchoSet/test/pLe4wQe7qrG/0_1_other_room/2961_1188/mix.wav,11.248250961303711,11.548230171203613,11.018896102905273,11.360916137695312
/data/public/EchoSet/test/pLe4wQe7qrG/0_1_other_room/260_8463/mix.wav,11.933845520019531,11.787004470825195,11.266454696655273,11.260482788085938
/data/public/EchoSet/test/pLe4wQe7qrG/0_1_other_room/1995_4970/mix.wav,11.733625411987305,11.872719764709473,11.216516494750977,11.40850830078125
/data/public/EchoSet/test/pLe4wQe7qrG/0_1_other_room/3729_7127/mix.wav,14.539252281188965,14.711161613464355,14.096345901489258,14.326692581176758
/data/public/EchoSet/test/pLe4wQe7qrG/0_1_other_room/3575_1089/mix.wav,9.015707015991211,9.167424201965332,8.38680648803711,8.7359037399292
/data/public/EchoSet/test/pLe4wQe7qrG/0_1_other_room/8230_2830/mix.wav,7.652261734008789,7.960540771484375,6.970945358276367,7.376130104064941
/data/public/EchoSet/test/pLe4wQe7qrG/0_1_other_room/3575_7021/mix.wav,12.721985816955566,12.563283920288086,12.326602935791016,12.209028244018555
/data/public/EchoSet/test/pLe4wQe7qrG/0_1_other_room/1320_1284/mix.wav,8.459344863891602,8.848929405212402,7.9047160148620605,8.349745750427246
/data/public/EchoSet/test/pLe4wQe7qrG/0_1_other_room/3729_1188/mix.wav,9.982053756713867,10.354520797729492,9.635948181152344,10.047260284423828
/data/public/EchoSet/test/pLe4wQe7qrG/0_1_other_room/3570_2094/mix.wav,8.516997337341309,8.485624313354492,8.10629940032959,8.1748046875
/data/public/EchoSet/test/pLe4wQe7qrG/0_1_other_room/1221_2961/mix.wav,14.227659225463867,14.398037910461426,13.634169578552246,13.832216262817383
/data/public/EchoSet/test/pLe4wQe7qrG/0_1_other_room/1089_2300/mix.wav,2.3800435066223145,2.382549285888672,1.0394843816757202,1.1052451133728027
/data/public/EchoSet/test/pLe4wQe7qrG/0_1_other_room/5683_7127/mix.wav,6.154993534088135,6.267618179321289,6.064457893371582,6.192692756652832
/data/public/EchoSet/test/pLe4wQe7qrG/0_1_other_room/3729_6829/mix.wav,6.156545639038086,6.315465450286865,4.552151203155518,4.786472797393799
/data/public/EchoSet/test/pLe4wQe7qrG/0_1_other_room/1284_908/mix.wav,-0.7310304641723633,-0.5644032955169678,-1.260372281074524,-0.954520583152771
/data/public/EchoSet/test/pLe4wQe7qrG/0_1_other_room/5105_3575/mix.wav,7.172018051147461,7.152589797973633,5.625537872314453,5.7200822830200195
/data/public/EchoSet/test/pLe4wQe7qrG/0_1_other_room/1995_61/mix.wav,9.444926261901855,9.537176132202148,9.092737197875977,9.222465515136719
/data/public/EchoSet/test/pLe4wQe7qrG/0_1_other_room/237_7729/mix.wav,8.76194953918457,8.806740760803223,8.16588306427002,8.284260749816895
/data/public/EchoSet/test/pLe4wQe7qrG/0_1_other_room/1320_4970/mix.wav,10.351524353027344,10.431388854980469,9.328954696655273,9.461906433105469
/data/public/EchoSet/test/pLe4wQe7qrG/0_1_other_room/3575_237/mix.wav,10.602518081665039,10.798176765441895,9.78636360168457,10.04736328125
/data/public/EchoSet/test/pLe4wQe7qrG/0_1_other_room/2094_2961/mix.wav,9.187934875488281,9.599617958068848,8.394476890563965,8.929181098937988
/data/public/EchoSet/test/pLe4wQe7qrG/0_1_other_room/2300_7127/mix.wav,9.08980941772461,9.090335845947266,8.592362403869629,8.652612686157227
/data/public/EchoSet/test/pLe4wQe7qrG/0_1_other_room/1580_61/mix.wav,11.15431022644043,11.273018836975098,10.603944778442383,10.775736808776855
/data/public/EchoSet/test/pLe4wQe7qrG/0_1_other_room/1188_7176/mix.wav,6.84189510345459,6.92504358291626,6.446197509765625,6.572807312011719
/data/public/EchoSet/test/zsNo4HB9uLZ/0_13_living_room/4507_7021/mix.wav,18.713623046875,18.739171981811523,18.511981964111328,18.549585342407227
/data/public/EchoSet/test/zsNo4HB9uLZ/0_13_living_room/2300_672/mix.wav,8.455092430114746,8.428464889526367,7.4228410720825195,7.482565879821777
/data/public/EchoSet/test/zsNo4HB9uLZ/0_13_living_room/5639_8455/mix.wav,10.188970565795898,10.167534828186035,9.675683975219727,9.72898006439209
/data/public/EchoSet/test/zsNo4HB9uLZ/0_13_living_room/1995_4992/mix.wav,11.54638671875,11.564682006835938,11.122041702270508,11.214529991149902
/data/public/EchoSet/test/zsNo4HB9uLZ/0_13_living_room/6930_4507/mix.wav,10.6207914352417,10.266304969787598,9.867210388183594,10.281681060791016
/data/public/EchoSet/test/zsNo4HB9uLZ/0_13_living_room/8455_1320/mix.wav,10.047735214233398,10.185704231262207,9.703374862670898,9.886792182922363
/data/public/EchoSet/test/zsNo4HB9uLZ/0_13_living_room/1221_2094/mix.wav,4.779610633850098,4.893974304199219,2.7666471004486084,2.9646756649017334
/data/public/EchoSet/test/zsNo4HB9uLZ/0_13_living_room/1188_4077/mix.wav,8.240110397338867,8.470635414123535,7.143082618713379,7.424901008605957
/data/public/EchoSet/test/zsNo4HB9uLZ/0_13_living_room/1284_2961/mix.wav,10.855916976928711,11.137643814086914,10.157571792602539,10.48136043548584
/data/public/EchoSet/test/zsNo4HB9uLZ/0_13_living_room/7127_672/mix.wav,6.756889343261719,6.981448173522949,5.979250907897949,6.26055908203125
/data/public/EchoSet/test/zsNo4HB9uLZ/0_13_living_room/5639_61/mix.wav,1.3852568864822388,1.482964277267456,0.9862608313560486,1.1639349460601807
/data/public/EchoSet/test/zsNo4HB9uLZ/0_13_living_room/8230_8463/mix.wav,15.008370399475098,14.990921020507812,14.507414817810059,14.52818775177002
/data/public/EchoSet/test/zsNo4HB9uLZ/0_13_living_room/121_260/mix.wav,12.78594970703125,13.03579330444336,11.894227027893066,12.170031547546387
/data/public/EchoSet/test/zsNo4HB9uLZ/0_13_living_room/1188_8230/mix.wav,8.335285186767578,8.54356575012207,7.8532867431640625,8.172185897827148
/data/public/EchoSet/test/zsNo4HB9uLZ/0_13_living_room/672_1089/mix.wav,3.0174310207366943,3.2039992809295654,1.6508409976959229,1.9709854125976562
/data/public/EchoSet/test/zsNo4HB9uLZ/0_13_living_room/2830_8224/mix.wav,2.1481573581695557,2.454789161682129,1.2647367715835571,1.6654671430587769
/data/public/EchoSet/test/zsNo4HB9uLZ/0_13_living_room/237_7127/mix.wav,9.922281265258789,9.813532829284668,9.207082748413086,9.178449630737305
/data/public/EchoSet/test/zsNo4HB9uLZ/0_13_living_room/121_1320/mix.wav,10.538150787353516,10.556842803955078,9.617813110351562,9.71548843383789
/data/public/EchoSet/test/zsNo4HB9uLZ/0_13_living_room/8455_3570/mix.wav,7.392562389373779,7.489569187164307,6.559370994567871,6.814277172088623
/data/public/EchoSet/test/zsNo4HB9uLZ/0_13_living_room/7021_1188/mix.wav,3.250610828399658,3.6722378730773926,2.5200462341308594,3.037991523742676
/data/public/EchoSet/test/zsNo4HB9uLZ/0_13_living_room/4970_6930/mix.wav,10.150657653808594,10.209446907043457,9.782217025756836,9.85752010345459
/data/public/EchoSet/test/zsNo4HB9uLZ/0_13_living_room/7176_7729/mix.wav,12.154380798339844,12.402021408081055,11.77154541015625,12.062663078308105
/data/public/EchoSet/test/zsNo4HB9uLZ/0_13_living_room/2830_8555/mix.wav,11.186233520507812,11.328973770141602,10.103521347045898,10.315420150756836
/data/public/EchoSet/test/zsNo4HB9uLZ/0_13_living_room/5142_2961/mix.wav,11.403470993041992,11.554622650146484,10.590607643127441,10.781722068786621
/data/public/EchoSet/test/zsNo4HB9uLZ/0_13_living_room/8230_2094/mix.wav,11.323408126831055,11.34527587890625,10.582429885864258,10.629536628723145
/data/public/EchoSet/test/zsNo4HB9uLZ/0_13_living_room/7021_61/mix.wav,6.654106140136719,6.638157367706299,5.938239574432373,5.995486259460449
/data/public/EchoSet/test/zsNo4HB9uLZ/0_13_living_room/7729_1089/mix.wav,12.708061218261719,12.627016067504883,12.096506118774414,12.057435989379883
/data/public/EchoSet/test/zsNo4HB9uLZ/0_13_living_room/5683_8555/mix.wav,10.138565063476562,10.20058822631836,8.152495384216309,8.266679763793945
/data/public/EchoSet/test/zsNo4HB9uLZ/0_13_living_room/260_6829/mix.wav,6.933314323425293,6.7225494384765625,5.625400543212891,5.500983238220215
/data/public/EchoSet/test/zsNo4HB9uLZ/0_13_living_room/2830_8230/mix.wav,2.3112597465515137,2.153164863586426,1.3897062540054321,1.3517553806304932
/data/public/EchoSet/test/zsNo4HB9uLZ/0_13_living_room/5683_3729/mix.wav,11.181076049804688,11.600448608398438,10.740949630737305,11.218855857849121
/data/public/EchoSet/test/zsNo4HB9uLZ/0_13_living_room/7176_3575/mix.wav,3.372037410736084,3.391296148300171,3.1379895210266113,3.1869170665740967
/data/public/EchoSet/test/zsNo4HB9uLZ/0_13_living_room/8455_1188/mix.wav,4.490168571472168,4.547210216522217,3.630092144012451,3.8944804668426514
/data/public/EchoSet/test/zsNo4HB9uLZ/0_13_living_room/908_8224/mix.wav,11.717743873596191,11.922264099121094,11.450691223144531,11.69391918182373
/data/public/EchoSet/test/zsNo4HB9uLZ/0_13_living_room/260_4446/mix.wav,10.567178726196289,10.606501579284668,10.059455871582031,10.148214340209961
/data/public/EchoSet/test/zsNo4HB9uLZ/0_13_living_room/7729_8224/mix.wav,10.474538803100586,10.884953498840332,10.226923942565918,10.672844886779785
/data/public/EchoSet/test/zsNo4HB9uLZ/0_13_living_room/237_7176/mix.wav,12.33411979675293,12.441659927368164,11.961983680725098,12.106815338134766
/data/public/EchoSet/test/zsNo4HB9uLZ/0_13_living_room/5639_1284/mix.wav,12.013813018798828,12.08900260925293,11.186960220336914,11.314435005187988
/data/public/EchoSet/test/zsNo4HB9uLZ/0_13_living_room/5639_237/mix.wav,11.213336944580078,11.377456665039062,10.766986846923828,10.99483871459961
/data/public/EchoSet/test/zsNo4HB9uLZ/0_13_living_room/2830_672/mix.wav,7.638441562652588,7.7655816078186035,5.891814231872559,6.100394248962402
/data/public/EchoSet/test/zsNo4HB9uLZ/0_13_living_room/6829_3729/mix.wav,10.624198913574219,10.580883979797363,9.938397407531738,9.977689743041992
/data/public/EchoSet/test/zsNo4HB9uLZ/0_13_living_room/7176_5142/mix.wav,8.732799530029297,9.309876441955566,8.394392967224121,9.035395622253418
/data/public/EchoSet/test/zsNo4HB9uLZ/0_13_living_room/908_8463/mix.wav,9.925992965698242,10.017139434814453,9.320293426513672,9.46236801147461
/data/public/EchoSet/test/zsNo4HB9uLZ/0_13_living_room/8463_2094/mix.wav,12.865373611450195,12.878382682800293,12.368460655212402,12.41364860534668
/data/public/EchoSet/test/zsNo4HB9uLZ/0_13_living_room/6829_2300/mix.wav,11.128127098083496,11.014927864074707,10.446063041687012,10.372330665588379
/data/public/EchoSet/test/zsNo4HB9uLZ/0_13_living_room/2961_7729/mix.wav,9.27624225616455,9.835137367248535,8.953628540039062,9.598040580749512
/data/public/EchoSet/test/zsNo4HB9uLZ/0_13_living_room/6930_6829/mix.wav,7.752281665802002,7.779551029205322,6.923098564147949,7.001621723175049
/data/public/EchoSet/test/zsNo4HB9uLZ/0_13_living_room/1221_8224/mix.wav,9.419922828674316,9.450244903564453,7.847827911376953,7.919610977172852
/data/public/EchoSet/test/zsNo4HB9uLZ/0_13_living_room/1284_260/mix.wav,7.091182231903076,7.19899320602417,6.306049823760986,6.5111517906188965
/data/public/EchoSet/test/zsNo4HB9uLZ/0_13_living_room/4077_5142/mix.wav,7.215123176574707,7.558708190917969,6.595914363861084,7.057290554046631
/data/public/EchoSet/test/zsNo4HB9uLZ/0_13_living_room/2830_1284/mix.wav,8.143537521362305,8.379010200500488,5.761960029602051,6.04638147354126
/data/public/EchoSet/test/zsNo4HB9uLZ/0_13_living_room/4970_4992/mix.wav,-0.6112403869628906,-0.6584051251411438,-1.112743854522705,-1.098311185836792
/data/public/EchoSet/test/zsNo4HB9uLZ/0_13_living_room/8463_4970/mix.wav,11.946386337280273,12.348284721374512,11.646417617797852,12.068754196166992
/data/public/EchoSet/test/zsNo4HB9uLZ/0_13_living_room/5142_1580/mix.wav,11.22770881652832,11.319561004638672,10.719644546508789,10.849068641662598
/data/public/EchoSet/test/zsNo4HB9uLZ/0_13_living_room/1995_1580/mix.wav,15.415916442871094,15.510180473327637,14.946293830871582,15.080554962158203
/data/public/EchoSet/test/zsNo4HB9uLZ/0_13_living_room/3575_5105/mix.wav,9.397011756896973,9.310128211975098,7.5055646896362305,7.500482559204102
/data/public/EchoSet/test/zsNo4HB9uLZ/0_13_living_room/672_2094/mix.wav,5.745875358581543,6.08675479888916,3.0569381713867188,3.42989444732666
/data/public/EchoSet/test/zsNo4HB9uLZ/0_13_living_room/5105_1320/mix.wav,8.52906322479248,8.23680305480957,7.300901889801025,7.213099479675293
/data/public/EchoSet/test/zsNo4HB9uLZ/0_13_living_room/4970_5105/mix.wav,10.758767127990723,10.859119415283203,10.121797561645508,10.2919921875
/data/public/EchoSet/test/zsNo4HB9uLZ/0_13_living_room/5683_4970/mix.wav,8.880338668823242,8.886276245117188,7.037616729736328,7.112866401672363
/data/public/EchoSet/test/zsNo4HB9uLZ/0_13_living_room/8230_8555/mix.wav,12.537092208862305,12.773039817810059,12.089900970458984,12.466455459594727
/data/public/EchoSet/test/zsNo4HB9uLZ/0_13_living_room/4446_4970/mix.wav,10.060831069946289,10.017395973205566,9.397506713867188,9.47283935546875
/data/public/EchoSet/test/zsNo4HB9uLZ/0_13_living_room/1320_7176/mix.wav,5.858279228210449,5.889090061187744,5.2295966148376465,5.304311752319336
/data/public/EchoSet/test/zsNo4HB9uLZ/0_13_living_room/7729_3575/mix.wav,10.072566986083984,10.225274085998535,9.461421966552734,9.696084976196289
/data/public/EchoSet/test/zsNo4HB9uLZ/0_13_living_room/8555_7021/mix.wav,11.587610244750977,11.47266960144043,11.129070281982422,11.12757682800293
/data/public/EchoSet/test/zsNo4HB9uLZ/0_13_living_room/8455_4992/mix.wav,10.982793807983398,11.164860725402832,10.548816680908203,10.795906066894531
/data/public/EchoSet/test/zsNo4HB9uLZ/0_13_living_room/4077_8224/mix.wav,5.47063684463501,5.406510829925537,4.372810363769531,4.386115550994873
/data/public/EchoSet/test/zsNo4HB9uLZ/0_13_living_room/4970_2961/mix.wav,7.204561233520508,7.071171283721924,6.623067855834961,6.5747971534729
/data/public/EchoSet/test/zsNo4HB9uLZ/0_13_living_room/1580_61/mix.wav,10.686185836791992,10.945865631103516,9.893793106079102,10.215664863586426
/data/public/EchoSet/test/zsNo4HB9uLZ/0_13_living_room/1221_4077/mix.wav,10.012166976928711,9.800997734069824,8.910398483276367,8.758286476135254
/data/public/EchoSet/test/zsNo4HB9uLZ/0_13_living_room/3570_1188/mix.wav,12.037479400634766,11.988200187683105,11.383085250854492,11.44820785522461
/data/public/EchoSet/test/zsNo4HB9uLZ/0_13_living_room/8224_5142/mix.wav,10.752264976501465,10.886404991149902,8.648080825805664,8.790578842163086
/data/public/EchoSet/test/zsNo4HB9uLZ/0_13_living_room/3570_1995/mix.wav,12.60268783569336,12.738492965698242,11.345474243164062,11.513181686401367
/data/public/EchoSet/test/zsNo4HB9uLZ/0_13_living_room/7127_4992/mix.wav,4.700605392456055,4.666450023651123,3.303753137588501,3.385989189147949
/data/public/EchoSet/test/zsNo4HB9uLZ/0_13_living_room/7021_5105/mix.wav,10.328834533691406,10.257105827331543,9.57693099975586,9.548105239868164
/data/public/EchoSet/test/zsNo4HB9uLZ/0_13_living_room/2300_7176/mix.wav,8.421089172363281,8.448266983032227,7.94039249420166,8.037130355834961
/data/public/EchoSet/test/zsNo4HB9uLZ/0_13_living_room/3570_8463/mix.wav,14.706003189086914,14.753607749938965,13.332923889160156,13.396576881408691
/data/public/EchoSet/test/zsNo4HB9uLZ/0_13_living_room/4077_2961/mix.wav,9.939011573791504,9.949029922485352,9.053851127624512,9.100576400756836
/data/public/EchoSet/test/zsNo4HB9uLZ/0_13_living_room/121_8230/mix.wav,12.635702133178711,12.601694107055664,12.156957626342773,12.184208869934082
/data/public/EchoSet/test/zsNo4HB9uLZ/0_13_living_room/2300_3570/mix.wav,6.26034688949585,6.395383834838867,5.8575849533081055,6.051750659942627
/data/public/EchoSet/test/zsNo4HB9uLZ/0_13_living_room/260_2300/mix.wav,10.914613723754883,11.196216583251953,10.33874797821045,10.685853958129883
/data/public/EchoSet/test/zsNo4HB9uLZ/0_13_living_room/260_908/mix.wav,8.46306037902832,8.453123092651367,7.850549697875977,7.892292022705078
/data/public/EchoSet/test/zsNo4HB9uLZ/0_13_living_room/4992_61/mix.wav,9.428201675415039,9.354475021362305,8.985895156860352,9.003498077392578
/data/public/EchoSet/test/zsNo4HB9uLZ/0_13_living_room/4446_1320/mix.wav,10.993465423583984,11.053202629089355,10.166515350341797,10.28447437286377
/data/public/EchoSet/test/zsNo4HB9uLZ/0_13_living_room/4507_1188/mix.wav,11.143903732299805,11.696978569030762,10.752776145935059,11.351273536682129
/data/public/EchoSet/test/zsNo4HB9uLZ/0_13_living_room/2961_1995/mix.wav,14.664827346801758,14.793087005615234,14.283843040466309,14.447057723999023
/data/public/EchoSet/test/zsNo4HB9uLZ/0_13_living_room/7176_5683/mix.wav,9.001302719116211,8.906238555908203,8.443735122680664,8.423096656799316
/data/public/EchoSet/test/zsNo4HB9uLZ/0_13_living_room/2830_4446/mix.wav,4.976817607879639,4.398222923278809,3.733208179473877,3.5259244441986084
/data/public/EchoSet/test/zsNo4HB9uLZ/0_13_living_room/672_1580/mix.wav,9.600152969360352,9.739950180053711,8.077680587768555,8.353525161743164
/data/public/EchoSet/test/zsNo4HB9uLZ/0_13_living_room/1995_121/mix.wav,10.741324424743652,11.092794418334961,10.285346984863281,10.705083847045898
/data/public/EchoSet/test/zsNo4HB9uLZ/0_13_living_room/5105_908/mix.wav,3.6499061584472656,3.3606834411621094,2.458828926086426,2.366041898727417
/data/public/EchoSet/test/zsNo4HB9uLZ/0_13_living_room/1320_3575/mix.wav,13.418712615966797,13.109696388244629,12.315816879272461,12.096531867980957
/data/public/EchoSet/test/zsNo4HB9uLZ/0_13_living_room/121_908/mix.wav,11.07735824584961,11.184713363647461,10.415946006774902,10.56161117553711
/data/public/EchoSet/test/zsNo4HB9uLZ/0_13_living_room/7127_1089/mix.wav,7.726647853851318,7.896543502807617,7.0433502197265625,7.268289566040039
/data/public/EchoSet/test/zsNo4HB9uLZ/0_13_living_room/3575_5142/mix.wav,9.468818664550781,9.668608665466309,8.600131034851074,8.90969181060791
/data/public/EchoSet/test/zsNo4HB9uLZ/0_13_living_room/7021_1089/mix.wav,11.029239654541016,11.11158561706543,10.596806526184082,10.71405029296875
/data/public/EchoSet/test/zsNo4HB9uLZ/0_13_living_room/2094_5683/mix.wav,7.136948585510254,7.702263832092285,6.117201328277588,6.763163089752197
/data/public/EchoSet/test/zsNo4HB9uLZ/0_13_living_room/7021_8455/mix.wav,11.448922157287598,11.492396354675293,10.780607223510742,10.856468200683594
/data/public/EchoSet/test/zsNo4HB9uLZ/0_13_living_room/7127_8224/mix.wav,12.035455703735352,12.122417449951172,11.299482345581055,11.421869277954102
/data/public/EchoSet/test/zsNo4HB9uLZ/0_13_living_room/1221_237/mix.wav,10.690924644470215,10.7838134765625,9.93757438659668,10.068778991699219
/data/public/EchoSet/test/zsNo4HB9uLZ/0_13_living_room/2961_7127/mix.wav,10.61767578125,10.594091415405273,10.210609436035156,10.268373489379883
/data/public/EchoSet/test/zsNo4HB9uLZ/0_13_living_room/908_6829/mix.wav,10.713272094726562,10.587583541870117,10.107532501220703,10.061593055725098
/data/public/EchoSet/test/zsNo4HB9uLZ/0_13_living_room/1221_5683/mix.wav,0.8595905303955078,0.9353446960449219,0.333010196685791,0.48511767387390137
/data/public/EchoSet/test/zsNo4HB9uLZ/0_13_living_room/61_5683/mix.wav,10.233704566955566,10.433732032775879,9.530356407165527,9.797931671142578
/data/public/EchoSet/test/zsNo4HB9uLZ/0_13_living_room/8555_4992/mix.wav,-1.042525291442871,-1.0544486045837402,-2.219045639038086,-2.12849497795105
/data/public/EchoSet/test/zsNo4HB9uLZ/0_13_living_room/4970_3729/mix.wav,13.619810104370117,13.712757110595703,13.159577369689941,13.28809642791748
/data/public/EchoSet/test/zsNo4HB9uLZ/0_13_living_room/3570_1284/mix.wav,7.492867946624756,8.0026216506958,6.8116135597229,7.371616840362549
/data/public/EchoSet/test/zsNo4HB9uLZ/0_13_living_room/1089_4077/mix.wav,8.00627326965332,7.969814300537109,7.237367153167725,7.225997447967529
/data/public/EchoSet/test/zsNo4HB9uLZ/0_13_living_room/4446_1580/mix.wav,13.225225448608398,13.172101020812988,12.88819694519043,12.88581657409668
/data/public/EchoSet/test/zsNo4HB9uLZ/0_13_living_room/3575_8555/mix.wav,7.696939468383789,7.674478054046631,6.932900428771973,6.99696159362793
/data/public/EchoSet/test/zsNo4HB9uLZ/0_13_living_room/121_237/mix.wav,10.419679641723633,10.51977825164795,9.920638084411621,10.046858787536621
/data/public/EchoSet/test/zsNo4HB9uLZ/0_13_living_room/2961_237/mix.wav,6.939732551574707,6.95910120010376,6.116442680358887,6.2046661376953125
/data/public/EchoSet/test/zsNo4HB9uLZ/0_13_living_room/1284_7729/mix.wav,9.961347579956055,10.111950874328613,9.634946823120117,9.869686126708984
/data/public/EchoSet/test/zsNo4HB9uLZ/0_13_living_room/6930_8463/mix.wav,9.441448211669922,9.380135536193848,8.856412887573242,8.968303680419922
/data/public/EchoSet/test/zsNo4HB9uLZ/0_13_living_room/1089_672/mix.wav,10.600664138793945,10.89307975769043,9.523475646972656,9.867910385131836
/data/public/EchoSet/test/zsNo4HB9uLZ/0_13_living_room/2830_6930/mix.wav,3.176095485687256,3.152095317840576,0.40774089097976685,0.4351388216018677
/data/public/EchoSet/test/zsNo4HB9uLZ/0_13_living_room/3575_3729/mix.wav,4.394225120544434,4.284261226654053,3.826484441757202,3.810032844543457
/data/public/EchoSet/test/zsNo4HB9uLZ/0_13_living_room/5639_4507/mix.wav,13.596014022827148,13.657468795776367,13.204111099243164,13.313405990600586
/data/public/EchoSet/test/zsNo4HB9uLZ/0_13_living_room/3729_260/mix.wav,13.367388725280762,13.340216636657715,12.849931716918945,12.874898910522461
/data/public/EchoSet/test/zsNo4HB9uLZ/0_13_living_room/1320_3729/mix.wav,11.545149803161621,11.531856536865234,10.96026611328125,11.009885787963867
/data/public/EchoSet/test/zsNo4HB9uLZ/0_13_living_room/672_4992/mix.wav,12.118038177490234,12.26300048828125,11.397026062011719,11.639669418334961
/data/public/EchoSet/test/zsNo4HB9uLZ/0_13_living_room/8463_4507/mix.wav,9.011554718017578,9.078169822692871,8.103740692138672,8.359413146972656
/data/public/EchoSet/test/zsNo4HB9uLZ/0_13_living_room/3570_4077/mix.wav,11.981391906738281,12.14631462097168,11.119489669799805,11.380187034606934
/data/public/EchoSet/test/zsNo4HB9uLZ/0_13_living_room/1284_8555/mix.wav,8.546936988830566,8.632406234741211,8.099081993103027,8.372818946838379
/data/public/EchoSet/test/zsNo4HB9uLZ/0_13_living_room/61_1188/mix.wav,6.6375861167907715,6.482226848602295,5.663130760192871,5.574235439300537
/data/public/EchoSet/test/zsNo4HB9uLZ/0_13_living_room/5142_5639/mix.wav,13.188011169433594,13.232549667358398,12.811525344848633,12.88849925994873
/data/public/EchoSet/test/zsNo4HB9uLZ/0_13_living_room/1995_7021/mix.wav,14.956535339355469,15.073372840881348,14.530524253845215,14.66265869140625
/data/public/EchoSet/test/zsNo4HB9uLZ/0_13_living_room/1221_7176/mix.wav,10.402050971984863,10.644424438476562,9.962288856506348,10.283912658691406
/data/public/EchoSet/test/zsNo4HB9uLZ/0_13_living_room/1995_1089/mix.wav,12.973409652709961,13.16407585144043,12.700190544128418,12.9194917678833
/data/public/EchoSet/test/zsNo4HB9uLZ/0_13_living_room/6829_6930/mix.wav,8.33277702331543,8.536782264709473,7.582579612731934,7.88794469833374
/data/public/EchoSet/test/zsNo4HB9uLZ/0_13_living_room/4077_121/mix.wav,8.864851951599121,8.830243110656738,7.94154167175293,8.03677749633789
/data/public/EchoSet/test/zsNo4HB9uLZ/0_13_living_room/8224_1580/mix.wav,12.712919235229492,12.701032638549805,11.997316360473633,12.028249740600586
/data/public/EchoSet/test/zsNo4HB9uLZ/0_13_living_room/1221_3570/mix.wav,13.63564395904541,13.681923866271973,12.958868026733398,13.068673133850098
/data/public/EchoSet/test/zsNo4HB9uLZ/0_13_living_room/5105_2300/mix.wav,9.04828929901123,9.190110206604004,8.227865219116211,8.434813499450684
/data/public/EchoSet/test/zsNo4HB9uLZ/0_13_living_room/237_7729/mix.wav,11.624999046325684,11.219969749450684,10.477910995483398,10.233747482299805
/data/public/EchoSet/test/zsNo4HB9uLZ/0_13_living_room/5639_2830/mix.wav,8.401243209838867,8.631399154663086,7.682102680206299,8.023126602172852
/data/public/EchoSet/test/zsNo4HB9uLZ/0_13_living_room/3729_5105/mix.wav,10.462326049804688,10.45100212097168,7.927779197692871,8.01198673248291
/data/public/EchoSet/test/zsNo4HB9uLZ/0_13_living_room/4446_4992/mix.wav,6.85087776184082,6.999163627624512,6.330051422119141,6.630620002746582
/data/public/EchoSet/test/zsNo4HB9uLZ/0_13_living_room/7127_2094/mix.wav,12.820706367492676,12.820932388305664,11.768901824951172,11.806540489196777
/data/public/EchoSet/test/zsNo4HB9uLZ/0_13_living_room/61_6930/mix.wav,8.039937973022461,8.031126976013184,7.108273983001709,7.147563457489014
/data/public/EchoSet/test/zsNo4HB9uLZ/0_13_living_room/8230_1188/mix.wav,7.657455921173096,8.03902816772461,6.769257545471191,7.192550182342529
/data/public/EchoSet/test/zsNo4HB9uLZ/0_13_living_room/121_2094/mix.wav,11.19787311553955,11.736435890197754,10.98448371887207,11.571556091308594
/data/public/EchoSet/test/zsNo4HB9uLZ/0_13_living_room/1995_3729/mix.wav,9.536810874938965,9.768510818481445,9.161811828613281,9.438241958618164
/data/public/EchoSet/test/zsNo4HB9uLZ/0_13_living_room/7729_4507/mix.wav,13.908926010131836,13.957560539245605,13.57579231262207,13.64898681640625
/data/public/EchoSet/test/zsNo4HB9uLZ/0_13_living_room/2300_237/mix.wav,8.747993469238281,8.81361198425293,7.974106788635254,8.092667579650879
/data/public/EchoSet/test/zsNo4HB9uLZ/0_13_living_room/5105_5639/mix.wav,9.027156829833984,8.967950820922852,8.003393173217773,8.230345726013184
/data/public/EchoSet/test/zsNo4HB9uLZ/0_13_living_room/3575_908/mix.wav,-0.7036854028701782,-0.11888790130615234,-1.543296456336975,-0.9218274354934692
/data/public/EchoSet/test/zsNo4HB9uLZ/0_13_living_room/908_4507/mix.wav,13.157312393188477,13.179244041442871,12.545717239379883,12.668615341186523
/data/public/EchoSet/test/zsNo4HB9uLZ/0_13_living_room/1221_7127/mix.wav,12.361639022827148,12.425912857055664,11.94615650177002,12.093480110168457
/data/public/EchoSet/test/zsNo4HB9uLZ/0_13_living_room/6829_4446/mix.wav,5.229429721832275,5.51385498046875,4.706028461456299,5.0602803230285645
/data/public/EchoSet/test/zsNo4HB9uLZ/0_13_living_room/6930_2300/mix.wav,1.999133825302124,2.1625730991363525,1.082802653312683,1.3158042430877686
/data/public/EchoSet/test/zsNo4HB9uLZ/0_13_living_room/1320_8455/mix.wav,11.11964225769043,11.489413261413574,10.611435890197754,11.038812637329102
/data/public/EchoSet/test/zsNo4HB9uLZ/0_13_living_room/260_2094/mix.wav,12.612069129943848,12.862414360046387,11.849294662475586,12.192359924316406
/data/public/EchoSet/test/zsNo4HB9uLZ/0_9_dining_room/908_1221/mix.wav,13.3317232131958,13.299047470092773,12.856107711791992,12.873767852783203
/data/public/EchoSet/test/zsNo4HB9uLZ/0_9_dining_room/7021_4970/mix.wav,13.384054183959961,13.558492660522461,13.00777816772461,13.238020896911621
/data/public/EchoSet/test/zsNo4HB9uLZ/0_9_dining_room/1284_1089/mix.wav,12.332657814025879,12.155597686767578,11.775344848632812,11.687230110168457
/data/public/EchoSet/test/zsNo4HB9uLZ/0_9_dining_room/908_3729/mix.wav,9.526105880737305,9.586195945739746,9.172893524169922,9.31721305847168
/data/public/EchoSet/test/zsNo4HB9uLZ/0_9_dining_room/5105_5639/mix.wav,7.401161193847656,7.2554168701171875,6.477564811706543,6.379105567932129
/data/public/EchoSet/test/zsNo4HB9uLZ/0_9_dining_room/2830_61/mix.wav,7.003498077392578,6.795493125915527,5.389017105102539,5.28745174407959
/data/public/EchoSet/test/zsNo4HB9uLZ/0_9_dining_room/908_8555/mix.wav,14.101238250732422,14.173007011413574,13.731500625610352,13.83013916015625
/data/public/EchoSet/test/zsNo4HB9uLZ/0_9_dining_room/6829_1995/mix.wav,8.950984001159668,9.344539642333984,8.27528190612793,8.759256362915039
/data/public/EchoSet/test/zsNo4HB9uLZ/0_9_dining_room/2961_5683/mix.wav,13.98575496673584,14.201244354248047,13.533733367919922,13.778402328491211
/data/public/EchoSet/test/zsNo4HB9uLZ/0_9_dining_room/7127_7729/mix.wav,4.736649513244629,4.8325514793396,3.9253878593444824,4.070575714111328
/data/public/EchoSet/test/zsNo4HB9uLZ/0_9_dining_room/5142_8555/mix.wav,12.641172409057617,12.701427459716797,11.702125549316406,11.821024894714355
/data/public/EchoSet/test/zsNo4HB9uLZ/0_9_dining_room/2830_2961/mix.wav,6.69317626953125,6.78657865524292,5.567663192749023,5.726006507873535
/data/public/EchoSet/test/zsNo4HB9uLZ/0_9_dining_room/8224_7127/mix.wav,6.414923667907715,6.555442810058594,5.3762712478637695,5.6208672523498535
/data/public/EchoSet/test/zsNo4HB9uLZ/0_9_dining_room/3729_5105/mix.wav,7.3904523849487305,7.461975574493408,6.874178886413574,7.021234035491943
/data/public/EchoSet/test/zsNo4HB9uLZ/0_9_dining_room/237_1995/mix.wav,10.385503768920898,10.379178047180176,9.900362968444824,9.949095726013184
/data/public/EchoSet/test/zsNo4HB9uLZ/0_9_dining_room/5683_237/mix.wav,11.68126106262207,11.53368854522705,10.812016487121582,10.846755027770996
/data/public/EchoSet/test/zsNo4HB9uLZ/0_9_dining_room/260_3570/mix.wav,10.10384750366211,9.89669418334961,9.578802108764648,9.486322402954102
/data/public/EchoSet/test/zsNo4HB9uLZ/0_9_dining_room/7176_7127/mix.wav,8.35229206085205,8.490291595458984,7.613222122192383,7.826267242431641
/data/public/EchoSet/test/zsNo4HB9uLZ/0_9_dining_room/2094_1580/mix.wav,9.28695011138916,9.464539527893066,8.135751724243164,8.382136344909668
/data/public/EchoSet/test/zsNo4HB9uLZ/0_9_dining_room/672_1221/mix.wav,11.040830612182617,11.26909351348877,9.972063064575195,10.22767162322998
/data/public/EchoSet/test/zsNo4HB9uLZ/0_9_dining_room/1580_6829/mix.wav,4.650043487548828,5.25877571105957,4.024196147918701,4.760195255279541
/data/public/EchoSet/test/zsNo4HB9uLZ/0_9_dining_room/5142_7021/mix.wav,13.564773559570312,13.821640014648438,13.141079902648926,13.42044734954834
/data/public/EchoSet/test/zsNo4HB9uLZ/0_9_dining_room/2300_4507/mix.wav,-0.30483296513557434,-0.3680771589279175,-1.1042282581329346,-1.0863325595855713
/data/public/EchoSet/test/zsNo4HB9uLZ/0_9_dining_room/1995_5639/mix.wav,11.522039413452148,11.849312782287598,9.264808654785156,9.841453552246094
/data/public/EchoSet/test/zsNo4HB9uLZ/0_9_dining_room/3570_4077/mix.wav,11.875513076782227,12.066716194152832,11.508817672729492,11.77047348022461
/data/public/EchoSet/test/zsNo4HB9uLZ/0_9_dining_room/908_8455/mix.wav,9.055188179016113,9.960359573364258,8.76998519897461,9.720664978027344
/data/public/EchoSet/test/zsNo4HB9uLZ/0_9_dining_room/3575_7729/mix.wav,11.2786226272583,11.253867149353027,10.855647087097168,10.931052207946777
/data/public/EchoSet/test/zsNo4HB9uLZ/0_9_dining_room/2300_4992/mix.wav,2.196417808532715,2.4379899501800537,1.1368792057037354,1.3995928764343262
/data/public/EchoSet/test/zsNo4HB9uLZ/0_9_dining_room/5142_121/mix.wav,-1.5371254682540894,-1.5520803928375244,-2.211038112640381,-2.156172752380371
/data/public/EchoSet/test/zsNo4HB9uLZ/0_9_dining_room/1320_1221/mix.wav,13.07979965209961,13.40332317352295,12.59740161895752,12.975430488586426
/data/public/EchoSet/test/zsNo4HB9uLZ/0_9_dining_room/3575_2094/mix.wav,6.240942478179932,6.624638080596924,5.4867424964904785,5.924141883850098
/data/public/EchoSet/test/zsNo4HB9uLZ/0_9_dining_room/3570_8555/mix.wav,8.052678108215332,8.091552734375,7.680461883544922,7.760778427124023
/data/public/EchoSet/test/zsNo4HB9uLZ/0_9_dining_room/1320_4077/mix.wav,4.678236484527588,4.329408645629883,4.16974401473999,4.070331573486328
/data/public/EchoSet/test/zsNo4HB9uLZ/0_9_dining_room/7176_6930/mix.wav,10.419296264648438,10.834528923034668,9.85460090637207,10.35759449005127
/data/public/EchoSet/test/zsNo4HB9uLZ/0_9_dining_room/2300_5105/mix.wav,10.9835205078125,10.811121940612793,10.185720443725586,10.11247444152832
/data/public/EchoSet/test/zsNo4HB9uLZ/0_9_dining_room/4970_2094/mix.wav,9.087455749511719,9.237911224365234,8.606876373291016,8.804312705993652
/data/public/EchoSet/test/zsNo4HB9uLZ/0_9_dining_room/4446_5683/mix.wav,8.574007034301758,8.650290489196777,7.6553778648376465,7.789710998535156
/data/public/EchoSet/test/zsNo4HB9uLZ/0_9_dining_room/8463_4507/mix.wav,7.354251384735107,7.339169025421143,6.732440948486328,6.789747714996338
/data/public/EchoSet/test/zsNo4HB9uLZ/0_9_dining_room/3729_5683/mix.wav,5.454510688781738,5.554475784301758,5.1558146476745605,5.428043365478516
/data/public/EchoSet/test/zsNo4HB9uLZ/0_9_dining_room/4970_2300/mix.wav,-2.748995304107666,-2.7124171257019043,-3.5543792247772217,-3.415959358215332
/data/public/EchoSet/test/zsNo4HB9uLZ/0_9_dining_room/7176_61/mix.wav,10.316540718078613,10.416488647460938,9.866924285888672,10.01693058013916
/data/public/EchoSet/test/zsNo4HB9uLZ/0_9_dining_room/1188_4446/mix.wav,11.684211730957031,12.18132495880127,11.46603775024414,12.012764930725098
/data/public/EchoSet/test/zsNo4HB9uLZ/0_9_dining_room/1188_1995/mix.wav,12.414894104003906,12.529268264770508,11.950897216796875,12.105547904968262
/data/public/EchoSet/test/zsNo4HB9uLZ/0_9_dining_room/5639_1320/mix.wav,9.574020385742188,9.716412544250488,9.190195083618164,9.379911422729492
/data/public/EchoSet/test/zsNo4HB9uLZ/0_9_dining_room/61_260/mix.wav,9.29825210571289,9.23038101196289,8.70859146118164,8.745363235473633
/data/public/EchoSet/test/zsNo4HB9uLZ/0_9_dining_room/1320_7729/mix.wav,8.373862266540527,8.530592918395996,7.9412407875061035,8.160248756408691
/data/public/EchoSet/test/zsNo4HB9uLZ/0_9_dining_room/8224_2830/mix.wav,6.956070899963379,7.27379846572876,6.30864143371582,6.720274925231934
/data/public/EchoSet/test/zsNo4HB9uLZ/0_9_dining_room/7176_4992/mix.wav,13.051401138305664,13.157907485961914,12.60020923614502,12.742979049682617
/data/public/EchoSet/test/zsNo4HB9uLZ/0_9_dining_room/8463_6930/mix.wav,12.473884582519531,12.58131217956543,12.111948013305664,12.285984992980957
/data/public/EchoSet/test/zsNo4HB9uLZ/0_9_dining_room/3575_5142/mix.wav,8.134499549865723,8.910400390625,7.7689409255981445,8.591772079467773
/data/public/EchoSet/test/zsNo4HB9uLZ/0_9_dining_room/4992_672/mix.wav,8.304094314575195,8.972264289855957,7.982428550720215,8.705022811889648
/data/public/EchoSet/test/zsNo4HB9uLZ/0_9_dining_room/8224_5683/mix.wav,9.778105735778809,9.950299263000488,7.684003829956055,7.915704727172852
/data/public/EchoSet/test/zsNo4HB9uLZ/0_9_dining_room/61_2830/mix.wav,2.6844282150268555,2.6495590209960938,1.421539306640625,1.5940042734146118
/data/public/EchoSet/test/zsNo4HB9uLZ/0_9_dining_room/2300_1188/mix.wav,8.768648147583008,8.87621784210205,8.282562255859375,8.491449356079102
/data/public/EchoSet/test/zsNo4HB9uLZ/0_9_dining_room/7127_3729/mix.wav,9.185328483581543,9.368366241455078,8.708189010620117,8.936186790466309
/data/public/EchoSet/test/zsNo4HB9uLZ/0_9_dining_room/7127_8555/mix.wav,9.708115577697754,10.139202117919922,9.18691635131836,9.678553581237793
/data/public/EchoSet/test/zsNo4HB9uLZ/0_9_dining_room/2830_1995/mix.wav,10.73628044128418,10.654572486877441,9.811661720275879,9.807827949523926
/data/public/EchoSet/test/zsNo4HB9uLZ/0_9_dining_room/4970_5639/mix.wav,13.401571273803711,13.64375114440918,13.089624404907227,13.349892616271973
/data/public/EchoSet/test/zsNo4HB9uLZ/0_9_dining_room/672_8463/mix.wav,12.596793174743652,12.826912879943848,12.077402114868164,12.340301513671875
/data/public/EchoSet/test/zsNo4HB9uLZ/0_9_dining_room/2830_6829/mix.wav,6.697351932525635,6.889492034912109,4.760621547698975,4.969106674194336
/data/public/EchoSet/test/zsNo4HB9uLZ/0_9_dining_room/1089_5639/mix.wav,12.219694137573242,12.194186210632324,11.907952308654785,11.9158353805542
/data/public/EchoSet/test/zsNo4HB9uLZ/0_9_dining_room/7021_4077/mix.wav,9.986434936523438,10.244580268859863,9.413106918334961,9.702613830566406
/data/public/EchoSet/test/zsNo4HB9uLZ/0_9_dining_room/6930_260/mix.wav,12.04891586303711,12.367189407348633,11.753589630126953,12.132546424865723
/data/public/EchoSet/test/zsNo4HB9uLZ/0_9_dining_room/4992_1995/mix.wav,12.29129409790039,12.405702590942383,11.810319900512695,11.987786293029785
/data/public/EchoSet/test/zsNo4HB9uLZ/0_9_dining_room/2961_4446/mix.wav,10.28038215637207,10.694680213928223,9.681869506835938,10.11557674407959
/data/public/EchoSet/test/zsNo4HB9uLZ/0_9_dining_room/4446_1320/mix.wav,11.69212532043457,11.95651626586914,11.063972473144531,11.36394214630127
/data/public/EchoSet/test/zsNo4HB9uLZ/0_9_dining_room/4970_8455/mix.wav,13.87075138092041,13.982169151306152,13.474309921264648,13.635857582092285
/data/public/EchoSet/test/zsNo4HB9uLZ/0_9_dining_room/5142_4970/mix.wav,5.984306335449219,6.027767658233643,5.692397117614746,5.755154609680176
/data/public/EchoSet/test/zsNo4HB9uLZ/0_9_dining_room/4507_6829/mix.wav,-2.4718265533447266,-2.332895517349243,-2.8162753582000732,-2.647721767425537
/data/public/EchoSet/test/zsNo4HB9uLZ/0_9_dining_room/237_5105/mix.wav,10.223588943481445,10.52486801147461,9.727632522583008,10.067915916442871
/data/public/EchoSet/test/zsNo4HB9uLZ/0_9_dining_room/5142_6930/mix.wav,7.771995544433594,8.034485816955566,7.345573425292969,7.663155555725098
/data/public/EchoSet/test/zsNo4HB9uLZ/0_9_dining_room/3570_1188/mix.wav,9.287799835205078,9.632613182067871,8.09572696685791,8.484933853149414
/data/public/EchoSet/test/zsNo4HB9uLZ/0_9_dining_room/5105_7176/mix.wav,10.861294746398926,10.869842529296875,10.382627487182617,10.489988327026367
/data/public/EchoSet/test/zsNo4HB9uLZ/0_9_dining_room/5683_8463/mix.wav,12.812880516052246,13.043874740600586,12.507593154907227,12.792241096496582
/data/public/EchoSet/test/zsNo4HB9uLZ/0_9_dining_room/1188_1284/mix.wav,9.801448822021484,9.769759178161621,8.477394104003906,8.535914421081543
/data/public/EchoSet/test/zsNo4HB9uLZ/0_9_dining_room/1284_6829/mix.wav,9.412820816040039,9.545703887939453,8.908474922180176,9.098541259765625
/data/public/EchoSet/test/zsNo4HB9uLZ/0_9_dining_room/7729_260/mix.wav,6.001232147216797,6.332679271697998,5.661728382110596,6.1136040687561035
/data/public/EchoSet/test/zsNo4HB9uLZ/0_9_dining_room/1580_3729/mix.wav,12.1826171875,12.301506042480469,11.537944793701172,11.693748474121094
/data/public/EchoSet/test/zsNo4HB9uLZ/0_9_dining_room/8463_237/mix.wav,12.370370864868164,12.453843116760254,12.011896133422852,12.14269733428955
/data/public/EchoSet/test/zsNo4HB9uLZ/0_9_dining_room/237_4077/mix.wav,14.862483978271484,14.906618118286133,13.994043350219727,14.077465057373047
/data/public/EchoSet/test/zsNo4HB9uLZ/0_9_dining_room/237_8555/mix.wav,11.961284637451172,12.254703521728516,11.579323768615723,11.913640975952148
/data/public/EchoSet/test/zsNo4HB9uLZ/0_9_dining_room/121_2300/mix.wav,13.804969787597656,13.973041534423828,13.352294921875,13.558965682983398
/data/public/EchoSet/test/zsNo4HB9uLZ/0_9_dining_room/908_6930/mix.wav,13.415960311889648,13.44255542755127,12.79631233215332,12.875394821166992
/data/public/EchoSet/test/zsNo4HB9uLZ/0_9_dining_room/672_1580/mix.wav,6.20368766784668,6.696742057800293,4.755274772644043,5.4070725440979
/data/public/EchoSet/test/zsNo4HB9uLZ/0_9_dining_room/8230_1089/mix.wav,9.025808334350586,9.138922691345215,8.424964904785156,8.586872100830078
/data/public/EchoSet/test/zsNo4HB9uLZ/0_9_dining_room/1284_7176/mix.wav,9.609758377075195,9.787825584411621,9.082908630371094,9.304791450500488
/data/public/EchoSet/test/zsNo4HB9uLZ/0_9_dining_room/7729_4970/mix.wav,15.877676963806152,15.926774978637695,15.557971000671387,15.626738548278809
/data/public/EchoSet/test/zsNo4HB9uLZ/0_9_dining_room/121_8555/mix.wav,15.127655982971191,15.146017074584961,14.40443229675293,14.460286140441895
/data/public/EchoSet/test/zsNo4HB9uLZ/0_9_dining_room/61_8230/mix.wav,7.434604644775391,7.580536842346191,7.045910835266113,7.226393222808838
/data/public/EchoSet/test/zsNo4HB9uLZ/0_9_dining_room/7127_2961/mix.wav,10.069047927856445,10.343132972717285,9.562530517578125,9.886698722839355
/data/public/EchoSet/test/zsNo4HB9uLZ/0_9_dining_room/2094_1089/mix.wav,13.171733856201172,13.264686584472656,12.767906188964844,12.901652336120605
/data/public/EchoSet/test/zsNo4HB9uLZ/0_9_dining_room/4507_3575/mix.wav,9.232038497924805,9.709630012512207,8.821868896484375,9.348325729370117
/data/public/EchoSet/test/zsNo4HB9uLZ/0_9_dining_room/8230_3729/mix.wav,14.271682739257812,14.26168155670166,13.907766342163086,13.986401557922363
/data/public/EchoSet/test/zsNo4HB9uLZ/0_9_dining_room/5142_4446/mix.wav,10.232134819030762,10.728067398071289,9.904678344726562,10.433988571166992
/data/public/EchoSet/test/zsNo4HB9uLZ/0_9_dining_room/1995_1188/mix.wav,14.654167175292969,14.981462478637695,14.36235523223877,14.725568771362305
/data/public/EchoSet/test/zsNo4HB9uLZ/0_9_dining_room/1580_8224/mix.wav,12.859495162963867,12.805854797363281,12.184247970581055,12.2115478515625
/data/public/EchoSet/test/zsNo4HB9uLZ/0_9_dining_room/8230_8555/mix.wav,12.852161407470703,12.990123748779297,12.122674942016602,12.300986289978027
/data/public/EchoSet/test/zsNo4HB9uLZ/0_9_dining_room/1995_121/mix.wav,8.679943084716797,8.55146598815918,8.105979919433594,8.102558135986328
/data/public/EchoSet/test/zsNo4HB9uLZ/0_9_dining_room/6930_7176/mix.wav,7.698507308959961,7.783923149108887,7.26959228515625,7.402925968170166
/data/public/EchoSet/test/zsNo4HB9uLZ/0_9_dining_room/6829_8230/mix.wav,10.261777877807617,10.451329231262207,9.796944618225098,10.023651123046875
/data/public/EchoSet/test/zsNo4HB9uLZ/0_9_dining_room/8224_7021/mix.wav,4.590529441833496,5.22340202331543,4.317668437957764,4.993516445159912
/data/public/EchoSet/test/zsNo4HB9uLZ/0_9_dining_room/1580_8455/mix.wav,13.346537590026855,13.36904525756836,12.37657356262207,12.414587020874023
/data/public/EchoSet/test/zsNo4HB9uLZ/0_9_dining_room/1188_121/mix.wav,11.066020965576172,11.20295238494873,10.358199119567871,10.703863143920898
/data/public/EchoSet/test/zsNo4HB9uLZ/0_9_dining_room/8224_1089/mix.wav,6.648886203765869,6.602138996124268,6.211099147796631,6.240128040313721
/data/public/EchoSet/test/zsNo4HB9uLZ/0_9_dining_room/5639_672/mix.wav,6.530696868896484,6.601289749145508,6.130105972290039,6.2121124267578125
/data/public/EchoSet/test/zsNo4HB9uLZ/0_9_dining_room/6829_1221/mix.wav,7.629186630249023,7.598654747009277,7.152642726898193,7.17561149597168
/data/public/EchoSet/test/zsNo4HB9uLZ/0_9_dining_room/4992_2094/mix.wav,10.562602043151855,10.635966300964355,10.167757034301758,10.262430191040039
/data/public/EchoSet/test/zsNo4HB9uLZ/0_9_dining_room/4507_1284/mix.wav,9.907339096069336,10.509651184082031,9.490043640136719,10.156984329223633
/data/public/EchoSet/test/zsNo4HB9uLZ/0_9_dining_room/5105_237/mix.wav,10.945622444152832,10.833738327026367,9.82876968383789,9.80069351196289
/data/public/EchoSet/test/zsNo4HB9uLZ/0_9_dining_room/4446_8224/mix.wav,8.435729026794434,9.179630279541016,7.734923362731934,8.507776260375977
/data/public/EchoSet/test/zsNo4HB9uLZ/0_9_dining_room/8455_260/mix.wav,10.457685470581055,10.758325576782227,9.942970275878906,10.284027099609375
/data/public/EchoSet/test/zsNo4HB9uLZ/0_9_dining_room/8230_3575/mix.wav,15.44344425201416,15.45714282989502,14.891481399536133,14.959188461303711
/data/public/EchoSet/test/zsNo4HB9uLZ/0_9_dining_room/1320_4507/mix.wav,15.86629581451416,15.79798412322998,15.261409759521484,15.26984691619873
/data/public/EchoSet/test/zsNo4HB9uLZ/0_9_dining_room/7729_1089/mix.wav,9.197522163391113,9.274230003356934,8.753751754760742,8.876694679260254
/data/public/EchoSet/test/zsNo4HB9uLZ/0_9_dining_room/4507_1221/mix.wav,8.60710620880127,9.212169647216797,8.14822769165039,8.838556289672852
/data/public/EchoSet/test/zsNo4HB9uLZ/0_9_dining_room/2961_2300/mix.wav,9.242425918579102,9.604409217834473,8.662322998046875,9.099569320678711
/data/public/EchoSet/test/zsNo4HB9uLZ/0_9_dining_room/3729_7021/mix.wav,9.05565071105957,9.263925552368164,8.755648612976074,9.026719093322754
/data/public/EchoSet/test/zsNo4HB9uLZ/0_9_dining_room/4077_2094/mix.wav,7.8289713859558105,8.12751579284668,5.264470100402832,5.628230571746826
/data/public/EchoSet/test/zsNo4HB9uLZ/0_9_dining_room/6829_2094/mix.wav,9.165234565734863,9.3391695022583,8.66690444946289,8.88574504852295
/data/public/EchoSet/test/zsNo4HB9uLZ/0_9_dining_room/3729_5639/mix.wav,12.869731903076172,12.892166137695312,12.398590087890625,12.496620178222656
/data/public/EchoSet/test/zsNo4HB9uLZ/0_9_dining_room/4077_121/mix.wav,4.730569839477539,4.767382621765137,3.6485519409179688,3.734611988067627
/data/public/EchoSet/test/zsNo4HB9uLZ/0_9_dining_room/4507_5142/mix.wav,10.619855880737305,10.460094451904297,10.08782958984375,10.021745681762695
/data/public/EchoSet/test/zsNo4HB9uLZ/0_9_dining_room/121_61/mix.wav,12.055832862854004,12.164947509765625,11.561845779418945,11.694008827209473
/data/public/EchoSet/test/zsNo4HB9uLZ/0_9_dining_room/5683_8230/mix.wav,14.253345489501953,14.280457496643066,13.545034408569336,13.606101989746094
/data/public/EchoSet/test/zsNo4HB9uLZ/0_9_dining_room/2300_8555/mix.wav,6.459735870361328,6.869349479675293,5.858465194702148,6.402902603149414
/data/public/EchoSet/test/zsNo4HB9uLZ/0_9_dining_room/4077_3575/mix.wav,9.436664581298828,9.52275562286377,8.125225067138672,8.253837585449219
/data/public/EchoSet/test/zsNo4HB9uLZ/0_9_dining_room/1580_8463/mix.wav,4.753637313842773,4.8893327713012695,3.8843834400177,4.104177474975586
/data/public/EchoSet/test/zsNo4HB9uLZ/0_9_dining_room/1284_5105/mix.wav,11.165590286254883,11.45110034942627,10.681243896484375,11.165740966796875
/data/public/EchoSet/test/zsNo4HB9uLZ/0_9_dining_room/7021_4446/mix.wav,13.744483947753906,14.061044692993164,13.316149711608887,13.655195236206055
/data/public/EchoSet/test/zsNo4HB9uLZ/0_9_dining_room/8455_3570/mix.wav,10.762096405029297,10.841043472290039,9.525676727294922,9.673920631408691
/data/public/EchoSet/test/zsNo4HB9uLZ/0_9_dining_room/672_2961/mix.wav,13.099446296691895,13.23105525970459,12.407106399536133,12.564756393432617
/data/public/EchoSet/test/zsNo4HB9uLZ/0_9_dining_room/908_5105/mix.wav,10.430082321166992,10.242094039916992,9.614503860473633,9.80255126953125
/data/public/EchoSet/test/zsNo4HB9uLZ/0_9_dining_room/8224_7729/mix.wav,8.816780090332031,9.093910217285156,8.528376579284668,8.922059059143066
/data/public/EchoSet/test/zsNo4HB9uLZ/0_9_dining_room/121_1284/mix.wav,5.857227325439453,5.879347324371338,4.499486923217773,4.6564040184021
/data/public/EchoSet/test/zsNo4HB9uLZ/0_9_dining_room/1221_3575/mix.wav,8.474699020385742,8.463149070739746,7.457296371459961,7.496908664703369
/data/public/EchoSet/test/zsNo4HB9uLZ/0_9_dining_room/6930_61/mix.wav,6.244533538818359,6.075712203979492,5.5087175369262695,5.385560989379883
/data/public/EchoSet/test/zsNo4HB9uLZ/0_9_dining_room/672_5683/mix.wav,13.76438045501709,13.81868839263916,12.70358657836914,12.78946590423584
/data/public/EchoSet/test/zsNo4HB9uLZ/0_9_dining_room/908_4992/mix.wav,15.037275314331055,15.065412521362305,14.416266441345215,14.484399795532227
/data/public/EchoSet/test/zsNo4HB9uLZ/0_9_dining_room/3575_7176/mix.wav,13.838239669799805,13.745068550109863,13.306634902954102,13.276062965393066
/data/public/EchoSet/test/zsNo4HB9uLZ/0_9_dining_room/237_672/mix.wav,10.757209777832031,10.783440589904785,9.993515014648438,10.097373008728027
/data/public/EchoSet/test/zsNo4HB9uLZ/0_9_dining_room/1221_2094/mix.wav,9.07145881652832,9.125162124633789,7.5695953369140625,7.660732269287109
/data/public/EchoSet/test/zsNo4HB9uLZ/0_9_dining_room/2830_5639/mix.wav,6.1532392501831055,6.2187700271606445,4.957902908325195,5.159183502197266
/data/public/EchoSet/test/zsNo4HB9uLZ/0_9_dining_room/8455_1320/mix.wav,9.762697219848633,9.932184219360352,9.07125186920166,9.323037147521973
/data/public/EchoSet/test/zsNo4HB9uLZ/0_9_dining_room/4970_1580/mix.wav,10.688920974731445,10.684982299804688,10.141677856445312,10.16964340209961
/data/public/EchoSet/test/zsNo4HB9uLZ/0_9_dining_room/1188_4077/mix.wav,9.086698532104492,9.196754455566406,8.19700813293457,8.470934867858887
/data/public/EchoSet/test/zsNo4HB9uLZ/0_9_dining_room/8463_8455/mix.wav,12.126195907592773,11.969478607177734,11.479837417602539,11.427509307861328
/data/public/EchoSet/test/zsNo4HB9uLZ/0_9_dining_room/4992_1089/mix.wav,12.677993774414062,12.665153503417969,12.338123321533203,12.380924224853516
/data/public/EchoSet/test/zsNo4HB9uLZ/0_9_dining_room/4992_7021/mix.wav,13.666406631469727,13.54860782623291,13.037464141845703,13.024642944335938
/data/public/EchoSet/test/zsNo4HB9uLZ/0_9_dining_room/1221_1284/mix.wav,10.69580078125,10.683363914489746,9.093700408935547,9.1431245803833
/data/public/EchoSet/test/zsNo4HB9uLZ/0_9_dining_room/7127_908/mix.wav,10.195240020751953,10.233794212341309,9.770166397094727,9.858860969543457
/data/public/EchoSet/test/zsNo4HB9uLZ/0_9_dining_room/8463_7021/mix.wav,13.504634857177734,13.622836112976074,13.147054672241211,13.300470352172852
/data/public/EchoSet/test/zsNo4HB9uLZ/0_9_dining_room/2961_8455/mix.wav,9.785334587097168,10.201204299926758,9.2128267288208,9.673585891723633
/data/public/EchoSet/test/zsNo4HB9uLZ/0_11_familyroom_lounge/672_7729/mix.wav,11.110845565795898,10.852646827697754,10.276030540466309,10.123445510864258
/data/public/EchoSet/test/zsNo4HB9uLZ/0_11_familyroom_lounge/4507_237/mix.wav,9.009016036987305,9.428759574890137,8.588387489318848,9.128557205200195
/data/public/EchoSet/test/zsNo4HB9uLZ/0_11_familyroom_lounge/3729_2830/mix.wav,10.061908721923828,9.954765319824219,8.877935409545898,9.039135932922363
/data/public/EchoSet/test/zsNo4HB9uLZ/0_11_familyroom_lounge/8230_1320/mix.wav,9.18983268737793,9.373527526855469,8.641925811767578,8.862109184265137
/data/public/EchoSet/test/zsNo4HB9uLZ/0_11_familyroom_lounge/1580_4446/mix.wav,7.337863922119141,7.411159515380859,6.70416259765625,6.837632179260254
/data/public/EchoSet/test/zsNo4HB9uLZ/0_11_familyroom_lounge/1221_672/mix.wav,10.057299613952637,10.156595230102539,8.70312786102295,8.871622085571289
/data/public/EchoSet/test/zsNo4HB9uLZ/0_11_familyroom_lounge/908_61/mix.wav,5.355486869812012,5.656798362731934,4.976694107055664,5.346755504608154
/data/public/EchoSet/test/zsNo4HB9uLZ/0_11_familyroom_lounge/8455_8463/mix.wav,9.173548698425293,9.51215648651123,8.636785507202148,9.064010620117188
/data/public/EchoSet/test/zsNo4HB9uLZ/0_11_familyroom_lounge/3570_2300/mix.wav,14.733999252319336,14.93651008605957,14.30890941619873,14.59921646118164
/data/public/EchoSet/test/zsNo4HB9uLZ/0_11_familyroom_lounge/3570_1221/mix.wav,10.730981826782227,11.029683113098145,9.795324325561523,10.147445678710938
/data/public/EchoSet/test/zsNo4HB9uLZ/0_11_familyroom_lounge/2830_5105/mix.wav,5.528608322143555,5.9519453048706055,4.963311195373535,5.477886199951172
/data/public/EchoSet/test/zsNo4HB9uLZ/0_11_familyroom_lounge/2094_3570/mix.wav,8.0982666015625,8.083711624145508,7.830121994018555,7.898379325866699
/data/public/EchoSet/test/zsNo4HB9uLZ/0_11_familyroom_lounge/2961_672/mix.wav,11.587376594543457,11.671469688415527,11.245969772338867,11.386080741882324
/data/public/EchoSet/test/zsNo4HB9uLZ/0_11_familyroom_lounge/1188_2961/mix.wav,9.454694747924805,9.642199516296387,8.860220909118652,9.248648643493652
/data/public/EchoSet/test/zsNo4HB9uLZ/0_11_familyroom_lounge/3575_2094/mix.wav,10.519428253173828,10.636062622070312,9.845874786376953,10.025579452514648
/data/public/EchoSet/test/zsNo4HB9uLZ/0_11_familyroom_lounge/7021_3575/mix.wav,14.239252090454102,14.263269424438477,13.578258514404297,13.63988208770752
/data/public/EchoSet/test/zsNo4HB9uLZ/0_11_familyroom_lounge/2300_2830/mix.wav,6.031902313232422,6.316482067108154,5.422421455383301,5.773462295532227
/data/public/EchoSet/test/zsNo4HB9uLZ/0_11_familyroom_lounge/3575_121/mix.wav,8.548677444458008,8.921073913574219,7.877083778381348,8.321002960205078
/data/public/EchoSet/test/zsNo4HB9uLZ/0_11_familyroom_lounge/8455_1284/mix.wav,12.0040283203125,12.049491882324219,11.224844932556152,11.409879684448242
/data/public/EchoSet/test/zsNo4HB9uLZ/0_11_familyroom_lounge/237_4992/mix.wav,11.074177742004395,10.99009895324707,10.513467788696289,10.646529197692871
/data/public/EchoSet/test/zsNo4HB9uLZ/0_11_familyroom_lounge/4077_1580/mix.wav,11.055624008178711,11.2639741897583,10.663511276245117,10.906437873840332
/data/public/EchoSet/test/zsNo4HB9uLZ/0_11_familyroom_lounge/8224_6930/mix.wav,3.6494975090026855,3.7088379859924316,3.25809645652771,3.4117512702941895
/data/public/EchoSet/test/zsNo4HB9uLZ/0_11_familyroom_lounge/1320_1089/mix.wav,9.483564376831055,9.4796724319458,8.972583770751953,9.024883270263672
/data/public/EchoSet/test/zsNo4HB9uLZ/0_11_familyroom_lounge/8555_4446/mix.wav,10.709821701049805,10.86335563659668,10.296573638916016,10.486618041992188
/data/public/EchoSet/test/zsNo4HB9uLZ/0_11_familyroom_lounge/1320_260/mix.wav,8.331668853759766,8.284655570983887,7.9945526123046875,7.999939918518066
/data/public/EchoSet/test/zsNo4HB9uLZ/0_11_familyroom_lounge/3729_5105/mix.wav,7.439515590667725,7.208320617675781,6.475627899169922,6.546690940856934
/data/public/EchoSet/test/zsNo4HB9uLZ/0_11_familyroom_lounge/2830_5683/mix.wav,4.492117404937744,4.554135799407959,3.6094918251037598,3.715562105178833
/data/public/EchoSet/test/zsNo4HB9uLZ/0_11_familyroom_lounge/4992_2830/mix.wav,8.898486137390137,8.817744255065918,8.444070816040039,8.454346656799316
/data/public/EchoSet/test/zsNo4HB9uLZ/0_11_familyroom_lounge/61_1284/mix.wav,7.639101982116699,8.029176712036133,6.489895820617676,6.933218002319336
/data/public/EchoSet/test/zsNo4HB9uLZ/0_11_familyroom_lounge/5142_4077/mix.wav,8.931997299194336,9.058683395385742,8.346039772033691,8.518583297729492
/data/public/EchoSet/test/zsNo4HB9uLZ/0_11_familyroom_lounge/7021_1284/mix.wav,9.348366737365723,9.296309471130371,8.899589538574219,9.033763885498047
/data/public/EchoSet/test/zsNo4HB9uLZ/0_11_familyroom_lounge/1221_6930/mix.wav,5.062217712402344,5.482112407684326,4.335226058959961,4.802327632904053
/data/public/EchoSet/test/zsNo4HB9uLZ/0_11_familyroom_lounge/1995_8555/mix.wav,10.557244300842285,10.7246732711792,10.078605651855469,10.336461067199707
/data/public/EchoSet/test/zsNo4HB9uLZ/0_11_familyroom_lounge/2094_7127/mix.wav,2.069790840148926,2.317049503326416,1.553699254989624,1.8386510610580444
/data/public/EchoSet/test/zsNo4HB9uLZ/0_11_familyroom_lounge/3729_4992/mix.wav,5.607030868530273,5.8118696212768555,4.7663187980651855,5.10758638381958
/data/public/EchoSet/test/zsNo4HB9uLZ/0_11_familyroom_lounge/5105_8455/mix.wav,1.8256359100341797,2.0189249515533447,1.2200102806091309,1.4579582214355469
/data/public/EchoSet/test/zsNo4HB9uLZ/0_11_familyroom_lounge/2830_2961/mix.wav,12.069412231445312,12.091906547546387,10.677233695983887,10.793246269226074
/data/public/EchoSet/test/zsNo4HB9uLZ/0_11_familyroom_lounge/5683_2830/mix.wav,11.7071533203125,11.881406784057617,9.541976928710938,9.747564315795898
/data/public/EchoSet/test/zsNo4HB9uLZ/0_11_familyroom_lounge/7021_8555/mix.wav,4.979680061340332,5.0045166015625,4.618688106536865,4.731689453125
/data/public/EchoSet/test/zsNo4HB9uLZ/0_11_familyroom_lounge/4970_5639/mix.wav,9.28557014465332,9.724108695983887,8.77345085144043,9.305445671081543
/data/public/EchoSet/test/zsNo4HB9uLZ/0_11_familyroom_lounge/61_237/mix.wav,2.3051917552948,2.3007442951202393,1.6590238809585571,1.6891884803771973
/data/public/EchoSet/test/zsNo4HB9uLZ/0_11_familyroom_lounge/2300_1188/mix.wav,12.984359741210938,12.97565746307373,12.405691146850586,12.433769226074219
/data/public/EchoSet/test/zsNo4HB9uLZ/0_11_familyroom_lounge/7127_8555/mix.wav,8.550806045532227,8.690948486328125,7.858006477355957,8.14831829071045
/data/public/EchoSet/test/zsNo4HB9uLZ/0_11_familyroom_lounge/672_1089/mix.wav,8.769685745239258,8.69457721710205,7.550989151000977,7.579150199890137
/data/public/EchoSet/test/zsNo4HB9uLZ/0_11_familyroom_lounge/5142_7729/mix.wav,13.367935180664062,13.329782485961914,12.756902694702148,12.766217231750488
/data/public/EchoSet/test/zsNo4HB9uLZ/0_11_familyroom_lounge/7127_8230/mix.wav,9.322693824768066,9.414656639099121,8.381060600280762,8.509613990783691
/data/public/EchoSet/test/zsNo4HB9uLZ/0_11_familyroom_lounge/260_672/mix.wav,5.978147506713867,6.352085590362549,4.471979141235352,4.919375896453857
/data/public/EchoSet/test/zsNo4HB9uLZ/0_11_familyroom_lounge/4970_8224/mix.wav,12.361927032470703,12.03282642364502,11.694438934326172,11.452475547790527
/data/public/EchoSet/test/zsNo4HB9uLZ/0_11_familyroom_lounge/908_2300/mix.wav,8.56114673614502,8.790969848632812,7.922103404998779,8.229290962219238
/data/public/EchoSet/test/zsNo4HB9uLZ/0_11_familyroom_lounge/8224_4992/mix.wav,10.40789794921875,10.403844833374023,9.632043838500977,9.678415298461914
/data/public/EchoSet/test/zsNo4HB9uLZ/0_11_familyroom_lounge/4970_7021/mix.wav,13.66858196258545,13.6696138381958,13.376712799072266,13.393594741821289
/data/public/EchoSet/test/zsNo4HB9uLZ/0_11_familyroom_lounge/4507_1995/mix.wav,7.240152835845947,7.341457366943359,6.83238410949707,7.109605312347412
/data/public/EchoSet/test/zsNo4HB9uLZ/0_11_familyroom_lounge/5639_1995/mix.wav,11.907907485961914,11.978055953979492,11.499637603759766,11.590776443481445
/data/public/EchoSet/test/zsNo4HB9uLZ/0_11_familyroom_lounge/260_1320/mix.wav,1.382287859916687,1.476973533630371,0.6970236301422119,0.9179370999336243
/data/public/EchoSet/test/zsNo4HB9uLZ/0_11_familyroom_lounge/4970_8555/mix.wav,9.363164901733398,9.448797225952148,9.022088050842285,9.1466064453125
/data/public/EchoSet/test/zsNo4HB9uLZ/0_11_familyroom_lounge/4446_6829/mix.wav,11.184673309326172,11.3447265625,10.576332092285156,10.765015602111816
/data/public/EchoSet/test/zsNo4HB9uLZ/0_11_familyroom_lounge/1089_3729/mix.wav,11.927583694458008,11.90196704864502,11.564873695373535,11.601507186889648
/data/public/EchoSet/test/zsNo4HB9uLZ/0_11_familyroom_lounge/7176_5105/mix.wav,10.854412078857422,10.918965339660645,10.369821548461914,10.488462448120117
/data/public/EchoSet/test/zsNo4HB9uLZ/0_11_familyroom_lounge/8230_672/mix.wav,11.546385765075684,11.684589385986328,10.494348526000977,10.651850700378418
/data/public/EchoSet/test/zsNo4HB9uLZ/0_11_familyroom_lounge/1188_4446/mix.wav,10.955669403076172,11.221364974975586,10.39218521118164,10.857187271118164
/data/public/EchoSet/test/zsNo4HB9uLZ/0_11_familyroom_lounge/908_260/mix.wav,6.149543285369873,6.616689205169678,5.599250316619873,6.115437984466553
/data/public/EchoSet/test/zsNo4HB9uLZ/0_11_familyroom_lounge/1580_5683/mix.wav,6.838508605957031,6.840993881225586,5.8737993240356445,5.927495002746582
/data/public/EchoSet/test/zsNo4HB9uLZ/0_11_familyroom_lounge/237_1995/mix.wav,8.024349212646484,8.38259506225586,7.182206630706787,7.55363655090332
/data/public/EchoSet/test/zsNo4HB9uLZ/0_11_familyroom_lounge/2961_121/mix.wav,13.62541675567627,13.620418548583984,13.20524787902832,13.233964920043945
/data/public/EchoSet/test/zsNo4HB9uLZ/0_11_familyroom_lounge/3729_7176/mix.wav,11.67779541015625,11.71435546875,11.027254104614258,11.149898529052734
/data/public/EchoSet/test/zsNo4HB9uLZ/0_11_familyroom_lounge/1320_4970/mix.wav,13.423343658447266,13.415691375732422,12.91010856628418,13.03567123413086
/data/public/EchoSet/test/zsNo4HB9uLZ/0_11_familyroom_lounge/121_1188/mix.wav,12.500070571899414,12.691621780395508,11.679685592651367,11.929499626159668
/data/public/EchoSet/test/zsNo4HB9uLZ/0_11_familyroom_lounge/8463_6930/mix.wav,11.841703414916992,11.82077407836914,11.271524429321289,11.309882164001465
/data/public/EchoSet/test/zsNo4HB9uLZ/0_11_familyroom_lounge/8555_4507/mix.wav,11.3063383102417,11.043792724609375,10.962657928466797,10.781014442443848
/data/public/EchoSet/test/zsNo4HB9uLZ/0_11_familyroom_lounge/1089_8230/mix.wav,11.593635559082031,11.84988784790039,11.234262466430664,11.530729293823242
/data/public/EchoSet/test/zsNo4HB9uLZ/0_11_familyroom_lounge/121_8463/mix.wav,8.415462493896484,8.657591819763184,7.883374214172363,8.167732238769531
/data/public/EchoSet/test/zsNo4HB9uLZ/0_11_familyroom_lounge/8224_7021/mix.wav,8.748394966125488,8.808708190917969,8.344101905822754,8.47346305847168
/data/public/EchoSet/test/zsNo4HB9uLZ/0_11_familyroom_lounge/7176_4077/mix.wav,6.2800092697143555,6.38010311126709,5.683104515075684,5.8137359619140625
/data/public/EchoSet/test/zsNo4HB9uLZ/0_11_familyroom_lounge/4970_4992/mix.wav,9.342039108276367,9.392637252807617,8.861642837524414,8.971416473388672
/data/public/EchoSet/test/zsNo4HB9uLZ/0_11_familyroom_lounge/7127_5683/mix.wav,10.574878692626953,10.766876220703125,9.75550651550293,9.994080543518066
/data/public/EchoSet/test/zsNo4HB9uLZ/0_11_familyroom_lounge/5142_6829/mix.wav,11.536946296691895,11.515020370483398,10.968395233154297,11.00412368774414
/data/public/EchoSet/test/zsNo4HB9uLZ/0_11_familyroom_lounge/1995_1580/mix.wav,12.88839054107666,13.122347831726074,12.377351760864258,12.675576210021973
/data/public/EchoSet/test/zsNo4HB9uLZ/0_11_familyroom_lounge/5142_1188/mix.wav,13.227531433105469,13.24031925201416,12.054922103881836,12.121637344360352
/data/public/EchoSet/test/zsNo4HB9uLZ/0_11_familyroom_lounge/3570_6930/mix.wav,11.134718894958496,11.29288387298584,9.287546157836914,9.482630729675293
/data/public/EchoSet/test/zsNo4HB9uLZ/0_11_familyroom_lounge/5639_3575/mix.wav,13.280096054077148,13.33160400390625,12.952522277832031,13.024771690368652
/data/public/EchoSet/test/zsNo4HB9uLZ/0_11_familyroom_lounge/4970_5105/mix.wav,13.102041244506836,13.041267395019531,12.762838363647461,12.77277660369873
/data/public/EchoSet/test/zsNo4HB9uLZ/0_11_familyroom_lounge/2300_7729/mix.wav,9.610584259033203,9.223162651062012,9.06907844543457,8.847755432128906
/data/public/EchoSet/test/zsNo4HB9uLZ/0_11_familyroom_lounge/4077_8230/mix.wav,5.880190849304199,6.00567102432251,4.782034873962402,5.02047872543335
/data/public/EchoSet/test/zsNo4HB9uLZ/0_11_familyroom_lounge/7176_61/mix.wav,9.103113174438477,9.201581954956055,8.80903434753418,8.938976287841797
/data/public/EchoSet/test/zsNo4HB9uLZ/0_11_familyroom_lounge/4507_1284/mix.wav,8.563319206237793,8.155529975891113,8.052285194396973,7.95263671875
/data/public/EchoSet/test/zsNo4HB9uLZ/0_11_familyroom_lounge/1995_7176/mix.wav,10.585710525512695,10.87789249420166,10.159683227539062,10.491708755493164
/data/public/EchoSet/test/zsNo4HB9uLZ/0_11_familyroom_lounge/6930_4446/mix.wav,3.905235767364502,3.836282968521118,1.4561980962753296,1.4319672584533691
/data/public/EchoSet/test/zsNo4HB9uLZ/0_11_familyroom_lounge/908_2961/mix.wav,8.980752944946289,9.50680923461914,8.71200180053711,9.282527923583984
/data/public/EchoSet/test/zsNo4HB9uLZ/0_11_familyroom_lounge/3570_121/mix.wav,11.77678108215332,11.940146446228027,11.32733154296875,11.528401374816895
/data/public/EchoSet/test/zsNo4HB9uLZ/0_11_familyroom_lounge/3729_1284/mix.wav,8.50240707397461,8.52883529663086,7.870761871337891,7.9440765380859375
/data/public/EchoSet/test/zsNo4HB9uLZ/0_11_familyroom_lounge/260_1284/mix.wav,10.348653793334961,10.485897064208984,9.813138008117676,9.98137092590332
/data/public/EchoSet/test/zsNo4HB9uLZ/0_11_familyroom_lounge/1580_8230/mix.wav,14.723174095153809,14.675352096557617,14.127786636352539,14.147321701049805
/data/public/EchoSet/test/zsNo4HB9uLZ/0_11_familyroom_lounge/4992_8463/mix.wav,11.063946723937988,11.391860008239746,10.721864700317383,11.096220970153809
/data/public/EchoSet/test/zsNo4HB9uLZ/0_11_familyroom_lounge/3575_5683/mix.wav,11.121561050415039,11.336570739746094,10.137438774108887,10.426097869873047
/data/public/EchoSet/test/zsNo4HB9uLZ/0_11_familyroom_lounge/908_4507/mix.wav,10.458223342895508,10.64178466796875,9.855643272399902,10.245464324951172
/data/public/EchoSet/test/zsNo4HB9uLZ/0_11_familyroom_lounge/1284_1580/mix.wav,12.493871688842773,12.761780738830566,12.028797149658203,12.403322219848633
/data/public/EchoSet/test/zsNo4HB9uLZ/0_11_familyroom_lounge/6829_1089/mix.wav,10.89756965637207,11.188600540161133,10.63951301574707,10.972129821777344
/data/public/EchoSet/test/zsNo4HB9uLZ/0_11_familyroom_lounge/2094_8230/mix.wav,12.694684028625488,12.70145320892334,11.808645248413086,11.857362747192383
/data/public/EchoSet/test/zsNo4HB9uLZ/0_11_familyroom_lounge/237_2094/mix.wav,6.537872314453125,6.736283302307129,5.434803009033203,5.688150882720947
/data/public/EchoSet/test/zsNo4HB9uLZ/0_11_familyroom_lounge/3570_7176/mix.wav,4.500515460968018,4.662745952606201,3.9988389015197754,4.223179817199707
/data/public/EchoSet/test/zsNo4HB9uLZ/0_11_familyroom_lounge/908_5105/mix.wav,8.634329795837402,8.822609901428223,8.0347900390625,8.38796329498291
/data/public/EchoSet/test/zsNo4HB9uLZ/0_11_familyroom_lounge/8224_1221/mix.wav,7.818207740783691,7.832961082458496,6.605445861816406,6.774512767791748
/data/public/EchoSet/test/zsNo4HB9uLZ/0_11_familyroom_lounge/121_7729/mix.wav,10.104406356811523,10.173346519470215,9.313180923461914,9.412991523742676
/data/public/EchoSet/test/zsNo4HB9uLZ/0_11_familyroom_lounge/5639_260/mix.wav,9.870197296142578,10.059123992919922,9.393040657043457,9.671914100646973
/data/public/EchoSet/test/zsNo4HB9uLZ/0_11_familyroom_lounge/2300_8455/mix.wav,9.983463287353516,10.632314682006836,9.545879364013672,10.23760986328125
/data/public/EchoSet/test/zsNo4HB9uLZ/0_11_familyroom_lounge/3575_3570/mix.wav,4.460546970367432,4.5109148025512695,2.892052173614502,3.0046865940093994
/data/public/EchoSet/test/zsNo4HB9uLZ/0_11_familyroom_lounge/121_1221/mix.wav,9.300498008728027,9.639593124389648,8.880867004394531,9.255282402038574
/data/public/EchoSet/test/zsNo4HB9uLZ/0_11_familyroom_lounge/61_7127/mix.wav,9.203177452087402,9.415735244750977,8.31955337524414,8.575328826904297
/data/public/EchoSet/test/zsNo4HB9uLZ/0_11_familyroom_lounge/4992_5639/mix.wav,11.033052444458008,11.087690353393555,10.387072563171387,10.483613967895508
/data/public/EchoSet/test/zsNo4HB9uLZ/0_11_familyroom_lounge/237_1221/mix.wav,4.891837120056152,5.071415424346924,4.393540382385254,4.6114983558654785
/data/public/EchoSet/test/zsNo4HB9uLZ/0_11_familyroom_lounge/8224_2094/mix.wav,10.281883239746094,9.981193542480469,9.385723114013672,9.160728454589844
/data/public/EchoSet/test/zsNo4HB9uLZ/0_11_familyroom_lounge/4446_2300/mix.wav,11.084362030029297,11.153424263000488,9.952651023864746,10.062051773071289
/data/public/EchoSet/test/zsNo4HB9uLZ/0_11_familyroom_lounge/2961_1089/mix.wav,8.28631591796875,8.301375389099121,7.736910343170166,7.897077560424805
/data/public/EchoSet/test/zsNo4HB9uLZ/0_11_familyroom_lounge/2961_8455/mix.wav,13.133607864379883,13.276670455932617,12.589821815490723,12.830103874206543
/data/public/EchoSet/test/zsNo4HB9uLZ/0_11_familyroom_lounge/7127_6930/mix.wav,8.185205459594727,8.211933135986328,7.651349067687988,7.801039218902588
/data/public/EchoSet/test/zsNo4HB9uLZ/0_11_familyroom_lounge/1320_5683/mix.wav,11.605339050292969,11.959772109985352,11.104223251342773,11.477624893188477
/data/public/EchoSet/test/zsNo4HB9uLZ/0_11_familyroom_lounge/260_8555/mix.wav,12.584527015686035,12.721813201904297,12.072071075439453,12.246848106384277
/data/public/EchoSet/test/zsNo4HB9uLZ/0_11_familyroom_lounge/5683_8455/mix.wav,10.753921508789062,11.052704811096191,9.827154159545898,10.21992015838623
/data/public/EchoSet/test/zsNo4HB9uLZ/0_11_familyroom_lounge/7729_4077/mix.wav,9.694188117980957,9.854023933410645,9.220952987670898,9.452776908874512
/data/public/EchoSet/test/zsNo4HB9uLZ/0_11_familyroom_lounge/4077_8463/mix.wav,6.840939521789551,6.853194713592529,5.742602825164795,5.806824207305908
/data/public/EchoSet/test/zsNo4HB9uLZ/0_11_familyroom_lounge/908_6829/mix.wav,13.222323417663574,13.111186027526855,12.940921783447266,12.866842269897461
/data/public/EchoSet/test/zsNo4HB9uLZ/0_11_familyroom_lounge/1221_237/mix.wav,8.245737075805664,8.808650970458984,7.638662815093994,8.273298263549805
/data/public/EchoSet/test/zsNo4HB9uLZ/0_11_familyroom_lounge/1188_8455/mix.wav,10.851062774658203,10.87423324584961,9.926210403442383,9.995377540588379
/data/public/EchoSet/test/zsNo4HB9uLZ/0_11_familyroom_lounge/1089_672/mix.wav,8.796257019042969,9.623435020446777,7.961859703063965,8.835798263549805
/data/public/EchoSet/test/zsNo4HB9uLZ/0_11_familyroom_lounge/3729_8224/mix.wav,11.840195655822754,11.87621021270752,11.346961975097656,11.453767776489258
/data/public/EchoSet/test/zsNo4HB9uLZ/0_11_familyroom_lounge/5639_4077/mix.wav,10.693591117858887,10.755681037902832,10.239084243774414,10.379525184631348
/data/public/EchoSet/test/zsNo4HB9uLZ/0_11_familyroom_lounge/1320_4507/mix.wav,13.221420288085938,13.37558364868164,12.732778549194336,12.942686080932617
/data/public/EchoSet/test/zsNo4HB9uLZ/0_11_familyroom_lounge/61_1580/mix.wav,11.478387832641602,11.420856475830078,10.579767227172852,10.606449127197266
/data/public/EchoSet/test/zsNo4HB9uLZ/0_11_familyroom_lounge/7176_7729/mix.wav,8.323676109313965,8.327923774719238,7.574062347412109,7.710273742675781
/data/public/EchoSet/test/zsNo4HB9uLZ/0_11_familyroom_lounge/5105_4507/mix.wav,10.075575828552246,8.808247566223145,9.36353874206543,9.014544486999512
/data/public/EchoSet/test/zsNo4HB9uLZ/0_11_familyroom_lounge/7021_6829/mix.wav,5.461587905883789,5.663707733154297,4.582973957061768,4.858081340789795
/data/public/EchoSet/test/zsNo4HB9uLZ/0_11_familyroom_lounge/2094_8463/mix.wav,12.361759185791016,12.408053398132324,11.707286834716797,11.783167839050293
/data/public/EchoSet/test/zsNo4HB9uLZ/0_11_familyroom_lounge/3575_6930/mix.wav,8.561592102050781,8.883964538574219,7.951290130615234,8.330207824707031
/data/public/EchoSet/test/zsNo4HB9uLZ/0_11_familyroom_lounge/8463_5142/mix.wav,11.228590965270996,11.466532707214355,10.89403247833252,11.144668579101562
/data/public/EchoSet/test/PuKPg4mmafe/0_4_dining_room/1580_8230/mix.wav,10.995582580566406,11.029986381530762,10.348068237304688,10.424833297729492
/data/public/EchoSet/test/PuKPg4mmafe/0_4_dining_room/6930_7127/mix.wav,6.345602989196777,6.40540885925293,5.769442558288574,5.857481956481934
/data/public/EchoSet/test/PuKPg4mmafe/0_4_dining_room/3729_2094/mix.wav,9.648137092590332,9.7620210647583,9.059964179992676,9.225399017333984
/data/public/EchoSet/test/PuKPg4mmafe/0_4_dining_room/5105_7176/mix.wav,10.188215255737305,10.353825569152832,9.748369216918945,9.947668075561523
/data/public/EchoSet/test/PuKPg4mmafe/0_4_dining_room/1580_4077/mix.wav,13.284483909606934,13.409183502197266,12.72100830078125,12.91739273071289
/data/public/EchoSet/test/PuKPg4mmafe/0_4_dining_room/5105_1580/mix.wav,3.8868367671966553,4.001039505004883,2.2527434825897217,2.438966751098633
/data/public/EchoSet/test/PuKPg4mmafe/0_4_dining_room/8463_672/mix.wav,15.838262557983398,15.94917106628418,15.329875946044922,15.452805519104004
/data/public/EchoSet/test/PuKPg4mmafe/0_4_dining_room/8224_1089/mix.wav,9.281658172607422,9.285037994384766,8.526111602783203,8.576870918273926
/data/public/EchoSet/test/PuKPg4mmafe/0_4_dining_room/237_2961/mix.wav,10.683774948120117,10.667991638183594,10.300518989562988,10.354207038879395
/data/public/EchoSet/test/PuKPg4mmafe/0_4_dining_room/6930_3570/mix.wav,11.098199844360352,11.349774360656738,10.638203620910645,10.926633834838867
/data/public/EchoSet/test/PuKPg4mmafe/0_4_dining_room/1284_6930/mix.wav,11.991179466247559,11.97763729095459,10.976801872253418,11.04857349395752
/data/public/EchoSet/test/PuKPg4mmafe/0_4_dining_room/4507_237/mix.wav,6.318858623504639,6.590056896209717,5.684264183044434,6.076006889343262
/data/public/EchoSet/test/PuKPg4mmafe/0_4_dining_room/2094_5639/mix.wav,13.171250343322754,13.228851318359375,13.050715446472168,13.125433921813965
/data/public/EchoSet/test/PuKPg4mmafe/0_4_dining_room/1284_260/mix.wav,12.235435485839844,12.720120429992676,11.696720123291016,12.223428726196289
/data/public/EchoSet/test/PuKPg4mmafe/0_4_dining_room/2300_4970/mix.wav,12.405616760253906,12.565081596374512,11.984121322631836,12.176669120788574
/data/public/EchoSet/test/PuKPg4mmafe/0_4_dining_room/3570_908/mix.wav,10.199447631835938,10.42872142791748,9.38868522644043,9.682374000549316
/data/public/EchoSet/test/PuKPg4mmafe/0_4_dining_room/672_4970/mix.wav,13.943334579467773,13.979352951049805,13.557687759399414,13.614892959594727
/data/public/EchoSet/test/PuKPg4mmafe/0_4_dining_room/5683_7729/mix.wav,14.152352333068848,14.299132347106934,13.805774688720703,13.97535514831543
/data/public/EchoSet/test/PuKPg4mmafe/0_4_dining_room/1221_8455/mix.wav,8.072040557861328,8.580021858215332,7.0874128341674805,7.709135055541992
/data/public/EchoSet/test/PuKPg4mmafe/0_4_dining_room/7729_8463/mix.wav,9.866453170776367,10.070457458496094,9.412368774414062,9.664689064025879
/data/public/EchoSet/test/PuKPg4mmafe/0_4_dining_room/4970_260/mix.wav,14.317113876342773,14.403611183166504,13.958656311035156,14.06576919555664
/data/public/EchoSet/test/PuKPg4mmafe/0_4_dining_room/8230_5142/mix.wav,14.174903869628906,14.190962791442871,13.610925674438477,13.686110496520996
/data/public/EchoSet/test/PuKPg4mmafe/0_4_dining_room/1320_7127/mix.wav,8.162446975708008,8.1868257522583,7.630890846252441,7.763254165649414
/data/public/EchoSet/test/PuKPg4mmafe/0_4_dining_room/2300_3575/mix.wav,4.568967819213867,4.681626319885254,3.2706737518310547,3.416501760482788
/data/public/EchoSet/test/PuKPg4mmafe/0_4_dining_room/8463_7729/mix.wav,9.772440910339355,9.69033432006836,9.398213386535645,9.378557205200195
/data/public/EchoSet/test/PuKPg4mmafe/0_4_dining_room/1580_260/mix.wav,14.3980073928833,14.406416893005371,13.783571243286133,13.866107940673828
/data/public/EchoSet/test/PuKPg4mmafe/0_4_dining_room/5683_8555/mix.wav,4.055596351623535,4.255417346954346,3.5794568061828613,3.847527027130127
/data/public/EchoSet/test/PuKPg4mmafe/0_4_dining_room/8455_6829/mix.wav,11.076761245727539,11.107826232910156,10.54815673828125,10.606313705444336
/data/public/EchoSet/test/PuKPg4mmafe/0_4_dining_room/7176_3575/mix.wav,8.061233520507812,8.479292869567871,7.609035491943359,8.112326622009277
/data/public/EchoSet/test/PuKPg4mmafe/0_4_dining_room/6829_2094/mix.wav,11.947089195251465,12.089937210083008,11.574649810791016,11.750751495361328
/data/public/EchoSet/test/PuKPg4mmafe/0_4_dining_room/4077_2094/mix.wav,1.7617570161819458,1.721428632736206,0.7726458311080933,0.789303719997406
/data/public/EchoSet/test/PuKPg4mmafe/0_4_dining_room/3570_4507/mix.wav,10.742977142333984,10.868955612182617,10.05554485321045,10.29057502746582
/data/public/EchoSet/test/PuKPg4mmafe/0_4_dining_room/2830_8230/mix.wav,3.602755069732666,3.595787286758423,3.1690499782562256,3.2309885025024414
/data/public/EchoSet/test/PuKPg4mmafe/0_4_dining_room/260_6829/mix.wav,5.38820743560791,5.61578369140625,4.859141826629639,5.1120710372924805
/data/public/EchoSet/test/PuKPg4mmafe/0_4_dining_room/5683_2300/mix.wav,11.638700485229492,11.707931518554688,10.785139083862305,10.883108139038086
/data/public/EchoSet/test/PuKPg4mmafe/0_4_dining_room/1320_4507/mix.wav,12.88900375366211,13.053360939025879,12.50157356262207,12.695637702941895
/data/public/EchoSet/test/PuKPg4mmafe/0_4_dining_room/2300_5142/mix.wav,13.807579040527344,13.812439918518066,13.221038818359375,13.261011123657227
/data/public/EchoSet/test/PuKPg4mmafe/0_4_dining_room/4077_3575/mix.wav,10.78935432434082,11.094595909118652,10.357303619384766,10.733952522277832
/data/public/EchoSet/test/PuKPg4mmafe/0_4_dining_room/7021_4446/mix.wav,1.811651349067688,1.6351648569107056,0.25714707374572754,0.20056390762329102
/data/public/EchoSet/test/PuKPg4mmafe/0_4_dining_room/7021_1995/mix.wav,5.627074241638184,5.555805206298828,5.067017555236816,5.12745475769043
/data/public/EchoSet/test/PuKPg4mmafe/0_4_dining_room/8455_3570/mix.wav,9.98453140258789,10.348691940307617,9.485344886779785,9.904857635498047
/data/public/EchoSet/test/PuKPg4mmafe/0_4_dining_room/3729_5639/mix.wav,14.294124603271484,14.452868461608887,13.995404243469238,14.199655532836914
/data/public/EchoSet/test/PuKPg4mmafe/0_4_dining_room/8230_2094/mix.wav,10.172694206237793,10.696556091308594,9.801774978637695,10.346206665039062
/data/public/EchoSet/test/PuKPg4mmafe/0_4_dining_room/237_4446/mix.wav,11.13871955871582,11.09410572052002,10.295816421508789,10.309242248535156
/data/public/EchoSet/test/PuKPg4mmafe/0_4_dining_room/2961_5142/mix.wav,12.071025848388672,12.043134689331055,11.700997352600098,11.721078872680664
/data/public/EchoSet/test/PuKPg4mmafe/0_4_dining_room/4507_5142/mix.wav,14.605966567993164,14.539936065673828,13.985876083374023,13.982587814331055
/data/public/EchoSet/test/PuKPg4mmafe/0_4_dining_room/61_1221/mix.wav,10.905122756958008,10.89249038696289,9.941478729248047,9.990961074829102
/data/public/EchoSet/test/PuKPg4mmafe/0_4_dining_room/7021_6829/mix.wav,13.609359741210938,13.66403865814209,13.054302215576172,13.17912483215332
/data/public/EchoSet/test/PuKPg4mmafe/0_4_dining_room/5683_61/mix.wav,10.371255874633789,10.627754211425781,9.88638973236084,10.22193717956543
/data/public/EchoSet/test/PuKPg4mmafe/0_4_dining_room/7729_237/mix.wav,12.107162475585938,12.161867141723633,11.510921478271484,11.608162879943848
/data/public/EchoSet/test/PuKPg4mmafe/0_4_dining_room/672_8555/mix.wav,12.121952056884766,12.101289749145508,11.212789535522461,11.276104927062988
/data/public/EchoSet/test/PuKPg4mmafe/0_4_dining_room/7176_1284/mix.wav,9.707572937011719,9.83219051361084,9.137731552124023,9.330354690551758
/data/public/EchoSet/test/PuKPg4mmafe/0_4_dining_room/8555_1284/mix.wav,6.39656400680542,6.160279273986816,5.616004943847656,5.451350212097168
/data/public/EchoSet/test/PuKPg4mmafe/0_4_dining_room/6930_2830/mix.wav,2.2877840995788574,2.3676071166992188,1.0650081634521484,1.2422223091125488
/data/public/EchoSet/test/PuKPg4mmafe/0_4_dining_room/5105_121/mix.wav,8.1312255859375,8.070968627929688,7.864219665527344,7.859748840332031
/data/public/EchoSet/test/PuKPg4mmafe/0_4_dining_room/121_1320/mix.wav,15.153902053833008,15.045745849609375,14.77926254272461,14.774181365966797
/data/public/EchoSet/test/PuKPg4mmafe/0_4_dining_room/3570_2830/mix.wav,11.884556770324707,11.983296394348145,8.602219581604004,9.394617080688477
/data/public/EchoSet/test/PuKPg4mmafe/0_4_dining_room/2830_260/mix.wav,5.9130401611328125,6.0319342613220215,2.946333885192871,3.113962173461914
/data/public/EchoSet/test/PuKPg4mmafe/0_4_dining_room/908_4077/mix.wav,11.032831192016602,11.059957504272461,10.52969741821289,10.586012840270996
/data/public/EchoSet/test/PuKPg4mmafe/0_4_dining_room/6829_121/mix.wav,11.48460578918457,11.479479789733887,11.136425971984863,11.178385734558105
/data/public/EchoSet/test/PuKPg4mmafe/0_4_dining_room/1089_4446/mix.wav,11.458170890808105,11.723801612854004,11.120767593383789,11.46016788482666
/data/public/EchoSet/test/PuKPg4mmafe/0_4_dining_room/1089_6829/mix.wav,10.987829208374023,10.971197128295898,10.433324813842773,10.535143852233887
/data/public/EchoSet/test/PuKPg4mmafe/0_4_dining_room/3729_8555/mix.wav,5.331732273101807,5.1638503074646,4.764111042022705,4.807399749755859
/data/public/EchoSet/test/PuKPg4mmafe/0_4_dining_room/1221_7729/mix.wav,9.40383529663086,9.540114402770996,8.880941390991211,9.097134590148926
/data/public/EchoSet/test/PuKPg4mmafe/0_4_dining_room/8463_8224/mix.wav,9.265039443969727,9.287683486938477,8.86558723449707,8.9539794921875
/data/public/EchoSet/test/PuKPg4mmafe/0_4_dining_room/8463_5683/mix.wav,9.659850120544434,9.74577808380127,9.19910717010498,9.328218460083008
/data/public/EchoSet/test/PuKPg4mmafe/0_4_dining_room/3570_8455/mix.wav,10.443077087402344,10.486248016357422,9.37728500366211,9.487181663513184
/data/public/EchoSet/test/PuKPg4mmafe/0_4_dining_room/2300_2830/mix.wav,10.537294387817383,10.59109878540039,10.019906044006348,10.085638046264648
/data/public/EchoSet/test/PuKPg4mmafe/0_4_dining_room/7127_908/mix.wav,8.67325210571289,8.421106338500977,7.230340480804443,7.125194549560547
/data/public/EchoSet/test/PuKPg4mmafe/0_4_dining_room/6829_1995/mix.wav,10.558772087097168,10.328570365905762,10.219148635864258,10.099395751953125
/data/public/EchoSet/test/PuKPg4mmafe/0_4_dining_room/2300_5683/mix.wav,12.711261749267578,12.826132774353027,12.040559768676758,12.203328132629395
/data/public/EchoSet/test/PuKPg4mmafe/0_4_dining_room/8555_4446/mix.wav,11.724546432495117,11.945104598999023,10.872214317321777,11.163372993469238
/data/public/EchoSet/test/PuKPg4mmafe/0_4_dining_room/8224_7127/mix.wav,0.14339923858642578,0.23634862899780273,-0.7052481174468994,-0.5457668304443359
/data/public/EchoSet/test/PuKPg4mmafe/0_4_dining_room/8230_6829/mix.wav,9.139641761779785,9.54714298248291,8.779626846313477,9.218918800354004
/data/public/EchoSet/test/PuKPg4mmafe/0_4_dining_room/8230_1188/mix.wav,6.4068098068237305,6.38836145401001,5.909964561462402,5.976192474365234
/data/public/EchoSet/test/PuKPg4mmafe/0_4_dining_room/1188_4992/mix.wav,11.011300086975098,11.4429292678833,9.096917152404785,9.597978591918945
/data/public/EchoSet/test/PuKPg4mmafe/0_4_dining_room/3729_4992/mix.wav,7.293651103973389,7.203492641448975,6.777008056640625,6.76549768447876
/data/public/EchoSet/test/PuKPg4mmafe/0_4_dining_room/121_1284/mix.wav,8.794360160827637,8.745064735412598,7.961089611053467,8.001992225646973
/data/public/EchoSet/test/PuKPg4mmafe/0_4_dining_room/237_8463/mix.wav,8.395071983337402,8.326020240783691,7.827288627624512,7.826488018035889
/data/public/EchoSet/test/PuKPg4mmafe/0_4_dining_room/1995_1089/mix.wav,11.920616149902344,12.224176406860352,11.602029800415039,11.963601112365723
/data/public/EchoSet/test/PuKPg4mmafe/0_4_dining_room/4992_5105/mix.wav,11.072319030761719,11.667671203613281,10.223908424377441,10.841272354125977
/data/public/EchoSet/test/PuKPg4mmafe/0_4_dining_room/1188_2830/mix.wav,9.772716522216797,9.790130615234375,9.302385330200195,9.42827320098877
/data/public/EchoSet/test/PuKPg4mmafe/0_4_dining_room/1995_8455/mix.wav,11.5262451171875,11.669992446899414,11.081756591796875,11.279067039489746
/data/public/EchoSet/test/PuKPg4mmafe/0_4_dining_room/4992_61/mix.wav,7.4522013664245605,7.4340620040893555,6.287693977355957,6.333644866943359
/data/public/EchoSet/test/PuKPg4mmafe/0_4_dining_room/4507_5105/mix.wav,12.058782577514648,12.143491744995117,11.517911911010742,11.673330307006836
/data/public/EchoSet/test/PuKPg4mmafe/0_4_dining_room/4077_6930/mix.wav,2.469162940979004,2.774181842803955,1.5921056270599365,1.9487011432647705
/data/public/EchoSet/test/PuKPg4mmafe/0_4_dining_room/5639_4992/mix.wav,8.435980796813965,8.344799995422363,7.893472194671631,7.917796611785889
/data/public/EchoSet/test/PuKPg4mmafe/0_4_dining_room/8555_121/mix.wav,9.344694137573242,9.317462921142578,8.253276824951172,8.30573558807373
/data/public/EchoSet/test/PuKPg4mmafe/0_4_dining_room/1580_1188/mix.wav,14.442095756530762,14.681461334228516,14.076416969299316,14.346429824829102
/data/public/EchoSet/test/PuKPg4mmafe/0_4_dining_room/5105_1221/mix.wav,11.428775787353516,11.370410919189453,10.312732696533203,10.318532943725586
/data/public/EchoSet/test/PuKPg4mmafe/0_4_dining_room/908_2830/mix.wav,-2.1848511695861816,-2.674790620803833,-3.0944182872772217,-3.266042470932007
/data/public/EchoSet/test/PuKPg4mmafe/0_4_dining_room/5683_672/mix.wav,8.653964042663574,8.65514850616455,6.610873699188232,6.76657247543335
/data/public/EchoSet/test/PuKPg4mmafe/0_4_dining_room/1089_7729/mix.wav,-1.6114455461502075,-1.018065333366394,-1.8374032974243164,-1.193731427192688
/data/public/EchoSet/test/PuKPg4mmafe/0_4_dining_room/4970_2094/mix.wav,0.45417284965515137,0.674015998840332,-0.2213364839553833,0.05838119983673096
/data/public/EchoSet/test/PuKPg4mmafe/0_4_dining_room/8224_7176/mix.wav,5.962423324584961,6.223945140838623,5.182805061340332,5.574133396148682
/data/public/EchoSet/test/PuKPg4mmafe/0_4_dining_room/8463_61/mix.wav,14.44283676147461,14.500701904296875,13.73752212524414,13.808788299560547
/data/public/EchoSet/test/PuKPg4mmafe/0_4_dining_room/1221_1995/mix.wav,9.486503601074219,9.660184860229492,8.428190231323242,8.64805793762207
/data/public/EchoSet/test/PuKPg4mmafe/0_4_dining_room/1284_8555/mix.wav,9.963488578796387,10.189481735229492,9.260269165039062,9.520329475402832
/data/public/EchoSet/test/PuKPg4mmafe/0_4_dining_room/1089_1284/mix.wav,13.551614761352539,13.723690032958984,12.874329566955566,13.063995361328125
/data/public/EchoSet/test/PuKPg4mmafe/0_4_dining_room/3729_260/mix.wav,9.246641159057617,9.813051223754883,8.777482986450195,9.439953804016113
/data/public/EchoSet/test/PuKPg4mmafe/0_4_dining_room/1188_672/mix.wav,12.380823135375977,12.386189460754395,11.839179992675781,11.89356803894043
/data/public/EchoSet/test/PuKPg4mmafe/0_4_dining_room/1320_1221/mix.wav,9.55051040649414,9.406455993652344,6.551140785217285,6.530392646789551
/data/public/EchoSet/test/PuKPg4mmafe/0_4_dining_room/3575_2300/mix.wav,9.519027709960938,9.573807716369629,8.710268020629883,8.83195972442627
/data/public/EchoSet/test/PuKPg4mmafe/0_4_dining_room/5683_121/mix.wav,13.867169380187988,14.000590324401855,13.263640403747559,13.409366607666016
/data/public/EchoSet/test/PuKPg4mmafe/0_4_dining_room/908_4446/mix.wav,9.6080904006958,9.813889503479004,9.032520294189453,9.29419231414795
/data/public/EchoSet/test/PuKPg4mmafe/0_4_dining_room/8455_7021/mix.wav,4.700047016143799,4.776014804840088,3.9960196018218994,4.103704452514648
/data/public/EchoSet/test/PuKPg4mmafe/0_4_dining_room/7176_4992/mix.wav,10.400819778442383,10.413512229919434,10.045158386230469,10.133036613464355
/data/public/EchoSet/test/PuKPg4mmafe/0_4_dining_room/2961_237/mix.wav,7.428966045379639,7.591909408569336,6.789748191833496,6.989492893218994
/data/public/EchoSet/test/PuKPg4mmafe/0_4_dining_room/4970_1221/mix.wav,8.956344604492188,9.335582733154297,8.699272155761719,9.11954116821289
/data/public/EchoSet/test/PuKPg4mmafe/0_4_dining_room/3729_1188/mix.wav,13.073036193847656,13.310352325439453,12.662406921386719,12.926095008850098
/data/public/EchoSet/test/PuKPg4mmafe/0_4_dining_room/2961_1320/mix.wav,-1.5071556568145752,-1.1951568126678467,-3.088186264038086,-2.6819446086883545
/data/public/EchoSet/test/PuKPg4mmafe/0_4_dining_room/1188_1995/mix.wav,13.739314079284668,13.983527183532715,13.466207504272461,13.733798027038574
/data/public/EchoSet/test/PuKPg4mmafe/0_4_dining_room/4507_1320/mix.wav,10.850106239318848,10.977896690368652,10.256173133850098,10.490592956542969
/data/public/EchoSet/test/PuKPg4mmafe/0_4_dining_room/4970_5142/mix.wav,10.138922691345215,10.297325134277344,9.793069839477539,9.966967582702637
/data/public/EchoSet/test/PuKPg4mmafe/0_4_dining_room/672_7127/mix.wav,8.516942977905273,8.97828483581543,8.072467803955078,8.571244239807129
/data/public/EchoSet/test/PuKPg4mmafe/0_4_dining_room/5105_908/mix.wav,5.966643333435059,6.125263214111328,5.404376029968262,5.624577045440674
/data/public/EchoSet/test/PuKPg4mmafe/0_4_dining_room/1320_4970/mix.wav,12.060702323913574,12.255274772644043,11.525518417358398,11.80606460571289
/data/public/EchoSet/test/PuKPg4mmafe/0_4_dining_room/260_61/mix.wav,7.818553924560547,8.15549087524414,7.352550506591797,7.710789680480957
/data/public/EchoSet/test/PuKPg4mmafe/0_4_dining_room/2961_6930/mix.wav,9.17467975616455,9.226533889770508,8.697872161865234,8.811651229858398
/data/public/EchoSet/test/PuKPg4mmafe/0_4_dining_room/3570_3575/mix.wav,10.54006576538086,10.720386505126953,9.856466293334961,10.075156211853027
/data/public/EchoSet/test/PuKPg4mmafe/0_4_dining_room/8455_5639/mix.wav,9.114694595336914,9.709540367126465,8.870109558105469,9.492918014526367
/data/public/EchoSet/test/PuKPg4mmafe/0_4_dining_room/121_7021/mix.wav,11.100793838500977,11.425311088562012,10.469425201416016,10.82999324798584
/data/public/EchoSet/test/PuKPg4mmafe/0_4_dining_room/7021_4077/mix.wav,8.406485557556152,8.585649490356445,7.499930381774902,7.7063374519348145
/data/public/EchoSet/test/PuKPg4mmafe/0_4_dining_room/5639_7176/mix.wav,6.583770751953125,6.643259048461914,5.729861259460449,5.834414958953857
/data/public/EchoSet/test/PuKPg4mmafe/0_4_dining_room/5142_1284/mix.wav,7.952633857727051,8.0916109085083,6.843929290771484,7.022212982177734
/data/public/EchoSet/test/PuKPg4mmafe/0_4_dining_room/1089_8224/mix.wav,11.623193740844727,11.67690658569336,11.14348030090332,11.232913970947266
/data/public/EchoSet/test/PuKPg4mmafe/0_4_dining_room/3729_7127/mix.wav,11.937541961669922,12.03919792175293,11.605326652526855,11.7465181350708
/data/public/EchoSet/test/PuKPg4mmafe/0_4_dining_room/908_1320/mix.wav,6.213698863983154,6.654662132263184,5.813002586364746,6.36407470703125
/data/public/EchoSet/test/PuKPg4mmafe/0_4_dining_room/1580_5105/mix.wav,9.107161521911621,9.536870956420898,8.274954795837402,8.768782615661621
/data/public/EchoSet/test/PuKPg4mmafe/0_4_dining_room/5639_1580/mix.wav,11.312592506408691,11.555922508239746,10.499189376831055,10.7703857421875
/data/public/EchoSet/test/PuKPg4mmafe/0_4_dining_room/8230_61/mix.wav,1.6262028217315674,1.6960636377334595,1.1667039394378662,1.2983072996139526
/data/public/EchoSet/test/PuKPg4mmafe/0_4_dining_room/1995_3575/mix.wav,9.905630111694336,9.929712295532227,9.353962898254395,9.417122840881348
/data/public/EchoSet/test/PuKPg4mmafe/0_4_dining_room/4507_61/mix.wav,9.577350616455078,10.247760772705078,9.310956001281738,10.051109313964844
/data/public/EchoSet/test/PuKPg4mmafe/0_4_dining_room/2961_4446/mix.wav,9.638359069824219,9.646657943725586,9.144685745239258,9.207284927368164
/data/public/EchoSet/test/PuKPg4mmafe/0_4_dining_room/7021_8230/mix.wav,6.433104991912842,6.373983383178711,5.908586502075195,5.902588844299316
/data/public/EchoSet/test/PuKPg4mmafe/0_4_dining_room/61_7176/mix.wav,2.8945202827453613,2.9535014629364014,2.1758787631988525,2.2578179836273193
/data/public/EchoSet/test/PuKPg4mmafe/0_4_dining_room/4507_4446/mix.wav,10.113851547241211,9.902290344238281,9.326621055603027,9.27652645111084
/data/public/EchoSet/test/PuKPg4mmafe/0_0_lounge/5105_2094/mix.wav,7.006681442260742,7.336648941040039,5.696747779846191,6.0871968269348145
/data/public/EchoSet/test/PuKPg4mmafe/0_0_lounge/3570_4970/mix.wav,13.179676055908203,13.22107219696045,11.880438804626465,11.97693920135498
/data/public/EchoSet/test/PuKPg4mmafe/0_0_lounge/4077_4992/mix.wav,9.215816497802734,9.550117492675781,8.670736312866211,9.167409896850586
/data/public/EchoSet/test/PuKPg4mmafe/0_0_lounge/1580_5683/mix.wav,13.73713493347168,13.855435371398926,13.233860969543457,13.370582580566406
/data/public/EchoSet/test/PuKPg4mmafe/0_0_lounge/1089_672/mix.wav,13.02331829071045,13.02691650390625,12.47726821899414,12.5156888961792
/data/public/EchoSet/test/PuKPg4mmafe/0_0_lounge/8224_672/mix.wav,9.774051666259766,9.537687301635742,9.072176933288574,8.89944839477539
/data/public/EchoSet/test/PuKPg4mmafe/0_0_lounge/5105_7729/mix.wav,10.130745887756348,10.21457576751709,8.500819206237793,8.62001895904541
/data/public/EchoSet/test/PuKPg4mmafe/0_0_lounge/260_121/mix.wav,10.117612838745117,10.148786544799805,9.56006145477295,9.691953659057617
/data/public/EchoSet/test/PuKPg4mmafe/0_0_lounge/7127_8455/mix.wav,8.037975311279297,8.0408353805542,6.370107650756836,6.416550636291504
/data/public/EchoSet/test/PuKPg4mmafe/0_0_lounge/4970_8230/mix.wav,11.776300430297852,11.821964263916016,11.35135269165039,11.438212394714355
/data/public/EchoSet/test/PuKPg4mmafe/0_0_lounge/260_8455/mix.wav,7.399800777435303,7.531062602996826,6.83698844909668,7.059998035430908
/data/public/EchoSet/test/PuKPg4mmafe/0_0_lounge/8555_4507/mix.wav,9.400594711303711,9.454179763793945,8.677498817443848,8.763556480407715
/data/public/EchoSet/test/PuKPg4mmafe/0_0_lounge/7176_4507/mix.wav,10.626375198364258,10.77752685546875,10.316946983337402,10.513511657714844
/data/public/EchoSet/test/PuKPg4mmafe/0_0_lounge/3570_3575/mix.wav,4.831297397613525,4.850593566894531,3.7541000843048096,3.821472406387329
/data/public/EchoSet/test/PuKPg4mmafe/0_0_lounge/1320_4970/mix.wav,13.553787231445312,13.511253356933594,12.874051094055176,12.96149730682373
/data/public/EchoSet/test/PuKPg4mmafe/0_0_lounge/8463_7127/mix.wav,8.69658088684082,8.87896728515625,8.333257675170898,8.58481502532959
/data/public/EchoSet/test/PuKPg4mmafe/0_0_lounge/3570_1284/mix.wav,10.337467193603516,10.516773223876953,9.899126052856445,10.138666152954102
/data/public/EchoSet/test/PuKPg4mmafe/0_0_lounge/7729_6829/mix.wav,12.234426498413086,12.306314468383789,11.915082931518555,12.025636672973633
/data/public/EchoSet/test/PuKPg4mmafe/0_0_lounge/61_3575/mix.wav,11.713231086730957,11.79716682434082,11.312444686889648,11.418665885925293
/data/public/EchoSet/test/PuKPg4mmafe/0_0_lounge/1995_121/mix.wav,11.89139175415039,12.26984977722168,11.421004295349121,11.839893341064453
/data/public/EchoSet/test/PuKPg4mmafe/0_0_lounge/3729_4446/mix.wav,10.939584732055664,10.906391143798828,10.48436450958252,10.55955696105957
/data/public/EchoSet/test/PuKPg4mmafe/0_0_lounge/5639_61/mix.wav,9.764345169067383,9.960702896118164,9.255965232849121,9.531426429748535
/data/public/EchoSet/test/PuKPg4mmafe/0_0_lounge/8455_8224/mix.wav,11.327617645263672,11.53856372833252,10.918203353881836,11.182448387145996
/data/public/EchoSet/test/PuKPg4mmafe/0_0_lounge/4992_1320/mix.wav,11.19920539855957,11.40822696685791,10.804506301879883,11.075661659240723
/data/public/EchoSet/test/PuKPg4mmafe/0_0_lounge/1284_2094/mix.wav,9.403818130493164,9.249002456665039,9.04905891418457,9.05212688446045
/data/public/EchoSet/test/PuKPg4mmafe/0_0_lounge/7729_1188/mix.wav,12.396478652954102,12.54878044128418,11.725774765014648,11.91298770904541
/data/public/EchoSet/test/PuKPg4mmafe/0_0_lounge/7176_5105/mix.wav,10.133419036865234,10.491436004638672,9.787504196166992,10.262019157409668
/data/public/EchoSet/test/PuKPg4mmafe/0_0_lounge/8555_5105/mix.wav,14.987980842590332,15.040971755981445,14.406990051269531,14.493122100830078
/data/public/EchoSet/test/PuKPg4mmafe/0_0_lounge/1089_1221/mix.wav,9.357772827148438,9.675375938415527,8.347827911376953,8.762152671813965
/data/public/EchoSet/test/PuKPg4mmafe/0_0_lounge/8463_1320/mix.wav,14.055025100708008,14.132800102233887,13.511653900146484,13.632105827331543
/data/public/EchoSet/test/PuKPg4mmafe/0_0_lounge/61_672/mix.wav,7.2997307777404785,7.518251419067383,6.509913444519043,6.788454532623291
/data/public/EchoSet/test/PuKPg4mmafe/0_0_lounge/237_1221/mix.wav,-2.015957832336426,-1.9171550273895264,-2.953305959701538,-2.7346677780151367
/data/public/EchoSet/test/PuKPg4mmafe/0_0_lounge/1284_8463/mix.wav,14.044509887695312,13.967802047729492,13.541059494018555,13.48356819152832
/data/public/EchoSet/test/PuKPg4mmafe/0_0_lounge/5683_4446/mix.wav,7.609589576721191,7.903741836547852,6.785099983215332,7.226011753082275
/data/public/EchoSet/test/PuKPg4mmafe/0_0_lounge/5683_1995/mix.wav,13.537128448486328,13.522770881652832,12.684343338012695,12.719683647155762
/data/public/EchoSet/test/PuKPg4mmafe/0_0_lounge/4077_2961/mix.wav,10.740567207336426,10.116556167602539,9.721221923828125,9.637571334838867
/data/public/EchoSet/test/PuKPg4mmafe/0_0_lounge/8463_1580/mix.wav,5.802160739898682,5.934823513031006,5.286118507385254,5.482159614562988
/data/public/EchoSet/test/PuKPg4mmafe/0_0_lounge/7021_5142/mix.wav,10.757036209106445,10.728340148925781,10.018074035644531,10.072158813476562
/data/public/EchoSet/test/PuKPg4mmafe/0_0_lounge/7021_237/mix.wav,5.848449230194092,5.979702472686768,5.384925365447998,5.604585647583008
/data/public/EchoSet/test/PuKPg4mmafe/0_0_lounge/5639_6829/mix.wav,9.448522567749023,9.586819648742676,8.913797378540039,9.087986946105957
/data/public/EchoSet/test/PuKPg4mmafe/0_0_lounge/3575_1089/mix.wav,7.439260959625244,7.489270210266113,6.825003623962402,6.962508201599121
/data/public/EchoSet/test/PuKPg4mmafe/0_0_lounge/1188_260/mix.wav,10.039094924926758,10.185328483581543,9.708294868469238,9.892091751098633
/data/public/EchoSet/test/PuKPg4mmafe/0_0_lounge/121_1221/mix.wav,5.838330268859863,6.3889665603637695,5.347841739654541,5.97451114654541
/data/public/EchoSet/test/PuKPg4mmafe/0_0_lounge/6829_5683/mix.wav,10.075599670410156,10.245271682739258,9.52264404296875,9.726363182067871
/data/public/EchoSet/test/PuKPg4mmafe/0_0_lounge/4446_1320/mix.wav,10.859097480773926,10.773340225219727,9.991989135742188,10.021889686584473
/data/public/EchoSet/test/PuKPg4mmafe/0_0_lounge/4507_1995/mix.wav,10.364858627319336,10.97852897644043,10.042200088500977,10.680521011352539
/data/public/EchoSet/test/PuKPg4mmafe/0_0_lounge/121_2300/mix.wav,14.257715225219727,14.294368743896484,13.91761589050293,13.988374710083008
/data/public/EchoSet/test/PuKPg4mmafe/0_0_lounge/672_1995/mix.wav,8.025884628295898,8.23997974395752,7.393084526062012,7.649366855621338
/data/public/EchoSet/test/PuKPg4mmafe/0_0_lounge/672_4446/mix.wav,8.393651962280273,8.566027641296387,7.396073818206787,7.622959613800049
/data/public/EchoSet/test/PuKPg4mmafe/0_0_lounge/1320_8463/mix.wav,13.024787902832031,12.997803688049316,12.261581420898438,12.340147018432617
/data/public/EchoSet/test/PuKPg4mmafe/0_0_lounge/2830_1580/mix.wav,11.137872695922852,11.158617973327637,9.249157905578613,9.327863693237305
/data/public/EchoSet/test/PuKPg4mmafe/0_0_lounge/260_3729/mix.wav,6.48918342590332,6.32580041885376,5.757055759429932,5.70999813079834
/data/public/EchoSet/test/PuKPg4mmafe/0_0_lounge/2961_7176/mix.wav,8.152853012084961,8.2509765625,7.483090400695801,7.681195259094238
/data/public/EchoSet/test/PuKPg4mmafe/0_0_lounge/2300_6829/mix.wav,11.177689552307129,11.305832862854004,10.434535026550293,10.597638130187988
/data/public/EchoSet/test/PuKPg4mmafe/0_0_lounge/7021_3729/mix.wav,15.483593940734863,15.547698974609375,15.132965087890625,15.231786727905273
/data/public/EchoSet/test/PuKPg4mmafe/0_0_lounge/5639_7176/mix.wav,6.997079849243164,7.218263626098633,5.894092082977295,6.160562515258789
/data/public/EchoSet/test/PuKPg4mmafe/0_0_lounge/7127_2300/mix.wav,7.992484092712402,8.05974006652832,6.943361282348633,7.0479888916015625
/data/public/EchoSet/test/PuKPg4mmafe/0_0_lounge/8463_3570/mix.wav,9.489089965820312,9.519619941711426,8.777387619018555,8.943528175354004
/data/public/EchoSet/test/PuKPg4mmafe/0_0_lounge/7176_2961/mix.wav,10.542340278625488,10.5178804397583,9.947357177734375,10.017165184020996
/data/public/EchoSet/test/PuKPg4mmafe/0_0_lounge/8455_8230/mix.wav,6.46220588684082,6.308244228363037,5.836792945861816,5.815525054931641
/data/public/EchoSet/test/PuKPg4mmafe/0_0_lounge/6930_3575/mix.wav,11.130810737609863,11.155166625976562,9.435543060302734,9.487395286560059
/data/public/EchoSet/test/PuKPg4mmafe/0_0_lounge/908_1320/mix.wav,9.122438430786133,9.622119903564453,8.605100631713867,9.166349411010742
/data/public/EchoSet/test/PuKPg4mmafe/0_0_lounge/4077_2830/mix.wav,7.502322196960449,3.241614818572998,6.877798557281494,3.875227689743042
/data/public/EchoSet/test/PuKPg4mmafe/0_0_lounge/2830_1995/mix.wav,10.951545715332031,10.880681991577148,9.789373397827148,9.789040565490723
/data/public/EchoSet/test/PuKPg4mmafe/0_0_lounge/2094_4507/mix.wav,14.45005989074707,14.654674530029297,14.165933609008789,14.42340087890625
/data/public/EchoSet/test/PuKPg4mmafe/0_0_lounge/260_1221/mix.wav,12.378273010253906,12.409378051757812,11.84147834777832,11.92970085144043
/data/public/EchoSet/test/PuKPg4mmafe/0_0_lounge/7127_3729/mix.wav,8.506418228149414,8.49916934967041,7.510870456695557,7.856342792510986
/data/public/EchoSet/test/PuKPg4mmafe/0_0_lounge/5142_2300/mix.wav,11.246013641357422,11.39681625366211,10.563029289245605,10.771410942077637
/data/public/EchoSet/test/PuKPg4mmafe/0_0_lounge/2961_2830/mix.wav,11.28925895690918,11.331748008728027,9.441019058227539,9.529125213623047
/data/public/EchoSet/test/PuKPg4mmafe/0_0_lounge/4446_5105/mix.wav,11.563627243041992,11.944472312927246,11.334306716918945,11.730905532836914
/data/public/EchoSet/test/PuKPg4mmafe/0_0_lounge/1995_1221/mix.wav,12.031386375427246,12.199642181396484,11.519076347351074,11.732215881347656
/data/public/EchoSet/test/PuKPg4mmafe/0_0_lounge/672_2830/mix.wav,2.6188931465148926,3.1039388179779053,0.23336195945739746,0.7315678596496582
/data/public/EchoSet/test/PuKPg4mmafe/0_0_lounge/8224_7127/mix.wav,7.356497287750244,7.515724182128906,6.008795738220215,6.226756572723389
/data/public/EchoSet/test/PuKPg4mmafe/0_0_lounge/61_8224/mix.wav,8.635187149047852,9.125106811523438,6.770298004150391,7.294116497039795
/data/public/EchoSet/test/PuKPg4mmafe/0_0_lounge/7021_7729/mix.wav,6.710672855377197,6.906652927398682,5.970019340515137,6.232962131500244
/data/public/EchoSet/test/PuKPg4mmafe/0_0_lounge/6930_5142/mix.wav,6.466033458709717,6.472954750061035,5.39907169342041,5.459535598754883
/data/public/EchoSet/test/PuKPg4mmafe/0_0_lounge/121_672/mix.wav,10.41973876953125,10.568731307983398,9.75638484954834,9.95637321472168
/data/public/EchoSet/test/PuKPg4mmafe/0_0_lounge/237_3575/mix.wav,8.74882698059082,9.470765113830566,8.271706581115723,9.051859855651855
/data/public/EchoSet/test/PuKPg4mmafe/0_0_lounge/2300_237/mix.wav,9.631664276123047,9.577842712402344,9.193096160888672,9.183244705200195
/data/public/EchoSet/test/PuKPg4mmafe/0_0_lounge/1995_4077/mix.wav,13.618976593017578,13.716424942016602,13.21781063079834,13.343914031982422
/data/public/EchoSet/test/PuKPg4mmafe/0_0_lounge/8555_6829/mix.wav,7.411742687225342,7.453540325164795,6.761270046234131,6.85840368270874
/data/public/EchoSet/test/PuKPg4mmafe/0_0_lounge/2830_2961/mix.wav,10.61884880065918,10.961821556091309,9.643264770507812,10.092659950256348
/data/public/EchoSet/test/PuKPg4mmafe/0_0_lounge/1995_3729/mix.wav,7.813138008117676,8.171202659606934,7.489551544189453,7.890067100524902
/data/public/EchoSet/test/PuKPg4mmafe/0_0_lounge/4077_7176/mix.wav,4.567731857299805,4.804680347442627,3.949596405029297,4.25970458984375
/data/public/EchoSet/test/PuKPg4mmafe/0_0_lounge/8230_4446/mix.wav,11.870389938354492,11.870685577392578,11.526556015014648,11.634926795959473
/data/public/EchoSet/test/PuKPg4mmafe/0_0_lounge/1188_4992/mix.wav,11.996524810791016,12.007123947143555,11.437981605529785,11.527605056762695
/data/public/EchoSet/test/PuKPg4mmafe/0_0_lounge/4077_3570/mix.wav,12.618595123291016,12.61857795715332,11.99537467956543,12.031168937683105
/data/public/EchoSet/test/PuKPg4mmafe/0_0_lounge/6930_4077/mix.wav,1.0242518186569214,1.7209786176681519,0.3926198482513428,1.1877317428588867
/data/public/EchoSet/test/PuKPg4mmafe/0_0_lounge/1284_8455/mix.wav,9.294780731201172,9.224100112915039,7.755114555358887,7.787578582763672
/data/public/EchoSet/test/PuKPg4mmafe/0_0_lounge/4077_1188/mix.wav,13.527759552001953,13.580554962158203,13.200563430786133,13.270820617675781
/data/public/EchoSet/test/PuKPg4mmafe/0_0_lounge/2300_908/mix.wav,5.996379852294922,6.140726566314697,3.183436870574951,3.4100310802459717
/data/public/EchoSet/test/PuKPg4mmafe/0_0_lounge/3729_4507/mix.wav,13.703607559204102,13.82172966003418,13.332236289978027,13.489370346069336
/data/public/EchoSet/test/PuKPg4mmafe/0_0_lounge/6930_8555/mix.wav,9.671101570129395,9.7333984375,9.234200477600098,9.356644630432129
/data/public/EchoSet/test/PuKPg4mmafe/0_0_lounge/5105_5639/mix.wav,8.417169570922852,8.365818977355957,7.839775085449219,8.046426773071289
/data/public/EchoSet/test/PuKPg4mmafe/0_0_lounge/4446_4507/mix.wav,14.42802619934082,14.681229591369629,14.201223373413086,14.460826873779297
/data/public/EchoSet/test/PuKPg4mmafe/0_0_lounge/7729_4507/mix.wav,13.474945068359375,13.497694969177246,13.188711166381836,13.25238037109375
/data/public/EchoSet/test/PuKPg4mmafe/0_0_lounge/4992_2961/mix.wav,8.9125337600708,9.069422721862793,8.448591232299805,8.650952339172363
/data/public/EchoSet/test/PuKPg4mmafe/0_0_lounge/6829_1580/mix.wav,11.93265151977539,12.043362617492676,11.248244285583496,11.391901969909668
/data/public/EchoSet/test/PuKPg4mmafe/0_0_lounge/8555_260/mix.wav,7.277414321899414,6.984301567077637,6.90297794342041,6.673614025115967
/data/public/EchoSet/test/PuKPg4mmafe/0_0_lounge/6930_1221/mix.wav,5.429196357727051,5.485358238220215,4.465531349182129,4.608285427093506
/data/public/EchoSet/test/PuKPg4mmafe/0_0_lounge/1580_6930/mix.wav,8.100400924682617,8.068059921264648,7.206618785858154,7.249076843261719
/data/public/EchoSet/test/PuKPg4mmafe/0_0_lounge/908_5105/mix.wav,9.385799407958984,9.17750072479248,8.823811531066895,8.918481826782227
/data/public/EchoSet/test/PuKPg4mmafe/0_0_lounge/7729_5683/mix.wav,11.070467948913574,11.011465072631836,10.667078018188477,10.683225631713867
/data/public/EchoSet/test/PuKPg4mmafe/0_0_lounge/8224_7176/mix.wav,7.065507888793945,7.291394233703613,6.548452377319336,6.802343368530273
/data/public/EchoSet/test/PuKPg4mmafe/0_0_lounge/1089_2094/mix.wav,11.912928581237793,12.166157722473145,10.10689926147461,10.460592269897461
/data/public/EchoSet/test/PuKPg4mmafe/0_0_lounge/3729_5683/mix.wav,10.938191413879395,10.965255737304688,10.079620361328125,10.156078338623047
/data/public/EchoSet/test/PuKPg4mmafe/0_0_lounge/672_260/mix.wav,8.588146209716797,8.53943920135498,7.897120475769043,8.003663063049316
/data/public/EchoSet/test/PuKPg4mmafe/0_0_lounge/7176_908/mix.wav,11.060946464538574,11.149433135986328,10.659894943237305,10.760688781738281
/data/public/EchoSet/test/PuKPg4mmafe/0_0_lounge/2094_7176/mix.wav,12.650577545166016,12.696958541870117,12.26965618133545,12.352222442626953
/data/public/EchoSet/test/PuKPg4mmafe/0_0_lounge/7729_2961/mix.wav,16.621623992919922,16.58112907409668,16.119773864746094,16.12626838684082
/data/public/EchoSet/test/PuKPg4mmafe/0_0_lounge/1221_1995/mix.wav,6.734413146972656,6.657413959503174,5.871546268463135,5.886246204376221
/data/public/EchoSet/test/PuKPg4mmafe/0_0_lounge/6930_1089/mix.wav,3.525259494781494,3.6490540504455566,-0.10954374074935913,0.04237467050552368
/data/public/EchoSet/test/PuKPg4mmafe/0_0_lounge/8230_237/mix.wav,10.367403984069824,11.148041725158691,10.028888702392578,10.846566200256348
/data/public/EchoSet/test/PuKPg4mmafe/0_0_lounge/5105_3729/mix.wav,9.455562591552734,9.629606246948242,8.427477836608887,8.651320457458496
/data/public/EchoSet/test/PuKPg4mmafe/0_0_lounge/5142_7021/mix.wav,8.88034439086914,8.927287101745605,7.858054161071777,7.987255096435547
/data/public/EchoSet/test/PuKPg4mmafe/0_0_lounge/8230_7127/mix.wav,10.522148132324219,10.795796394348145,9.812328338623047,10.136994361877441
/data/public/EchoSet/test/PuKPg4mmafe/0_0_lounge/5639_5105/mix.wav,9.461273193359375,9.387471199035645,8.486270904541016,8.489767074584961
/data/public/EchoSet/test/PuKPg4mmafe/0_0_lounge/6829_6930/mix.wav,10.468120574951172,10.659076690673828,9.711929321289062,9.960844039916992
/data/public/EchoSet/test/PuKPg4mmafe/0_0_lounge/5142_8455/mix.wav,13.2703857421875,13.405831336975098,12.963592529296875,13.117537498474121
/data/public/EchoSet/test/PuKPg4mmafe/0_0_lounge/7127_8463/mix.wav,8.358091354370117,8.873050689697266,8.106449127197266,8.682448387145996
/data/public/EchoSet/test/PuKPg4mmafe/0_0_lounge/61_8555/mix.wav,11.009407043457031,10.802200317382812,10.385001182556152,10.248656272888184
/data/public/EchoSet/test/PuKPg4mmafe/0_0_lounge/1320_237/mix.wav,12.227579116821289,12.241458892822266,11.664783477783203,11.709872245788574
/data/public/EchoSet/test/PuKPg4mmafe/0_0_lounge/6930_908/mix.wav,9.490495681762695,9.786154747009277,9.126102447509766,9.480484008789062
/data/public/EchoSet/test/PuKPg4mmafe/0_0_lounge/5142_8224/mix.wav,3.5514323711395264,3.9119372367858887,2.9457571506500244,3.3718926906585693
/data/public/EchoSet/test/PuKPg4mmafe/0_0_lounge/1580_4446/mix.wav,12.508101463317871,12.53329086303711,12.040231704711914,12.12828540802002
/data/public/EchoSet/test/PuKPg4mmafe/0_0_lounge/2961_4992/mix.wav,9.976203918457031,10.276618957519531,9.697630882263184,10.058897972106934
/data/public/EchoSet/test/PuKPg4mmafe/0_0_lounge/1320_8230/mix.wav,5.822572708129883,5.764815330505371,5.222897052764893,5.222545146942139
/data/public/EchoSet/test/PuKPg4mmafe/0_0_lounge/1580_1995/mix.wav,11.17263412475586,11.272726058959961,10.717731475830078,10.890543937683105
/data/public/EchoSet/test/PuKPg4mmafe/0_0_lounge/1284_5105/mix.wav,9.757930755615234,9.783286094665527,9.123344421386719,9.197593688964844
/data/public/EchoSet/test/PuKPg4mmafe/0_0_lounge/260_908/mix.wav,9.919820785522461,10.007450103759766,9.114413261413574,9.236928939819336
/data/public/EchoSet/test/PuKPg4mmafe/0_0_lounge/1320_4992/mix.wav,13.55880355834961,13.558980941772461,13.202600479125977,13.230267524719238
/data/public/EchoSet/test/PuKPg4mmafe/0_0_lounge/8230_1284/mix.wav,10.132625579833984,10.264081954956055,9.59738540649414,9.815797805786133
/data/public/EchoSet/test/PuKPg4mmafe/0_0_lounge/1995_237/mix.wav,12.722678184509277,12.88516616821289,12.460596084594727,12.661125183105469
/data/public/EchoSet/test/PuKPg4mmafe/0_0_lounge/7127_6829/mix.wav,-2.352199077606201,-2.2802343368530273,-3.4124937057495117,-3.2977020740509033
/data/public/EchoSet/test/PuKPg4mmafe/0_0_lounge/8455_3570/mix.wav,12.186893463134766,12.197328567504883,11.59667682647705,11.684432983398438
/data/public/EchoSet/test/PuKPg4mmafe/0_0_lounge/260_1188/mix.wav,8.500527381896973,8.7415132522583,7.5441670417785645,7.876490592956543
/data/public/EchoSet/test/PuKPg4mmafe/0_0_lounge/8224_8463/mix.wav,4.780156135559082,4.794207572937012,4.518612861633301,4.6067728996276855
/data/public/EchoSet/test/PuKPg4mmafe/0_0_lounge/8230_672/mix.wav,8.054012298583984,8.682784080505371,7.308762550354004,7.995406150817871
/data/public/EchoSet/test/PuKPg4mmafe/0_0_lounge/3570_5105/mix.wav,8.632834434509277,8.754243850708008,6.567453384399414,6.757285118103027
/data/public/EchoSet/test/PuKPg4mmafe/0_0_lounge/121_3570/mix.wav,12.690839767456055,12.737704277038574,11.45040512084961,11.540010452270508
/data/public/EchoSet/test/PuKPg4mmafe/0_0_lounge/2830_3729/mix.wav,9.892738342285156,9.851641654968262,9.25640869140625,9.314982414245605
/data/public/EchoSet/test/PuKPg4mmafe/0_0_lounge/260_1580/mix.wav,13.445948600769043,13.545869827270508,12.884554862976074,13.05434513092041
/data/public/EchoSet/test/PuKPg4mmafe/0_0_lounge/6829_4970/mix.wav,8.254236221313477,8.436820983886719,7.848769664764404,8.088750839233398
/data/public/EchoSet/test/PuKPg4mmafe/0_0_lounge/2830_4077/mix.wav,5.459253311157227,5.4228339195251465,4.747893810272217,4.7673749923706055
/data/public/EchoSet/test/PuKPg4mmafe/0_0_lounge/4992_121/mix.wav,13.286319732666016,13.427522659301758,12.681020736694336,12.833488464355469
/data/public/EchoSet/test/PuKPg4mmafe/0_0_lounge/7127_1188/mix.wav,10.135467529296875,10.1846342086792,9.358394622802734,9.438579559326172
/data/public/EchoSet/test/PuKPg4mmafe/0_0_lounge/1188_237/mix.wav,13.486830711364746,13.384698867797852,12.878006935119629,12.83339786529541
/data/public/EchoSet/test/PuKPg4mmafe/0_0_lounge/61_4507/mix.wav,12.14611530303955,12.445862770080566,11.5701904296875,11.934294700622559
/data/public/EchoSet/test/PuKPg4mmafe/0_0_lounge/7127_3570/mix.wav,12.97408676147461,13.113083839416504,11.122369766235352,11.437878608703613
/data/public/EchoSet/test/PuKPg4mmafe/0_0_lounge/5683_4077/mix.wav,9.459550857543945,9.490766525268555,8.447102546691895,8.556231498718262
/data/public/EchoSet/test/PuKPg4mmafe/0_0_lounge/8555_3575/mix.wav,10.393472671508789,10.56527328491211,9.758523941040039,9.985933303833008
/data/public/EchoSet/test/PuKPg4mmafe/0_0_lounge/237_6829/mix.wav,10.812067985534668,10.900056838989258,9.968778610229492,10.09239387512207
/data/public/EchoSet/test/PuKPg4mmafe/0_0_lounge/6930_2961/mix.wav,5.162666320800781,5.2436323165893555,4.498520374298096,4.629480361938477
/data/public/EchoSet/test/PuKPg4mmafe/0_0_lounge/1089_1320/mix.wav,10.107799530029297,10.216438293457031,9.629165649414062,9.789355278015137
/data/public/EchoSet/test/PuKPg4mmafe/0_0_lounge/121_4446/mix.wav,7.158586025238037,7.389817237854004,6.018493175506592,6.268279552459717
/data/public/EchoSet/test/PuKPg4mmafe/0_0_lounge/4446_7021/mix.wav,11.126941680908203,11.141584396362305,10.206055641174316,10.306364059448242
/data/public/EchoSet/test/PuKPg4mmafe/0_0_lounge/5639_2300/mix.wav,9.280284881591797,9.26677131652832,8.932973861694336,8.991825103759766
/data/public/EchoSet/test/PuKPg4mmafe/0_0_lounge/1188_7021/mix.wav,9.606512069702148,9.932315826416016,9.008576393127441,9.352217674255371
/data/public/EchoSet/test/PuKPg4mmafe/0_0_lounge/6829_7729/mix.wav,9.621051788330078,9.467034339904785,9.130605697631836,9.040441513061523
/data/public/EchoSet/test/PuKPg4mmafe/0_0_lounge/3729_7021/mix.wav,11.374337196350098,11.85144329071045,11.102567672729492,11.607084274291992
/data/public/EchoSet/test/PuKPg4mmafe/0_0_lounge/7021_7176/mix.wav,1.4294730424880981,1.5185920000076294,0.6803836822509766,0.8351691961288452
/data/public/EchoSet/test/PuKPg4mmafe/0_0_lounge/237_4446/mix.wav,6.756776332855225,7.315340995788574,6.1065216064453125,6.751935958862305
/data/public/EchoSet/test/PuKPg4mmafe/0_0_lounge/8463_3729/mix.wav,7.811614990234375,7.820194244384766,7.161410331726074,7.236819267272949
/data/public/EchoSet/test/PuKPg4mmafe/0_0_lounge/1089_7127/mix.wav,10.092765808105469,10.37067985534668,9.619927406311035,9.946919441223145
/data/public/EchoSet/test/PuKPg4mmafe/0_0_lounge/5683_1221/mix.wav,7.753963947296143,7.788974761962891,7.019414901733398,7.321911811828613
/data/public/EchoSet/test/PuKPg4mmafe/0_0_lounge/4970_1995/mix.wav,14.390567779541016,14.463286399841309,13.295356750488281,13.40041732788086
/data/public/EchoSet/test/PuKPg4mmafe/0_0_lounge/1221_1284/mix.wav,13.065018653869629,13.013423919677734,12.074801445007324,12.073145866394043
/data/public/EchoSet/test/PuKPg4mmafe/0_0_lounge/1221_260/mix.wav,10.016311645507812,10.186319351196289,9.2249755859375,9.438004493713379
/data/public/EchoSet/test/PuKPg4mmafe/0_0_lounge/8463_7021/mix.wav,13.492122650146484,13.343613624572754,12.851632118225098,12.939935684204102
/data/public/EchoSet/test/PuKPg4mmafe/0_0_lounge/672_1089/mix.wav,8.469583511352539,8.561911582946777,7.786167144775391,7.908443927764893
/data/public/EchoSet/test/PuKPg4mmafe/0_0_lounge/4970_672/mix.wav,7.003903388977051,7.303523540496826,6.207453727722168,6.575021743774414
/data/public/EchoSet/test/PuKPg4mmafe/0_0_lounge/8463_8455/mix.wav,13.011120796203613,13.01740550994873,12.570770263671875,12.68389892578125
/data/public/EchoSet/test/PuKPg4mmafe/0_0_lounge/7729_2300/mix.wav,11.348918914794922,11.203756332397461,10.81877326965332,10.810600280761719
/data/public/EchoSet/test/PuKPg4mmafe/0_0_lounge/2961_1089/mix.wav,13.40455436706543,13.564931869506836,13.172730445861816,13.356221199035645
/data/public/EchoSet/test/PuKPg4mmafe/0_0_lounge/5683_8455/mix.wav,11.465326309204102,11.472421646118164,10.678986549377441,10.779088020324707
/data/public/EchoSet/test/PuKPg4mmafe/0_0_lounge/7127_672/mix.wav,7.064813137054443,7.174322128295898,6.422811985015869,6.592541694641113
/data/public/EchoSet/test/PuKPg4mmafe/0_0_lounge/61_2830/mix.wav,-0.8124415874481201,-0.22838449478149414,-3.9607608318328857,-3.2961935997009277
/data/public/EchoSet/test/PuKPg4mmafe/0_0_lounge/1188_3729/mix.wav,8.879990577697754,9.262786865234375,8.282571792602539,8.764751434326172
/data/public/EchoSet/test/PuKPg4mmafe/0_0_lounge/3729_4077/mix.wav,11.980853080749512,12.193082809448242,11.578460693359375,11.846416473388672
/data/public/EchoSet/test/PuKPg4mmafe/0_0_lounge/672_8224/mix.wav,6.754035949707031,6.92454719543457,5.181463241577148,5.383566379547119
/data/public/EchoSet/test/PuKPg4mmafe/0_0_lounge/237_1320/mix.wav,10.588274002075195,10.783616065979004,9.702751159667969,9.957024574279785
/data/public/EchoSet/test/PuKPg4mmafe/0_0_lounge/1188_8555/mix.wav,12.391597747802734,12.393195152282715,11.68404769897461,11.735438346862793
/data/public/EchoSet/test/PuKPg4mmafe/0_0_lounge/4077_61/mix.wav,8.526107788085938,8.66526985168457,7.769498825073242,8.014567375183105
/data/public/EchoSet/test/PuKPg4mmafe/0_0_lounge/908_8230/mix.wav,11.480361938476562,11.554797172546387,11.13383674621582,11.233019828796387
/data/public/EchoSet/test/PuKPg4mmafe/0_0_lounge/8224_3575/mix.wav,3.0540008544921875,3.2362682819366455,2.280879259109497,2.516340732574463
/data/public/EchoSet/test/PuKPg4mmafe/0_0_lounge/121_908/mix.wav,11.802268981933594,11.892372131347656,11.280048370361328,11.45165729522705
/data/public/EchoSet/test/PuKPg4mmafe/0_0_lounge/2830_5639/mix.wav,7.880451202392578,8.166349411010742,6.956942558288574,7.273157596588135
/data/public/EchoSet/test/PuKPg4mmafe/0_0_lounge/4970_6829/mix.wav,6.011067867279053,6.26767635345459,5.409507751464844,5.702083587646484
/data/public/EchoSet/test/PuKPg4mmafe/0_0_lounge/1284_61/mix.wav,6.85588264465332,7.1327948570251465,5.776937484741211,6.1330180168151855
/data/public/EchoSet/test/PuKPg4mmafe/0_0_lounge/5142_4507/mix.wav,14.140260696411133,14.137414932250977,13.63789176940918,13.657320022583008
/data/public/EchoSet/test/PuKPg4mmafe/0_0_lounge/260_1320/mix.wav,10.094038009643555,10.169170379638672,9.471450805664062,9.616849899291992
/data/public/EchoSet/test/PuKPg4mmafe/0_0_lounge/908_8555/mix.wav,14.309682846069336,14.307811737060547,13.9896240234375,14.051517486572266
/data/public/EchoSet/test/PuKPg4mmafe/0_0_lounge/8463_121/mix.wav,11.07320499420166,11.137091636657715,10.647684097290039,10.747835159301758
/data/public/EchoSet/test/PuKPg4mmafe/0_0_lounge/3570_2830/mix.wav,11.262063026428223,11.256641387939453,10.590415954589844,10.69754409790039
/data/public/EchoSet/test/PuKPg4mmafe/0_0_lounge/7176_61/mix.wav,5.332915782928467,5.379359245300293,4.7735915184021,4.871608734130859
/data/public/EchoSet/test/PuKPg4mmafe/0_0_lounge/1580_7729/mix.wav,11.226743698120117,11.176267623901367,10.541258811950684,10.541452407836914
/data/public/EchoSet/test/PuKPg4mmafe/0_0_lounge/3729_5142/mix.wav,11.918159484863281,12.139680862426758,11.3406982421875,11.63175106048584
/data/public/EchoSet/test/PuKPg4mmafe/0_0_lounge/4992_5639/mix.wav,11.865106582641602,11.916470527648926,11.095817565917969,11.283666610717773
/data/public/EchoSet/test/PuKPg4mmafe/0_0_lounge/2961_5639/mix.wav,7.003137588500977,7.02249002456665,6.370016574859619,6.49679708480835
/data/public/EchoSet/test/PuKPg4mmafe/0_0_lounge/1089_3570/mix.wav,13.81254768371582,14.155713081359863,13.356922149658203,13.75007438659668
/data/public/EchoSet/test/PuKPg4mmafe/0_0_lounge/4446_5142/mix.wav,8.755146980285645,8.80132007598877,8.098078727722168,8.179906845092773
/data/public/EchoSet/test/PuKPg4mmafe/0_0_lounge/1580_2094/mix.wav,15.560321807861328,15.702519416809082,15.040681838989258,15.212099075317383
/data/public/EchoSet/test/PuKPg4mmafe/0_0_lounge/5105_1188/mix.wav,11.20438003540039,11.335437774658203,9.706554412841797,9.893878936767578
/data/public/EchoSet/test/PuKPg4mmafe/0_0_lounge/1188_4970/mix.wav,11.635112762451172,11.809135437011719,10.622669219970703,10.842312812805176
/data/public/EchoSet/test/PuKPg4mmafe/0_0_lounge/121_4992/mix.wav,8.295778274536133,8.44102668762207,7.772333145141602,8.009235382080078
/data/public/EchoSet/test/PuKPg4mmafe/0_0_lounge/2094_8555/mix.wav,11.718690872192383,11.596305847167969,11.272675514221191,11.226043701171875
/data/public/EchoSet/test/PuKPg4mmafe/0_0_lounge/2300_8463/mix.wav,11.29355239868164,11.567538261413574,10.883113861083984,11.183362007141113
/data/public/EchoSet/test/PuKPg4mmafe/0_0_lounge/7127_121/mix.wav,8.474206924438477,8.543736457824707,7.578574180603027,7.73099422454834
/data/public/EchoSet/test/PuKPg4mmafe/0_0_lounge/8224_1221/mix.wav,11.50826644897461,11.655851364135742,10.659582138061523,10.836716651916504
/data/public/EchoSet/test/PuKPg4mmafe/0_0_lounge/4077_5639/mix.wav,8.607246398925781,8.67242431640625,8.01166820526123,8.107925415039062
/data/public/EchoSet/test/PuKPg4mmafe/0_0_lounge/8455_4992/mix.wav,12.357324600219727,12.521334648132324,11.969289779663086,12.194575309753418
/data/public/EchoSet/test/PuKPg4mmafe/0_0_lounge/7176_1089/mix.wav,8.69010066986084,8.922017097473145,8.28818416595459,8.599027633666992
/data/public/EchoSet/test/PuKPg4mmafe/0_0_lounge/8555_1089/mix.wav,11.934561729431152,11.83713150024414,11.409997940063477,11.384042739868164
/data/public/EchoSet/test/PuKPg4mmafe/0_0_lounge/908_1284/mix.wav,8.317488670349121,8.256263732910156,7.643052101135254,7.773736000061035
/data/public/EchoSet/test/PuKPg4mmafe/0_0_lounge/7021_4507/mix.wav,13.915109634399414,14.05310344696045,13.632940292358398,13.83621883392334
/data/public/EchoSet/test/PuKPg4mmafe/0_0_lounge/61_6829/mix.wav,6.913802146911621,6.952231407165527,5.851377487182617,5.98823356628418
/data/public/EchoSet/test/PuKPg4mmafe/0_0_lounge/2094_2300/mix.wav,9.139161109924316,9.269347190856934,8.439033508300781,8.644698143005371
/data/public/EchoSet/test/PuKPg4mmafe/0_0_lounge/7729_3575/mix.wav,13.448979377746582,13.479741096496582,12.557823181152344,12.636442184448242
/data/public/EchoSet/test/PuKPg4mmafe/0_0_lounge/260_4507/mix.wav,12.901901245117188,13.187295913696289,12.599370956420898,12.900093078613281
/data/public/EchoSet/test/PuKPg4mmafe/0_0_lounge/7176_8455/mix.wav,8.996129989624023,9.00121021270752,8.646980285644531,8.739663124084473
/data/public/EchoSet/test/PuKPg4mmafe/0_0_lounge/4992_8463/mix.wav,6.940129280090332,7.1775360107421875,6.341277122497559,6.687910556793213
/data/public/EchoSet/test/PuKPg4mmafe/0_0_lounge/3575_5683/mix.wav,10.671184539794922,10.74507999420166,9.837618827819824,9.972853660583496
/data/public/EchoSet/test/PuKPg4mmafe/0_0_lounge/1221_2300/mix.wav,11.635482788085938,11.803606986999512,10.938793182373047,11.169139862060547
/data/public/EchoSet/test/PuKPg4mmafe/0_0_lounge/8230_61/mix.wav,3.579383373260498,3.7350358963012695,3.108854293823242,3.2907297611236572
/data/public/EchoSet/test/PuKPg4mmafe/0_0_lounge/1188_1284/mix.wav,9.268495559692383,9.857355117797852,8.450098037719727,9.1592435836792
/data/public/EchoSet/test/PuKPg4mmafe/0_0_lounge/1580_8230/mix.wav,10.385929107666016,11.010599136352539,9.832107543945312,10.517256736755371
/data/public/EchoSet/test/PuKPg4mmafe/0_0_lounge/7021_5105/mix.wav,12.609557151794434,12.686483383178711,12.140785217285156,12.23379135131836
/data/public/EchoSet/test/PuKPg4mmafe/0_0_lounge/4970_5683/mix.wav,5.747367858886719,5.848076343536377,4.287592887878418,4.425638198852539
/data/public/EchoSet/test/PuKPg4mmafe/0_0_lounge/908_4970/mix.wav,14.096443176269531,14.023332595825195,13.56655502319336,13.6725435256958
/data/public/EchoSet/test/PuKPg4mmafe/0_0_lounge/4446_7729/mix.wav,1.700847864151001,1.730557918548584,1.2782745361328125,1.3593350648880005
/data/public/EchoSet/test/PuKPg4mmafe/0_0_lounge/5142_6930/mix.wav,12.443826675415039,12.4796142578125,11.981039047241211,12.08310604095459
/data/public/EchoSet/test/PuKPg4mmafe/0_0_lounge/7176_5142/mix.wav,11.546485900878906,11.514374732971191,10.530905723571777,10.575126647949219
/data/public/EchoSet/test/PuKPg4mmafe/0_0_lounge/5142_3570/mix.wav,10.538833618164062,10.714713096618652,9.702444076538086,9.950767517089844
/data/public/EchoSet/test/PuKPg4mmafe/0_0_lounge/4507_2094/mix.wav,9.209121704101562,9.301122665405273,9.125536918640137,9.233440399169922
/data/public/EchoSet/test/PuKPg4mmafe/0_0_lounge/5639_2094/mix.wav,12.746604919433594,12.652095794677734,12.308088302612305,12.26199722290039
/data/public/EchoSet/test/PuKPg4mmafe/0_0_lounge/8555_8230/mix.wav,11.507424354553223,11.486652374267578,10.813413619995117,10.867903709411621
/data/public/EchoSet/test/PuKPg4mmafe/0_0_lounge/1320_121/mix.wav,8.345235824584961,8.744001388549805,7.996351718902588,8.535027503967285
/data/public/EchoSet/test/PuKPg4mmafe/0_0_lounge/5683_1284/mix.wav,9.33364486694336,9.705131530761719,8.59037971496582,9.01181411743164
/data/public/EchoSet/test/PuKPg4mmafe/0_0_lounge/5639_4970/mix.wav,9.868671417236328,9.833331108093262,9.37619400024414,9.466737747192383
/data/public/EchoSet/test/PuKPg4mmafe/0_0_lounge/2300_1284/mix.wav,12.817480087280273,12.74450969696045,11.96463394165039,11.942997932434082
/data/public/EchoSet/test/PuKPg4mmafe/0_0_lounge/1580_1089/mix.wav,13.008951187133789,13.180312156677246,12.519268989562988,12.761959075927734
/data/public/EchoSet/test/PuKPg4mmafe/0_0_lounge/8224_237/mix.wav,10.762613296508789,10.860610008239746,9.08777904510498,9.54293441772461
/data/public/EchoSet/test/PuKPg4mmafe/0_0_lounge/4507_908/mix.wav,14.329268455505371,14.307916641235352,13.727190017700195,13.749738693237305
/data/public/EchoSet/test/PuKPg4mmafe/0_0_lounge/1284_260/mix.wav,8.641509056091309,8.873309135437012,8.177563667297363,8.578784942626953
/data/public/EchoSet/test/PuKPg4mmafe/0_0_lounge/8555_237/mix.wav,15.02293586730957,15.064593315124512,14.430068969726562,14.49677562713623
/data/public/EchoSet/test/PuKPg4mmafe/0_0_lounge/8455_2830/mix.wav,11.926010131835938,11.883233070373535,11.357250213623047,11.334480285644531
/data/public/EchoSet/test/PuKPg4mmafe/0_0_lounge/4077_237/mix.wav,9.733266830444336,10.018112182617188,9.040714263916016,9.359295845031738
/data/public/EchoSet/test/PuKPg4mmafe/0_0_lounge/5683_3575/mix.wav,15.313933372497559,15.347931861877441,14.569939613342285,14.618401527404785
/data/public/EchoSet/test/PuKPg4mmafe/0_0_lounge/8555_4077/mix.wav,12.243621826171875,12.278685569763184,11.730981826782227,11.871469497680664
/data/public/EchoSet/test/PuKPg4mmafe/0_0_lounge/2094_8224/mix.wav,7.653139114379883,7.5544586181640625,5.401599884033203,5.333676815032959
/data/public/EchoSet/test/PuKPg4mmafe/0_0_lounge/8224_61/mix.wav,5.77590274810791,5.666851997375488,4.681684970855713,4.616147041320801
/data/public/EchoSet/test/PuKPg4mmafe/0_0_lounge/2830_61/mix.wav,4.288679599761963,3.7414889335632324,3.3620989322662354,2.990912914276123
/data/public/EchoSet/test/PuKPg4mmafe/0_0_lounge/672_3575/mix.wav,12.343500137329102,12.415103912353516,11.594552993774414,11.771825790405273
/data/public/EchoSet/test/PuKPg4mmafe/0_0_lounge/1221_5639/mix.wav,12.885034561157227,12.99899959564209,12.399436950683594,12.561954498291016
/data/public/EchoSet/test/PuKPg4mmafe/0_0_lounge/4992_3575/mix.wav,5.301753044128418,4.789502143859863,4.4399285316467285,4.021677017211914
/data/public/EchoSet/test/PuKPg4mmafe/0_0_lounge/3570_6930/mix.wav,13.673608779907227,13.727272987365723,12.73671817779541,12.927009582519531
/data/public/EchoSet/test/PuKPg4mmafe/0_0_lounge/2300_2094/mix.wav,6.4702606201171875,7.128376483917236,5.584620475769043,6.286900043487549
/data/public/EchoSet/test/PuKPg4mmafe/0_0_lounge/5142_1995/mix.wav,9.963399887084961,9.930074691772461,9.191001892089844,9.351057052612305
/data/public/EchoSet/test/PuKPg4mmafe/0_0_lounge/2830_7729/mix.wav,3.3292458057403564,3.3495171070098877,2.801323175430298,2.900219440460205
/data/public/EchoSet/test/PuKPg4mmafe/0_0_lounge/5142_4446/mix.wav,12.585166931152344,12.560768127441406,12.078664779663086,12.098949432373047
/data/public/EchoSet/test/PuKPg4mmafe/0_0_lounge/2094_7021/mix.wav,12.915002822875977,12.932262420654297,12.55562973022461,12.609827041625977
/data/public/EchoSet/test/PuKPg4mmafe/0_5_dining_room/4992_7127/mix.wav,10.031288146972656,10.241291999816895,8.957117080688477,9.200203895568848
/data/public/EchoSet/test/PuKPg4mmafe/0_5_dining_room/8455_61/mix.wav,-0.29508596658706665,-0.1791408360004425,-1.2762463092803955,-1.0805065631866455
/data/public/EchoSet/test/PuKPg4mmafe/0_5_dining_room/1221_5683/mix.wav,7.497152328491211,7.908932209014893,7.0178351402282715,7.481600761413574
/data/public/EchoSet/test/PuKPg4mmafe/0_5_dining_room/1320_2094/mix.wav,10.400424003601074,10.423311233520508,9.816529273986816,9.908315658569336
/data/public/EchoSet/test/PuKPg4mmafe/0_5_dining_room/672_4992/mix.wav,11.890727996826172,12.04135799407959,11.084650039672852,11.352678298950195
/data/public/EchoSet/test/PuKPg4mmafe/0_5_dining_room/672_5105/mix.wav,1.3449151515960693,1.2247209548950195,0.04107809066772461,0.05103254318237305
/data/public/EchoSet/test/PuKPg4mmafe/0_5_dining_room/61_8463/mix.wav,12.177968978881836,12.234732627868652,11.333579063415527,11.440503120422363
/data/public/EchoSet/test/PuKPg4mmafe/0_5_dining_room/1320_1284/mix.wav,8.36244010925293,8.55339241027832,7.8049726486206055,8.089667320251465
/data/public/EchoSet/test/PuKPg4mmafe/0_5_dining_room/4077_121/mix.wav,6.921024799346924,6.961941719055176,6.164945125579834,6.355633735656738
/data/public/EchoSet/test/PuKPg4mmafe/0_5_dining_room/4970_5142/mix.wav,10.942861557006836,11.357032775878906,10.573959350585938,11.01677417755127
/data/public/EchoSet/test/PuKPg4mmafe/0_5_dining_room/2830_7127/mix.wav,1.5555819272994995,1.2954998016357422,0.6338924169540405,0.6348984241485596
/data/public/EchoSet/test/PuKPg4mmafe/0_5_dining_room/7176_908/mix.wav,5.279698848724365,5.374081134796143,4.751445293426514,4.931389331817627
/data/public/EchoSet/test/PuKPg4mmafe/0_5_dining_room/8224_2961/mix.wav,10.347521781921387,10.458198547363281,9.718324661254883,9.898201942443848
/data/public/EchoSet/test/PuKPg4mmafe/0_5_dining_room/5142_1284/mix.wav,11.34646987915039,11.463619232177734,10.682368278503418,10.820449829101562
/data/public/EchoSet/test/PuKPg4mmafe/0_5_dining_room/7021_3729/mix.wav,12.461414337158203,12.673081398010254,12.13267707824707,12.371545791625977
/data/public/EchoSet/test/PuKPg4mmafe/0_5_dining_room/4077_260/mix.wav,2.5774807929992676,2.5982229709625244,1.8271065950393677,1.9111758470535278
/data/public/EchoSet/test/PuKPg4mmafe/0_5_dining_room/7176_2961/mix.wav,9.26736831665039,9.82056713104248,8.812211990356445,9.3991060256958
/data/public/EchoSet/test/PuKPg4mmafe/0_5_dining_room/7021_8555/mix.wav,11.859220504760742,11.974720001220703,11.190168380737305,11.336528778076172
/data/public/EchoSet/test/PuKPg4mmafe/0_5_dining_room/8224_4507/mix.wav,9.676916122436523,9.83154582977295,9.366103172302246,9.563232421875
/data/public/EchoSet/test/PuKPg4mmafe/0_5_dining_room/1995_2094/mix.wav,9.167658805847168,9.289515495300293,8.763461112976074,8.903389930725098
/data/public/EchoSet/test/PuKPg4mmafe/0_5_dining_room/5639_260/mix.wav,6.809266567230225,7.086865425109863,6.425434589385986,6.738739013671875
/data/public/EchoSet/test/PuKPg4mmafe/0_5_dining_room/5683_1188/mix.wav,9.761415481567383,9.850531578063965,8.793388366699219,8.967430114746094
/data/public/EchoSet/test/PuKPg4mmafe/0_5_dining_room/5639_6829/mix.wav,13.490488052368164,13.692575454711914,13.189555168151855,13.444632530212402
/data/public/EchoSet/test/PuKPg4mmafe/0_5_dining_room/2300_237/mix.wav,9.570428848266602,9.882542610168457,9.303245544433594,9.64372730255127
/data/public/EchoSet/test/PuKPg4mmafe/0_5_dining_room/7127_8230/mix.wav,10.437610626220703,10.473156929016113,9.040159225463867,9.090421676635742
/data/public/EchoSet/test/PuKPg4mmafe/0_5_dining_room/3570_8463/mix.wav,11.686644554138184,11.922873497009277,10.498462677001953,10.82349681854248
/data/public/EchoSet/test/PuKPg4mmafe/0_5_dining_room/3729_1320/mix.wav,5.087666988372803,5.053412437438965,4.510435581207275,4.5721211433410645
/data/public/EchoSet/test/PuKPg4mmafe/0_5_dining_room/260_7729/mix.wav,2.331598997116089,2.263716697692871,1.8787915706634521,1.890486240386963
/data/public/EchoSet/test/PuKPg4mmafe/0_5_dining_room/4507_1995/mix.wav,7.74968147277832,7.591611862182617,7.215113639831543,7.152177810668945
/data/public/EchoSet/test/PuKPg4mmafe/0_5_dining_room/3570_7021/mix.wav,9.871779441833496,10.316081047058105,9.718932151794434,10.187797546386719
/data/public/EchoSet/test/PuKPg4mmafe/0_5_dining_room/4077_4446/mix.wav,5.15438985824585,5.537663459777832,3.8842649459838867,4.339862823486328
/data/public/EchoSet/test/PuKPg4mmafe/0_5_dining_room/7021_908/mix.wav,8.534058570861816,8.636159896850586,8.227049827575684,8.380577087402344
/data/public/EchoSet/test/PuKPg4mmafe/0_5_dining_room/8463_5683/mix.wav,11.718576431274414,11.656463623046875,11.165387153625488,11.160709381103516
/data/public/EchoSet/test/PuKPg4mmafe/0_5_dining_room/5105_5639/mix.wav,5.096879005432129,5.264589309692383,4.483839988708496,4.701157569885254
/data/public/EchoSet/test/PuKPg4mmafe/0_5_dining_room/4507_2961/mix.wav,9.969626426696777,10.391380310058594,9.632375717163086,10.099878311157227
/data/public/EchoSet/test/PuKPg4mmafe/0_5_dining_room/6829_908/mix.wav,3.3354358673095703,4.260732650756836,2.576242208480835,3.5625593662261963
/data/public/EchoSet/test/PuKPg4mmafe/0_5_dining_room/1580_6930/mix.wav,11.728551864624023,11.8021240234375,11.231351852416992,11.341022491455078
/data/public/EchoSet/test/PuKPg4mmafe/0_5_dining_room/8463_908/mix.wav,9.258468627929688,9.472269058227539,8.419572830200195,8.809691429138184
/data/public/EchoSet/test/PuKPg4mmafe/0_5_dining_room/1580_7127/mix.wav,7.948977470397949,8.18739128112793,7.312537670135498,7.632504463195801
/data/public/EchoSet/test/PuKPg4mmafe/0_5_dining_room/4992_2830/mix.wav,4.511369705200195,4.547948837280273,3.9025542736053467,4.059196949005127
/data/public/EchoSet/test/PuKPg4mmafe/0_5_dining_room/2094_1320/mix.wav,11.238475799560547,11.295280456542969,9.953514099121094,10.102221488952637
/data/public/EchoSet/test/PuKPg4mmafe/0_5_dining_room/2830_5683/mix.wav,12.182802200317383,12.419255256652832,11.395647048950195,11.678244590759277
/data/public/EchoSet/test/PuKPg4mmafe/0_5_dining_room/5142_1221/mix.wav,8.032723426818848,8.224030494689941,7.51154899597168,7.7755537033081055
/data/public/EchoSet/test/PuKPg4mmafe/0_5_dining_room/8463_2830/mix.wav,8.836252212524414,8.84035587310791,6.578715801239014,6.631556510925293
/data/public/EchoSet/test/PuKPg4mmafe/0_5_dining_room/61_8230/mix.wav,8.817560195922852,8.904040336608887,8.34630012512207,8.514467239379883
/data/public/EchoSet/test/PuKPg4mmafe/0_5_dining_room/3570_5639/mix.wav,8.773061752319336,9.137986183166504,8.272820472717285,8.755757331848145
/data/public/EchoSet/test/PuKPg4mmafe/0_5_dining_room/8230_4446/mix.wav,11.725347518920898,11.826947212219238,10.848618507385254,11.000167846679688
/data/public/EchoSet/test/PuKPg4mmafe/0_5_dining_room/8455_672/mix.wav,6.550228118896484,6.848272800445557,5.6163010597229,5.95159387588501
/data/public/EchoSet/test/PuKPg4mmafe/0_5_dining_room/3729_2830/mix.wav,9.217771530151367,9.28370475769043,7.6588945388793945,7.976525783538818
/data/public/EchoSet/test/PuKPg4mmafe/0_5_dining_room/8230_7127/mix.wav,8.640090942382812,8.915996551513672,8.028314590454102,8.411226272583008
/data/public/EchoSet/test/PuKPg4mmafe/0_5_dining_room/6829_6930/mix.wav,10.400537490844727,10.519647598266602,9.980375289916992,10.142468452453613
/data/public/EchoSet/test/PuKPg4mmafe/0_5_dining_room/3570_672/mix.wav,11.14742374420166,11.308734893798828,10.83078384399414,11.035326957702637
/data/public/EchoSet/test/PuKPg4mmafe/0_5_dining_room/1995_121/mix.wav,12.693071365356445,12.69067096710205,12.395523071289062,12.412303924560547
/data/public/EchoSet/test/PuKPg4mmafe/0_5_dining_room/1221_7176/mix.wav,10.698637008666992,10.85751724243164,10.015531539916992,10.249082565307617
/data/public/EchoSet/test/PuKPg4mmafe/0_5_dining_room/4970_3575/mix.wav,13.6339111328125,13.602270126342773,12.751335144042969,12.771296501159668
/data/public/EchoSet/test/PuKPg4mmafe/0_5_dining_room/1089_3575/mix.wav,9.823495864868164,9.61900806427002,9.287702560424805,9.194145202636719
/data/public/EchoSet/test/PuKPg4mmafe/0_5_dining_room/8230_1320/mix.wav,8.13288688659668,8.361822128295898,7.4760260581970215,7.743366718292236
/data/public/EchoSet/test/PuKPg4mmafe/0_5_dining_room/4446_5683/mix.wav,9.486639976501465,9.472434043884277,8.263548851013184,8.287759780883789
/data/public/EchoSet/test/PuKPg4mmafe/0_5_dining_room/1580_3570/mix.wav,12.057207107543945,12.19644546508789,11.187895774841309,11.40340805053711
/data/public/EchoSet/test/PuKPg4mmafe/0_5_dining_room/6930_8224/mix.wav,3.233111619949341,3.152763843536377,2.3623406887054443,2.340150833129883
/data/public/EchoSet/test/PuKPg4mmafe/0_5_dining_room/8455_8463/mix.wav,14.948433876037598,14.990743637084961,14.404576301574707,14.470748901367188
/data/public/EchoSet/test/PuKPg4mmafe/0_5_dining_room/8555_672/mix.wav,12.231624603271484,12.229942321777344,11.683184623718262,11.761773109436035
/data/public/EchoSet/test/PuKPg4mmafe/0_5_dining_room/8455_6829/mix.wav,10.187910079956055,10.191088676452637,9.13340950012207,9.27603530883789
/data/public/EchoSet/test/PuKPg4mmafe/0_5_dining_room/5683_3729/mix.wav,10.338155746459961,10.810624122619629,9.991976737976074,10.496480941772461
/data/public/EchoSet/test/PuKPg4mmafe/0_5_dining_room/8555_3575/mix.wav,8.282547950744629,8.746611595153809,7.599092483520508,8.149072647094727
/data/public/EchoSet/test/PuKPg4mmafe/0_5_dining_room/1284_61/mix.wav,2.125452756881714,2.322054862976074,1.5169761180877686,1.766580581665039
/data/public/EchoSet/test/PuKPg4mmafe/0_5_dining_room/1188_8455/mix.wav,9.089160919189453,9.170733451843262,8.558735847473145,8.674357414245605
/data/public/EchoSet/test/PuKPg4mmafe/0_5_dining_room/7729_7021/mix.wav,9.142311096191406,9.222196578979492,8.538614273071289,8.698039054870605
/data/public/EchoSet/test/PuKPg4mmafe/0_5_dining_room/1188_1089/mix.wav,9.024999618530273,9.28189468383789,8.46092700958252,8.823363304138184
/data/public/EchoSet/test/PuKPg4mmafe/0_5_dining_room/2961_2300/mix.wav,12.32750415802002,12.50350284576416,11.917634963989258,12.152793884277344
/data/public/EchoSet/test/PuKPg4mmafe/0_5_dining_room/4507_4077/mix.wav,8.886215209960938,8.482185363769531,8.057977676391602,8.525853157043457
/data/public/EchoSet/test/PuKPg4mmafe/0_5_dining_room/3729_8224/mix.wav,10.847550392150879,10.901987075805664,10.256155014038086,10.384679794311523
/data/public/EchoSet/test/PuKPg4mmafe/0_5_dining_room/1995_5683/mix.wav,11.786672592163086,11.798481941223145,11.250079154968262,11.32300090789795
/data/public/EchoSet/test/PuKPg4mmafe/0_5_dining_room/5639_8230/mix.wav,9.754448890686035,9.889185905456543,8.895763397216797,9.165956497192383
/data/public/EchoSet/test/PuKPg4mmafe/0_5_dining_room/8455_3570/mix.wav,15.797194480895996,15.793842315673828,15.429797172546387,15.456466674804688
/data/public/EchoSet/test/PuKPg4mmafe/0_5_dining_room/2300_8555/mix.wav,7.663753032684326,7.860775470733643,6.962288856506348,7.220277786254883
/data/public/EchoSet/test/PuKPg4mmafe/0_5_dining_room/4507_5142/mix.wav,15.634870529174805,15.763978004455566,15.167680740356445,15.317852973937988
/data/public/EchoSet/test/PuKPg4mmafe/0_5_dining_room/5142_2961/mix.wav,6.696181297302246,7.060277938842773,5.9626054763793945,6.352609634399414
/data/public/EchoSet/test/PuKPg4mmafe/0_5_dining_room/1580_1284/mix.wav,10.247111320495605,10.258851051330566,9.185118675231934,9.244049072265625
/data/public/EchoSet/test/PuKPg4mmafe/0_5_dining_room/6930_4992/mix.wav,9.112910270690918,9.180620193481445,8.53042984008789,8.643166542053223
/data/public/EchoSet/test/PuKPg4mmafe/0_5_dining_room/2830_1089/mix.wav,10.823928833007812,11.402335166931152,10.638132095336914,11.241876602172852
/data/public/EchoSet/test/PuKPg4mmafe/0_5_dining_room/1221_3575/mix.wav,7.514320373535156,7.631044387817383,7.05742073059082,7.215513706207275
/data/public/EchoSet/test/PuKPg4mmafe/0_5_dining_room/2300_8224/mix.wav,5.590830326080322,6.032334804534912,4.85805082321167,5.4798431396484375
/data/public/EchoSet/test/PuKPg4mmafe/0_5_dining_room/1580_7729/mix.wav,14.04122543334961,13.983637809753418,13.328956604003906,13.362359046936035
/data/public/EchoSet/test/PuKPg4mmafe/0_5_dining_room/3729_237/mix.wav,7.848211288452148,8.436527252197266,7.047364234924316,7.690366744995117
/data/public/EchoSet/test/PuKPg4mmafe/0_5_dining_room/8455_6930/mix.wav,8.095273971557617,8.129961967468262,7.463101387023926,7.552372455596924
/data/public/EchoSet/test/PuKPg4mmafe/0_5_dining_room/260_237/mix.wav,8.231616020202637,8.320136070251465,7.894066333770752,8.035477638244629
/data/public/EchoSet/test/PuKPg4mmafe/0_5_dining_room/121_5105/mix.wav,9.859829902648926,9.995579719543457,8.210280418395996,8.379167556762695
/data/public/EchoSet/test/PuKPg4mmafe/0_5_dining_room/4970_1188/mix.wav,9.64346694946289,10.043237686157227,9.182661056518555,9.659283638000488
/data/public/EchoSet/test/PuKPg4mmafe/0_5_dining_room/1089_4446/mix.wav,10.299600601196289,10.193835258483887,9.850313186645508,9.823594093322754
/data/public/EchoSet/test/PuKPg4mmafe/0_5_dining_room/3575_6829/mix.wav,2.5788650512695312,2.683724880218506,1.7004077434539795,1.8521625995635986
/data/public/EchoSet/test/PuKPg4mmafe/0_5_dining_room/3570_5683/mix.wav,13.949848175048828,14.118829727172852,13.49357795715332,13.779600143432617
/data/public/EchoSet/test/PuKPg4mmafe/0_5_dining_room/7729_2300/mix.wav,2.8520939350128174,3.0376086235046387,2.4816269874572754,2.72244930267334
/data/public/EchoSet/test/PuKPg4mmafe/0_5_dining_room/237_4992/mix.wav,11.651578903198242,11.830282211303711,11.154582977294922,11.422965049743652
/data/public/EchoSet/test/PuKPg4mmafe/0_5_dining_room/908_1284/mix.wav,9.359954833984375,9.439667701721191,8.459022521972656,8.583647727966309
/data/public/EchoSet/test/PuKPg4mmafe/0_5_dining_room/237_5105/mix.wav,10.013738632202148,10.350231170654297,9.558899879455566,9.967329025268555
/data/public/EchoSet/test/PuKPg4mmafe/0_5_dining_room/1284_121/mix.wav,2.8114981651306152,3.372180461883545,1.8181908130645752,2.485715866088867
/data/public/EchoSet/test/PuKPg4mmafe/0_5_dining_room/908_2094/mix.wav,10.997930526733398,11.285908699035645,10.672286987304688,10.997093200683594
/data/public/EchoSet/test/PuKPg4mmafe/0_5_dining_room/2300_5639/mix.wav,11.257331848144531,11.448607444763184,10.758594512939453,10.998506546020508
/data/public/EchoSet/test/PuKPg4mmafe/0_5_dining_room/4507_8224/mix.wav,16.52440071105957,16.62413215637207,16.285446166992188,16.408029556274414
/data/public/EchoSet/test/PuKPg4mmafe/0_5_dining_room/7729_8555/mix.wav,12.10715103149414,12.454817771911621,11.83908462524414,12.222555160522461
/data/public/EchoSet/test/PuKPg4mmafe/0_5_dining_room/2830_5639/mix.wav,2.2467503547668457,2.502875566482544,-0.3657572269439697,0.09949302673339844
/data/public/EchoSet/test/PuKPg4mmafe/0_5_dining_room/260_7127/mix.wav,-1.143324375152588,-0.7216696739196777,-1.800265908241272,-1.2529510259628296
/data/public/EchoSet/test/PuKPg4mmafe/0_5_dining_room/4970_2961/mix.wav,11.960012435913086,12.195844650268555,11.610788345336914,11.869431495666504
/data/public/EchoSet/test/PuKPg4mmafe/0_5_dining_room/5639_8463/mix.wav,5.533161163330078,6.3552680015563965,4.986574649810791,5.891716003417969
/data/public/EchoSet/test/PuKPg4mmafe/0_5_dining_room/4992_260/mix.wav,7.295836448669434,7.553491115570068,6.764864921569824,7.112819194793701
/data/public/EchoSet/test/PuKPg4mmafe/0_5_dining_room/1284_6829/mix.wav,6.113055229187012,6.0411057472229,5.297807216644287,5.42463493347168
/data/public/EchoSet/test/PuKPg4mmafe/0_5_dining_room/1284_4446/mix.wav,9.280787467956543,9.268671035766602,8.690401077270508,8.712315559387207
/data/public/EchoSet/test/PuKPg4mmafe/0_5_dining_room/121_6930/mix.wav,6.608821392059326,6.707232475280762,6.107875823974609,6.291291236877441
/data/public/EchoSet/test/PuKPg4mmafe/0_5_dining_room/237_61/mix.wav,10.923466682434082,11.333141326904297,10.649291038513184,11.079634666442871
/data/public/EchoSet/test/PuKPg4mmafe/0_5_dining_room/4446_2094/mix.wav,8.92424201965332,8.919353485107422,8.248687744140625,8.276308059692383
/data/public/EchoSet/test/PuKPg4mmafe/0_5_dining_room/3570_1995/mix.wav,9.28030776977539,9.435083389282227,8.957353591918945,9.150630950927734
/data/public/EchoSet/test/PuKPg4mmafe/0_5_dining_room/8224_5142/mix.wav,6.991513729095459,6.871770858764648,2.969684362411499,2.9341838359832764
/data/public/EchoSet/test/PuKPg4mmafe/0_5_dining_room/7729_4970/mix.wav,10.292346000671387,10.596779823303223,9.76490592956543,10.133302688598633
/data/public/EchoSet/test/PuKPg4mmafe/0_5_dining_room/7127_4507/mix.wav,8.736089706420898,9.148242950439453,8.222780227661133,8.749573707580566
/data/public/EchoSet/test/PuKPg4mmafe/0_5_dining_room/1580_1221/mix.wav,12.149149894714355,12.184906005859375,11.697628021240234,11.756558418273926
/data/public/EchoSet/test/PuKPg4mmafe/0_5_dining_room/8230_7021/mix.wav,12.05527400970459,12.285947799682617,11.59638786315918,11.869352340698242
/data/public/EchoSet/test/PuKPg4mmafe/0_5_dining_room/5105_1995/mix.wav,11.882562637329102,12.030014991760254,11.193442344665527,11.429158210754395
/data/public/EchoSet/test/PuKPg4mmafe/0_5_dining_room/1221_8230/mix.wav,12.510133743286133,12.771428108215332,12.10765266418457,12.408442497253418
/data/public/EchoSet/test/PuKPg4mmafe/0_5_dining_room/2094_8555/mix.wav,7.216146469116211,6.706982612609863,6.404285430908203,6.13815975189209
/data/public/EchoSet/test/PuKPg4mmafe/0_5_dining_room/2961_260/mix.wav,13.446961402893066,13.437065124511719,13.061395645141602,13.086332321166992
/data/public/EchoSet/test/PuKPg4mmafe/0_5_dining_room/1221_5142/mix.wav,8.982322692871094,9.018355369567871,8.208686828613281,8.31750774383545
/data/public/EchoSet/test/PuKPg4mmafe/0_5_dining_room/7176_7021/mix.wav,9.304449081420898,9.149374961853027,8.950783729553223,8.84902572631836
/data/public/EchoSet/test/PuKPg4mmafe/0_5_dining_room/1580_7021/mix.wav,13.15542984008789,13.169952392578125,12.402084350585938,12.482603073120117
/data/public/EchoSet/test/PuKPg4mmafe/0_5_dining_room/5105_61/mix.wav,6.150112152099609,5.661375045776367,5.560100078582764,5.175610065460205
/data/public/EchoSet/test/PuKPg4mmafe/0_5_dining_room/237_1188/mix.wav,13.643365859985352,13.752507209777832,12.949850082397461,13.088081359863281
/data/public/EchoSet/test/PuKPg4mmafe/0_5_dining_room/1995_908/mix.wav,9.995820999145508,9.867681503295898,9.08545970916748,9.15965747833252
/data/public/EchoSet/test/PuKPg4mmafe/0_5_dining_room/672_3729/mix.wav,8.134113311767578,8.09445858001709,7.49482536315918,7.535748481750488
/data/public/EchoSet/test/PuKPg4mmafe/0_5_dining_room/7729_237/mix.wav,10.365362167358398,10.57108211517334,9.938529968261719,10.187469482421875
/data/public/EchoSet/test/PuKPg4mmafe/0_5_dining_room/4970_4992/mix.wav,8.568851470947266,8.580955505371094,8.215869903564453,8.260541915893555
/data/public/EchoSet/test/PuKPg4mmafe/0_5_dining_room/7176_4077/mix.wav,7.137058734893799,7.451042175292969,6.535134792327881,7.037869930267334
/data/public/EchoSet/test/PuKPg4mmafe/0_5_dining_room/8555_1221/mix.wav,10.76469612121582,10.865137100219727,10.165481567382812,10.373128890991211
/data/public/EchoSet/test/PuKPg4mmafe/0_5_dining_room/1089_5105/mix.wav,2.2748470306396484,2.6463985443115234,1.404191493988037,1.879821538925171
/data/public/EchoSet/test/PuKPg4mmafe/0_5_dining_room/8463_3575/mix.wav,8.62411880493164,8.789037704467773,7.704591751098633,7.92407751083374
/data/public/EchoSet/test/PuKPg4mmafe/0_5_dining_room/3575_4992/mix.wav,11.228178977966309,11.195245742797852,10.524099349975586,10.534058570861816
/data/public/EchoSet/test/PuKPg4mmafe/0_5_dining_room/2830_121/mix.wav,7.4565935134887695,7.562105655670166,5.191414833068848,5.352860450744629
/data/public/EchoSet/test/PuKPg4mmafe/0_5_dining_room/5142_1995/mix.wav,12.937286376953125,12.888671875,12.06645393371582,12.127201080322266
/data/public/EchoSet/test/PuKPg4mmafe/0_5_dining_room/61_4446/mix.wav,8.233522415161133,8.454460144042969,7.660829544067383,8.016590118408203
/data/public/EchoSet/test/PuKPg4mmafe/0_5_dining_room/6930_1188/mix.wav,3.9529881477355957,4.095489978790283,3.4529941082000732,3.688593864440918
/data/public/EchoSet/test/PuKPg4mmafe/0_5_dining_room/2300_4970/mix.wav,10.383974075317383,10.729397773742676,9.987215995788574,10.379742622375488
/data/public/EchoSet/test/PuKPg4mmafe/0_5_dining_room/1320_7127/mix.wav,7.618436813354492,7.639156818389893,6.725027084350586,6.866883277893066
/data/public/EchoSet/test/PuKPg4mmafe/0_5_dining_room/2961_2094/mix.wav,5.010647773742676,5.098044395446777,4.400673866271973,4.5845770835876465
/data/public/EchoSet/test/PuKPg4mmafe/0_5_dining_room/61_1580/mix.wav,9.010601997375488,9.132317543029785,7.964627265930176,8.185711860656738
/data/public/EchoSet/test/PuKPg4mmafe/0_5_dining_room/6829_2300/mix.wav,10.02764892578125,9.973554611206055,9.685598373413086,9.691431999206543
/data/public/EchoSet/test/PuKPg4mmafe/0_5_dining_room/7176_672/mix.wav,10.358532905578613,10.7242431640625,9.660562515258789,10.067496299743652
/data/public/EchoSet/test/PuKPg4mmafe/0_5_dining_room/1089_4507/mix.wav,12.176025390625,12.405681610107422,11.965537071228027,12.224322319030762
/data/public/EchoSet/test/RPmz2sHmrrY/0_7_office/7021_8555/mix.wav,12.464803695678711,12.335991859436035,11.792842864990234,11.707247734069824
/data/public/EchoSet/test/RPmz2sHmrrY/0_7_office/8224_4507/mix.wav,13.535078048706055,13.54839038848877,13.118488311767578,13.234349250793457
/data/public/EchoSet/test/RPmz2sHmrrY/0_7_office/237_6930/mix.wav,7.981546401977539,7.929507255554199,6.703770637512207,6.699460983276367
/data/public/EchoSet/test/RPmz2sHmrrY/0_7_office/2961_7176/mix.wav,11.694025039672852,11.870930671691895,11.26070499420166,11.472600936889648
/data/public/EchoSet/test/RPmz2sHmrrY/0_7_office/2300_672/mix.wav,8.585563659667969,9.042003631591797,8.251168251037598,8.746671676635742
/data/public/EchoSet/test/RPmz2sHmrrY/0_7_office/7021_4077/mix.wav,8.671658515930176,9.010212898254395,8.105066299438477,8.484718322753906
/data/public/EchoSet/test/RPmz2sHmrrY/0_7_office/4446_7127/mix.wav,5.653753757476807,5.687792778015137,4.671554088592529,4.967109680175781
/data/public/EchoSet/test/RPmz2sHmrrY/0_7_office/3575_1089/mix.wav,9.967527389526367,10.034370422363281,9.32697868347168,9.486320495605469
/data/public/EchoSet/test/RPmz2sHmrrY/0_7_office/121_7127/mix.wav,10.19036865234375,10.218482971191406,9.871803283691406,9.981671333312988
/data/public/EchoSet/test/RPmz2sHmrrY/0_7_office/2830_7176/mix.wav,5.251306056976318,5.174509048461914,3.9781432151794434,3.9726345539093018
/data/public/EchoSet/test/RPmz2sHmrrY/0_7_office/1995_4970/mix.wav,12.401569366455078,12.464829444885254,12.099359512329102,12.209857940673828
/data/public/EchoSet/test/RPmz2sHmrrY/0_7_office/8463_1188/mix.wav,12.390750885009766,12.34443473815918,11.83580207824707,11.844551086425781
/data/public/EchoSet/test/RPmz2sHmrrY/0_7_office/260_6930/mix.wav,7.291545391082764,7.171507358551025,7.030584812164307,6.9262614250183105
/data/public/EchoSet/test/RPmz2sHmrrY/0_7_office/2094_5105/mix.wav,-3.5109145641326904,-3.378892421722412,-4.9503984451293945,-4.80712890625
/data/public/EchoSet/test/RPmz2sHmrrY/0_7_office/3729_1320/mix.wav,13.115863800048828,13.222882270812988,12.600505828857422,12.747580528259277
/data/public/EchoSet/test/RPmz2sHmrrY/0_7_office/7729_1320/mix.wav,8.179242134094238,8.354957580566406,7.626463890075684,7.890805244445801
/data/public/EchoSet/test/RPmz2sHmrrY/0_7_office/7021_5639/mix.wav,12.15958023071289,12.143744468688965,11.652021408081055,11.766278266906738
/data/public/EchoSet/test/RPmz2sHmrrY/0_7_office/3729_1580/mix.wav,9.274539947509766,9.417791366577148,8.706267356872559,8.895784378051758
/data/public/EchoSet/test/RPmz2sHmrrY/0_7_office/1284_7729/mix.wav,11.179588317871094,11.057406425476074,10.736078262329102,10.685054779052734
/data/public/EchoSet/test/RPmz2sHmrrY/0_7_office/1188_4446/mix.wav,10.466520309448242,10.62098503112793,9.179693222045898,9.401106834411621
/data/public/EchoSet/test/RPmz2sHmrrY/0_7_office/6829_4992/mix.wav,4.3707451820373535,4.343554496765137,3.9325523376464844,3.9664061069488525
/data/public/EchoSet/test/RPmz2sHmrrY/0_7_office/2830_7127/mix.wav,0.8410091996192932,0.49876365065574646,-0.28671085834503174,-0.4250537157058716
/data/public/EchoSet/test/RPmz2sHmrrY/0_7_office/3575_8230/mix.wav,13.57522964477539,13.731499671936035,13.040573120117188,13.234920501708984
/data/public/EchoSet/test/RPmz2sHmrrY/0_7_office/7127_7021/mix.wav,10.902502059936523,11.163107872009277,10.415031433105469,10.700756072998047
/data/public/EchoSet/test/RPmz2sHmrrY/0_7_office/8463_6930/mix.wav,9.6298246383667,9.459013938903809,8.745978355407715,8.715499877929688
/data/public/EchoSet/test/RPmz2sHmrrY/0_7_office/1995_237/mix.wav,13.159648895263672,13.05366325378418,12.575396537780762,12.585445404052734
/data/public/EchoSet/test/RPmz2sHmrrY/0_7_office/8555_4507/mix.wav,11.113748550415039,11.386914253234863,10.476405143737793,10.78981876373291
/data/public/EchoSet/test/RPmz2sHmrrY/0_7_office/8455_5639/mix.wav,0.6884199380874634,0.710182785987854,0.1816713809967041,0.24927067756652832
/data/public/EchoSet/test/RPmz2sHmrrY/0_7_office/6829_5105/mix.wav,8.915371894836426,9.399909973144531,8.356922149658203,8.879249572753906
/data/public/EchoSet/test/RPmz2sHmrrY/0_7_office/4970_260/mix.wav,14.129432678222656,14.379593849182129,13.564109802246094,13.842775344848633
/data/public/EchoSet/test/RPmz2sHmrrY/0_7_office/260_672/mix.wav,8.228250503540039,8.151067733764648,7.224068641662598,7.302475452423096
/data/public/EchoSet/test/RPmz2sHmrrY/0_7_office/260_2961/mix.wav,10.76452922821045,10.884413719177246,10.268535614013672,10.485980033874512
/data/public/EchoSet/test/RPmz2sHmrrY/0_7_office/4507_908/mix.wav,12.99612808227539,12.681381225585938,12.1447172164917,12.540079116821289
/data/public/EchoSet/test/RPmz2sHmrrY/0_7_office/4077_237/mix.wav,6.973921298980713,6.978494644165039,5.7445831298828125,5.994316101074219
/data/public/EchoSet/test/RPmz2sHmrrY/0_7_office/3570_1221/mix.wav,13.133337020874023,13.23607063293457,12.481414794921875,12.63393783569336
/data/public/EchoSet/test/RPmz2sHmrrY/0_7_office/121_5683/mix.wav,11.85201358795166,11.98389720916748,10.643847465515137,10.853289604187012
/data/public/EchoSet/test/RPmz2sHmrrY/0_7_office/2094_3570/mix.wav,6.546444416046143,6.7703094482421875,5.629262924194336,6.007956504821777
/data/public/EchoSet/test/RPmz2sHmrrY/0_7_office/3570_3729/mix.wav,12.600664138793945,12.847121238708496,12.307541847229004,12.580888748168945
/data/public/EchoSet/test/RPmz2sHmrrY/0_7_office/1221_1995/mix.wav,14.90377140045166,14.885893821716309,14.530672073364258,14.536124229431152
/data/public/EchoSet/test/RPmz2sHmrrY/0_7_office/1089_1284/mix.wav,10.966157913208008,10.8594970703125,10.416156768798828,10.432168006896973
/data/public/EchoSet/test/RPmz2sHmrrY/0_7_office/3575_7729/mix.wav,10.824159622192383,10.823779106140137,10.245428085327148,10.374958038330078
/data/public/EchoSet/test/RPmz2sHmrrY/0_7_office/3729_2961/mix.wav,8.05434513092041,8.383871078491211,7.284993648529053,7.709482192993164
/data/public/EchoSet/test/RPmz2sHmrrY/0_7_office/5639_908/mix.wav,11.941194534301758,12.142337799072266,11.706208229064941,11.9296236038208
/data/public/EchoSet/test/RPmz2sHmrrY/0_7_office/1284_4077/mix.wav,10.429948806762695,10.369304656982422,9.429086685180664,9.417515754699707
/data/public/EchoSet/test/RPmz2sHmrrY/0_7_office/4446_61/mix.wav,3.553278923034668,3.80194091796875,2.554797887802124,2.8851490020751953
/data/public/EchoSet/test/RPmz2sHmrrY/0_7_office/8230_7176/mix.wav,7.752574920654297,8.365808486938477,7.071238040924072,7.716451644897461
/data/public/EchoSet/test/RPmz2sHmrrY/0_7_office/1320_8224/mix.wav,11.891877174377441,12.128875732421875,11.199853897094727,11.462884902954102
/data/public/EchoSet/test/RPmz2sHmrrY/0_7_office/1089_8463/mix.wav,12.381738662719727,12.148030281066895,11.853330612182617,11.751493453979492
/data/public/EchoSet/test/RPmz2sHmrrY/0_7_office/8555_1188/mix.wav,11.625598907470703,11.672087669372559,10.767084121704102,10.837332725524902
/data/public/EchoSet/test/RPmz2sHmrrY/0_7_office/5105_8224/mix.wav,4.885937213897705,4.880614757537842,3.7579102516174316,3.7743334770202637
/data/public/EchoSet/test/RPmz2sHmrrY/0_7_office/1995_2300/mix.wav,15.01356315612793,14.997133255004883,14.53434944152832,14.560175895690918
/data/public/EchoSet/test/RPmz2sHmrrY/0_7_office/237_4992/mix.wav,6.971875190734863,6.938507556915283,5.640083312988281,5.665389537811279
/data/public/EchoSet/test/RPmz2sHmrrY/0_7_office/6930_5142/mix.wav,-1.1475441455841064,-1.437462329864502,-1.6149499416351318,-1.8107380867004395
/data/public/EchoSet/test/RPmz2sHmrrY/0_7_office/1188_5105/mix.wav,12.658247947692871,12.759965896606445,11.47298812866211,11.593029022216797
/data/public/EchoSet/test/RPmz2sHmrrY/0_7_office/7729_5105/mix.wav,11.0400390625,11.055380821228027,10.54637336730957,10.630319595336914
/data/public/EchoSet/test/RPmz2sHmrrY/0_7_office/5142_4077/mix.wav,7.368175506591797,7.421004772186279,6.445397853851318,6.60526180267334
/data/public/EchoSet/test/RPmz2sHmrrY/0_7_office/237_5105/mix.wav,8.115181922912598,8.0526704788208,6.914602279663086,6.916537761688232
/data/public/EchoSet/test/RPmz2sHmrrY/0_7_office/6930_8230/mix.wav,8.481557846069336,8.253458976745605,7.244613170623779,7.096398830413818
/data/public/EchoSet/test/RPmz2sHmrrY/0_7_office/908_2094/mix.wav,11.498067855834961,11.575077056884766,10.880284309387207,11.068942070007324
/data/public/EchoSet/test/RPmz2sHmrrY/0_7_office/1580_1284/mix.wav,14.617286682128906,14.612776756286621,13.755060195922852,13.804649353027344
/data/public/EchoSet/test/RPmz2sHmrrY/0_7_office/672_3570/mix.wav,9.108355522155762,9.046679496765137,7.661040306091309,7.674802303314209
/data/public/EchoSet/test/RPmz2sHmrrY/0_7_office/6829_908/mix.wav,10.618396759033203,10.500822067260742,9.814867973327637,9.760065078735352
/data/public/EchoSet/test/RPmz2sHmrrY/0_7_office/1320_2830/mix.wav,10.248498916625977,9.706686019897461,9.791128158569336,9.395827293395996
/data/public/EchoSet/test/RPmz2sHmrrY/0_7_office/1221_3575/mix.wav,7.61025333404541,7.528587341308594,6.773392677307129,6.730650901794434
/data/public/EchoSet/test/RPmz2sHmrrY/0_7_office/4970_7176/mix.wav,11.852092742919922,11.818183898925781,11.490119934082031,11.568748474121094
/data/public/EchoSet/test/RPmz2sHmrrY/0_7_office/8224_2094/mix.wav,6.227208137512207,6.441293716430664,4.827066421508789,5.072742938995361
/data/public/EchoSet/test/RPmz2sHmrrY/0_7_office/1580_7729/mix.wav,12.61258316040039,12.884117126464844,12.042325973510742,12.374412536621094
/data/public/EchoSet/test/RPmz2sHmrrY/0_7_office/4446_2300/mix.wav,10.800052642822266,11.08819580078125,10.191486358642578,10.557638168334961
/data/public/EchoSet/test/RPmz2sHmrrY/0_7_office/3570_5683/mix.wav,11.344846725463867,11.46397876739502,10.666170120239258,10.850668907165527
/data/public/EchoSet/test/RPmz2sHmrrY/0_7_office/4992_1089/mix.wav,7.606125354766846,7.744164943695068,7.206999778747559,7.3908820152282715
/data/public/EchoSet/test/RPmz2sHmrrY/0_7_office/5639_7021/mix.wav,8.461385726928711,8.632478713989258,8.031367301940918,8.295053482055664
/data/public/EchoSet/test/RPmz2sHmrrY/0_7_office/7176_61/mix.wav,7.692928791046143,7.735280990600586,7.183360576629639,7.247837066650391
/data/public/EchoSet/test/RPmz2sHmrrY/0_7_office/1284_5683/mix.wav,3.696484088897705,3.680040121078491,2.937605381011963,2.9925589561462402
/data/public/EchoSet/test/RPmz2sHmrrY/0_7_office/61_5683/mix.wav,14.9906644821167,15.134718894958496,14.468743324279785,14.641934394836426
/data/public/EchoSet/test/RPmz2sHmrrY/0_7_office/4992_8224/mix.wav,10.22347640991211,10.216381072998047,9.22275161743164,9.25996208190918
/data/public/EchoSet/test/RPmz2sHmrrY/0_7_office/6930_4507/mix.wav,15.592164993286133,15.600481986999512,15.053220748901367,15.158398628234863
/data/public/EchoSet/test/RPmz2sHmrrY/0_7_office/1089_1580/mix.wav,12.096146583557129,12.157089233398438,11.512083053588867,11.628013610839844
/data/public/EchoSet/test/RPmz2sHmrrY/0_7_office/3575_1995/mix.wav,1.4242579936981201,1.3543620109558105,0.30858808755874634,0.326809823513031
/data/public/EchoSet/test/RPmz2sHmrrY/0_7_office/3575_1188/mix.wav,10.942390441894531,11.270108222961426,10.11447525024414,10.490095138549805
/data/public/EchoSet/test/RPmz2sHmrrY/0_7_office/3729_1089/mix.wav,9.421025276184082,9.805307388305664,8.958105087280273,9.40568733215332
/data/public/EchoSet/test/RPmz2sHmrrY/0_7_office/4446_121/mix.wav,7.20551872253418,7.30025053024292,6.401273727416992,6.621670722961426
/data/public/EchoSet/test/RPmz2sHmrrY/0_7_office/4446_7021/mix.wav,15.25994873046875,15.309447288513184,14.7742919921875,14.84703254699707
/data/public/EchoSet/test/RPmz2sHmrrY/0_7_office/672_1320/mix.wav,3.834656238555908,4.019388198852539,3.278940439224243,3.525693416595459
/data/public/EchoSet/test/RPmz2sHmrrY/0_7_office/1995_2830/mix.wav,9.472999572753906,9.395779609680176,8.64692497253418,8.682365417480469
/data/public/EchoSet/test/RPmz2sHmrrY/0_7_office/7729_8455/mix.wav,9.156232833862305,9.319263458251953,8.473040580749512,8.725284576416016
/data/public/EchoSet/test/RPmz2sHmrrY/0_7_office/2961_908/mix.wav,11.53510856628418,11.686086654663086,11.047684669494629,11.240119934082031
/data/public/EchoSet/test/RPmz2sHmrrY/0_7_office/121_8455/mix.wav,14.125177383422852,14.206297874450684,13.35965347290039,13.458527565002441
/data/public/EchoSet/test/RPmz2sHmrrY/0_7_office/3729_8455/mix.wav,10.563669204711914,10.683772087097168,9.841573715209961,10.024237632751465
/data/public/EchoSet/test/RPmz2sHmrrY/0_7_office/3570_672/mix.wav,13.006158828735352,13.145315170288086,11.838098526000977,12.006950378417969
/data/public/EchoSet/test/RPmz2sHmrrY/0_7_office/7021_3570/mix.wav,9.871938705444336,10.270153999328613,9.317397117614746,9.783374786376953
/data/public/EchoSet/test/RPmz2sHmrrY/0_7_office/7176_4970/mix.wav,15.822343826293945,15.880187034606934,15.491430282592773,15.582122802734375
/data/public/EchoSet/test/RPmz2sHmrrY/0_7_office/5639_8555/mix.wav,9.66968822479248,9.596020698547363,8.969194412231445,8.980877876281738
/data/public/EchoSet/test/RPmz2sHmrrY/0_7_office/5142_237/mix.wav,5.153919219970703,5.320812225341797,4.717939853668213,4.923314094543457
/data/public/EchoSet/test/RPmz2sHmrrY/0_7_office/260_8455/mix.wav,7.175571918487549,7.787899971008301,6.653475761413574,7.313134670257568
/data/public/EchoSet/test/RPmz2sHmrrY/0_7_office/7127_1580/mix.wav,10.171977996826172,10.133161544799805,9.407642364501953,9.443735122680664
/data/public/EchoSet/test/RPmz2sHmrrY/0_7_office/1580_8463/mix.wav,4.569663047790527,4.6120758056640625,4.304905891418457,4.414609432220459
/data/public/EchoSet/test/RPmz2sHmrrY/0_7_office/61_4992/mix.wav,7.972207069396973,7.971220016479492,7.592502593994141,7.635303020477295
/data/public/EchoSet/test/RPmz2sHmrrY/0_7_office/908_1580/mix.wav,14.31109619140625,14.102190971374512,13.620596885681152,13.560285568237305
/data/public/EchoSet/test/RPmz2sHmrrY/0_7_office/2300_3729/mix.wav,11.438565254211426,11.429643630981445,10.957695007324219,10.983654975891113
/data/public/EchoSet/test/RPmz2sHmrrY/0_7_office/2830_8555/mix.wav,5.26877498626709,5.207010269165039,4.624357223510742,4.596336841583252
/data/public/EchoSet/test/RPmz2sHmrrY/0_7_office/1995_2961/mix.wav,9.05285358428955,8.929972648620605,8.427145957946777,8.37795352935791
/data/public/EchoSet/test/RPmz2sHmrrY/0_7_office/260_237/mix.wav,12.191389083862305,12.216808319091797,11.509193420410156,11.609641075134277
/data/public/EchoSet/test/RPmz2sHmrrY/0_7_office/5683_8230/mix.wav,11.166993141174316,11.02302360534668,10.082109451293945,10.079641342163086
/data/public/EchoSet/test/RPmz2sHmrrY/0_7_office/1188_672/mix.wav,7.320406913757324,7.518587112426758,5.877466678619385,6.181012153625488
/data/public/EchoSet/test/RPmz2sHmrrY/0_7_office/672_4992/mix.wav,13.053293228149414,13.306153297424316,12.678993225097656,12.959715843200684
/data/public/EchoSet/test/RPmz2sHmrrY/0_7_office/4077_5142/mix.wav,9.127568244934082,9.288755416870117,8.230867385864258,8.483296394348145
/data/public/EchoSet/test/RPmz2sHmrrY/0_7_office/7127_5683/mix.wav,11.8839111328125,11.972991943359375,11.172026634216309,11.312725067138672
/data/public/EchoSet/test/RPmz2sHmrrY/0_7_office/5639_4970/mix.wav,11.135007858276367,11.200490951538086,10.763753890991211,10.86130142211914
/data/public/EchoSet/test/RPmz2sHmrrY/0_7_office/8230_2300/mix.wav,7.792914867401123,8.057624816894531,7.278390884399414,7.607039928436279
/data/public/EchoSet/test/RPmz2sHmrrY/0_7_office/2961_3575/mix.wav,11.543935775756836,11.624199867248535,10.947835922241211,11.074874877929688
/data/public/EchoSet/test/RPmz2sHmrrY/0_7_office/2830_7729/mix.wav,10.164674758911133,10.197182655334473,8.442361831665039,8.491291046142578
/data/public/EchoSet/test/RPmz2sHmrrY/0_7_office/2961_1284/mix.wav,4.71488094329834,4.776571273803711,4.088197231292725,4.234104156494141
/data/public/EchoSet/test/RPmz2sHmrrY/0_7_office/4077_8555/mix.wav,10.185741424560547,10.494182586669922,9.769599914550781,10.143962860107422
/data/public/EchoSet/test/RPmz2sHmrrY/0_7_office/1221_8455/mix.wav,7.947388648986816,8.183463096618652,7.328967571258545,7.615416526794434
/data/public/EchoSet/test/RPmz2sHmrrY/0_7_office/121_8463/mix.wav,9.932806015014648,10.048126220703125,9.466798782348633,9.63895034790039
/data/public/EchoSet/test/RPmz2sHmrrY/0_7_office/5639_121/mix.wav,10.645390510559082,10.743635177612305,9.973655700683594,10.17784309387207
/data/public/EchoSet/test/RPmz2sHmrrY/0_7_office/1089_4507/mix.wav,7.251376152038574,7.460367202758789,6.732332229614258,7.041360378265381
/data/public/EchoSet/test/RPmz2sHmrrY/0_7_office/8230_5142/mix.wav,5.84529972076416,6.102367401123047,5.250819206237793,5.532995223999023
/data/public/EchoSet/test/RPmz2sHmrrY/0_7_office/4992_2094/mix.wav,5.517131805419922,5.168661594390869,4.300406455993652,4.0485382080078125
/data/public/EchoSet/test/RPmz2sHmrrY/0_7_office/260_4970/mix.wav,12.623756408691406,12.869468688964844,12.084489822387695,12.383395195007324
/data/public/EchoSet/test/RPmz2sHmrrY/0_7_office/1320_4446/mix.wav,13.615287780761719,13.625316619873047,12.220490455627441,12.295915603637695
/data/public/EchoSet/test/RPmz2sHmrrY/0_7_office/1221_2300/mix.wav,9.465953826904297,9.517512321472168,8.448604583740234,8.545721054077148
/data/public/EchoSet/test/RPmz2sHmrrY/0_7_office/1221_4077/mix.wav,9.577401161193848,9.416836738586426,8.888847351074219,8.847234725952148
/data/public/EchoSet/test/RPmz2sHmrrY/0_7_office/5142_6930/mix.wav,7.929393768310547,8.032219886779785,7.227851390838623,7.425610542297363
/data/public/EchoSet/test/RPmz2sHmrrY/0_7_office/1221_8555/mix.wav,12.869072914123535,13.080631256103516,12.413274765014648,12.679487228393555
/data/public/EchoSet/test/RPmz2sHmrrY/0_7_office/121_2094/mix.wav,12.188769340515137,12.124181747436523,11.56982421875,11.629810333251953
/data/public/EchoSet/test/RPmz2sHmrrY/0_7_office/6829_8455/mix.wav,9.55002212524414,9.92015266418457,8.919095993041992,9.330045700073242
/data/public/EchoSet/test/RPmz2sHmrrY/0_7_office/1284_1188/mix.wav,10.714423179626465,10.964592933654785,9.956337928771973,10.283812522888184
/data/public/EchoSet/test/RPmz2sHmrrY/0_7_office/2094_8230/mix.wav,7.849217891693115,7.7567291259765625,3.0143043994903564,3.0184805393218994
/data/public/EchoSet/test/RPmz2sHmrrY/0_7_office/61_6829/mix.wav,4.61854362487793,4.716889381408691,3.6153578758239746,3.7448537349700928
/data/public/EchoSet/test/RPmz2sHmrrY/0_7_office/5683_8463/mix.wav,12.012166976928711,11.92929458618164,11.67570686340332,11.65481948852539
/data/public/EchoSet/test/RPmz2sHmrrY/0_7_office/8224_2300/mix.wav,9.026134490966797,9.156655311584473,7.707569122314453,7.887348651885986
/data/public/EchoSet/test/RPmz2sHmrrY/0_7_office/908_4507/mix.wav,11.59556770324707,11.64466667175293,11.092096328735352,11.186981201171875
/data/public/EchoSet/test/RPmz2sHmrrY/0_7_office/5142_7127/mix.wav,10.10523796081543,10.213747024536133,8.826663970947266,8.951478958129883
/data/public/EchoSet/test/RPmz2sHmrrY/0_7_office/2830_8463/mix.wav,9.534998893737793,9.485004425048828,7.7813920974731445,7.877772331237793
/data/public/EchoSet/test/RPmz2sHmrrY/0_7_office/4507_61/mix.wav,13.403274536132812,13.387470245361328,12.920816421508789,12.99567699432373
/data/public/EchoSet/test/RPmz2sHmrrY/0_5_living_room/8555_5639/mix.wav,16.659250259399414,16.69078254699707,16.239276885986328,16.28685188293457
/data/public/EchoSet/test/RPmz2sHmrrY/0_5_living_room/1284_4446/mix.wav,9.462504386901855,9.461343765258789,8.53956413269043,8.619266510009766
/data/public/EchoSet/test/RPmz2sHmrrY/0_5_living_room/1320_6829/mix.wav,10.985566139221191,10.989455223083496,10.015918731689453,10.108426094055176
/data/public/EchoSet/test/RPmz2sHmrrY/0_5_living_room/1995_6930/mix.wav,14.106393814086914,14.382993698120117,13.9241943359375,14.213371276855469
/data/public/EchoSet/test/RPmz2sHmrrY/0_5_living_room/6829_1089/mix.wav,11.022689819335938,11.185791969299316,10.580873489379883,10.802824974060059
/data/public/EchoSet/test/RPmz2sHmrrY/0_5_living_room/6829_7021/mix.wav,15.1923246383667,15.224956512451172,14.589881896972656,14.647359848022461
/data/public/EchoSet/test/RPmz2sHmrrY/0_5_living_room/3729_7729/mix.wav,11.85506820678711,12.034706115722656,11.494682312011719,11.715137481689453
/data/public/EchoSet/test/RPmz2sHmrrY/0_5_living_room/61_2961/mix.wav,11.38424015045166,11.418535232543945,10.942654609680176,11.011956214904785
/data/public/EchoSet/test/RPmz2sHmrrY/0_5_living_room/8230_8455/mix.wav,12.019981384277344,12.125659942626953,11.285211563110352,11.432311058044434
/data/public/EchoSet/test/RPmz2sHmrrY/0_5_living_room/237_4077/mix.wav,12.749565124511719,12.911584854125977,12.129969596862793,12.38576889038086
/data/public/EchoSet/test/RPmz2sHmrrY/0_5_living_room/7176_7021/mix.wav,8.20509147644043,8.389169692993164,7.758256435394287,8.076414108276367
/data/public/EchoSet/test/RPmz2sHmrrY/0_5_living_room/237_2300/mix.wav,11.909016609191895,11.869773864746094,11.0936279296875,11.090852737426758
/data/public/EchoSet/test/RPmz2sHmrrY/0_5_living_room/8455_672/mix.wav,10.17220401763916,10.17165470123291,9.40893840789795,9.54440689086914
/data/public/EchoSet/test/RPmz2sHmrrY/0_5_living_room/1995_1320/mix.wav,14.436542510986328,14.546303749084473,14.162443161010742,14.307028770446777
/data/public/EchoSet/test/RPmz2sHmrrY/0_5_living_room/1221_5142/mix.wav,6.364132404327393,6.3171772956848145,4.804750442504883,4.793153285980225
/data/public/EchoSet/test/RPmz2sHmrrY/0_5_living_room/8555_1089/mix.wav,13.628823280334473,13.673675537109375,12.957738876342773,13.139328956604004
/data/public/EchoSet/test/RPmz2sHmrrY/0_5_living_room/8224_3729/mix.wav,12.305936813354492,12.55500602722168,11.949684143066406,12.217066764831543
/data/public/EchoSet/test/RPmz2sHmrrY/0_5_living_room/4992_4970/mix.wav,12.784303665161133,12.905104637145996,12.314294815063477,12.4779691696167
/data/public/EchoSet/test/RPmz2sHmrrY/0_5_living_room/3575_5105/mix.wav,9.253969192504883,9.367854118347168,8.469457626342773,8.687353134155273
/data/public/EchoSet/test/RPmz2sHmrrY/0_5_living_room/7176_8555/mix.wav,9.830652236938477,10.193116188049316,9.439133644104004,9.875826835632324
/data/public/EchoSet/test/RPmz2sHmrrY/0_5_living_room/908_7176/mix.wav,10.583415031433105,10.604225158691406,10.049272537231445,10.109519004821777
/data/public/EchoSet/test/RPmz2sHmrrY/0_5_living_room/4992_3575/mix.wav,8.684161186218262,8.846281051635742,8.33236312866211,8.525486946105957
/data/public/EchoSet/test/RPmz2sHmrrY/0_5_living_room/6930_4446/mix.wav,6.397477626800537,6.537586688995361,5.781877517700195,5.974631309509277
/data/public/EchoSet/test/RPmz2sHmrrY/0_5_living_room/1221_7021/mix.wav,10.445442199707031,10.674601554870605,9.901087760925293,10.176544189453125
/data/public/EchoSet/test/RPmz2sHmrrY/0_5_living_room/2830_4970/mix.wav,9.658002853393555,9.693260192871094,7.365451812744141,7.569655418395996
/data/public/EchoSet/test/RPmz2sHmrrY/0_5_living_room/1188_8463/mix.wav,11.726011276245117,11.908590316772461,11.013975143432617,11.242523193359375
/data/public/EchoSet/test/RPmz2sHmrrY/0_5_living_room/6829_8555/mix.wav,6.999194145202637,7.2723541259765625,6.327815055847168,6.6491851806640625
/data/public/EchoSet/test/RPmz2sHmrrY/0_5_living_room/8455_5683/mix.wav,11.851807594299316,11.942091941833496,10.956624984741211,11.074708938598633
/data/public/EchoSet/test/RPmz2sHmrrY/0_5_living_room/4507_2094/mix.wav,0.17743194103240967,0.14899945259094238,-1.0151033401489258,-0.8849021792411804
/data/public/EchoSet/test/RPmz2sHmrrY/0_5_living_room/8230_5142/mix.wav,11.132791519165039,11.321033477783203,10.391380310058594,10.659974098205566
/data/public/EchoSet/test/RPmz2sHmrrY/0_5_living_room/8463_61/mix.wav,-2.895591974258423,-2.65910267829895,-3.618530750274658,-3.229595184326172
/data/public/EchoSet/test/RPmz2sHmrrY/0_5_living_room/908_4446/mix.wav,11.857337951660156,12.08430004119873,11.347925186157227,11.62518310546875
/data/public/EchoSet/test/RPmz2sHmrrY/0_5_living_room/8224_5639/mix.wav,7.050869941711426,6.978529930114746,6.539810657501221,6.6188859939575195
/data/public/EchoSet/test/RPmz2sHmrrY/0_5_living_room/908_1995/mix.wav,11.448145866394043,11.51529598236084,10.914261817932129,11.058720588684082
/data/public/EchoSet/test/RPmz2sHmrrY/0_5_living_room/5683_1284/mix.wav,12.025424003601074,12.008520126342773,10.815013885498047,10.87695598602295
/data/public/EchoSet/test/RPmz2sHmrrY/0_5_living_room/8463_1221/mix.wav,10.59132194519043,10.863576889038086,9.784140586853027,10.09145736694336
/data/public/EchoSet/test/RPmz2sHmrrY/0_5_living_room/8463_2300/mix.wav,12.90556526184082,13.165328025817871,12.60297966003418,12.894074440002441
/data/public/EchoSet/test/RPmz2sHmrrY/0_5_living_room/7127_3570/mix.wav,10.398494720458984,10.699127197265625,10.088140487670898,10.452445983886719
/data/public/EchoSet/test/RPmz2sHmrrY/0_5_living_room/1995_2830/mix.wav,8.63755989074707,8.811321258544922,7.641406059265137,7.936793804168701
/data/public/EchoSet/test/RPmz2sHmrrY/0_5_living_room/3729_260/mix.wav,9.073870658874512,9.076197624206543,8.058398246765137,8.218045234680176
/data/public/EchoSet/test/RPmz2sHmrrY/0_5_living_room/3575_7127/mix.wav,5.491525650024414,5.6374897956848145,0.9337550401687622,1.1371963024139404
/data/public/EchoSet/test/RPmz2sHmrrY/0_5_living_room/1284_4507/mix.wav,8.511344909667969,8.31186294555664,8.022202491760254,7.903772830963135
/data/public/EchoSet/test/RPmz2sHmrrY/0_5_living_room/5639_2300/mix.wav,8.479497909545898,8.71132755279541,8.018386840820312,8.319318771362305
/data/public/EchoSet/test/RPmz2sHmrrY/0_5_living_room/4992_1221/mix.wav,8.778241157531738,9.186590194702148,8.35215950012207,8.798370361328125
/data/public/EchoSet/test/RPmz2sHmrrY/0_5_living_room/3575_1320/mix.wav,15.758627891540527,15.871294975280762,15.113214492797852,15.273528099060059
/data/public/EchoSet/test/RPmz2sHmrrY/0_5_living_room/6930_5683/mix.wav,9.099510192871094,9.285187721252441,7.848213195800781,8.078035354614258
/data/public/EchoSet/test/RPmz2sHmrrY/0_5_living_room/7021_7176/mix.wav,9.875140190124512,9.62767219543457,9.605334281921387,9.397541999816895
/data/public/EchoSet/test/RPmz2sHmrrY/0_5_living_room/4507_3729/mix.wav,11.7724027633667,11.870325088500977,11.400064468383789,11.5837984085083
/data/public/EchoSet/test/RPmz2sHmrrY/0_5_living_room/1188_8224/mix.wav,9.189645767211914,9.53360366821289,8.624408721923828,9.01929759979248
/data/public/EchoSet/test/RPmz2sHmrrY/0_5_living_room/7729_8224/mix.wav,9.717499732971191,9.813030242919922,9.105384826660156,9.234590530395508
/data/public/EchoSet/test/RPmz2sHmrrY/0_5_living_room/1089_121/mix.wav,11.698831558227539,11.74193000793457,11.20411491394043,11.331277847290039
/data/public/EchoSet/test/RPmz2sHmrrY/0_5_living_room/1284_5105/mix.wav,10.78561782836914,10.9019775390625,9.915521621704102,10.098917961120605
/data/public/EchoSet/test/RPmz2sHmrrY/0_5_living_room/2830_1221/mix.wav,4.549156188964844,4.650669574737549,2.2039413452148438,2.4451065063476562
/data/public/EchoSet/test/RPmz2sHmrrY/0_5_living_room/7127_1580/mix.wav,10.04198932647705,10.193513870239258,9.5438871383667,9.720094680786133
/data/public/EchoSet/test/RPmz2sHmrrY/0_5_living_room/121_8463/mix.wav,7.459575653076172,7.631821632385254,6.647939205169678,7.007541179656982
/data/public/EchoSet/test/RPmz2sHmrrY/0_5_living_room/6930_2830/mix.wav,5.284424304962158,5.31442928314209,3.8671536445617676,3.9932761192321777
/data/public/EchoSet/test/RPmz2sHmrrY/0_5_living_room/2094_8463/mix.wav,10.321683883666992,10.368694305419922,9.465189933776855,9.637630462646484
/data/public/EchoSet/test/RPmz2sHmrrY/0_5_living_room/61_7127/mix.wav,6.421869277954102,6.322088241577148,5.676327705383301,5.6198625564575195
/data/public/EchoSet/test/RPmz2sHmrrY/0_5_living_room/1580_1284/mix.wav,16.540019989013672,16.53103256225586,16.140106201171875,16.15654182434082
/data/public/EchoSet/test/RPmz2sHmrrY/0_5_living_room/237_7729/mix.wav,12.783781051635742,12.87091064453125,12.406818389892578,12.58275318145752
/data/public/EchoSet/test/RPmz2sHmrrY/0_5_living_room/1580_7729/mix.wav,14.224801063537598,14.1786527633667,13.824804306030273,13.838678359985352
/data/public/EchoSet/test/RPmz2sHmrrY/0_5_living_room/1089_4446/mix.wav,11.850812911987305,12.028619766235352,11.452634811401367,11.65684700012207
/data/public/EchoSet/test/RPmz2sHmrrY/0_5_living_room/2300_237/mix.wav,10.876249313354492,11.114255905151367,10.052621841430664,10.32020092010498
/data/public/EchoSet/test/RPmz2sHmrrY/0_5_living_room/1995_5105/mix.wav,11.86613655090332,11.904684066772461,11.012886047363281,11.089298248291016
/data/public/EchoSet/test/RPmz2sHmrrY/0_5_living_room/4970_1995/mix.wav,13.513282775878906,13.596090316772461,12.88492202758789,13.021220207214355
/data/public/EchoSet/test/RPmz2sHmrrY/0_5_living_room/7729_1221/mix.wav,12.29548168182373,12.422037124633789,11.72968864440918,11.91302490234375
/data/public/EchoSet/test/RPmz2sHmrrY/0_5_living_room/1188_2300/mix.wav,5.684229373931885,5.825010776519775,4.971836090087891,5.1782989501953125
/data/public/EchoSet/test/RPmz2sHmrrY/0_5_living_room/3729_1221/mix.wav,3.815704822540283,3.8633482456207275,2.6742451190948486,2.781949520111084
/data/public/EchoSet/test/RPmz2sHmrrY/0_5_living_room/3570_5683/mix.wav,11.914684295654297,11.985284805297852,11.082357406616211,11.185347557067871
/data/public/EchoSet/test/RPmz2sHmrrY/0_5_living_room/61_7176/mix.wav,6.095800399780273,6.211611747741699,5.2507829666137695,5.436636447906494
/data/public/EchoSet/test/RPmz2sHmrrY/0_5_living_room/4992_8224/mix.wav,-1.8915427923202515,-1.6199395656585693,-2.632277488708496,-2.279913902282715
/data/public/EchoSet/test/RPmz2sHmrrY/0_5_living_room/3575_8463/mix.wav,9.066963195800781,9.248723983764648,8.487334251403809,8.727418899536133
/data/public/EchoSet/test/RPmz2sHmrrY/0_5_living_room/8230_3570/mix.wav,10.165704727172852,10.185547828674316,9.578351974487305,9.666974067687988
/data/public/EchoSet/test/RPmz2sHmrrY/0_5_living_room/2094_6930/mix.wav,5.040183067321777,4.7635908126831055,-0.0962827205657959,-0.2900460958480835
/data/public/EchoSet/test/RPmz2sHmrrY/0_5_living_room/1188_4507/mix.wav,12.559978485107422,12.698031425476074,11.879623413085938,12.046276092529297
/data/public/EchoSet/test/RPmz2sHmrrY/0_5_living_room/5639_2961/mix.wav,11.73527717590332,11.930604934692383,11.497406959533691,11.711544036865234
/data/public/EchoSet/test/RPmz2sHmrrY/0_5_living_room/4077_1580/mix.wav,8.52318000793457,8.632112503051758,7.687599182128906,7.863356113433838
/data/public/EchoSet/test/RPmz2sHmrrY/0_5_living_room/1580_6930/mix.wav,12.74691390991211,12.710522651672363,11.902677536010742,12.117403984069824
/data/public/EchoSet/test/RPmz2sHmrrY/0_5_living_room/6930_2300/mix.wav,9.691014289855957,9.574341773986816,7.691126346588135,7.638149261474609
/data/public/EchoSet/test/RPmz2sHmrrY/0_5_living_room/4077_6829/mix.wav,9.505548477172852,9.608241081237793,9.14140510559082,9.2820463180542
/data/public/EchoSet/test/RPmz2sHmrrY/0_5_living_room/5142_1221/mix.wav,8.525611877441406,8.606989860534668,6.99245023727417,7.160064220428467
/data/public/EchoSet/test/RPmz2sHmrrY/0_5_living_room/5142_2300/mix.wav,10.522640228271484,10.811156272888184,10.105148315429688,10.440847396850586
/data/public/EchoSet/test/RPmz2sHmrrY/0_5_living_room/8555_1188/mix.wav,10.759162902832031,10.787385940551758,10.085346221923828,10.189428329467773
/data/public/EchoSet/test/RPmz2sHmrrY/0_5_living_room/1995_4077/mix.wav,11.214801788330078,11.439568519592285,10.582501411437988,10.865194320678711
/data/public/EchoSet/test/RPmz2sHmrrY/0_5_living_room/3570_5639/mix.wav,11.819432258605957,11.949109077453613,10.337530136108398,10.500038146972656
/data/public/EchoSet/test/RPmz2sHmrrY/0_5_living_room/3575_672/mix.wav,9.386796951293945,9.324625968933105,8.567403793334961,8.660176277160645
/data/public/EchoSet/test/RPmz2sHmrrY/0_5_living_room/2830_260/mix.wav,3.6752939224243164,3.814406394958496,2.747392416000366,2.969285488128662
/data/public/EchoSet/test/RPmz2sHmrrY/0_5_living_room/7021_1284/mix.wav,11.971476554870605,12.148066520690918,11.519373893737793,11.71366024017334
/data/public/EchoSet/test/RPmz2sHmrrY/0_5_living_room/4446_4992/mix.wav,8.650154113769531,8.757776260375977,7.989767074584961,8.166998863220215
/data/public/EchoSet/test/RPmz2sHmrrY/0_5_living_room/260_121/mix.wav,7.941489219665527,8.104462623596191,7.318484306335449,7.53918981552124
/data/public/EchoSet/test/RPmz2sHmrrY/0_5_living_room/1320_5142/mix.wav,10.003739356994629,10.404150009155273,9.262039184570312,9.714635848999023
/data/public/EchoSet/test/RPmz2sHmrrY/0_5_living_room/2961_5105/mix.wav,7.086483955383301,7.1175384521484375,5.027457237243652,5.086816787719727
/data/public/EchoSet/test/RPmz2sHmrrY/0_5_living_room/5105_3729/mix.wav,9.169815063476562,8.889530181884766,7.347954273223877,7.347475528717041
/data/public/EchoSet/test/RPmz2sHmrrY/0_5_living_room/672_4077/mix.wav,4.806190490722656,4.823474884033203,3.978557586669922,4.0521039962768555
/data/public/EchoSet/test/RPmz2sHmrrY/0_5_living_room/5105_8555/mix.wav,11.769020080566406,11.992899894714355,11.20805835723877,11.480364799499512
/data/public/EchoSet/test/RPmz2sHmrrY/0_5_living_room/2830_4507/mix.wav,8.947439193725586,8.006665229797363,6.413846969604492,6.730959415435791
/data/public/EchoSet/test/RPmz2sHmrrY/0_5_living_room/121_1580/mix.wav,11.090997695922852,11.210614204406738,10.599213600158691,10.758108139038086
/data/public/EchoSet/test/RPmz2sHmrrY/0_5_living_room/2830_121/mix.wav,11.1309814453125,11.137426376342773,9.75861930847168,9.80726432800293
/data/public/EchoSet/test/RPmz2sHmrrY/0_5_living_room/3575_61/mix.wav,8.047539710998535,8.245768547058105,7.303292274475098,7.521939754486084
/data/public/EchoSet/test/RPmz2sHmrrY/0_5_living_room/2094_1580/mix.wav,14.021222114562988,14.375101089477539,13.809050559997559,14.213980674743652
/data/public/EchoSet/test/RPmz2sHmrrY/0_5_living_room/672_2300/mix.wav,8.705305099487305,9.250658988952637,7.953832626342773,8.563162803649902
/data/public/EchoSet/test/RPmz2sHmrrY/0_5_living_room/237_6829/mix.wav,7.69366979598999,7.852527618408203,6.713613510131836,6.94577693939209
/data/public/EchoSet/test/RPmz2sHmrrY/0_5_living_room/1089_4970/mix.wav,9.997835159301758,10.30972671508789,9.503843307495117,9.933274269104004
/data/public/EchoSet/test/RPmz2sHmrrY/0_5_living_room/908_672/mix.wav,13.028709411621094,13.110979080200195,12.64852237701416,12.763435363769531
/data/public/EchoSet/test/RPmz2sHmrrY/0_5_living_room/121_3570/mix.wav,10.138282775878906,10.196880340576172,9.796438217163086,9.895605087280273
/data/public/EchoSet/test/RPmz2sHmrrY/0_5_living_room/8224_3570/mix.wav,9.0956392288208,9.009251594543457,8.807851791381836,8.811513900756836
/data/public/EchoSet/test/RPmz2sHmrrY/0_5_living_room/1089_7729/mix.wav,9.109978675842285,9.438299179077148,8.814167976379395,9.168704986572266
/data/public/EchoSet/test/RPmz2sHmrrY/0_5_living_room/2961_4507/mix.wav,9.585220336914062,9.779572486877441,9.121946334838867,9.38736343383789
/data/public/EchoSet/test/RPmz2sHmrrY/0_5_living_room/260_4446/mix.wav,4.6080145835876465,4.974570274353027,4.2076873779296875,4.6522674560546875
/data/public/EchoSet/test/RPmz2sHmrrY/0_5_living_room/4446_237/mix.wav,8.162588119506836,8.267885208129883,7.313918113708496,7.456126689910889
/data/public/EchoSet/test/RPmz2sHmrrY/0_5_living_room/6829_7127/mix.wav,9.636531829833984,9.567069053649902,9.187887191772461,9.180831909179688
/data/public/EchoSet/test/RPmz2sHmrrY/0_5_living_room/8230_672/mix.wav,5.269437313079834,5.720479965209961,4.272439002990723,4.76122522354126
/data/public/EchoSet/test/RPmz2sHmrrY/0_5_living_room/237_7176/mix.wav,12.044111251831055,11.994150161743164,11.332511901855469,11.373414993286133
/data/public/EchoSet/test/RPmz2sHmrrY/0_5_living_room/8555_4992/mix.wav,12.681575775146484,12.7831392288208,12.25606918334961,12.3840913772583
/data/public/EchoSet/test/RPmz2sHmrrY/0_5_living_room/5683_1320/mix.wav,6.827183723449707,7.267608165740967,5.90463399887085,6.430771827697754
/data/public/EchoSet/test/RPmz2sHmrrY/0_5_living_room/1089_4077/mix.wav,12.838705062866211,12.757369041442871,12.45495891571045,12.412701606750488
/data/public/EchoSet/test/RPmz2sHmrrY/0_5_living_room/4970_260/mix.wav,13.006454467773438,13.007453918457031,12.564632415771484,12.608758926391602
/data/public/EchoSet/test/RPmz2sHmrrY/0_5_living_room/2961_1320/mix.wav,11.261181831359863,11.494473457336426,10.901176452636719,11.185282707214355
/data/public/EchoSet/test/RPmz2sHmrrY/0_5_living_room/2961_672/mix.wav,9.721611022949219,9.768355369567871,8.64445686340332,8.731619834899902
/data/public/EchoSet/test/RPmz2sHmrrY/0_5_living_room/4077_4507/mix.wav,8.511548042297363,8.115764617919922,5.415127754211426,5.705003261566162
/data/public/EchoSet/test/RPmz2sHmrrY/0_5_living_room/1284_4970/mix.wav,10.474248886108398,10.694778442382812,9.910112380981445,10.179615020751953
/data/public/EchoSet/test/RPmz2sHmrrY/0_5_living_room/2094_2961/mix.wav,8.255130767822266,8.422654151916504,7.400775909423828,7.660547256469727
/data/public/EchoSet/test/RPmz2sHmrrY/0_5_living_room/7021_8224/mix.wav,8.79552173614502,8.93128776550293,8.504561424255371,8.66465950012207
/data/public/EchoSet/test/RPmz2sHmrrY/0_5_living_room/1089_908/mix.wav,9.244428634643555,9.538421630859375,8.943642616271973,9.2741117477417
/data/public/EchoSet/test/RPmz2sHmrrY/0_5_living_room/3570_4970/mix.wav,3.3768117427825928,3.5312631130218506,2.475196599960327,2.689664602279663
/data/public/EchoSet/test/RPmz2sHmrrY/0_5_living_room/3729_3570/mix.wav,12.126951217651367,12.130180358886719,11.024686813354492,11.109149932861328
/data/public/EchoSet/test/RPmz2sHmrrY/0_5_living_room/672_2094/mix.wav,0.5738918781280518,1.077868103981018,-2.0700504779815674,-1.5263845920562744
/data/public/EchoSet/test/RPmz2sHmrrY/0_5_living_room/61_3729/mix.wav,11.244251251220703,11.285623550415039,10.797161102294922,10.877365112304688
/data/public/EchoSet/test/RPmz2sHmrrY/0_5_living_room/8455_5639/mix.wav,7.446804523468018,7.0077643394470215,6.984868049621582,6.70180606842041
/data/public/EchoSet/test/RPmz2sHmrrY/0_5_living_room/1580_2961/mix.wav,11.795904159545898,11.806625366210938,10.997479438781738,11.048208236694336
/data/public/EchoSet/test/RPmz2sHmrrY/0_5_living_room/5639_7176/mix.wav,8.477588653564453,8.522963523864746,7.939870357513428,8.003799438476562
/data/public/EchoSet/test/RPmz2sHmrrY/0_5_living_room/237_260/mix.wav,7.185963153839111,7.577855110168457,5.757554054260254,6.239259243011475
/data/public/EchoSet/test/RPmz2sHmrrY/0_5_living_room/8230_260/mix.wav,6.678201675415039,7.211744785308838,6.033352851867676,6.612447738647461
/data/public/EchoSet/test/RPmz2sHmrrY/0_5_living_room/8455_8230/mix.wav,13.326560974121094,13.472152709960938,12.976347923278809,13.165987014770508
/data/public/EchoSet/test/RPmz2sHmrrY/0_5_living_room/7127_8555/mix.wav,14.449557304382324,14.582512855529785,13.825445175170898,14.001455307006836
/data/public/EchoSet/test/RPmz2sHmrrY/0_5_living_room/61_7021/mix.wav,8.050094604492188,8.197997093200684,7.368192672729492,7.575217247009277
/data/public/EchoSet/test/RPmz2sHmrrY/0_5_living_room/7127_4077/mix.wav,6.193456649780273,6.16702938079834,5.305958271026611,5.317627906799316
/data/public/EchoSet/test/RPmz2sHmrrY/0_5_living_room/5142_2094/mix.wav,11.120283126831055,11.27090835571289,10.489583969116211,10.69771957397461
/data/public/EchoSet/test/RPmz2sHmrrY/0_5_living_room/2094_4507/mix.wav,10.971527099609375,11.1484375,10.562650680541992,10.808218955993652
/data/public/EchoSet/test/RPmz2sHmrrY/0_5_living_room/5683_1995/mix.wav,6.8997578620910645,6.864109039306641,6.3357648849487305,6.3720293045043945
/data/public/EchoSet/test/RPmz2sHmrrY/0_5_living_room/8455_908/mix.wav,10.181344985961914,10.064215660095215,9.691499710083008,9.637685775756836
/data/public/EchoSet/test/RPmz2sHmrrY/0_5_living_room/5142_4970/mix.wav,11.987497329711914,12.234084129333496,11.701388359069824,11.995723724365234
/data/public/EchoSet/test/RPmz2sHmrrY/0_5_living_room/5639_6829/mix.wav,11.699223518371582,11.782816886901855,11.363676071166992,11.46875
/data/public/EchoSet/test/RPmz2sHmrrY/0_5_living_room/3575_7021/mix.wav,11.657783508300781,11.706319808959961,11.226604461669922,11.341604232788086
/data/public/EchoSet/test/RPmz2sHmrrY/0_5_living_room/121_5105/mix.wav,11.607714653015137,11.751160621643066,11.104211807250977,11.34096908569336
/data/public/EchoSet/test/RPmz2sHmrrY/0_5_living_room/908_7729/mix.wav,9.931135177612305,10.154614448547363,9.345626831054688,9.596168518066406
/data/public/EchoSet/test/RPmz2sHmrrY/0_5_living_room/4992_1188/mix.wav,7.641275405883789,8.037884712219238,5.336901664733887,5.804633140563965
/data/public/EchoSet/test/RPmz2sHmrrY/0_4_dining_room/4446_7127/mix.wav,10.462814331054688,10.437594413757324,9.891416549682617,9.914460182189941
/data/public/EchoSet/test/RPmz2sHmrrY/0_4_dining_room/3570_121/mix.wav,9.251802444458008,9.273079872131348,8.243553161621094,8.296496391296387
/data/public/EchoSet/test/RPmz2sHmrrY/0_4_dining_room/4507_1580/mix.wav,10.305988311767578,10.625208854675293,9.96973991394043,10.324148178100586
/data/public/EchoSet/test/RPmz2sHmrrY/0_4_dining_room/5639_1580/mix.wav,14.422201156616211,14.534932136535645,14.027761459350586,14.18170166015625
/data/public/EchoSet/test/RPmz2sHmrrY/0_4_dining_room/2094_672/mix.wav,-1.5504223108291626,-1.2969002723693848,-4.138299465179443,-3.801445245742798
/data/public/EchoSet/test/RPmz2sHmrrY/0_4_dining_room/5683_1188/mix.wav,10.63869571685791,11.105081558227539,9.80302619934082,10.381711959838867
/data/public/EchoSet/test/RPmz2sHmrrY/0_4_dining_room/8224_4992/mix.wav,10.353862762451172,10.487133026123047,8.914884567260742,9.210451126098633
/data/public/EchoSet/test/RPmz2sHmrrY/0_4_dining_room/8455_4077/mix.wav,11.618186950683594,11.636691093444824,11.166563034057617,11.211858749389648
/data/public/EchoSet/test/RPmz2sHmrrY/0_4_dining_room/7176_2830/mix.wav,10.732148170471191,10.913228034973145,10.371349334716797,10.601716995239258
/data/public/EchoSet/test/RPmz2sHmrrY/0_4_dining_room/8455_3729/mix.wav,12.877568244934082,12.756107330322266,11.965702056884766,12.045524597167969
/data/public/EchoSet/test/RPmz2sHmrrY/0_4_dining_room/2961_1188/mix.wav,-1.988755226135254,-1.908273696899414,-3.424283742904663,-3.25071382522583
/data/public/EchoSet/test/RPmz2sHmrrY/0_4_dining_room/4507_1995/mix.wav,10.43803596496582,10.927081108093262,9.965948104858398,10.496655464172363
/data/public/EchoSet/test/RPmz2sHmrrY/0_4_dining_room/2300_4446/mix.wav,12.404037475585938,12.512236595153809,11.72652816772461,11.88704776763916
/data/public/EchoSet/test/RPmz2sHmrrY/0_4_dining_room/6829_4992/mix.wav,8.571466445922852,8.587600708007812,8.120057106018066,8.196144104003906
/data/public/EchoSet/test/RPmz2sHmrrY/0_4_dining_room/4077_4992/mix.wav,9.229303359985352,9.341960906982422,8.619977951049805,8.777607917785645
/data/public/EchoSet/test/RPmz2sHmrrY/0_4_dining_room/7021_8224/mix.wav,9.815343856811523,10.037181854248047,9.242467880249023,9.54241943359375
/data/public/EchoSet/test/RPmz2sHmrrY/0_4_dining_room/1995_8463/mix.wav,14.252344131469727,14.243386268615723,13.611007690429688,13.661198616027832
/data/public/EchoSet/test/RPmz2sHmrrY/0_4_dining_room/5105_1284/mix.wav,11.707061767578125,11.634810447692871,10.752979278564453,10.729613304138184
/data/public/EchoSet/test/RPmz2sHmrrY/0_4_dining_room/1089_260/mix.wav,11.72191047668457,11.841998100280762,11.387992858886719,11.535335540771484
/data/public/EchoSet/test/RPmz2sHmrrY/0_4_dining_room/61_2830/mix.wav,9.009683609008789,9.113306045532227,8.084518432617188,8.253362655639648
/data/public/EchoSet/test/RPmz2sHmrrY/0_4_dining_room/8224_260/mix.wav,10.13191032409668,10.139471054077148,9.781503677368164,9.835701942443848
/data/public/EchoSet/test/RPmz2sHmrrY/0_4_dining_room/5105_3575/mix.wav,12.493902206420898,12.549059867858887,11.410198211669922,11.488022804260254
/data/public/EchoSet/test/RPmz2sHmrrY/0_4_dining_room/7729_1580/mix.wav,10.212499618530273,10.467208862304688,9.643556594848633,10.024649620056152
/data/public/EchoSet/test/RPmz2sHmrrY/0_4_dining_room/61_2961/mix.wav,10.852164268493652,10.812723159790039,10.267938613891602,10.284449577331543
/data/public/EchoSet/test/RPmz2sHmrrY/0_4_dining_room/8555_5105/mix.wav,13.247186660766602,13.440411567687988,12.932258605957031,13.160991668701172
/data/public/EchoSet/test/RPmz2sHmrrY/0_4_dining_room/1089_2300/mix.wav,11.564262390136719,11.696401596069336,11.039322853088379,11.23814582824707
/data/public/EchoSet/test/RPmz2sHmrrY/0_4_dining_room/6829_4507/mix.wav,12.105823516845703,12.180588722229004,11.722136497497559,11.827384948730469
/data/public/EchoSet/test/RPmz2sHmrrY/0_4_dining_room/61_5683/mix.wav,12.197006225585938,12.170310974121094,11.617929458618164,11.625978469848633
/data/public/EchoSet/test/RPmz2sHmrrY/0_4_dining_room/1284_2094/mix.wav,10.788829803466797,10.841849327087402,9.970494270324707,10.091705322265625
/data/public/EchoSet/test/RPmz2sHmrrY/0_4_dining_room/7127_5639/mix.wav,5.7834272384643555,5.694408416748047,5.271971225738525,5.261898994445801
/data/public/EchoSet/test/RPmz2sHmrrY/0_4_dining_room/1320_1284/mix.wav,6.677443504333496,6.482693672180176,5.912449836730957,5.799618244171143
/data/public/EchoSet/test/RPmz2sHmrrY/0_4_dining_room/4970_1284/mix.wav,12.21335220336914,12.181234359741211,11.348320007324219,11.452587127685547
/data/public/EchoSet/test/RPmz2sHmrrY/0_4_dining_room/3729_2961/mix.wav,8.512096405029297,8.286979675292969,7.529489517211914,7.484914302825928
/data/public/EchoSet/test/RPmz2sHmrrY/0_4_dining_room/4446_2830/mix.wav,16.805767059326172,16.89735984802246,16.284399032592773,16.402847290039062
/data/public/EchoSet/test/RPmz2sHmrrY/0_4_dining_room/7729_2830/mix.wav,7.25157356262207,7.296037673950195,3.0890777111053467,3.15478515625
/data/public/EchoSet/test/RPmz2sHmrrY/0_4_dining_room/8230_1320/mix.wav,6.911501884460449,6.99076509475708,6.55495548248291,6.675077438354492
/data/public/EchoSet/test/RPmz2sHmrrY/0_4_dining_room/7021_8463/mix.wav,15.249903678894043,15.326620101928711,14.85930347442627,14.969913482666016
/data/public/EchoSet/test/RPmz2sHmrrY/0_4_dining_room/8555_7127/mix.wav,12.907537460327148,12.88439655303955,11.889500617980957,11.940447807312012
/data/public/EchoSet/test/RPmz2sHmrrY/0_4_dining_room/5105_908/mix.wav,1.6740856170654297,1.160824179649353,0.0954744815826416,-0.11098885536193848
/data/public/EchoSet/test/RPmz2sHmrrY/0_4_dining_room/3570_672/mix.wav,15.41776180267334,15.644264221191406,15.26089096069336,15.510327339172363
/data/public/EchoSet/test/RPmz2sHmrrY/0_4_dining_room/121_1089/mix.wav,12.725269317626953,12.919829368591309,12.331733703613281,12.589016914367676
/data/public/EchoSet/test/RPmz2sHmrrY/0_4_dining_room/4077_7176/mix.wav,3.4515769481658936,3.6224238872528076,2.467513084411621,2.6876299381256104
/data/public/EchoSet/test/RPmz2sHmrrY/0_4_dining_room/3570_7021/mix.wav,11.94443130493164,11.943023681640625,11.580933570861816,11.653854370117188
/data/public/EchoSet/test/RPmz2sHmrrY/0_4_dining_room/2094_6930/mix.wav,11.558975219726562,11.295676231384277,9.398051261901855,9.198626518249512
/data/public/EchoSet/test/RPmz2sHmrrY/0_4_dining_room/2961_5683/mix.wav,11.838064193725586,11.983966827392578,10.86172866821289,11.108223915100098
/data/public/EchoSet/test/RPmz2sHmrrY/0_4_dining_room/4077_672/mix.wav,1.9366686344146729,1.8768272399902344,0.9229199886322021,0.9903932809829712
/data/public/EchoSet/test/RPmz2sHmrrY/0_4_dining_room/8463_2961/mix.wav,11.761482238769531,11.898210525512695,11.381462097167969,11.571674346923828
/data/public/EchoSet/test/RPmz2sHmrrY/0_4_dining_room/5142_908/mix.wav,9.443711280822754,10.07338809967041,9.13250732421875,9.828967094421387
/data/public/EchoSet/test/RPmz2sHmrrY/0_4_dining_room/3570_8224/mix.wav,10.756582260131836,10.924948692321777,10.541482925415039,10.848455429077148
/data/public/EchoSet/test/RPmz2sHmrrY/0_4_dining_room/2830_237/mix.wav,10.09219741821289,10.516373634338379,9.442855834960938,9.95924186706543
/data/public/EchoSet/test/RPmz2sHmrrY/0_4_dining_room/237_5639/mix.wav,9.831602096557617,10.074033737182617,9.534076690673828,9.828536033630371
/data/public/EchoSet/test/RPmz2sHmrrY/0_4_dining_room/3729_1221/mix.wav,2.208041191101074,2.307201862335205,1.1424903869628906,1.3220270872116089
/data/public/EchoSet/test/RPmz2sHmrrY/0_4_dining_room/1188_1221/mix.wav,12.033530235290527,12.046226501464844,11.335095405578613,11.380595207214355
/data/public/EchoSet/test/RPmz2sHmrrY/0_4_dining_room/1995_5105/mix.wav,11.577710151672363,11.914883613586426,10.891921043395996,11.301116943359375
/data/public/EchoSet/test/RPmz2sHmrrY/0_4_dining_room/1089_1188/mix.wav,11.626546859741211,11.63382339477539,11.267748832702637,11.327274322509766
/data/public/EchoSet/test/RPmz2sHmrrY/0_4_dining_room/1089_4446/mix.wav,10.20023250579834,10.329632759094238,9.737031936645508,9.937250137329102
/data/public/EchoSet/test/RPmz2sHmrrY/0_4_dining_room/5639_8224/mix.wav,10.460962295532227,10.242599487304688,9.917750358581543,9.748085021972656
/data/public/EchoSet/test/RPmz2sHmrrY/0_4_dining_room/6930_121/mix.wav,7.182459831237793,7.337801456451416,6.616230487823486,6.88704252243042
/data/public/EchoSet/test/RPmz2sHmrrY/0_4_dining_room/4970_260/mix.wav,11.814105987548828,12.28123950958252,11.306683540344238,11.83698558807373
/data/public/EchoSet/test/RPmz2sHmrrY/0_4_dining_room/7729_8555/mix.wav,14.380036354064941,14.414183616638184,13.549063682556152,13.717673301696777
/data/public/EchoSet/test/RPmz2sHmrrY/0_4_dining_room/5639_908/mix.wav,8.68381404876709,8.640028953552246,7.787091255187988,7.809112071990967
/data/public/EchoSet/test/RPmz2sHmrrY/0_4_dining_room/237_61/mix.wav,8.500244140625,8.793745040893555,7.511664390563965,7.890477180480957
/data/public/EchoSet/test/RPmz2sHmrrY/0_4_dining_room/4446_5142/mix.wav,6.125326156616211,6.280858993530273,5.349799156188965,5.582637786865234
/data/public/EchoSet/test/RPmz2sHmrrY/0_4_dining_room/260_4992/mix.wav,5.669625759124756,5.843764305114746,5.2844109535217285,5.512193202972412
/data/public/EchoSet/test/RPmz2sHmrrY/0_4_dining_room/7021_1995/mix.wav,17.452449798583984,17.435880661010742,17.153301239013672,17.158220291137695
/data/public/EchoSet/test/RPmz2sHmrrY/0_4_dining_room/7176_7729/mix.wav,4.567042350769043,5.0675859451293945,4.157999038696289,4.705600738525391
/data/public/EchoSet/test/RPmz2sHmrrY/0_4_dining_room/4970_6930/mix.wav,5.119240760803223,5.148655891418457,4.658292293548584,4.7257866859436035
/data/public/EchoSet/test/RPmz2sHmrrY/0_4_dining_room/7127_6829/mix.wav,6.577531337738037,6.623874187469482,6.2426252365112305,6.348852157592773
/data/public/EchoSet/test/RPmz2sHmrrY/0_4_dining_room/8230_2094/mix.wav,9.773210525512695,10.133110046386719,9.010404586791992,9.4016752243042
/data/public/EchoSet/test/RPmz2sHmrrY/0_4_dining_room/121_4507/mix.wav,9.922697067260742,10.461493492126465,9.682284355163574,10.268712997436523
/data/public/EchoSet/test/RPmz2sHmrrY/0_4_dining_room/8463_672/mix.wav,6.894491195678711,7.290695667266846,6.087629795074463,6.601870059967041
/data/public/EchoSet/test/RPmz2sHmrrY/0_4_dining_room/7729_7021/mix.wav,12.717040061950684,12.6961030960083,12.340145111083984,12.360279083251953
/data/public/EchoSet/test/RPmz2sHmrrY/0_4_dining_room/4077_7729/mix.wav,-0.3995397090911865,0.28902411460876465,-1.3279485702514648,-0.5110101699829102
/data/public/EchoSet/test/RPmz2sHmrrY/0_4_dining_room/4970_1320/mix.wav,17.00648307800293,17.025585174560547,16.59952735900879,16.67612075805664
/data/public/EchoSet/test/RPmz2sHmrrY/0_4_dining_room/6829_2094/mix.wav,8.709959983825684,8.66311264038086,7.777129650115967,7.828948020935059
/data/public/EchoSet/test/RPmz2sHmrrY/0_4_dining_room/3729_8455/mix.wav,8.694243431091309,8.778130531311035,8.266087532043457,8.543498992919922
/data/public/EchoSet/test/RPmz2sHmrrY/0_4_dining_room/4992_8555/mix.wav,9.030004501342773,9.229894638061523,8.530384063720703,8.812724113464355
/data/public/EchoSet/test/RPmz2sHmrrY/0_4_dining_room/8230_3575/mix.wav,10.200841903686523,10.172754287719727,9.276920318603516,9.282266616821289
/data/public/EchoSet/test/RPmz2sHmrrY/0_4_dining_room/61_8463/mix.wav,14.59036922454834,14.553417205810547,13.993228912353516,14.019868850708008
/data/public/EchoSet/test/RPmz2sHmrrY/0_4_dining_room/3575_4507/mix.wav,12.494575500488281,12.53933048248291,12.200438499450684,12.264549255371094
/data/public/EchoSet/test/RPmz2sHmrrY/0_4_dining_room/7176_5142/mix.wav,12.360467910766602,12.344307899475098,11.260157585144043,11.334835052490234
/data/public/EchoSet/test/RPmz2sHmrrY/0_4_dining_room/5142_3570/mix.wav,3.8666210174560547,3.8885037899017334,2.9435789585113525,3.0445289611816406
/data/public/EchoSet/test/RPmz2sHmrrY/0_4_dining_room/6930_1188/mix.wav,3.2767767906188965,3.598895788192749,2.5957016944885254,2.96158766746521
/data/public/EchoSet/test/RPmz2sHmrrY/0_4_dining_room/7176_8230/mix.wav,9.026987075805664,9.20974349975586,8.658418655395508,8.930275917053223
/data/public/EchoSet/test/RPmz2sHmrrY/0_4_dining_room/2300_672/mix.wav,8.791681289672852,8.969745635986328,8.011330604553223,8.245972633361816
/data/public/EchoSet/test/RPmz2sHmrrY/0_4_dining_room/8455_2961/mix.wav,11.657768249511719,11.493470191955566,11.275951385498047,11.174383163452148
/data/public/EchoSet/test/RPmz2sHmrrY/0_4_dining_room/7021_121/mix.wav,12.457990646362305,12.820350646972656,12.174747467041016,12.614507675170898
/data/public/EchoSet/test/RPmz2sHmrrY/0_4_dining_room/6829_1221/mix.wav,7.5420708656311035,7.8874030113220215,6.869274139404297,7.274848937988281
/data/public/EchoSet/test/RPmz2sHmrrY/0_4_dining_room/2300_3575/mix.wav,10.673233985900879,10.767722129821777,10.172975540161133,10.32114028930664
/data/public/EchoSet/test/RPmz2sHmrrY/0_4_dining_room/2830_1284/mix.wav,10.681269645690918,10.723374366760254,10.01014518737793,10.095062255859375
/data/public/EchoSet/test/RPmz2sHmrrY/0_4_dining_room/4507_4970/mix.wav,13.766630172729492,13.721089363098145,13.296573638916016,13.315802574157715
/data/public/EchoSet/test/RPmz2sHmrrY/0_4_dining_room/8230_2300/mix.wav,11.004850387573242,11.008957862854004,9.98807144165039,10.039044380187988
/data/public/EchoSet/test/RPmz2sHmrrY/0_4_dining_room/237_7127/mix.wav,5.682040691375732,5.990703105926514,4.984225273132324,5.314925193786621
/data/public/EchoSet/test/RPmz2sHmrrY/0_4_dining_room/908_5142/mix.wav,11.529256820678711,12.239492416381836,11.238585472106934,12.00893783569336
/data/public/EchoSet/test/RPmz2sHmrrY/0_4_dining_room/8230_4077/mix.wav,11.503153800964355,11.33178424835205,10.791589736938477,10.697593688964844
/data/public/EchoSet/test/RPmz2sHmrrY/0_4_dining_room/5639_3575/mix.wav,8.891911506652832,9.111865997314453,7.29880952835083,7.6376237869262695
/data/public/EchoSet/test/RPmz2sHmrrY/0_4_dining_room/8555_1221/mix.wav,10.773821830749512,10.903433799743652,9.639015197753906,9.824666976928711
/data/public/EchoSet/test/RPmz2sHmrrY/0_4_dining_room/1284_6930/mix.wav,6.534521102905273,6.57735538482666,5.626811981201172,5.734270095825195
/data/public/EchoSet/test/RPmz2sHmrrY/0_4_dining_room/1580_8224/mix.wav,15.084368705749512,15.098551750183105,14.470483779907227,14.540792465209961
/data/public/EchoSet/test/RPmz2sHmrrY/0_4_dining_room/1089_5105/mix.wav,10.894546508789062,10.723258972167969,10.336040496826172,10.235546112060547
/data/public/EchoSet/test/RPmz2sHmrrY/0_4_dining_room/2094_8455/mix.wav,13.759273529052734,13.66136360168457,13.008056640625,13.001022338867188
/data/public/EchoSet/test/RPmz2sHmrrY/0_4_dining_room/5142_7127/mix.wav,12.358138084411621,12.448137283325195,12.013069152832031,12.134482383728027
/data/public/EchoSet/test/RPmz2sHmrrY/0_4_dining_room/4446_4970/mix.wav,8.687801361083984,8.86915111541748,8.25710678100586,8.615143775939941
/data/public/EchoSet/test/RPmz2sHmrrY/0_4_dining_room/121_1580/mix.wav,10.870448112487793,11.084403038024902,10.297060012817383,10.554027557373047
/data/public/EchoSet/test/RPmz2sHmrrY/0_4_dining_room/7176_8455/mix.wav,6.880404949188232,6.926486968994141,6.5333251953125,6.698306083679199
/data/public/EchoSet/test/RPmz2sHmrrY/0_4_dining_room/5683_237/mix.wav,11.627262115478516,11.6206636428833,10.848708152770996,10.91864013671875
/data/public/EchoSet/test/RPmz2sHmrrY/0_4_dining_room/1320_1995/mix.wav,13.981376647949219,14.012590408325195,13.594829559326172,13.678470611572266
/data/public/EchoSet/test/RPmz2sHmrrY/0_4_dining_room/8463_260/mix.wav,12.262667655944824,12.640222549438477,11.729803085327148,12.155561447143555
/data/public/EchoSet/test/RPmz2sHmrrY/0_4_dining_room/3570_6829/mix.wav,8.018033981323242,7.944339752197266,7.635615348815918,7.646493911743164
/data/public/EchoSet/test/RPmz2sHmrrY/0_4_dining_room/1580_61/mix.wav,8.766779899597168,8.839163780212402,8.032035827636719,8.171743392944336
/data/public/EchoSet/test/RPmz2sHmrrY/0_4_dining_room/260_1188/mix.wav,1.8951287269592285,2.186659336090088,1.307591199874878,1.7266517877578735
/data/public/EchoSet/test/RPmz2sHmrrY/0_4_dining_room/6930_1320/mix.wav,9.703376770019531,9.76329231262207,8.892840385437012,9.070442199707031
/data/public/EchoSet/test/RPmz2sHmrrY/0_4_dining_room/1995_237/mix.wav,6.2089996337890625,6.138699531555176,5.547861576080322,5.581664085388184
/data/public/EchoSet/test/RPmz2sHmrrY/0_4_dining_room/5683_908/mix.wav,14.755426406860352,14.720767974853516,14.332283020019531,14.321603775024414
/data/public/EchoSet/test/RPmz2sHmrrY/0_4_dining_room/1320_672/mix.wav,9.465786933898926,9.581486701965332,8.915131568908691,9.109476089477539
/data/public/EchoSet/test/RPmz2sHmrrY/0_4_dining_room/1221_3729/mix.wav,4.540829658508301,4.743088245391846,4.100879669189453,4.357114315032959
avg,9.3123448590625,9.422065650955686,8.582881247907315,8.766637540223464
std,3.3000643357305766,3.292617137203521,3.4598160585590536,3.4421701298723444
