snt_id,sdr,sdr_i,si-snr,si-snr_i
/data/public/EchoSet/test/VLzqgDo317F/0_8_meetingroom_conferenceroom/6829_1089/mix.wav,7.079691410064697,7.611727714538574,6.317848205566406,6.9361252784729
/data/public/EchoSet/test/VLzqgDo317F/0_8_meetingroom_conferenceroom/5639_8463/mix.wav,8.178535461425781,8.61154842376709,7.804329872131348,8.288080215454102
/data/public/EchoSet/test/VLzqgDo317F/0_8_meetingroom_conferenceroom/8555_5639/mix.wav,9.250934600830078,9.30091381072998,8.495813369750977,8.624371528625488
/data/public/EchoSet/test/VLzqgDo317F/0_8_meetingroom_conferenceroom/8555_8455/mix.wav,16.185564041137695,16.216856002807617,15.889482498168945,15.934398651123047
/data/public/EchoSet/test/VLzqgDo317F/0_8_meetingroom_conferenceroom/2961_672/mix.wav,6.4299235343933105,6.363409996032715,5.144029140472412,5.196177959442139
/data/public/EchoSet/test/VLzqgDo317F/0_8_meetingroom_conferenceroom/4970_2830/mix.wav,11.057927131652832,11.182537078857422,10.057807922363281,10.240852355957031
/data/public/EchoSet/test/VLzqgDo317F/0_8_meetingroom_conferenceroom/8230_8455/mix.wav,11.544828414916992,11.513262748718262,10.889237403869629,10.925363540649414
/data/public/EchoSet/test/VLzqgDo317F/0_8_meetingroom_conferenceroom/2300_8463/mix.wav,11.476136207580566,11.478728294372559,10.876954078674316,10.947637557983398
/data/public/EchoSet/test/VLzqgDo317F/0_8_meetingroom_conferenceroom/1284_3570/mix.wav,9.666905403137207,9.782353401184082,8.807106971740723,9.0010347366333
/data/public/EchoSet/test/VLzqgDo317F/0_8_meetingroom_conferenceroom/5105_1188/mix.wav,9.796483993530273,9.85166072845459,9.193504333496094,9.304546356201172
/data/public/EchoSet/test/VLzqgDo317F/0_8_meetingroom_conferenceroom/7127_4507/mix.wav,10.094806671142578,10.212311744689941,9.40739631652832,9.751412391662598
/data/public/EchoSet/test/VLzqgDo317F/0_8_meetingroom_conferenceroom/8230_1089/mix.wav,10.584569931030273,10.633325576782227,10.043238639831543,10.132643699645996
/data/public/EchoSet/test/VLzqgDo317F/0_8_meetingroom_conferenceroom/121_4992/mix.wav,12.32498550415039,12.488871574401855,11.934532165527344,12.123111724853516
/data/public/EchoSet/test/VLzqgDo317F/0_8_meetingroom_conferenceroom/2094_7021/mix.wav,15.240167617797852,15.142850875854492,14.277647972106934,14.251697540283203
/data/public/EchoSet/test/VLzqgDo317F/0_8_meetingroom_conferenceroom/908_7729/mix.wav,5.381330966949463,5.459442138671875,4.835602760314941,5.069913387298584
/data/public/EchoSet/test/VLzqgDo317F/0_8_meetingroom_conferenceroom/2961_3575/mix.wav,10.762960433959961,10.994850158691406,9.896910667419434,10.188796997070312
/data/public/EchoSet/test/VLzqgDo317F/0_8_meetingroom_conferenceroom/7176_2300/mix.wav,11.896382331848145,11.718334197998047,11.502482414245605,11.372457504272461
/data/public/EchoSet/test/VLzqgDo317F/0_8_meetingroom_conferenceroom/908_2094/mix.wav,12.283839225769043,12.366169929504395,11.605741500854492,11.747371673583984
/data/public/EchoSet/test/VLzqgDo317F/0_8_meetingroom_conferenceroom/1221_5639/mix.wav,14.372079849243164,14.429597854614258,13.760883331298828,13.840150833129883
/data/public/EchoSet/test/VLzqgDo317F/0_8_meetingroom_conferenceroom/1580_8224/mix.wav,14.386093139648438,14.464704513549805,13.308979988098145,13.457148551940918
/data/public/EchoSet/test/VLzqgDo317F/0_8_meetingroom_conferenceroom/237_4992/mix.wav,8.257186889648438,8.365815162658691,7.703385829925537,7.881099700927734
/data/public/EchoSet/test/VLzqgDo317F/0_8_meetingroom_conferenceroom/2094_8224/mix.wav,9.97425365447998,9.899977684020996,7.671820163726807,7.64825963973999
/data/public/EchoSet/test/VLzqgDo317F/0_8_meetingroom_conferenceroom/2830_1284/mix.wav,8.2252197265625,8.362564086914062,6.961699485778809,7.158936500549316
/data/public/EchoSet/test/VLzqgDo317F/0_8_meetingroom_conferenceroom/8463_4970/mix.wav,12.791135787963867,12.893677711486816,12.189149856567383,12.335803031921387
/data/public/EchoSet/test/VLzqgDo317F/0_8_meetingroom_conferenceroom/8230_2300/mix.wav,7.293839454650879,7.715209484100342,6.737074375152588,7.2326531410217285
/data/public/EchoSet/test/VLzqgDo317F/0_8_meetingroom_conferenceroom/1995_1580/mix.wav,11.862283706665039,11.839179992675781,10.21916675567627,10.247613906860352
/data/public/EchoSet/test/VLzqgDo317F/0_8_meetingroom_conferenceroom/2300_1284/mix.wav,10.4788236618042,10.777870178222656,10.081668853759766,10.411775588989258
/data/public/EchoSet/test/VLzqgDo317F/0_8_meetingroom_conferenceroom/5683_1284/mix.wav,11.626289367675781,12.007789611816406,11.235536575317383,11.643004417419434
/data/public/EchoSet/test/VLzqgDo317F/0_8_meetingroom_conferenceroom/61_4507/mix.wav,8.361722946166992,8.344014167785645,7.758236885070801,7.842891216278076
/data/public/EchoSet/test/VLzqgDo317F/0_8_meetingroom_conferenceroom/8463_7729/mix.wav,11.092742919921875,11.322937965393066,10.729170799255371,11.00875186920166
/data/public/EchoSet/test/VLzqgDo317F/0_8_meetingroom_conferenceroom/7021_2830/mix.wav,10.073376655578613,10.564127922058105,9.761276245117188,10.290096282958984
/data/public/EchoSet/test/VLzqgDo317F/0_8_meetingroom_conferenceroom/1284_7127/mix.wav,8.245229721069336,8.315061569213867,7.657477378845215,7.93213415145874
/data/public/EchoSet/test/VLzqgDo317F/0_8_meetingroom_conferenceroom/3570_7127/mix.wav,11.610801696777344,11.402486801147461,11.05601692199707,10.957677841186523
/data/public/EchoSet/test/VLzqgDo317F/0_8_meetingroom_conferenceroom/6829_4077/mix.wav,10.197650909423828,10.392248153686523,9.55316162109375,9.788812637329102
/data/public/EchoSet/test/VLzqgDo317F/0_8_meetingroom_conferenceroom/8555_4970/mix.wav,12.0007905960083,12.216634750366211,11.5567045211792,11.797102928161621
/data/public/EchoSet/test/VLzqgDo317F/0_8_meetingroom_conferenceroom/7021_3570/mix.wav,12.276159286499023,12.310794830322266,11.315253257751465,11.394375801086426
/data/public/EchoSet/test/VLzqgDo317F/0_8_meetingroom_conferenceroom/4446_8224/mix.wav,10.904882431030273,10.808548927307129,10.055194854736328,10.016388893127441
/data/public/EchoSet/test/VLzqgDo317F/0_8_meetingroom_conferenceroom/3575_1320/mix.wav,9.525655746459961,10.086217880249023,8.427007675170898,9.05296516418457
/data/public/EchoSet/test/VLzqgDo317F/0_8_meetingroom_conferenceroom/2961_3729/mix.wav,7.63559627532959,7.492308616638184,6.994072914123535,6.9702372550964355
/data/public/EchoSet/test/VLzqgDo317F/0_8_meetingroom_conferenceroom/8224_61/mix.wav,6.6345672607421875,6.233496189117432,4.892978191375732,4.575106143951416
/data/public/EchoSet/test/VLzqgDo317F/0_8_meetingroom_conferenceroom/4077_7729/mix.wav,9.109956741333008,9.411737442016602,7.980900764465332,8.34695053100586
/data/public/EchoSet/test/VLzqgDo317F/0_8_meetingroom_conferenceroom/3729_7021/mix.wav,9.342705726623535,9.621356964111328,8.88137435913086,9.2329740524292
/data/public/EchoSet/test/VLzqgDo317F/0_8_meetingroom_conferenceroom/4507_1221/mix.wav,9.186667442321777,9.46379280090332,8.124153137207031,8.482686042785645
/data/public/EchoSet/test/VLzqgDo317F/0_8_meetingroom_conferenceroom/4446_1089/mix.wav,11.366843223571777,11.665189743041992,10.978671073913574,11.321557998657227
/data/public/EchoSet/test/VLzqgDo317F/0_8_meetingroom_conferenceroom/5142_2830/mix.wav,6.616673469543457,6.767505645751953,3.678705930709839,3.9132513999938965
/data/public/EchoSet/test/VLzqgDo317F/0_8_meetingroom_conferenceroom/7127_672/mix.wav,14.027948379516602,14.293037414550781,13.418395042419434,13.694742202758789
/data/public/EchoSet/test/VLzqgDo317F/0_8_meetingroom_conferenceroom/2830_8555/mix.wav,13.958212852478027,13.95315170288086,13.15290355682373,13.221776008605957
/data/public/EchoSet/test/VLzqgDo317F/0_8_meetingroom_conferenceroom/4507_5142/mix.wav,13.358120918273926,13.445111274719238,12.906079292297363,13.014151573181152
/data/public/EchoSet/test/VLzqgDo317F/0_8_meetingroom_conferenceroom/8230_2094/mix.wav,10.685779571533203,10.73743724822998,9.729347229003906,9.823389053344727
/data/public/EchoSet/test/VLzqgDo317F/0_8_meetingroom_conferenceroom/8463_5142/mix.wav,9.740386962890625,9.778210639953613,9.065886497497559,9.156472206115723
/data/public/EchoSet/test/VLzqgDo317F/0_8_meetingroom_conferenceroom/121_6930/mix.wav,10.800483703613281,10.969573974609375,10.278765678405762,10.497764587402344
/data/public/EchoSet/test/VLzqgDo317F/0_8_meetingroom_conferenceroom/5142_260/mix.wav,13.19748592376709,13.18371295928955,12.516585350036621,12.587335586547852
/data/public/EchoSet/test/VLzqgDo317F/0_8_meetingroom_conferenceroom/237_3570/mix.wav,10.37764835357666,10.858726501464844,9.765982627868652,10.290300369262695
/data/public/EchoSet/test/VLzqgDo317F/0_8_meetingroom_conferenceroom/1221_3575/mix.wav,11.686090469360352,11.785238265991211,10.972702026367188,11.134021759033203
/data/public/EchoSet/test/VLzqgDo317F/0_8_meetingroom_conferenceroom/5105_5683/mix.wav,9.602317810058594,9.913235664367676,8.415586471557617,8.79550552368164
/data/public/EchoSet/test/VLzqgDo317F/0_8_meetingroom_conferenceroom/5105_61/mix.wav,11.101641654968262,10.900830268859863,10.44853401184082,10.335866928100586
/data/public/EchoSet/test/VLzqgDo317F/0_8_meetingroom_conferenceroom/908_8455/mix.wav,11.608694076538086,11.486773490905762,11.097186088562012,11.1190824508667
/data/public/EchoSet/test/VLzqgDo317F/0_8_meetingroom_conferenceroom/1089_6829/mix.wav,10.074752807617188,10.128079414367676,9.556797981262207,9.674205780029297
/data/public/EchoSet/test/VLzqgDo317F/0_8_meetingroom_conferenceroom/5105_2830/mix.wav,6.362198829650879,3.3435513973236084,5.073713302612305,3.1975300312042236
/data/public/EchoSet/test/VLzqgDo317F/0_8_meetingroom_conferenceroom/1188_4077/mix.wav,9.94670295715332,10.166877746582031,9.114017486572266,9.366598129272461
/data/public/EchoSet/test/VLzqgDo317F/0_8_meetingroom_conferenceroom/260_7176/mix.wav,10.795065879821777,10.893660545349121,10.383005142211914,10.514586448669434
/data/public/EchoSet/test/VLzqgDo317F/0_8_meetingroom_conferenceroom/7729_2300/mix.wav,7.614306926727295,7.785687446594238,6.910402297973633,7.133648872375488
/data/public/EchoSet/test/VLzqgDo317F/0_8_meetingroom_conferenceroom/1580_4970/mix.wav,7.622426509857178,7.65797233581543,6.770265102386475,6.888125419616699
/data/public/EchoSet/test/VLzqgDo317F/0_8_meetingroom_conferenceroom/1089_1995/mix.wav,11.76718807220459,11.701800346374512,11.288932800292969,11.272732734680176
/data/public/EchoSet/test/VLzqgDo317F/0_8_meetingroom_conferenceroom/4992_8455/mix.wav,11.40678882598877,11.413378715515137,11.136350631713867,11.191551208496094
/data/public/EchoSet/test/VLzqgDo317F/0_8_meetingroom_conferenceroom/61_1188/mix.wav,9.089799880981445,9.267157554626465,8.768478393554688,8.974504470825195
/data/public/EchoSet/test/VLzqgDo317F/0_8_meetingroom_conferenceroom/4970_1188/mix.wav,14.01413345336914,14.29197883605957,13.711505889892578,14.011197090148926
/data/public/EchoSet/test/VLzqgDo317F/0_8_meetingroom_conferenceroom/8224_4970/mix.wav,9.534187316894531,10.106888771057129,9.127880096435547,9.809940338134766
/data/public/EchoSet/test/VLzqgDo317F/0_8_meetingroom_conferenceroom/237_1188/mix.wav,12.287397384643555,12.291291236877441,11.827455520629883,11.859844207763672
/data/public/EchoSet/test/VLzqgDo317F/0_8_meetingroom_conferenceroom/7021_6930/mix.wav,12.790163040161133,12.882949829101562,12.206643104553223,12.333699226379395
/data/public/EchoSet/test/VLzqgDo317F/0_8_meetingroom_conferenceroom/8555_7176/mix.wav,10.16688346862793,10.26697826385498,9.555303573608398,9.774887084960938
/data/public/EchoSet/test/VLzqgDo317F/0_8_meetingroom_conferenceroom/1995_5142/mix.wav,10.227739334106445,10.779425621032715,9.96363639831543,10.624133110046387
/data/public/EchoSet/test/VLzqgDo317F/0_8_meetingroom_conferenceroom/672_4507/mix.wav,10.079224586486816,10.627548217773438,9.748550415039062,10.32834243774414
/data/public/EchoSet/test/VLzqgDo317F/0_8_meetingroom_conferenceroom/2961_61/mix.wav,12.070890426635742,12.263165473937988,11.716115951538086,11.92791748046875
/data/public/EchoSet/test/VLzqgDo317F/0_8_meetingroom_conferenceroom/7127_3575/mix.wav,9.362316131591797,9.547185897827148,8.759814262390137,9.019723892211914
/data/public/EchoSet/test/VLzqgDo317F/0_8_meetingroom_conferenceroom/8455_61/mix.wav,10.786352157592773,10.998053550720215,10.492424011230469,10.745353698730469
/data/public/EchoSet/test/VLzqgDo317F/0_8_meetingroom_conferenceroom/7176_908/mix.wav,6.415408134460449,6.454590797424316,5.7563886642456055,5.870580196380615
/data/public/EchoSet/test/VLzqgDo317F/0_8_meetingroom_conferenceroom/8230_7176/mix.wav,4.277625560760498,4.720852375030518,3.2313714027404785,3.804543972015381
/data/public/EchoSet/test/VLzqgDo317F/0_8_meetingroom_conferenceroom/7176_1580/mix.wav,14.347957611083984,14.459010124206543,14.06259536743164,14.208145141601562
/data/public/EchoSet/test/VLzqgDo317F/0_8_meetingroom_conferenceroom/3570_121/mix.wav,15.022729873657227,15.13642406463623,14.53489875793457,14.6629638671875
/data/public/EchoSet/test/VLzqgDo317F/0_8_meetingroom_conferenceroom/4446_4992/mix.wav,9.332246780395508,9.463765144348145,8.401206016540527,8.600759506225586
/data/public/EchoSet/test/VLzqgDo317F/0_8_meetingroom_conferenceroom/8230_4446/mix.wav,10.238203048706055,10.299966812133789,9.726387023925781,9.840005874633789
/data/public/EchoSet/test/VLzqgDo317F/0_8_meetingroom_conferenceroom/5142_3729/mix.wav,10.43294906616211,10.722878456115723,9.848398208618164,10.202958106994629
/data/public/EchoSet/test/VLzqgDo317F/0_8_meetingroom_conferenceroom/1995_4077/mix.wav,12.621634483337402,12.65797233581543,11.975046157836914,12.055667877197266
/data/public/EchoSet/test/VLzqgDo317F/0_8_meetingroom_conferenceroom/6829_7176/mix.wav,9.287145614624023,9.35291576385498,8.812214851379395,8.908801078796387
/data/public/EchoSet/test/VLzqgDo317F/0_8_meetingroom_conferenceroom/8555_4446/mix.wav,9.168514251708984,9.914864540100098,8.73755931854248,9.548029899597168
/data/public/EchoSet/test/VLzqgDo317F/0_8_meetingroom_conferenceroom/1188_5105/mix.wav,12.775720596313477,12.955018997192383,12.138873100280762,12.343785285949707
/data/public/EchoSet/test/VLzqgDo317F/0_8_meetingroom_conferenceroom/1320_8230/mix.wav,8.357475280761719,8.237724304199219,7.606540679931641,7.6358489990234375
/data/public/EchoSet/test/VLzqgDo317F/0_8_meetingroom_conferenceroom/1580_4446/mix.wav,7.859774112701416,7.964908599853516,6.016966342926025,6.159492015838623
/data/public/EchoSet/test/VLzqgDo317F/0_8_meetingroom_conferenceroom/5105_2300/mix.wav,9.240458488464355,9.243602752685547,8.558258056640625,8.61734390258789
/data/public/EchoSet/test/VLzqgDo317F/0_8_meetingroom_conferenceroom/2094_1580/mix.wav,11.959518432617188,11.891754150390625,11.30167293548584,11.271885871887207
/data/public/EchoSet/test/VLzqgDo317F/0_8_meetingroom_conferenceroom/8555_1320/mix.wav,14.742894172668457,14.566970825195312,14.364313125610352,14.284618377685547
/data/public/EchoSet/test/VLzqgDo317F/0_8_meetingroom_conferenceroom/7729_2830/mix.wav,10.827392578125,10.988194465637207,10.205007553100586,10.398520469665527
/data/public/EchoSet/test/VLzqgDo317F/0_8_meetingroom_conferenceroom/5639_260/mix.wav,9.223730087280273,9.577269554138184,8.907423973083496,9.299071311950684
/data/public/EchoSet/test/VLzqgDo317F/0_8_meetingroom_conferenceroom/1221_4446/mix.wav,9.051769256591797,9.415014266967773,8.329822540283203,8.820478439331055
/data/public/EchoSet/test/VLzqgDo317F/0_8_meetingroom_conferenceroom/1995_5639/mix.wav,10.693914413452148,11.061376571655273,10.371944427490234,10.803030014038086
/data/public/EchoSet/test/VLzqgDo317F/0_8_meetingroom_conferenceroom/908_4992/mix.wav,9.964695930480957,10.057778358459473,9.387693405151367,9.581588745117188
/data/public/EchoSet/test/VLzqgDo317F/0_8_meetingroom_conferenceroom/672_5683/mix.wav,11.370088577270508,11.547119140625,9.9318208694458,10.15399169921875
/data/public/EchoSet/test/VLzqgDo317F/0_8_meetingroom_conferenceroom/260_3575/mix.wav,15.572063446044922,15.662967681884766,15.094185829162598,15.22681713104248
/data/public/EchoSet/test/VLzqgDo317F/0_8_meetingroom_conferenceroom/3729_2961/mix.wav,9.80545425415039,10.22774887084961,9.519344329833984,9.979659080505371
/data/public/EchoSet/test/VLzqgDo317F/0_8_meetingroom_conferenceroom/121_2094/mix.wav,11.161808013916016,11.542359352111816,10.675987243652344,11.102808952331543
/data/public/EchoSet/test/VLzqgDo317F/0_8_meetingroom_conferenceroom/4077_260/mix.wav,10.81219482421875,11.017009735107422,10.129548072814941,10.383267402648926
/data/public/EchoSet/test/VLzqgDo317F/0_8_meetingroom_conferenceroom/237_2300/mix.wav,10.693275451660156,11.080158233642578,10.423257827758789,10.836337089538574
/data/public/EchoSet/test/VLzqgDo317F/0_8_meetingroom_conferenceroom/237_1221/mix.wav,9.734376907348633,10.121150016784668,8.907383918762207,9.320756912231445
/data/public/EchoSet/test/VLzqgDo317F/0_8_meetingroom_conferenceroom/1320_1284/mix.wav,10.800251960754395,11.128644943237305,10.484752655029297,10.868541717529297
/data/public/EchoSet/test/VLzqgDo317F/0_8_meetingroom_conferenceroom/121_3729/mix.wav,12.020172119140625,12.046490669250488,11.614767074584961,11.692957878112793
/data/public/EchoSet/test/VLzqgDo317F/0_8_meetingroom_conferenceroom/6930_8463/mix.wav,9.37431526184082,9.287224769592285,8.681889533996582,8.701689720153809
/data/public/EchoSet/test/VLzqgDo317F/0_8_meetingroom_conferenceroom/7729_1995/mix.wav,11.04904842376709,11.208986282348633,10.764364242553711,10.972221374511719
/data/public/EchoSet/test/VLzqgDo317F/0_8_meetingroom_conferenceroom/672_1580/mix.wav,11.46493911743164,11.516932487487793,9.721872329711914,9.796150207519531
/data/public/EchoSet/test/VLzqgDo317F/0_8_meetingroom_conferenceroom/260_5142/mix.wav,9.57435417175293,9.624597549438477,9.069087982177734,9.181941986083984
/data/public/EchoSet/test/VLzqgDo317F/0_8_meetingroom_conferenceroom/3729_6829/mix.wav,11.248237609863281,11.410418510437012,10.883721351623535,11.089744567871094
/data/public/EchoSet/test/VLzqgDo317F/0_8_meetingroom_conferenceroom/121_1221/mix.wav,10.579294204711914,10.561267852783203,9.760252952575684,9.774858474731445
/data/public/EchoSet/test/VLzqgDo317F/0_8_meetingroom_conferenceroom/5105_1284/mix.wav,9.734220504760742,10.383769989013672,9.30844497680664,10.05622386932373
/data/public/EchoSet/test/VLzqgDo317F/0_8_meetingroom_conferenceroom/1320_4970/mix.wav,14.03105354309082,13.98694133758545,13.350408554077148,13.364018440246582
/data/public/EchoSet/test/VLzqgDo317F/0_8_meetingroom_conferenceroom/5683_6930/mix.wav,-0.07753705978393555,0.02362978458404541,-2.9122517108917236,-2.7567801475524902
/data/public/EchoSet/test/VLzqgDo317F/0_8_meetingroom_conferenceroom/7127_1089/mix.wav,9.900819778442383,9.941798210144043,8.620931625366211,8.715320587158203
/data/public/EchoSet/test/VLzqgDo317F/0_8_meetingroom_conferenceroom/260_8224/mix.wav,8.201116561889648,8.322576522827148,6.8583245277404785,7.021582126617432
/data/public/EchoSet/test/VLzqgDo317F/0_8_meetingroom_conferenceroom/6930_3575/mix.wav,9.433612823486328,9.54916000366211,7.711514949798584,7.897534370422363
/data/public/EchoSet/test/VLzqgDo317F/0_8_meetingroom_conferenceroom/4992_3570/mix.wav,10.797800064086914,11.060529708862305,10.520515441894531,10.816629409790039
/data/public/EchoSet/test/VLzqgDo317F/0_8_meetingroom_conferenceroom/672_121/mix.wav,8.659307479858398,8.63592529296875,7.912262916564941,7.942254543304443
/data/public/EchoSet/test/VLzqgDo317F/0_8_meetingroom_conferenceroom/237_5639/mix.wav,12.976783752441406,12.975522994995117,12.686676979064941,12.730389595031738
/data/public/EchoSet/test/VLzqgDo317F/0_8_meetingroom_conferenceroom/7021_4077/mix.wav,13.267173767089844,13.221406936645508,12.31525707244873,12.356826782226562
/data/public/EchoSet/test/VLzqgDo317F/0_8_meetingroom_conferenceroom/8463_3570/mix.wav,10.823373794555664,10.897125244140625,9.973215103149414,10.148122787475586
/data/public/EchoSet/test/VLzqgDo317F/0_8_meetingroom_conferenceroom/3729_1320/mix.wav,10.556350708007812,10.884432792663574,10.041436195373535,10.426864624023438
/data/public/EchoSet/test/VLzqgDo317F/0_8_meetingroom_conferenceroom/61_8455/mix.wav,8.942855834960938,8.913982391357422,8.250529289245605,8.313037872314453
/data/public/EchoSet/test/VLzqgDo317F/0_8_meetingroom_conferenceroom/4077_5683/mix.wav,8.46397590637207,8.562525749206543,5.2199249267578125,5.377113342285156
/data/public/EchoSet/test/VLzqgDo317F/0_8_meetingroom_conferenceroom/4992_1188/mix.wav,12.649386405944824,12.618426322937012,12.219985961914062,12.23911190032959
/data/public/EchoSet/test/VLzqgDo317F/0_8_meetingroom_conferenceroom/1188_1320/mix.wav,9.48355770111084,9.373668670654297,8.825716018676758,8.809189796447754
/data/public/EchoSet/test/VLzqgDo317F/0_8_meetingroom_conferenceroom/1089_8455/mix.wav,8.985811233520508,8.838422775268555,8.43680477142334,8.36168098449707
/data/public/EchoSet/test/VLzqgDo317F/0_8_meetingroom_conferenceroom/6829_5683/mix.wav,12.060622215270996,12.151838302612305,11.608804702758789,11.742071151733398
/data/public/EchoSet/test/VLzqgDo317F/0_8_meetingroom_conferenceroom/4992_1995/mix.wav,0.4384319484233856,0.6623300909996033,-0.360262930393219,-0.10918569564819336
/data/public/EchoSet/test/VLzqgDo317F/0_8_meetingroom_conferenceroom/3575_7021/mix.wav,13.878511428833008,13.91643238067627,13.284990310668945,13.353642463684082
/data/public/EchoSet/test/VLzqgDo317F/0_8_meetingroom_conferenceroom/7729_7127/mix.wav,9.173160552978516,9.621152877807617,8.846899032592773,9.319721221923828
/data/public/EchoSet/test/VLzqgDo317F/0_8_meetingroom_conferenceroom/6930_2094/mix.wav,8.746573448181152,8.923086166381836,5.887456893920898,6.111454963684082
/data/public/EchoSet/test/VLzqgDo317F/0_8_meetingroom_conferenceroom/2961_908/mix.wav,10.32339096069336,10.20456314086914,8.819757461547852,8.783692359924316
/data/public/EchoSet/test/VLzqgDo317F/0_8_meetingroom_conferenceroom/6829_2961/mix.wav,8.8392972946167,9.408178329467773,8.521291732788086,9.133898735046387
/data/public/EchoSet/test/VLzqgDo317F/0_8_meetingroom_conferenceroom/4507_672/mix.wav,8.972354888916016,9.469426155090332,8.58226490020752,9.155134201049805
/data/public/EchoSet/test/VLzqgDo317F/1_2_meetingroom_conferenceroom/7729_1995/mix.wav,12.05039119720459,12.380020141601562,11.701886177062988,12.0552339553833
/data/public/EchoSet/test/VLzqgDo317F/1_2_meetingroom_conferenceroom/8230_4992/mix.wav,12.655452728271484,12.710933685302734,12.299001693725586,12.396832466125488
/data/public/EchoSet/test/VLzqgDo317F/1_2_meetingroom_conferenceroom/237_4992/mix.wav,8.954197883605957,9.3889799118042,8.462127685546875,9.206683158874512
/data/public/EchoSet/test/VLzqgDo317F/1_2_meetingroom_conferenceroom/3729_908/mix.wav,13.904300689697266,13.89973258972168,12.85554313659668,12.947691917419434
/data/public/EchoSet/test/VLzqgDo317F/1_2_meetingroom_conferenceroom/6930_260/mix.wav,14.616203308105469,14.782848358154297,14.035263061523438,14.241689682006836
/data/public/EchoSet/test/VLzqgDo317F/1_2_meetingroom_conferenceroom/8555_5105/mix.wav,14.657694816589355,14.70779037475586,14.16543960571289,14.245466232299805
/data/public/EchoSet/test/VLzqgDo317F/1_2_meetingroom_conferenceroom/1320_7729/mix.wav,6.741722106933594,6.895183086395264,5.503541469573975,5.756170272827148
/data/public/EchoSet/test/VLzqgDo317F/1_2_meetingroom_conferenceroom/121_237/mix.wav,10.063157081604004,10.201316833496094,9.562129974365234,9.797980308532715
/data/public/EchoSet/test/VLzqgDo317F/1_2_meetingroom_conferenceroom/61_2961/mix.wav,10.525875091552734,10.845338821411133,9.917197227478027,10.30176830291748
/data/public/EchoSet/test/VLzqgDo317F/1_2_meetingroom_conferenceroom/1188_1580/mix.wav,13.37690544128418,13.389227867126465,12.940475463867188,12.996317863464355
/data/public/EchoSet/test/VLzqgDo317F/1_2_meetingroom_conferenceroom/7127_121/mix.wav,7.403921127319336,7.7062458992004395,6.798419952392578,7.196287155151367
/data/public/EchoSet/test/VLzqgDo317F/1_2_meetingroom_conferenceroom/8224_2961/mix.wav,13.237590789794922,13.511985778808594,13.026442527770996,13.320147514343262
/data/public/EchoSet/test/VLzqgDo317F/1_2_meetingroom_conferenceroom/8555_4507/mix.wav,10.744769096374512,10.87073802947998,10.263528823852539,10.429437637329102
/data/public/EchoSet/test/VLzqgDo317F/1_2_meetingroom_conferenceroom/1580_2961/mix.wav,10.64249324798584,10.880890846252441,10.324235916137695,10.60610294342041
/data/public/EchoSet/test/VLzqgDo317F/1_2_meetingroom_conferenceroom/121_908/mix.wav,9.162144660949707,9.262895584106445,6.345945835113525,6.482192039489746
/data/public/EchoSet/test/VLzqgDo317F/1_2_meetingroom_conferenceroom/1320_3575/mix.wav,11.655917167663574,11.542988777160645,10.944889068603516,10.902551651000977
/data/public/EchoSet/test/VLzqgDo317F/1_2_meetingroom_conferenceroom/4446_7176/mix.wav,11.785089492797852,12.04568862915039,11.270328521728516,11.580015182495117
/data/public/EchoSet/test/VLzqgDo317F/1_2_meetingroom_conferenceroom/1188_7176/mix.wav,10.104508399963379,10.211092948913574,9.60336685180664,9.761284828186035
/data/public/EchoSet/test/VLzqgDo317F/1_2_meetingroom_conferenceroom/3570_4970/mix.wav,11.719852447509766,12.026522636413574,11.01034927368164,11.360566139221191
/data/public/EchoSet/test/VLzqgDo317F/1_2_meetingroom_conferenceroom/8455_5142/mix.wav,12.305631637573242,12.37828540802002,11.489116668701172,11.597126960754395
/data/public/EchoSet/test/VLzqgDo317F/1_2_meetingroom_conferenceroom/5105_8463/mix.wav,7.816194534301758,8.10628890991211,6.964380264282227,7.308824062347412
/data/public/EchoSet/test/VLzqgDo317F/1_2_meetingroom_conferenceroom/7176_5683/mix.wav,15.59870719909668,15.63320541381836,14.880331039428711,14.938629150390625
/data/public/EchoSet/test/VLzqgDo317F/1_2_meetingroom_conferenceroom/7176_121/mix.wav,12.73775577545166,12.84075927734375,12.414387702941895,12.553175926208496
/data/public/EchoSet/test/VLzqgDo317F/1_2_meetingroom_conferenceroom/7021_1221/mix.wav,10.403326034545898,10.776227951049805,9.887737274169922,10.331816673278809
/data/public/EchoSet/test/VLzqgDo317F/1_2_meetingroom_conferenceroom/5639_3570/mix.wav,11.577533721923828,12.084410667419434,11.004388809204102,11.553174018859863
/data/public/EchoSet/test/VLzqgDo317F/1_2_meetingroom_conferenceroom/4970_8455/mix.wav,11.900554656982422,11.910661697387695,11.432022094726562,11.534807205200195
/data/public/EchoSet/test/VLzqgDo317F/1_2_meetingroom_conferenceroom/61_4507/mix.wav,11.139057159423828,11.330172538757324,10.733901977539062,10.974052429199219
/data/public/EchoSet/test/VLzqgDo317F/1_2_meetingroom_conferenceroom/8463_4446/mix.wav,12.466386795043945,12.520832061767578,11.754119873046875,11.916496276855469
/data/public/EchoSet/test/VLzqgDo317F/1_2_meetingroom_conferenceroom/6930_2094/mix.wav,12.697673797607422,12.728738784790039,11.174519538879395,11.27927303314209
/data/public/EchoSet/test/VLzqgDo317F/1_2_meetingroom_conferenceroom/1284_8463/mix.wav,10.754368782043457,10.694117546081543,10.234140396118164,10.222532272338867
/data/public/EchoSet/test/VLzqgDo317F/1_2_meetingroom_conferenceroom/3570_8463/mix.wav,10.778852462768555,11.055109977722168,10.122114181518555,10.439160346984863
/data/public/EchoSet/test/VLzqgDo317F/1_2_meetingroom_conferenceroom/3729_7127/mix.wav,12.591691970825195,12.496919631958008,12.139917373657227,12.217897415161133
/data/public/EchoSet/test/VLzqgDo317F/1_2_meetingroom_conferenceroom/2830_3570/mix.wav,9.805065155029297,9.28593635559082,8.62489128112793,9.059220314025879
/data/public/EchoSet/test/VLzqgDo317F/1_2_meetingroom_conferenceroom/4970_8224/mix.wav,10.924280166625977,11.13899040222168,10.485662460327148,10.74505615234375
/data/public/EchoSet/test/VLzqgDo317F/1_2_meetingroom_conferenceroom/5639_6829/mix.wav,11.5274019241333,11.434850692749023,11.167973518371582,11.164742469787598
/data/public/EchoSet/test/VLzqgDo317F/1_2_meetingroom_conferenceroom/8463_1580/mix.wav,9.250187873840332,9.484626770019531,8.51681137084961,8.913569450378418
/data/public/EchoSet/test/VLzqgDo317F/1_2_meetingroom_conferenceroom/7127_8230/mix.wav,8.95186710357666,8.818092346191406,8.131725311279297,8.051998138427734
/data/public/EchoSet/test/VLzqgDo317F/1_2_meetingroom_conferenceroom/908_7021/mix.wav,13.895086288452148,14.032893180847168,13.464136123657227,13.632617950439453
/data/public/EchoSet/test/VLzqgDo317F/1_2_meetingroom_conferenceroom/6829_1580/mix.wav,9.811944961547852,9.999567031860352,9.2738676071167,9.546003341674805
/data/public/EchoSet/test/VLzqgDo317F/1_2_meetingroom_conferenceroom/1284_8224/mix.wav,13.731314659118652,13.8574800491333,13.167282104492188,13.313880920410156
/data/public/EchoSet/test/VLzqgDo317F/1_2_meetingroom_conferenceroom/1995_5142/mix.wav,10.052915573120117,10.249229431152344,9.437492370605469,9.649382591247559
/data/public/EchoSet/test/VLzqgDo317F/1_2_meetingroom_conferenceroom/1221_1320/mix.wav,13.479058265686035,13.589787483215332,12.418209075927734,12.57021713256836
/data/public/EchoSet/test/VLzqgDo317F/1_2_meetingroom_conferenceroom/61_7127/mix.wav,10.034577369689941,10.028884887695312,9.234842300415039,9.330743789672852
/data/public/EchoSet/test/VLzqgDo317F/1_2_meetingroom_conferenceroom/6829_1188/mix.wav,10.59367561340332,10.588359832763672,9.925033569335938,10.036233901977539
/data/public/EchoSet/test/VLzqgDo317F/1_2_meetingroom_conferenceroom/5683_908/mix.wav,14.684942245483398,14.889747619628906,14.03939151763916,14.280621528625488
/data/public/EchoSet/test/VLzqgDo317F/1_2_meetingroom_conferenceroom/8230_672/mix.wav,12.028955459594727,12.157654762268066,11.633151054382324,11.793739318847656
/data/public/EchoSet/test/VLzqgDo317F/1_2_meetingroom_conferenceroom/3729_4507/mix.wav,12.731882095336914,13.129382133483887,12.161760330200195,12.588553428649902
/data/public/EchoSet/test/VLzqgDo317F/1_2_meetingroom_conferenceroom/2830_2961/mix.wav,15.167774200439453,15.10037899017334,14.638368606567383,14.64625072479248
/data/public/EchoSet/test/VLzqgDo317F/1_2_meetingroom_conferenceroom/260_7176/mix.wav,9.201441764831543,9.30673885345459,8.426834106445312,8.611334800720215
/data/public/EchoSet/test/VLzqgDo317F/1_2_meetingroom_conferenceroom/1580_1320/mix.wav,11.325675964355469,11.477561950683594,10.352983474731445,10.575339317321777
/data/public/EchoSet/test/VLzqgDo317F/1_2_meetingroom_conferenceroom/2094_7127/mix.wav,7.056661605834961,7.342516899108887,4.876508712768555,5.230405807495117
/data/public/EchoSet/test/VLzqgDo317F/1_2_meetingroom_conferenceroom/672_4077/mix.wav,7.896975517272949,7.882748603820801,6.69738245010376,6.765918254852295
/data/public/EchoSet/test/VLzqgDo317F/1_2_meetingroom_conferenceroom/1188_5105/mix.wav,11.828547477722168,11.936026573181152,11.339797019958496,11.500846862792969
/data/public/EchoSet/test/VLzqgDo317F/1_2_meetingroom_conferenceroom/4992_2830/mix.wav,9.75222396850586,9.721514701843262,5.7753705978393555,5.8029704093933105
/data/public/EchoSet/test/VLzqgDo317F/1_2_meetingroom_conferenceroom/3729_5105/mix.wav,11.738103866577148,12.022875785827637,11.46969223022461,11.789369583129883
/data/public/EchoSet/test/VLzqgDo317F/1_2_meetingroom_conferenceroom/121_1995/mix.wav,9.274386405944824,9.384268760681152,8.669095039367676,8.87277603149414
/data/public/EchoSet/test/VLzqgDo317F/1_2_meetingroom_conferenceroom/6930_5142/mix.wav,10.75747299194336,10.776174545288086,9.76358699798584,9.840269088745117
/data/public/EchoSet/test/VLzqgDo317F/1_2_meetingroom_conferenceroom/8455_4970/mix.wav,12.37344741821289,12.541786193847656,11.933487892150879,12.141971588134766
/data/public/EchoSet/test/VLzqgDo317F/1_2_meetingroom_conferenceroom/2300_5683/mix.wav,10.204262733459473,10.671590805053711,9.756747245788574,10.289155960083008
/data/public/EchoSet/test/VLzqgDo317F/1_2_meetingroom_conferenceroom/61_7176/mix.wav,10.53596305847168,10.907906532287598,10.039571762084961,10.482748031616211
/data/public/EchoSet/test/VLzqgDo317F/1_2_meetingroom_conferenceroom/5105_1221/mix.wav,12.53161334991455,12.686501502990723,12.021087646484375,12.216320037841797
/data/public/EchoSet/test/VLzqgDo317F/1_2_meetingroom_conferenceroom/672_1089/mix.wav,10.177384376525879,10.341588020324707,9.075175285339355,9.323568344116211
/data/public/EchoSet/test/VLzqgDo317F/1_2_meetingroom_conferenceroom/5105_4077/mix.wav,-1.1804733276367188,-1.1767712831497192,-3.7345266342163086,-3.6752712726593018
/data/public/EchoSet/test/VLzqgDo317F/1_2_meetingroom_conferenceroom/8224_6829/mix.wav,6.218881130218506,6.435446739196777,3.3827106952667236,3.6529409885406494
/data/public/EchoSet/test/VLzqgDo317F/1_2_meetingroom_conferenceroom/5142_260/mix.wav,10.931129455566406,10.636310577392578,10.211969375610352,10.05141544342041
/data/public/EchoSet/test/VLzqgDo317F/1_2_meetingroom_conferenceroom/3575_7729/mix.wav,13.310892105102539,13.557907104492188,12.935669898986816,13.22619915008545
/data/public/EchoSet/test/VLzqgDo317F/1_2_meetingroom_conferenceroom/2300_672/mix.wav,10.111224174499512,10.428215026855469,9.485140800476074,9.913200378417969
/data/public/EchoSet/test/VLzqgDo317F/1_2_meetingroom_conferenceroom/672_237/mix.wav,7.6059417724609375,7.747910976409912,6.704543590545654,6.899046897888184
/data/public/EchoSet/test/VLzqgDo317F/1_2_meetingroom_conferenceroom/2830_4992/mix.wav,8.16856861114502,8.39769458770752,6.0324788093566895,6.401590347290039
/data/public/EchoSet/test/VLzqgDo317F/1_2_meetingroom_conferenceroom/1995_5639/mix.wav,14.382162094116211,14.426695823669434,13.804616928100586,13.892748832702637
/data/public/EchoSet/test/VLzqgDo317F/1_2_meetingroom_conferenceroom/8230_6930/mix.wav,12.68043327331543,12.811193466186523,12.047459602355957,12.294084548950195
/data/public/EchoSet/test/VLzqgDo317F/1_2_meetingroom_conferenceroom/4077_1320/mix.wav,10.202971458435059,9.412313461303711,8.53077507019043,8.107990264892578
/data/public/EchoSet/test/VLzqgDo317F/1_2_meetingroom_conferenceroom/4446_5683/mix.wav,12.087658882141113,11.887112617492676,11.491901397705078,11.413406372070312
/data/public/EchoSet/test/VLzqgDo317F/1_2_meetingroom_conferenceroom/1089_7729/mix.wav,11.399035453796387,11.341482162475586,11.13318920135498,11.106864929199219
/data/public/EchoSet/test/VLzqgDo317F/1_2_meetingroom_conferenceroom/2300_237/mix.wav,12.641508102416992,12.611411094665527,11.427391052246094,11.441359519958496
/data/public/EchoSet/test/VLzqgDo317F/1_2_meetingroom_conferenceroom/5639_8555/mix.wav,13.514163970947266,13.414691925048828,13.093725204467773,13.070807456970215
/data/public/EchoSet/test/VLzqgDo317F/1_2_meetingroom_conferenceroom/4507_8555/mix.wav,13.027255058288574,12.930875778198242,12.620748519897461,12.557802200317383
/data/public/EchoSet/test/VLzqgDo317F/1_2_meetingroom_conferenceroom/4077_1284/mix.wav,11.156942367553711,11.324058532714844,10.67939567565918,10.892477035522461
/data/public/EchoSet/test/VLzqgDo317F/1_2_meetingroom_conferenceroom/7729_8224/mix.wav,13.452150344848633,13.565849304199219,13.197439193725586,13.33895492553711
/data/public/EchoSet/test/VLzqgDo317F/1_2_meetingroom_conferenceroom/4507_260/mix.wav,14.573444366455078,14.43581771850586,14.046170234680176,14.114745140075684
/data/public/EchoSet/test/VLzqgDo317F/1_2_meetingroom_conferenceroom/1284_908/mix.wav,12.052091598510742,12.241805076599121,11.791265487670898,12.023146629333496
/data/public/EchoSet/test/VLzqgDo317F/1_2_meetingroom_conferenceroom/2830_8230/mix.wav,9.318641662597656,9.389251708984375,8.566622734069824,8.834484100341797
/data/public/EchoSet/test/VLzqgDo317F/1_2_meetingroom_conferenceroom/260_4970/mix.wav,12.090499877929688,12.340428352355957,11.118967056274414,11.48517894744873
/data/public/EchoSet/test/VLzqgDo317F/1_2_meetingroom_conferenceroom/1995_2961/mix.wav,12.047597885131836,11.977800369262695,11.729698181152344,11.72917366027832
/data/public/EchoSet/test/VLzqgDo317F/1_2_meetingroom_conferenceroom/6829_4970/mix.wav,10.421740531921387,10.541651725769043,9.842780113220215,9.995260238647461
/data/public/EchoSet/test/VLzqgDo317F/1_2_meetingroom_conferenceroom/4446_5639/mix.wav,13.292932510375977,13.328746795654297,12.875707626342773,12.948058128356934
/data/public/EchoSet/test/VLzqgDo317F/1_2_meetingroom_conferenceroom/1284_4992/mix.wav,8.672404289245605,8.542764663696289,8.10827922821045,8.170323371887207
/data/public/EchoSet/test/VLzqgDo317F/1_2_meetingroom_conferenceroom/5639_8230/mix.wav,16.364990234375,16.458498001098633,16.16560935974121,16.27386474609375
/data/public/EchoSet/test/VLzqgDo317F/1_2_meetingroom_conferenceroom/4507_8230/mix.wav,11.550179481506348,11.693071365356445,11.241451263427734,11.427136421203613
/data/public/EchoSet/test/VLzqgDo317F/1_2_meetingroom_conferenceroom/7021_1995/mix.wav,10.16988468170166,10.758459091186523,9.848834991455078,10.473943710327148
/data/public/EchoSet/test/VLzqgDo317F/1_2_meetingroom_conferenceroom/7021_4446/mix.wav,13.514508247375488,13.586466789245605,13.083553314208984,13.17772388458252
/data/public/EchoSet/test/VLzqgDo317F/1_2_meetingroom_conferenceroom/1089_7176/mix.wav,12.262813568115234,12.476873397827148,12.00673770904541,12.255609512329102
/data/public/EchoSet/test/VLzqgDo317F/1_2_meetingroom_conferenceroom/4446_5142/mix.wav,10.351112365722656,10.36518669128418,9.82402229309082,9.880993843078613
/data/public/EchoSet/test/VLzqgDo317F/1_2_meetingroom_conferenceroom/3570_2830/mix.wav,14.948843002319336,15.032095909118652,14.47547435760498,14.585203170776367
/data/public/EchoSet/test/VLzqgDo317F/1_2_meetingroom_conferenceroom/2094_4970/mix.wav,12.058452606201172,12.092292785644531,11.574085235595703,11.63491153717041
/data/public/EchoSet/test/VLzqgDo317F/1_2_meetingroom_conferenceroom/1188_3729/mix.wav,12.884846687316895,12.869604110717773,12.287246704101562,12.354559898376465
/data/public/EchoSet/test/VLzqgDo317F/1_2_meetingroom_conferenceroom/3729_4077/mix.wav,10.017522811889648,9.780308723449707,9.473669052124023,9.591867446899414
/data/public/EchoSet/test/VLzqgDo317F/1_2_meetingroom_conferenceroom/1284_2961/mix.wav,10.491140365600586,10.37671184539795,9.871521949768066,9.859721183776855
/data/public/EchoSet/test/VLzqgDo317F/1_2_meetingroom_conferenceroom/5142_4992/mix.wav,10.821141242980957,10.979990005493164,10.134623527526855,10.378976821899414
/data/public/EchoSet/test/VLzqgDo317F/1_2_meetingroom_conferenceroom/8224_3575/mix.wav,13.476152420043945,13.523799896240234,12.691941261291504,12.795888900756836
/data/public/EchoSet/test/VLzqgDo317F/1_2_meetingroom_conferenceroom/908_5683/mix.wav,12.350776672363281,11.998842239379883,11.36907958984375,11.396514892578125
/data/public/EchoSet/test/VLzqgDo317F/1_2_meetingroom_conferenceroom/2961_8455/mix.wav,12.430329322814941,12.44853687286377,11.91954517364502,11.992568969726562
/data/public/EchoSet/test/VLzqgDo317F/1_2_meetingroom_conferenceroom/1089_1188/mix.wav,12.262164115905762,12.433035850524902,11.998077392578125,12.23100757598877
/data/public/EchoSet/test/VLzqgDo317F/1_2_meetingroom_conferenceroom/7021_6930/mix.wav,14.887388229370117,14.934426307678223,13.437543869018555,13.52138900756836
/data/public/EchoSet/test/VLzqgDo317F/1_2_meetingroom_conferenceroom/4507_1089/mix.wav,13.89677906036377,14.107969284057617,13.649686813354492,13.902894973754883
/data/public/EchoSet/test/VLzqgDo317F/1_2_meetingroom_conferenceroom/1188_2300/mix.wav,9.212465286254883,9.399852752685547,8.365540504455566,8.612800598144531
/data/public/EchoSet/test/VLzqgDo317F/1_2_meetingroom_conferenceroom/7729_2094/mix.wav,16.169544219970703,16.35366439819336,15.559015274047852,15.766154289245605
/data/public/EchoSet/test/VLzqgDo317F/1_2_meetingroom_conferenceroom/1089_5683/mix.wav,12.247856140136719,12.412808418273926,11.898063659667969,12.087624549865723
/data/public/EchoSet/test/VLzqgDo317F/1_2_meetingroom_conferenceroom/6829_8455/mix.wav,10.297222137451172,10.35532283782959,9.1621675491333,9.28636646270752
/data/public/EchoSet/test/VLzqgDo317F/1_2_meetingroom_conferenceroom/1221_8555/mix.wav,11.327252388000488,11.329549789428711,10.910045623779297,10.956892967224121
/data/public/EchoSet/test/VLzqgDo317F/1_2_meetingroom_conferenceroom/5142_908/mix.wav,13.265972137451172,13.299348831176758,12.736654281616211,12.802987098693848
/data/public/EchoSet/test/VLzqgDo317F/1_2_meetingroom_conferenceroom/4077_7021/mix.wav,12.32984733581543,12.47105884552002,11.67427921295166,11.841192245483398
/data/public/EchoSet/test/VLzqgDo317F/1_2_meetingroom_conferenceroom/5105_237/mix.wav,13.762255668640137,13.70431900024414,13.207069396972656,13.208892822265625
/data/public/EchoSet/test/VLzqgDo317F/1_2_meetingroom_conferenceroom/1284_1580/mix.wav,11.249166488647461,11.346260070800781,10.461181640625,10.617095947265625
/data/public/EchoSet/test/VLzqgDo317F/1_2_meetingroom_conferenceroom/61_4077/mix.wav,7.558207035064697,7.823348522186279,6.138851165771484,6.50018310546875
/data/public/EchoSet/test/VLzqgDo317F/1_2_meetingroom_conferenceroom/4970_2961/mix.wav,12.342974662780762,12.427021980285645,11.489788055419922,11.62954330444336
/data/public/EchoSet/test/VLzqgDo317F/1_2_meetingroom_conferenceroom/8555_5639/mix.wav,12.986542701721191,13.04924201965332,12.39715576171875,12.535683631896973
/data/public/EchoSet/test/VLzqgDo317F/1_2_meetingroom_conferenceroom/4446_1284/mix.wav,12.072930335998535,12.1371431350708,11.18392562866211,11.292874336242676
/data/public/EchoSet/test/VLzqgDo317F/1_2_meetingroom_conferenceroom/260_8224/mix.wav,9.756099700927734,10.226622581481934,9.232029914855957,9.763076782226562
/data/public/EchoSet/test/VLzqgDo317F/1_2_meetingroom_conferenceroom/1320_3570/mix.wav,10.387079238891602,10.417977333068848,9.241321563720703,9.440400123596191
/data/public/EchoSet/test/VLzqgDo317F/1_2_meetingroom_conferenceroom/8555_7021/mix.wav,12.174226760864258,12.426998138427734,11.746633529663086,12.048779487609863
/data/public/EchoSet/test/VLzqgDo317F/1_2_meetingroom_conferenceroom/8555_1089/mix.wav,11.862001419067383,11.904487609863281,11.222376823425293,11.370895385742188
/data/public/EchoSet/test/VLzqgDo317F/1_2_meetingroom_conferenceroom/7729_3575/mix.wav,10.853486061096191,11.016522407531738,10.37540054321289,10.593836784362793
/data/public/EchoSet/test/VLzqgDo317F/1_2_meetingroom_conferenceroom/2094_2300/mix.wav,9.304372787475586,9.149478912353516,8.240278244018555,8.224287986755371
/data/public/EchoSet/test/VLzqgDo317F/1_2_meetingroom_conferenceroom/1188_3575/mix.wav,14.21617603302002,14.431955337524414,13.6957368850708,13.962845802307129
/data/public/EchoSet/test/VLzqgDo317F/1_2_meetingroom_conferenceroom/5105_6829/mix.wav,10.923986434936523,11.051895141601562,10.491697311401367,10.645689010620117
/data/public/EchoSet/test/VLzqgDo317F/1_2_meetingroom_conferenceroom/2094_121/mix.wav,11.264442443847656,11.36572265625,10.625539779663086,10.76646900177002
/data/public/EchoSet/test/VLzqgDo317F/1_2_meetingroom_conferenceroom/237_1089/mix.wav,11.16858959197998,11.233312606811523,10.50661849975586,10.659270286560059
/data/public/EchoSet/test/VLzqgDo317F/1_2_meetingroom_conferenceroom/1580_1221/mix.wav,9.98206901550293,9.975884437561035,9.461528778076172,9.48818302154541
/data/public/EchoSet/test/VLzqgDo317F/1_2_meetingroom_conferenceroom/672_7127/mix.wav,9.441532135009766,9.76707649230957,7.928225517272949,8.303465843200684
/data/public/EchoSet/test/VLzqgDo317F/1_2_meetingroom_conferenceroom/2830_908/mix.wav,5.497742176055908,5.165851593017578,0.32617300748825073,0.49508363008499146
/data/public/EchoSet/test/VLzqgDo317F/1_2_meetingroom_conferenceroom/61_5142/mix.wav,7.615579605102539,7.872641086578369,6.248824119567871,6.609744071960449
/data/public/EchoSet/test/VLzqgDo317F/1_2_meetingroom_conferenceroom/2094_8455/mix.wav,12.530952453613281,12.612112998962402,11.90915584564209,12.023521423339844
/data/public/EchoSet/test/VLzqgDo317F/1_2_meetingroom_conferenceroom/6930_7176/mix.wav,11.805089950561523,12.425348281860352,11.572837829589844,12.237380027770996
/data/public/EchoSet/test/VLzqgDo317F/1_2_meetingroom_conferenceroom/121_1221/mix.wav,11.414527893066406,11.559803009033203,11.035409927368164,11.208372116088867
/data/public/EchoSet/test/VLzqgDo317F/1_2_meetingroom_conferenceroom/8463_3575/mix.wav,11.267169952392578,11.528380393981934,10.78567886352539,11.124953269958496
/data/public/EchoSet/test/VLzqgDo317F/1_2_meetingroom_conferenceroom/4992_3575/mix.wav,13.555608749389648,13.60430908203125,13.05568790435791,13.129213333129883
/data/public/EchoSet/test/VLzqgDo317F/1_2_meetingroom_conferenceroom/1995_1580/mix.wav,14.004510879516602,14.313821792602539,13.529611587524414,13.939702987670898
/data/public/EchoSet/test/VLzqgDo317F/1_2_meetingroom_conferenceroom/8224_8455/mix.wav,9.237635612487793,9.345328330993652,7.24012565612793,7.402945518493652
/data/public/EchoSet/test/VLzqgDo317F/1_2_meetingroom_conferenceroom/237_2300/mix.wav,11.25375747680664,11.513347625732422,10.855688095092773,11.166696548461914
/data/public/EchoSet/test/VLzqgDo317F/1_2_meetingroom_conferenceroom/7127_5683/mix.wav,14.73192310333252,14.869513511657715,14.13051986694336,14.304239273071289
/data/public/EchoSet/test/VLzqgDo317F/1_2_meetingroom_conferenceroom/7021_237/mix.wav,13.866743087768555,14.029510498046875,13.478996276855469,13.664180755615234
/data/public/EchoSet/test/VLzqgDo317F/1_2_meetingroom_conferenceroom/61_5639/mix.wav,13.780817031860352,13.830687522888184,13.464934349060059,13.532989501953125
/data/public/EchoSet/test/VLzqgDo317F/1_2_meetingroom_conferenceroom/1320_6930/mix.wav,15.200002670288086,15.145654678344727,14.499149322509766,14.567010879516602
/data/public/EchoSet/test/VLzqgDo317F/1_2_meetingroom_conferenceroom/260_2300/mix.wav,7.534961223602295,7.817173004150391,7.1730732917785645,7.5351762771606445
/data/public/EchoSet/test/VLzqgDo317F/1_2_meetingroom_conferenceroom/260_1221/mix.wav,10.143988609313965,10.505447387695312,9.546688079833984,9.96743392944336
/data/public/EchoSet/test/VLzqgDo317F/1_2_meetingroom_conferenceroom/672_61/mix.wav,8.918534278869629,8.910003662109375,6.860339164733887,6.880334377288818
/data/public/EchoSet/test/VLzqgDo317F/1_2_meetingroom_conferenceroom/3729_8463/mix.wav,10.535482406616211,10.846027374267578,10.063962936401367,10.466060638427734
/data/public/EchoSet/test/VLzqgDo317F/1_2_meetingroom_conferenceroom/6829_4077/mix.wav,10.248344421386719,10.2965726852417,9.747577667236328,9.828638076782227
/data/public/EchoSet/test/VLzqgDo317F/0_7_meetingroom_conferenceroom/3729_121/mix.wav,11.312270164489746,11.308405876159668,10.647045135498047,10.678312301635742
/data/public/EchoSet/test/VLzqgDo317F/0_7_meetingroom_conferenceroom/1089_8555/mix.wav,10.998034477233887,10.815581321716309,10.396133422851562,10.501497268676758
/data/public/EchoSet/test/VLzqgDo317F/0_7_meetingroom_conferenceroom/3729_6829/mix.wav,8.2607421875,8.736522674560547,7.700675010681152,8.242926597595215
/data/public/EchoSet/test/VLzqgDo317F/0_7_meetingroom_conferenceroom/237_3575/mix.wav,9.00449275970459,8.936073303222656,8.271474838256836,8.246082305908203
/data/public/EchoSet/test/VLzqgDo317F/0_7_meetingroom_conferenceroom/3575_908/mix.wav,10.715662956237793,10.908987045288086,10.031447410583496,10.331269264221191
/data/public/EchoSet/test/VLzqgDo317F/0_7_meetingroom_conferenceroom/8230_5105/mix.wav,8.762286186218262,8.83990478515625,8.220306396484375,8.346590042114258
/data/public/EchoSet/test/VLzqgDo317F/0_7_meetingroom_conferenceroom/4970_8555/mix.wav,11.722984313964844,11.763181686401367,11.274286270141602,11.334757804870605
/data/public/EchoSet/test/VLzqgDo317F/0_7_meetingroom_conferenceroom/4970_2300/mix.wav,13.958664894104004,13.975692749023438,12.90707778930664,12.954208374023438
/data/public/EchoSet/test/VLzqgDo317F/0_7_meetingroom_conferenceroom/7729_4446/mix.wav,11.13471794128418,11.145795822143555,10.397192001342773,10.445650100708008
/data/public/EchoSet/test/VLzqgDo317F/0_7_meetingroom_conferenceroom/1188_4446/mix.wav,12.409503936767578,12.521217346191406,11.616561889648438,11.765243530273438
/data/public/EchoSet/test/VLzqgDo317F/0_7_meetingroom_conferenceroom/7127_5639/mix.wav,8.596120834350586,8.64973258972168,8.184840202331543,8.273697853088379
/data/public/EchoSet/test/VLzqgDo317F/0_7_meetingroom_conferenceroom/61_4992/mix.wav,11.132135391235352,11.156878471374512,10.629192352294922,10.74838638305664
/data/public/EchoSet/test/VLzqgDo317F/0_7_meetingroom_conferenceroom/1221_2830/mix.wav,10.666160583496094,10.4566650390625,10.093246459960938,10.051836967468262
/data/public/EchoSet/test/VLzqgDo317F/0_7_meetingroom_conferenceroom/4446_7176/mix.wav,11.786333084106445,11.990617752075195,11.458093643188477,11.68519401550293
/data/public/EchoSet/test/VLzqgDo317F/0_7_meetingroom_conferenceroom/5683_6930/mix.wav,11.344085693359375,11.525734901428223,10.778097152709961,10.999533653259277
/data/public/EchoSet/test/VLzqgDo317F/0_7_meetingroom_conferenceroom/3575_8230/mix.wav,8.071613311767578,8.122001647949219,7.049910545349121,7.160290241241455
/data/public/EchoSet/test/VLzqgDo317F/0_7_meetingroom_conferenceroom/8224_5683/mix.wav,9.51716423034668,9.61996078491211,8.340652465820312,8.531200408935547
/data/public/EchoSet/test/VLzqgDo317F/0_7_meetingroom_conferenceroom/1580_2961/mix.wav,11.438742637634277,11.491312026977539,11.068763732910156,11.19681167602539
/data/public/EchoSet/test/VLzqgDo317F/0_7_meetingroom_conferenceroom/908_4992/mix.wav,13.703229904174805,13.757261276245117,13.329322814941406,13.410196304321289
/data/public/EchoSet/test/VLzqgDo317F/0_7_meetingroom_conferenceroom/8230_5683/mix.wav,12.870786666870117,12.86700439453125,12.448792457580566,12.493414878845215
/data/public/EchoSet/test/VLzqgDo317F/0_7_meetingroom_conferenceroom/1089_5639/mix.wav,9.226990699768066,9.525129318237305,8.646627426147461,9.038620948791504
/data/public/EchoSet/test/VLzqgDo317F/0_7_meetingroom_conferenceroom/4970_5639/mix.wav,8.135470390319824,8.239858627319336,7.491408348083496,7.75574254989624
/data/public/EchoSet/test/VLzqgDo317F/0_7_meetingroom_conferenceroom/7127_2300/mix.wav,8.573341369628906,8.971761703491211,7.929755210876465,8.394087791442871
/data/public/EchoSet/test/VLzqgDo317F/0_7_meetingroom_conferenceroom/8555_121/mix.wav,17.57033920288086,17.72366714477539,17.417295455932617,17.574888229370117
/data/public/EchoSet/test/VLzqgDo317F/0_7_meetingroom_conferenceroom/4077_121/mix.wav,9.485264778137207,9.476917266845703,8.476540565490723,8.595989227294922
/data/public/EchoSet/test/VLzqgDo317F/0_7_meetingroom_conferenceroom/2830_1580/mix.wav,10.315591812133789,10.707284927368164,9.624069213867188,10.107582092285156
/data/public/EchoSet/test/VLzqgDo317F/0_7_meetingroom_conferenceroom/7127_4077/mix.wav,5.1120147705078125,5.460710048675537,4.098715782165527,4.5231404304504395
/data/public/EchoSet/test/VLzqgDo317F/0_7_meetingroom_conferenceroom/2300_1995/mix.wav,7.655327796936035,7.706119060516357,6.801268577575684,6.913120746612549
/data/public/EchoSet/test/VLzqgDo317F/0_7_meetingroom_conferenceroom/5105_8463/mix.wav,12.155658721923828,12.191736221313477,11.619363784790039,11.688815116882324
/data/public/EchoSet/test/VLzqgDo317F/0_7_meetingroom_conferenceroom/4970_61/mix.wav,11.032113075256348,11.10649299621582,10.558595657348633,10.691168785095215
/data/public/EchoSet/test/VLzqgDo317F/0_7_meetingroom_conferenceroom/7021_5142/mix.wav,9.393993377685547,9.765972137451172,8.611028671264648,9.043421745300293
/data/public/EchoSet/test/VLzqgDo317F/0_7_meetingroom_conferenceroom/8224_5105/mix.wav,6.851837158203125,6.888199329376221,5.352089881896973,5.478625297546387
/data/public/EchoSet/test/VLzqgDo317F/0_7_meetingroom_conferenceroom/2300_3570/mix.wav,9.93807601928711,10.006571769714355,9.468628883361816,9.589457511901855
/data/public/EchoSet/test/VLzqgDo317F/0_7_meetingroom_conferenceroom/61_2961/mix.wav,14.502615928649902,14.544051170349121,13.818052291870117,14.006577491760254
/data/public/EchoSet/test/VLzqgDo317F/0_7_meetingroom_conferenceroom/121_237/mix.wav,13.533849716186523,13.556232452392578,13.03902816772461,13.096586227416992
/data/public/EchoSet/test/VLzqgDo317F/0_7_meetingroom_conferenceroom/5683_6829/mix.wav,10.747962951660156,10.869782447814941,9.599966049194336,9.803861618041992
/data/public/EchoSet/test/VLzqgDo317F/0_7_meetingroom_conferenceroom/3575_8224/mix.wav,11.675601959228516,11.671113967895508,10.694536209106445,10.75939655303955
/data/public/EchoSet/test/VLzqgDo317F/0_7_meetingroom_conferenceroom/5639_4446/mix.wav,11.372967720031738,11.517110824584961,10.976339340209961,11.152679443359375
/data/public/EchoSet/test/VLzqgDo317F/0_7_meetingroom_conferenceroom/1320_237/mix.wav,8.909451484680176,9.185977935791016,8.033819198608398,8.388054847717285
/data/public/EchoSet/test/VLzqgDo317F/0_7_meetingroom_conferenceroom/2961_1188/mix.wav,8.806846618652344,8.768363952636719,7.690868377685547,7.986105918884277
/data/public/EchoSet/test/VLzqgDo317F/0_7_meetingroom_conferenceroom/3729_1320/mix.wav,10.808990478515625,10.933509826660156,10.276711463928223,10.472624778747559
/data/public/EchoSet/test/VLzqgDo317F/0_7_meetingroom_conferenceroom/3729_4507/mix.wav,12.156519889831543,12.234139442443848,11.517473220825195,11.6776704788208
/data/public/EchoSet/test/VLzqgDo317F/0_7_meetingroom_conferenceroom/2830_237/mix.wav,13.599054336547852,13.883583068847656,13.225214004516602,13.54715633392334
/data/public/EchoSet/test/VLzqgDo317F/0_7_meetingroom_conferenceroom/1221_7127/mix.wav,10.888980865478516,10.785948753356934,9.780893325805664,9.770639419555664
/data/public/EchoSet/test/VLzqgDo317F/0_7_meetingroom_conferenceroom/4992_908/mix.wav,9.565817832946777,9.870145797729492,9.301783561706543,9.661175727844238
/data/public/EchoSet/test/VLzqgDo317F/0_7_meetingroom_conferenceroom/61_1995/mix.wav,8.416979789733887,8.463570594787598,7.691354751586914,7.818693161010742
/data/public/EchoSet/test/VLzqgDo317F/0_7_meetingroom_conferenceroom/6930_3729/mix.wav,11.830307960510254,12.079019546508789,11.034845352172852,11.345200538635254
/data/public/EchoSet/test/VLzqgDo317F/0_7_meetingroom_conferenceroom/6930_1221/mix.wav,9.456255912780762,10.01431655883789,8.785307884216309,9.430377960205078
/data/public/EchoSet/test/VLzqgDo317F/0_7_meetingroom_conferenceroom/1580_6930/mix.wav,10.22214126586914,10.357858657836914,9.663232803344727,9.838147163391113
/data/public/EchoSet/test/VLzqgDo317F/0_7_meetingroom_conferenceroom/8555_672/mix.wav,11.554073333740234,11.964727401733398,11.1661376953125,11.63852310180664
/data/public/EchoSet/test/VLzqgDo317F/0_7_meetingroom_conferenceroom/1995_5142/mix.wav,12.729777336120605,12.808358192443848,12.358919143676758,12.477363586425781
/data/public/EchoSet/test/VLzqgDo317F/0_7_meetingroom_conferenceroom/908_4446/mix.wav,11.757465362548828,11.911962509155273,11.161724090576172,11.393311500549316
/data/public/EchoSet/test/VLzqgDo317F/0_7_meetingroom_conferenceroom/1995_121/mix.wav,8.906684875488281,9.188560485839844,8.43938159942627,8.769039154052734
/data/public/EchoSet/test/VLzqgDo317F/0_7_meetingroom_conferenceroom/7021_7729/mix.wav,9.36496353149414,9.711371421813965,8.94847297668457,9.334129333496094
/data/public/EchoSet/test/VLzqgDo317F/0_7_meetingroom_conferenceroom/672_908/mix.wav,11.273059844970703,11.61019229888916,10.33552360534668,10.725570678710938
/data/public/EchoSet/test/VLzqgDo317F/0_7_meetingroom_conferenceroom/7127_1284/mix.wav,10.952367782592773,10.915225982666016,10.305848121643066,10.326018333435059
/data/public/EchoSet/test/VLzqgDo317F/0_7_meetingroom_conferenceroom/6829_3570/mix.wav,11.079050064086914,11.050063133239746,10.430685997009277,10.437373161315918
/data/public/EchoSet/test/VLzqgDo317F/0_7_meetingroom_conferenceroom/8230_1188/mix.wav,7.437586784362793,7.427822113037109,6.879277229309082,7.015735626220703
/data/public/EchoSet/test/VLzqgDo317F/0_7_meetingroom_conferenceroom/8224_1320/mix.wav,7.731010437011719,7.819533348083496,6.974687099456787,7.146707534790039
/data/public/EchoSet/test/VLzqgDo317F/0_7_meetingroom_conferenceroom/1995_4077/mix.wav,10.226571083068848,10.20426082611084,9.590654373168945,9.701412200927734
/data/public/EchoSet/test/VLzqgDo317F/0_7_meetingroom_conferenceroom/237_8455/mix.wav,11.509716033935547,11.583989143371582,10.861869812011719,10.997426986694336
/data/public/EchoSet/test/VLzqgDo317F/0_7_meetingroom_conferenceroom/4077_7176/mix.wav,9.388954162597656,9.589110374450684,8.843544006347656,9.114524841308594
/data/public/EchoSet/test/VLzqgDo317F/0_7_meetingroom_conferenceroom/5683_2830/mix.wav,11.42263412475586,11.527284622192383,10.394147872924805,10.678285598754883
/data/public/EchoSet/test/VLzqgDo317F/0_7_meetingroom_conferenceroom/260_8230/mix.wav,7.094912052154541,7.550032615661621,6.585339546203613,7.101680755615234
/data/public/EchoSet/test/VLzqgDo317F/0_7_meetingroom_conferenceroom/1995_8455/mix.wav,11.844078063964844,12.150922775268555,11.577634811401367,11.940945625305176
/data/public/EchoSet/test/VLzqgDo317F/0_7_meetingroom_conferenceroom/6829_6930/mix.wav,11.602524757385254,11.507065773010254,10.788471221923828,10.804878234863281
/data/public/EchoSet/test/VLzqgDo317F/0_7_meetingroom_conferenceroom/2094_1188/mix.wav,3.8406155109405518,3.8917055130004883,3.1583762168884277,3.2731966972351074
/data/public/EchoSet/test/VLzqgDo317F/0_7_meetingroom_conferenceroom/1221_3570/mix.wav,10.001899719238281,10.072810173034668,9.355111122131348,9.501703262329102
/data/public/EchoSet/test/VLzqgDo317F/0_7_meetingroom_conferenceroom/1284_8230/mix.wav,10.328128814697266,10.262636184692383,9.468633651733398,9.600854873657227
/data/public/EchoSet/test/VLzqgDo317F/0_7_meetingroom_conferenceroom/8455_672/mix.wav,10.874192237854004,10.929981231689453,10.036773681640625,10.116826057434082
/data/public/EchoSet/test/VLzqgDo317F/0_7_meetingroom_conferenceroom/1995_8224/mix.wav,9.975900650024414,10.144814491271973,9.5317964553833,9.77338981628418
/data/public/EchoSet/test/VLzqgDo317F/0_7_meetingroom_conferenceroom/1580_4446/mix.wav,10.774892807006836,11.137526512145996,9.999124526977539,10.381674766540527
/data/public/EchoSet/test/VLzqgDo317F/0_7_meetingroom_conferenceroom/1284_5142/mix.wav,11.526007652282715,11.467381477355957,10.658711433410645,10.6533203125
/data/public/EchoSet/test/VLzqgDo317F/0_7_meetingroom_conferenceroom/672_1580/mix.wav,12.615732192993164,12.671278953552246,12.116962432861328,12.260089874267578
/data/public/EchoSet/test/VLzqgDo317F/0_7_meetingroom_conferenceroom/908_6930/mix.wav,11.118160247802734,11.808870315551758,10.105840682983398,10.850032806396484
/data/public/EchoSet/test/VLzqgDo317F/0_7_meetingroom_conferenceroom/5142_8224/mix.wav,8.771121978759766,8.77197265625,8.190516471862793,8.450908660888672
/data/public/EchoSet/test/VLzqgDo317F/0_7_meetingroom_conferenceroom/1221_1580/mix.wav,7.054600715637207,7.909457683563232,6.36106014251709,7.3208088874816895
/data/public/EchoSet/test/VLzqgDo317F/0_7_meetingroom_conferenceroom/5105_5142/mix.wav,11.51513957977295,11.598024368286133,11.04122543334961,11.155768394470215
/data/public/EchoSet/test/VLzqgDo317F/0_7_meetingroom_conferenceroom/5639_4507/mix.wav,9.322620391845703,9.317336082458496,8.71348762512207,8.780147552490234
/data/public/EchoSet/test/VLzqgDo317F/0_7_meetingroom_conferenceroom/1089_7729/mix.wav,12.33078384399414,12.342461585998535,11.72279167175293,11.81722640991211
/data/public/EchoSet/test/VLzqgDo317F/0_7_meetingroom_conferenceroom/1089_2094/mix.wav,11.351446151733398,11.220784187316895,10.739545822143555,10.702241897583008
/data/public/EchoSet/test/VLzqgDo317F/0_7_meetingroom_conferenceroom/3570_2300/mix.wav,9.000582695007324,8.842916488647461,8.506446838378906,8.377025604248047
/data/public/EchoSet/test/VLzqgDo317F/0_7_meetingroom_conferenceroom/4446_5683/mix.wav,10.764816284179688,10.996429443359375,9.840486526489258,10.114020347595215
/data/public/EchoSet/test/VLzqgDo317F/0_7_meetingroom_conferenceroom/8463_908/mix.wav,13.091471672058105,13.228296279907227,12.815553665161133,12.980688095092773
/data/public/EchoSet/test/VLzqgDo317F/0_7_meetingroom_conferenceroom/7729_2961/mix.wav,11.660425186157227,11.56056022644043,11.224512100219727,11.175127983093262
/data/public/EchoSet/test/VLzqgDo317F/0_7_meetingroom_conferenceroom/4507_2300/mix.wav,12.635088920593262,12.781980514526367,12.229536056518555,12.405094146728516
/data/public/EchoSet/test/VLzqgDo317F/0_7_meetingroom_conferenceroom/5105_4992/mix.wav,10.272699356079102,10.446683883666992,9.77226734161377,10.061983108520508
/data/public/EchoSet/test/VLzqgDo317F/0_7_meetingroom_conferenceroom/4507_8555/mix.wav,8.329852104187012,8.505228042602539,7.64754581451416,7.8727803230285645
/data/public/EchoSet/test/VLzqgDo317F/0_7_meetingroom_conferenceroom/4077_1284/mix.wav,7.165910720825195,7.343142509460449,5.462612152099609,5.691689968109131
/data/public/EchoSet/test/VLzqgDo317F/0_7_meetingroom_conferenceroom/1089_7127/mix.wav,11.546529769897461,11.625860214233398,11.107736587524414,11.246905326843262
/data/public/EchoSet/test/VLzqgDo317F/0_7_meetingroom_conferenceroom/4992_4077/mix.wav,12.064580917358398,12.142870903015137,11.622447967529297,11.733041763305664
/data/public/EchoSet/test/VLzqgDo317F/0_7_meetingroom_conferenceroom/7021_7176/mix.wav,8.323349952697754,8.279472351074219,7.847445964813232,7.860595226287842
/data/public/EchoSet/test/VLzqgDo317F/0_7_meetingroom_conferenceroom/260_5105/mix.wav,8.691093444824219,8.730697631835938,6.459344863891602,6.542192459106445
/data/public/EchoSet/test/VLzqgDo317F/0_7_meetingroom_conferenceroom/121_4507/mix.wav,8.532560348510742,9.295608520507812,8.297879219055176,9.082653045654297
/data/public/EchoSet/test/VLzqgDo317F/0_7_meetingroom_conferenceroom/7021_1188/mix.wav,7.890901565551758,8.123601913452148,7.145241737365723,7.443281173706055
/data/public/EchoSet/test/VLzqgDo317F/0_7_meetingroom_conferenceroom/2300_121/mix.wav,8.459163665771484,9.198901176452637,7.894153118133545,8.704524993896484
/data/public/EchoSet/test/VLzqgDo317F/0_7_meetingroom_conferenceroom/2961_5142/mix.wav,8.872698783874512,8.773590087890625,8.329219818115234,8.305625915527344
/data/public/EchoSet/test/VLzqgDo317F/0_7_meetingroom_conferenceroom/61_908/mix.wav,8.367574691772461,8.298937797546387,7.6038007736206055,7.631679534912109
/data/public/EchoSet/test/VLzqgDo317F/0_7_meetingroom_conferenceroom/7021_1580/mix.wav,15.754419326782227,15.612161636352539,14.965895652770996,14.966995239257812
/data/public/EchoSet/test/VLzqgDo317F/0_7_meetingroom_conferenceroom/8230_7729/mix.wav,9.253498077392578,9.222177505493164,8.571123123168945,8.593276023864746
/data/public/EchoSet/test/VLzqgDo317F/0_7_meetingroom_conferenceroom/3570_4992/mix.wav,9.919380187988281,10.307353973388672,9.141036033630371,9.549445152282715
/data/public/EchoSet/test/VLzqgDo317F/0_7_meetingroom_conferenceroom/2830_4077/mix.wav,7.627595901489258,7.733687400817871,6.998815536499023,7.177378177642822
/data/public/EchoSet/test/VLzqgDo317F/0_7_meetingroom_conferenceroom/4507_5639/mix.wav,12.027510643005371,12.188552856445312,11.524528503417969,11.756534576416016
/data/public/EchoSet/test/VLzqgDo317F/0_7_meetingroom_conferenceroom/1320_2830/mix.wav,10.558404922485352,10.478166580200195,9.633465766906738,9.612717628479004
/data/public/EchoSet/test/VLzqgDo317F/0_7_meetingroom_conferenceroom/1580_2094/mix.wav,11.570724487304688,12.01150894165039,11.233732223510742,11.767817497253418
/data/public/EchoSet/test/VLzqgDo317F/0_7_meetingroom_conferenceroom/237_5683/mix.wav,11.021081924438477,11.273215293884277,10.304840087890625,10.605315208435059
/data/public/EchoSet/test/VLzqgDo317F/0_7_meetingroom_conferenceroom/8463_5639/mix.wav,7.017143249511719,7.106383800506592,6.171939849853516,6.284861087799072
/data/public/EchoSet/test/VLzqgDo317F/0_7_meetingroom_conferenceroom/3729_2300/mix.wav,13.026008605957031,12.986624717712402,12.528205871582031,12.523868560791016
/data/public/EchoSet/test/VLzqgDo317F/0_7_meetingroom_conferenceroom/4992_7021/mix.wav,11.104117393493652,11.28079605102539,10.275876998901367,10.523755073547363
/data/public/EchoSet/test/VLzqgDo317F/0_7_meetingroom_conferenceroom/2094_3575/mix.wav,13.218969345092773,13.131951332092285,12.140891075134277,12.13648796081543
/data/public/EchoSet/test/VLzqgDo317F/0_7_meetingroom_conferenceroom/1221_1284/mix.wav,13.518608093261719,13.643808364868164,12.961786270141602,13.131155014038086
/data/public/EchoSet/test/VLzqgDo317F/0_7_meetingroom_conferenceroom/4446_8555/mix.wav,11.94845199584961,11.85940170288086,10.865397453308105,10.846761703491211
/data/public/EchoSet/test/VLzqgDo317F/0_7_meetingroom_conferenceroom/4970_6829/mix.wav,8.65013313293457,9.048789978027344,8.107921600341797,8.52786636352539
/data/public/EchoSet/test/VLzqgDo317F/0_7_meetingroom_conferenceroom/2830_5639/mix.wav,8.266681671142578,8.395733833312988,7.5673136711120605,7.732439041137695
/data/public/EchoSet/test/VLzqgDo317F/0_7_meetingroom_conferenceroom/1188_8555/mix.wav,13.618255615234375,13.749393463134766,13.071393013000488,13.27132511138916
/data/public/EchoSet/test/VLzqgDo317F/0_7_meetingroom_conferenceroom/672_4970/mix.wav,9.932034492492676,9.958084106445312,9.093769073486328,9.16596508026123
/data/public/EchoSet/test/VLzqgDo317F/0_7_meetingroom_conferenceroom/1284_2961/mix.wav,10.628727912902832,10.731029510498047,9.965898513793945,10.205062866210938
/data/public/EchoSet/test/VLzqgDo317F/0_7_meetingroom_conferenceroom/1221_7729/mix.wav,9.857490539550781,10.042088508605957,9.490567207336426,9.746668815612793
/data/public/EchoSet/test/VLzqgDo317F/0_7_meetingroom_conferenceroom/5105_672/mix.wav,6.977601528167725,6.9813761711120605,5.2003679275512695,5.258848190307617
/data/public/EchoSet/test/VLzqgDo317F/0_7_meetingroom_conferenceroom/121_7176/mix.wav,8.944656372070312,8.920562744140625,8.520237922668457,8.571619033813477
/data/public/EchoSet/test/VLzqgDo317F/0_7_meetingroom_conferenceroom/5142_6930/mix.wav,9.489509582519531,9.704752922058105,8.795150756835938,9.090629577636719
/data/public/EchoSet/test/VLzqgDo317F/0_7_meetingroom_conferenceroom/1320_672/mix.wav,8.287698745727539,8.286347389221191,6.910271644592285,7.042348861694336
/data/public/EchoSet/test/VLzqgDo317F/0_7_meetingroom_conferenceroom/260_1188/mix.wav,10.422941207885742,10.55610466003418,9.977558135986328,10.159585952758789
/data/public/EchoSet/test/VLzqgDo317F/0_7_meetingroom_conferenceroom/1188_7729/mix.wav,11.26498031616211,11.394378662109375,10.784509658813477,10.980931282043457
/data/public/EchoSet/test/VLzqgDo317F/0_7_meetingroom_conferenceroom/8463_260/mix.wav,10.473112106323242,10.678778648376465,9.868978500366211,10.141250610351562
/data/public/EchoSet/test/VLzqgDo317F/0_7_meetingroom_conferenceroom/61_8455/mix.wav,8.940722465515137,9.0008544921875,7.788846492767334,7.896816730499268
/data/public/EchoSet/test/VLzqgDo317F/0_7_meetingroom_conferenceroom/5683_8463/mix.wav,10.905421257019043,11.272587776184082,10.343639373779297,10.772286415100098
/data/public/EchoSet/test/VLzqgDo317F/0_7_meetingroom_conferenceroom/1320_6829/mix.wav,13.419267654418945,13.569967269897461,12.969199180603027,13.13672924041748
/data/public/EchoSet/test/VLzqgDo317F/0_7_meetingroom_conferenceroom/6829_8455/mix.wav,9.906309127807617,10.165982246398926,9.296083450317383,9.666784286499023
/data/public/EchoSet/test/VLzqgDo317F/0_7_meetingroom_conferenceroom/3570_7176/mix.wav,8.734716415405273,9.046187400817871,8.275067329406738,8.690359115600586
/data/public/EchoSet/test/VLzqgDo317F/0_7_meetingroom_conferenceroom/260_7176/mix.wav,9.429633140563965,9.709519386291504,9.050788879394531,9.381464958190918
/data/public/EchoSet/test/VLzqgDo317F/0_7_meetingroom_conferenceroom/2094_3729/mix.wav,12.463916778564453,12.469171524047852,12.027119636535645,12.070469856262207
/data/public/EchoSet/test/VLzqgDo317F/0_7_meetingroom_conferenceroom/237_1995/mix.wav,11.85959243774414,11.926128387451172,11.255586624145508,11.391484260559082
/data/public/EchoSet/test/VLzqgDo317F/0_7_meetingroom_conferenceroom/5105_6829/mix.wav,12.134223937988281,12.36311149597168,11.318543434143066,11.581910133361816
/data/public/EchoSet/test/VLzqgDo317F/0_7_meetingroom_conferenceroom/8455_2830/mix.wav,9.819998741149902,9.935673713684082,9.242654800415039,9.454540252685547
/data/public/EchoSet/test/VLzqgDo317F/0_7_meetingroom_conferenceroom/8463_4970/mix.wav,12.100451469421387,12.28403091430664,11.523216247558594,11.753620147705078
/data/public/EchoSet/test/VLzqgDo317F/0_7_meetingroom_conferenceroom/1089_4992/mix.wav,10.358208656311035,10.324173927307129,9.914154052734375,9.95096206665039
/data/public/EchoSet/test/VLzqgDo317F/0_7_meetingroom_conferenceroom/61_5142/mix.wav,10.620841979980469,10.765985488891602,9.722579956054688,9.96489143371582
/data/public/EchoSet/test/VLzqgDo317F/0_7_meetingroom_conferenceroom/6930_3570/mix.wav,11.578471183776855,11.651565551757812,10.374862670898438,10.480780601501465
/data/public/EchoSet/test/VLzqgDo317F/0_7_meetingroom_conferenceroom/260_61/mix.wav,11.41928482055664,11.3139066696167,10.486628532409668,10.474994659423828
/data/public/EchoSet/test/VLzqgDo317F/0_7_meetingroom_conferenceroom/8463_3575/mix.wav,12.641045570373535,12.970685958862305,12.295849800109863,12.706974029541016
/data/public/EchoSet/test/VLzqgDo317F/0_7_meetingroom_conferenceroom/1284_7127/mix.wav,11.690170288085938,11.641944885253906,10.330780982971191,10.647415161132812
/data/public/EchoSet/test/VLzqgDo317F/0_7_meetingroom_conferenceroom/4507_1284/mix.wav,11.624799728393555,11.731104850769043,11.167869567871094,11.314661979675293
/data/public/EchoSet/test/VLzqgDo317F/0_7_meetingroom_conferenceroom/3729_8463/mix.wav,14.093393325805664,14.200214385986328,13.683389663696289,13.814224243164062
/data/public/EchoSet/test/VLzqgDo317F/0_7_meetingroom_conferenceroom/1221_1089/mix.wav,11.1807861328125,11.069258689880371,10.66510009765625,10.616024017333984
/data/public/EchoSet/test/VLzqgDo317F/0_7_meetingroom_conferenceroom/3570_7127/mix.wav,11.473312377929688,11.49836254119873,10.770545959472656,10.853584289550781
/data/public/EchoSet/test/VLzqgDo317F/0_7_meetingroom_conferenceroom/260_1320/mix.wav,10.163759231567383,10.193389892578125,9.82691478729248,9.894936561584473
/data/public/EchoSet/test/VLzqgDo317F/0_7_meetingroom_conferenceroom/8455_2961/mix.wav,12.287158966064453,12.54301929473877,11.90676498413086,12.20143985748291
/data/public/EchoSet/test/VLzqgDo317F/0_7_meetingroom_conferenceroom/8555_8230/mix.wav,14.302262306213379,14.4613037109375,13.747522354125977,13.928495407104492
/data/public/EchoSet/test/VLzqgDo317F/0_7_meetingroom_conferenceroom/4507_2094/mix.wav,8.784725189208984,8.87240219116211,8.268815040588379,8.437966346740723
/data/public/EchoSet/test/VLzqgDo317F/0_7_meetingroom_conferenceroom/2961_2094/mix.wav,14.436279296875,14.514304161071777,13.95015811920166,14.04653263092041
/data/public/EchoSet/test/uNb9QFRL6hY/0_28_living_room/8230_3570/mix.wav,12.69677734375,12.718790054321289,12.195988655090332,12.256182670593262
/data/public/EchoSet/test/uNb9QFRL6hY/0_28_living_room/5142_908/mix.wav,9.39076042175293,9.537870407104492,8.920802116394043,9.193931579589844
/data/public/EchoSet/test/uNb9QFRL6hY/0_28_living_room/4992_61/mix.wav,11.49046516418457,11.581164360046387,11.115224838256836,11.257102966308594
/data/public/EchoSet/test/uNb9QFRL6hY/0_28_living_room/6930_8555/mix.wav,14.7412109375,14.845434188842773,14.095062255859375,14.250370025634766
/data/public/EchoSet/test/uNb9QFRL6hY/0_28_living_room/4446_4507/mix.wav,10.71926498413086,10.773189544677734,9.773414611816406,9.853229522705078
/data/public/EchoSet/test/uNb9QFRL6hY/0_28_living_room/6930_1221/mix.wav,11.210548400878906,11.072662353515625,10.36642837524414,10.272713661193848
/data/public/EchoSet/test/uNb9QFRL6hY/0_28_living_room/4077_672/mix.wav,11.158134460449219,11.289815902709961,10.03268814086914,10.19176959991455
/data/public/EchoSet/test/uNb9QFRL6hY/0_28_living_room/4446_5105/mix.wav,8.93619441986084,9.597729682922363,8.663739204406738,9.383139610290527
/data/public/EchoSet/test/uNb9QFRL6hY/0_28_living_room/5639_2830/mix.wav,8.55082893371582,8.94549560546875,7.2778401374816895,7.706349849700928
/data/public/EchoSet/test/uNb9QFRL6hY/0_28_living_room/7127_1284/mix.wav,9.028104782104492,8.917795181274414,8.00515365600586,8.214213371276855
/data/public/EchoSet/test/uNb9QFRL6hY/0_28_living_room/908_7176/mix.wav,6.8776960372924805,7.061808109283447,6.287926197052002,6.569432258605957
/data/public/EchoSet/test/uNb9QFRL6hY/0_28_living_room/8463_2830/mix.wav,9.829008102416992,10.395120620727539,9.094350814819336,9.698997497558594
/data/public/EchoSet/test/uNb9QFRL6hY/0_28_living_room/7176_1188/mix.wav,11.703207015991211,11.628321647644043,11.378715515136719,11.345775604248047
/data/public/EchoSet/test/uNb9QFRL6hY/0_28_living_room/237_1089/mix.wav,11.65367317199707,11.742923736572266,11.005803108215332,11.154407501220703
/data/public/EchoSet/test/uNb9QFRL6hY/0_28_living_room/8230_7127/mix.wav,8.997200012207031,9.208172798156738,6.707557678222656,7.009428977966309
/data/public/EchoSet/test/uNb9QFRL6hY/0_28_living_room/5639_5105/mix.wav,9.206092834472656,9.47805404663086,7.4466447830200195,7.7934489250183105
/data/public/EchoSet/test/uNb9QFRL6hY/0_28_living_room/8224_4446/mix.wav,11.794072151184082,11.987921714782715,11.516573905944824,11.779019355773926
/data/public/EchoSet/test/uNb9QFRL6hY/0_28_living_room/121_3729/mix.wav,13.46232795715332,13.307069778442383,12.46363639831543,12.490899085998535
/data/public/EchoSet/test/uNb9QFRL6hY/0_28_living_room/1995_8224/mix.wav,7.886559009552002,7.936620712280273,6.373286724090576,6.507651329040527
/data/public/EchoSet/test/uNb9QFRL6hY/0_28_living_room/2961_4992/mix.wav,9.794160842895508,9.87412166595459,9.311884880065918,9.464126586914062
/data/public/EchoSet/test/uNb9QFRL6hY/0_28_living_room/8455_672/mix.wav,11.81403636932373,11.615767478942871,10.347658157348633,10.433599472045898
/data/public/EchoSet/test/uNb9QFRL6hY/0_28_living_room/1284_5142/mix.wav,13.754874229431152,13.914285659790039,13.0276460647583,13.21076488494873
/data/public/EchoSet/test/uNb9QFRL6hY/0_28_living_room/237_2300/mix.wav,11.823162078857422,11.658607482910156,10.129865646362305,10.029499053955078
/data/public/EchoSet/test/uNb9QFRL6hY/0_28_living_room/1221_6829/mix.wav,10.336679458618164,10.34946060180664,9.674613952636719,9.72860336303711
/data/public/EchoSet/test/uNb9QFRL6hY/0_28_living_room/7729_5683/mix.wav,10.876137733459473,11.077129364013672,10.128734588623047,10.396522521972656
/data/public/EchoSet/test/uNb9QFRL6hY/0_28_living_room/3570_2300/mix.wav,9.650298118591309,10.3590669631958,9.442672729492188,10.193099975585938
/data/public/EchoSet/test/uNb9QFRL6hY/0_28_living_room/1284_2300/mix.wav,10.149969100952148,10.152449607849121,9.595819473266602,9.69715404510498
/data/public/EchoSet/test/uNb9QFRL6hY/0_28_living_room/2961_4507/mix.wav,13.180731773376465,13.169325828552246,12.592206954956055,12.616336822509766
/data/public/EchoSet/test/uNb9QFRL6hY/0_28_living_room/7176_61/mix.wav,8.012945175170898,7.900293827056885,7.37705135345459,7.354116439819336
/data/public/EchoSet/test/uNb9QFRL6hY/0_28_living_room/3570_8555/mix.wav,13.481062889099121,13.649316787719727,13.115917205810547,13.326184272766113
/data/public/EchoSet/test/uNb9QFRL6hY/0_28_living_room/8463_7127/mix.wav,14.443729400634766,14.552776336669922,13.890786170959473,14.052730560302734
/data/public/EchoSet/test/uNb9QFRL6hY/0_28_living_room/4507_1320/mix.wav,14.135189056396484,14.202787399291992,13.758167266845703,13.860304832458496
/data/public/EchoSet/test/uNb9QFRL6hY/0_28_living_room/1188_1995/mix.wav,12.512178421020508,12.396612167358398,11.906450271606445,11.841789245605469
/data/public/EchoSet/test/uNb9QFRL6hY/0_28_living_room/4970_1221/mix.wav,9.243736267089844,9.365004539489746,8.207088470458984,8.432092666625977
/data/public/EchoSet/test/uNb9QFRL6hY/0_28_living_room/1284_4970/mix.wav,10.46993637084961,10.579228401184082,9.284929275512695,9.428247451782227
/data/public/EchoSet/test/uNb9QFRL6hY/0_28_living_room/672_2961/mix.wav,13.747735977172852,13.867742538452148,11.314414978027344,11.659887313842773
/data/public/EchoSet/test/uNb9QFRL6hY/0_28_living_room/5105_2094/mix.wav,10.779106140136719,10.895498275756836,4.560282230377197,4.708549499511719
/data/public/EchoSet/test/uNb9QFRL6hY/0_28_living_room/672_908/mix.wav,11.499650001525879,11.58942699432373,11.041017532348633,11.16873550415039
/data/public/EchoSet/test/uNb9QFRL6hY/0_28_living_room/2094_2961/mix.wav,12.235147476196289,12.567571640014648,11.80868148803711,12.198221206665039
/data/public/EchoSet/test/uNb9QFRL6hY/0_28_living_room/8230_4507/mix.wav,10.653289794921875,11.159113883972168,9.984471321105957,10.590579986572266
/data/public/EchoSet/test/uNb9QFRL6hY/0_28_living_room/260_4970/mix.wav,11.238239288330078,11.293164253234863,10.749418258666992,10.845497131347656
/data/public/EchoSet/test/uNb9QFRL6hY/0_28_living_room/7021_8224/mix.wav,12.267533302307129,12.335155487060547,11.791430473327637,11.958789825439453
/data/public/EchoSet/test/uNb9QFRL6hY/0_28_living_room/3729_3570/mix.wav,9.901291847229004,9.609880447387695,9.329938888549805,9.17698860168457
/data/public/EchoSet/test/uNb9QFRL6hY/0_28_living_room/8455_5639/mix.wav,9.150802612304688,9.246366500854492,8.585612297058105,8.789424896240234
/data/public/EchoSet/test/uNb9QFRL6hY/0_28_living_room/121_2094/mix.wav,13.482675552368164,13.497162818908691,12.945642471313477,12.998333930969238
/data/public/EchoSet/test/uNb9QFRL6hY/0_28_living_room/4970_237/mix.wav,11.558977127075195,11.813486099243164,11.231718063354492,11.532293319702148
/data/public/EchoSet/test/uNb9QFRL6hY/0_28_living_room/7127_2300/mix.wav,14.209678649902344,14.160601615905762,13.521113395690918,13.508615493774414
/data/public/EchoSet/test/uNb9QFRL6hY/0_28_living_room/2830_1580/mix.wav,11.657752990722656,11.615897178649902,10.769511222839355,10.796695709228516
/data/public/EchoSet/test/uNb9QFRL6hY/0_28_living_room/7021_8555/mix.wav,13.663297653198242,13.922547340393066,13.166154861450195,13.445167541503906
/data/public/EchoSet/test/uNb9QFRL6hY/0_28_living_room/2961_3570/mix.wav,13.665042877197266,13.533130645751953,13.05557632446289,12.991649627685547
/data/public/EchoSet/test/uNb9QFRL6hY/0_28_living_room/7127_3729/mix.wav,15.263300895690918,15.265793800354004,14.963997840881348,15.01166820526123
/data/public/EchoSet/test/uNb9QFRL6hY/0_28_living_room/5639_1580/mix.wav,12.533249855041504,12.579558372497559,11.906770706176758,12.014307022094727
/data/public/EchoSet/test/uNb9QFRL6hY/0_28_living_room/3729_260/mix.wav,13.581721305847168,13.564533233642578,13.150674819946289,13.159431457519531
/data/public/EchoSet/test/uNb9QFRL6hY/0_28_living_room/5639_6829/mix.wav,11.695764541625977,11.705425262451172,11.260498046875,11.297660827636719
/data/public/EchoSet/test/uNb9QFRL6hY/0_28_living_room/2830_61/mix.wav,7.055414199829102,6.775370121002197,5.630847930908203,5.588589191436768
/data/public/EchoSet/test/uNb9QFRL6hY/0_28_living_room/4992_1995/mix.wav,12.732154846191406,12.631598472595215,12.146587371826172,12.121259689331055
/data/public/EchoSet/test/uNb9QFRL6hY/0_28_living_room/4077_5683/mix.wav,11.69234848022461,11.606863021850586,10.60289192199707,10.6113862991333
/data/public/EchoSet/test/uNb9QFRL6hY/0_28_living_room/4077_8224/mix.wav,5.146734237670898,5.082212448120117,3.5598158836364746,3.522711992263794
/data/public/EchoSet/test/uNb9QFRL6hY/0_28_living_room/1320_6829/mix.wav,14.191583633422852,13.952377319335938,13.684246063232422,13.555292129516602
/data/public/EchoSet/test/uNb9QFRL6hY/0_28_living_room/1284_1995/mix.wav,12.012733459472656,12.01773452758789,11.73991870880127,11.83102035522461
/data/public/EchoSet/test/uNb9QFRL6hY/0_28_living_room/672_4077/mix.wav,7.936162948608398,8.095441818237305,7.283458232879639,7.487414360046387
/data/public/EchoSet/test/uNb9QFRL6hY/0_28_living_room/8455_5105/mix.wav,11.75008773803711,12.017997741699219,11.393487930297852,11.69194221496582
/data/public/EchoSet/test/uNb9QFRL6hY/0_28_living_room/1320_3570/mix.wav,12.904683113098145,12.884264945983887,12.074003219604492,12.083221435546875
/data/public/EchoSet/test/uNb9QFRL6hY/0_28_living_room/1995_1320/mix.wav,13.802270889282227,13.89913558959961,13.471414566040039,13.589479446411133
/data/public/EchoSet/test/uNb9QFRL6hY/0_28_living_room/4446_3575/mix.wav,12.06651782989502,12.07147216796875,11.285978317260742,11.368475914001465
/data/public/EchoSet/test/uNb9QFRL6hY/0_28_living_room/1580_4077/mix.wav,15.61085319519043,15.624161720275879,15.028573989868164,15.077376365661621
/data/public/EchoSet/test/uNb9QFRL6hY/0_28_living_room/237_6829/mix.wav,11.90957260131836,11.958858489990234,11.405372619628906,11.486795425415039
/data/public/EchoSet/test/uNb9QFRL6hY/0_28_living_room/2830_121/mix.wav,5.755661964416504,6.35687255859375,3.9051265716552734,4.557202339172363
/data/public/EchoSet/test/uNb9QFRL6hY/0_28_living_room/1580_7021/mix.wav,12.467768669128418,12.728147506713867,11.99559497833252,12.303478240966797
/data/public/EchoSet/test/uNb9QFRL6hY/0_28_living_room/7127_5683/mix.wav,10.640685081481934,10.57384204864502,10.022880554199219,10.043457984924316
/data/public/EchoSet/test/uNb9QFRL6hY/0_28_living_room/8224_1089/mix.wav,10.76815128326416,10.78763198852539,10.08635139465332,10.153316497802734
/data/public/EchoSet/test/uNb9QFRL6hY/0_28_living_room/1320_6930/mix.wav,13.156808853149414,13.099475860595703,11.672439575195312,11.656530380249023
/data/public/EchoSet/test/uNb9QFRL6hY/0_28_living_room/8463_3575/mix.wav,9.912199020385742,9.980384826660156,9.400979042053223,9.558710098266602
/data/public/EchoSet/test/uNb9QFRL6hY/0_28_living_room/8230_4077/mix.wav,11.458453178405762,11.379559516906738,11.051385879516602,11.01530933380127
/data/public/EchoSet/test/uNb9QFRL6hY/0_28_living_room/5142_1188/mix.wav,13.314752578735352,13.375368118286133,12.325122833251953,12.440506935119629
/data/public/EchoSet/test/uNb9QFRL6hY/0_28_living_room/2300_672/mix.wav,7.239058494567871,7.174578666687012,3.692263603210449,3.647169589996338
/data/public/EchoSet/test/uNb9QFRL6hY/0_28_living_room/1089_4507/mix.wav,14.018611907958984,14.142316818237305,13.791413307189941,13.932907104492188
/data/public/EchoSet/test/uNb9QFRL6hY/0_28_living_room/260_1320/mix.wav,8.066951751708984,8.604531288146973,7.506251811981201,8.130642890930176
/data/public/EchoSet/test/uNb9QFRL6hY/0_28_living_room/4992_7729/mix.wav,11.345441818237305,11.361111640930176,10.947539329528809,11.038057327270508
/data/public/EchoSet/test/uNb9QFRL6hY/0_28_living_room/2961_7729/mix.wav,10.62331771850586,10.630744934082031,9.868780136108398,10.059344291687012
/data/public/EchoSet/test/uNb9QFRL6hY/0_28_living_room/4970_121/mix.wav,11.103865623474121,10.990386962890625,10.534404754638672,10.502437591552734
/data/public/EchoSet/test/uNb9QFRL6hY/0_28_living_room/1188_8455/mix.wav,12.756957054138184,12.822196006774902,12.09269905090332,12.214184761047363
/data/public/EchoSet/test/uNb9QFRL6hY/0_28_living_room/4992_2300/mix.wav,10.058420181274414,10.431968688964844,9.668924331665039,10.102019309997559
/data/public/EchoSet/test/uNb9QFRL6hY/0_28_living_room/5683_8555/mix.wav,11.652303695678711,11.817207336425781,10.763086318969727,10.985688209533691
/data/public/EchoSet/test/uNb9QFRL6hY/0_28_living_room/61_8224/mix.wav,5.80079984664917,6.219936370849609,5.184865951538086,5.666072368621826
/data/public/EchoSet/test/uNb9QFRL6hY/0_28_living_room/5105_4992/mix.wav,12.019624710083008,11.764387130737305,11.278436660766602,11.31263256072998
/data/public/EchoSet/test/uNb9QFRL6hY/0_28_living_room/61_237/mix.wav,15.159667015075684,15.272491455078125,14.70407485961914,14.892767906188965
/data/public/EchoSet/test/uNb9QFRL6hY/0_28_living_room/8463_8555/mix.wav,12.514577865600586,12.707769393920898,12.203275680541992,12.428427696228027
/data/public/EchoSet/test/uNb9QFRL6hY/0_28_living_room/908_2094/mix.wav,9.491332054138184,9.686524391174316,8.82546329498291,9.127355575561523
/data/public/EchoSet/test/uNb9QFRL6hY/0_28_living_room/7021_7176/mix.wav,10.068740844726562,10.104677200317383,9.528339385986328,9.643207550048828
/data/public/EchoSet/test/uNb9QFRL6hY/0_28_living_room/5683_1221/mix.wav,16.017179489135742,15.934076309204102,14.817817687988281,14.847068786621094
/data/public/EchoSet/test/uNb9QFRL6hY/0_28_living_room/2830_5142/mix.wav,8.049947738647461,8.083822250366211,4.16960334777832,4.248101234436035
/data/public/EchoSet/test/uNb9QFRL6hY/0_28_living_room/8230_260/mix.wav,7.6918182373046875,7.6712446212768555,5.918871879577637,5.948513507843018
/data/public/EchoSet/test/uNb9QFRL6hY/0_28_living_room/8455_7176/mix.wav,9.898024559020996,9.90866756439209,9.531181335449219,9.587347984313965
/data/public/EchoSet/test/uNb9QFRL6hY/0_28_living_room/4507_5142/mix.wav,12.642460823059082,12.902334213256836,12.234086036682129,12.54583740234375
/data/public/EchoSet/test/uNb9QFRL6hY/0_28_living_room/1188_5639/mix.wav,13.004098892211914,13.121657371520996,12.692031860351562,12.852530479431152
/data/public/EchoSet/test/uNb9QFRL6hY/0_28_living_room/908_3575/mix.wav,14.649148941040039,14.624693870544434,14.038825988769531,14.04175090789795
/data/public/EchoSet/test/uNb9QFRL6hY/0_28_living_room/1580_2094/mix.wav,11.946701049804688,12.04400634765625,10.890438079833984,11.090434074401855
/data/public/EchoSet/test/uNb9QFRL6hY/0_28_living_room/61_3729/mix.wav,11.820549964904785,11.898027420043945,11.062973022460938,11.184239387512207
/data/public/EchoSet/test/uNb9QFRL6hY/0_28_living_room/8463_1089/mix.wav,15.051033020019531,15.19037914276123,14.603094100952148,14.791509628295898
/data/public/EchoSet/test/uNb9QFRL6hY/0_28_living_room/1089_4446/mix.wav,12.091882705688477,12.224725723266602,11.62779426574707,11.807119369506836
/data/public/EchoSet/test/uNb9QFRL6hY/0_28_living_room/6930_121/mix.wav,12.965533256530762,12.969006538391113,11.920858383178711,12.00338077545166
/data/public/EchoSet/test/uNb9QFRL6hY/0_28_living_room/7021_6930/mix.wav,11.643289566040039,11.721683502197266,10.018777847290039,10.138071060180664
/data/public/EchoSet/test/uNb9QFRL6hY/0_28_living_room/7729_1221/mix.wav,14.48322868347168,14.675704956054688,14.177566528320312,14.414729118347168
/data/public/EchoSet/test/uNb9QFRL6hY/0_28_living_room/5142_5105/mix.wav,12.52035140991211,12.52309513092041,12.091259956359863,12.201231956481934
/data/public/EchoSet/test/uNb9QFRL6hY/0_28_living_room/3575_6829/mix.wav,11.493762969970703,11.417245864868164,10.505166053771973,10.48373031616211
/data/public/EchoSet/test/uNb9QFRL6hY/0_28_living_room/1284_260/mix.wav,12.084314346313477,12.220693588256836,11.611367225646973,11.82319450378418
/data/public/EchoSet/test/uNb9QFRL6hY/0_28_living_room/7729_3729/mix.wav,12.584243774414062,12.496710777282715,12.271336555480957,12.25244426727295
/data/public/EchoSet/test/uNb9QFRL6hY/0_1_office/7021_1320/mix.wav,8.543495178222656,8.728680610656738,7.888322830200195,8.179572105407715
/data/public/EchoSet/test/uNb9QFRL6hY/0_1_office/5142_4507/mix.wav,12.370121955871582,12.313824653625488,11.864919662475586,11.878617286682129
/data/public/EchoSet/test/uNb9QFRL6hY/0_1_office/2094_7729/mix.wav,16.453588485717773,16.764400482177734,15.550989151000977,15.890929222106934
/data/public/EchoSet/test/uNb9QFRL6hY/0_1_office/6930_4992/mix.wav,15.135815620422363,15.299360275268555,14.481971740722656,14.678641319274902
/data/public/EchoSet/test/uNb9QFRL6hY/0_1_office/8224_1284/mix.wav,10.348442077636719,10.586003303527832,9.592401504516602,9.894729614257812
/data/public/EchoSet/test/uNb9QFRL6hY/0_1_office/121_5142/mix.wav,10.135624885559082,10.729158401489258,9.886678695678711,10.539557456970215
/data/public/EchoSet/test/uNb9QFRL6hY/0_1_office/2300_8224/mix.wav,10.811153411865234,10.877918243408203,9.764442443847656,9.875040054321289
/data/public/EchoSet/test/uNb9QFRL6hY/0_1_office/6930_5105/mix.wav,5.616683006286621,5.551191806793213,0.278314471244812,0.2775115966796875
/data/public/EchoSet/test/uNb9QFRL6hY/0_1_office/2830_8224/mix.wav,10.328136444091797,10.50366497039795,9.245195388793945,9.465546607971191
/data/public/EchoSet/test/uNb9QFRL6hY/0_1_office/4992_5639/mix.wav,10.79774284362793,10.917431831359863,9.7498140335083,9.971539497375488
/data/public/EchoSet/test/uNb9QFRL6hY/0_1_office/8555_8463/mix.wav,13.756420135498047,13.740740776062012,13.159184455871582,13.204915046691895
/data/public/EchoSet/test/uNb9QFRL6hY/0_1_office/908_7127/mix.wav,12.03022575378418,12.038836479187012,11.585891723632812,11.715837478637695
/data/public/EchoSet/test/uNb9QFRL6hY/0_1_office/1089_3570/mix.wav,10.951571464538574,10.972387313842773,9.746479988098145,9.844298362731934
/data/public/EchoSet/test/uNb9QFRL6hY/0_1_office/8463_1089/mix.wav,10.812122344970703,10.925365447998047,10.376089096069336,10.55068302154541
/data/public/EchoSet/test/uNb9QFRL6hY/0_1_office/672_6829/mix.wav,12.12165641784668,12.353388786315918,11.178686141967773,11.436939239501953
/data/public/EchoSet/test/uNb9QFRL6hY/0_1_office/8455_672/mix.wav,10.570430755615234,10.756271362304688,8.99172592163086,9.27750301361084
/data/public/EchoSet/test/uNb9QFRL6hY/0_1_office/5639_7021/mix.wav,10.32967758178711,10.42310905456543,9.789417266845703,10.027202606201172
/data/public/EchoSet/test/uNb9QFRL6hY/0_1_office/6829_8463/mix.wav,11.09077262878418,11.563889503479004,10.748082160949707,11.247401237487793
/data/public/EchoSet/test/uNb9QFRL6hY/0_1_office/5105_2830/mix.wav,11.698291778564453,9.619586944580078,5.29298210144043,4.151353359222412
/data/public/EchoSet/test/uNb9QFRL6hY/0_1_office/672_1188/mix.wav,10.445714950561523,10.726834297180176,8.075952529907227,8.381098747253418
/data/public/EchoSet/test/uNb9QFRL6hY/0_1_office/5683_1089/mix.wav,13.073312759399414,13.153958320617676,12.66549301147461,12.775343894958496
/data/public/EchoSet/test/uNb9QFRL6hY/0_1_office/4507_2300/mix.wav,11.837182998657227,11.982295036315918,11.215869903564453,11.401034355163574
/data/public/EchoSet/test/uNb9QFRL6hY/0_1_office/5142_237/mix.wav,9.946229934692383,9.47853946685791,9.10904312133789,8.802141189575195
/data/public/EchoSet/test/uNb9QFRL6hY/0_1_office/5639_1221/mix.wav,11.252135276794434,11.4906644821167,10.388931274414062,10.743786811828613
/data/public/EchoSet/test/uNb9QFRL6hY/0_1_office/7021_7176/mix.wav,6.938547134399414,7.435133457183838,5.801845550537109,6.394171714782715
/data/public/EchoSet/test/uNb9QFRL6hY/0_1_office/4992_4077/mix.wav,12.391030311584473,12.308333396911621,11.759897232055664,11.741174697875977
/data/public/EchoSet/test/uNb9QFRL6hY/0_1_office/6930_61/mix.wav,6.617428779602051,6.679765701293945,5.467805862426758,5.571112632751465
/data/public/EchoSet/test/uNb9QFRL6hY/0_1_office/1188_8224/mix.wav,6.808466911315918,6.719128131866455,0.4738004207611084,0.488872766494751
/data/public/EchoSet/test/uNb9QFRL6hY/0_1_office/8224_8463/mix.wav,13.819856643676758,14.147832870483398,13.324394226074219,13.702352523803711
/data/public/EchoSet/test/uNb9QFRL6hY/0_1_office/260_8224/mix.wav,9.731691360473633,10.257570266723633,8.982314109802246,9.550511360168457
/data/public/EchoSet/test/uNb9QFRL6hY/0_1_office/7729_121/mix.wav,9.47296142578125,9.801671981811523,8.989171028137207,9.412139892578125
/data/public/EchoSet/test/uNb9QFRL6hY/0_1_office/8455_7176/mix.wav,12.273995399475098,12.428935050964355,11.859590530395508,12.055946350097656
/data/public/EchoSet/test/uNb9QFRL6hY/0_1_office/260_1089/mix.wav,13.887845039367676,13.889707565307617,13.294923782348633,13.330596923828125
/data/public/EchoSet/test/uNb9QFRL6hY/0_1_office/1221_237/mix.wav,14.234204292297363,14.28724479675293,12.671629905700684,12.733013153076172
/data/public/EchoSet/test/uNb9QFRL6hY/0_1_office/1995_672/mix.wav,12.174033164978027,12.165719032287598,11.783761978149414,11.810259819030762
/data/public/EchoSet/test/uNb9QFRL6hY/0_1_office/61_2300/mix.wav,8.30710506439209,8.25869369506836,6.923121452331543,6.922773838043213
/data/public/EchoSet/test/uNb9QFRL6hY/0_1_office/8463_4970/mix.wav,12.486438751220703,12.435774803161621,11.95943832397461,11.96661376953125
/data/public/EchoSet/test/uNb9QFRL6hY/0_1_office/1320_6930/mix.wav,12.323314666748047,12.423161506652832,10.55119800567627,10.705336570739746
/data/public/EchoSet/test/uNb9QFRL6hY/0_1_office/5683_3575/mix.wav,10.213228225708008,10.166304588317871,9.370849609375,9.368480682373047
/data/public/EchoSet/test/uNb9QFRL6hY/0_1_office/1995_6829/mix.wav,10.236166954040527,10.160491943359375,9.50675106048584,9.54054069519043
/data/public/EchoSet/test/uNb9QFRL6hY/0_1_office/1221_5639/mix.wav,14.042671203613281,14.248053550720215,13.671884536743164,13.918893814086914
/data/public/EchoSet/test/uNb9QFRL6hY/0_1_office/4507_3575/mix.wav,9.2113676071167,9.116995811462402,7.854994773864746,8.267186164855957
/data/public/EchoSet/test/uNb9QFRL6hY/0_1_office/6829_4077/mix.wav,12.591217041015625,12.70344352722168,11.73204517364502,11.87789535522461
/data/public/EchoSet/test/uNb9QFRL6hY/0_1_office/8555_5142/mix.wav,10.637155532836914,10.64598274230957,9.714179039001465,9.808911323547363
/data/public/EchoSet/test/uNb9QFRL6hY/0_1_office/8463_1284/mix.wav,11.46703052520752,11.556873321533203,10.785825729370117,10.95044231414795
/data/public/EchoSet/test/uNb9QFRL6hY/0_1_office/6930_1188/mix.wav,9.278125762939453,9.548362731933594,5.6607561111450195,5.976039409637451
/data/public/EchoSet/test/uNb9QFRL6hY/0_1_office/8455_5683/mix.wav,14.593709945678711,14.766131401062012,14.177862167358398,14.388571739196777
/data/public/EchoSet/test/uNb9QFRL6hY/0_1_office/2961_2094/mix.wav,15.052059173583984,15.090470314025879,14.3391752243042,14.409713745117188
/data/public/EchoSet/test/uNb9QFRL6hY/0_1_office/4992_2094/mix.wav,11.964977264404297,12.20609188079834,11.472208023071289,11.744011878967285
/data/public/EchoSet/test/uNb9QFRL6hY/0_1_office/4992_7729/mix.wav,10.416463851928711,10.649079322814941,9.902294158935547,10.230533599853516
/data/public/EchoSet/test/uNb9QFRL6hY/0_1_office/1320_908/mix.wav,9.777023315429688,9.79103946685791,9.245967864990234,9.369705200195312
/data/public/EchoSet/test/uNb9QFRL6hY/0_1_office/4077_1221/mix.wav,11.161794662475586,11.130701065063477,10.395600318908691,10.470745086669922
/data/public/EchoSet/test/uNb9QFRL6hY/0_1_office/6930_1320/mix.wav,11.591339111328125,11.789122581481934,10.109689712524414,10.346343994140625
/data/public/EchoSet/test/uNb9QFRL6hY/0_1_office/3570_1580/mix.wav,16.400583267211914,16.49205207824707,16.013362884521484,16.147058486938477
/data/public/EchoSet/test/uNb9QFRL6hY/0_1_office/908_4992/mix.wav,11.860189437866211,12.030062675476074,11.252115249633789,11.446356773376465
/data/public/EchoSet/test/uNb9QFRL6hY/0_1_office/7021_5105/mix.wav,13.646341323852539,13.78117847442627,13.204830169677734,13.371994972229004
/data/public/EchoSet/test/uNb9QFRL6hY/0_1_office/2094_8230/mix.wav,6.365604400634766,6.961174488067627,4.832820892333984,5.542943000793457
/data/public/EchoSet/test/uNb9QFRL6hY/0_1_office/4077_8455/mix.wav,13.087701797485352,13.052701950073242,12.630731582641602,12.63237190246582
/data/public/EchoSet/test/uNb9QFRL6hY/0_1_office/5142_6930/mix.wav,5.644367218017578,5.9658284187316895,2.5805823802948,2.9697470664978027
/data/public/EchoSet/test/uNb9QFRL6hY/0_1_office/7729_4970/mix.wav,12.962431907653809,12.941703796386719,12.302769660949707,12.342809677124023
/data/public/EchoSet/test/uNb9QFRL6hY/0_1_office/61_1089/mix.wav,8.465747833251953,8.654838562011719,7.923922061920166,8.217628479003906
/data/public/EchoSet/test/uNb9QFRL6hY/0_1_office/8230_1089/mix.wav,11.754327774047852,11.796236038208008,11.203502655029297,11.36638355255127
/data/public/EchoSet/test/uNb9QFRL6hY/0_1_office/8224_2300/mix.wav,8.60221004486084,8.600614547729492,3.7665584087371826,3.8351738452911377
/data/public/EchoSet/test/uNb9QFRL6hY/0_1_office/3570_7176/mix.wav,11.916520118713379,12.009761810302734,11.665863037109375,11.8180570602417
/data/public/EchoSet/test/uNb9QFRL6hY/0_1_office/61_8455/mix.wav,9.546815872192383,9.853758811950684,9.05093765258789,9.46572208404541
/data/public/EchoSet/test/uNb9QFRL6hY/0_1_office/908_3729/mix.wav,12.69268798828125,12.8097505569458,12.19929313659668,12.360881805419922
/data/public/EchoSet/test/uNb9QFRL6hY/0_1_office/7021_8555/mix.wav,12.654905319213867,12.622238159179688,11.786943435668945,11.847439765930176
/data/public/EchoSet/test/uNb9QFRL6hY/0_1_office/61_5683/mix.wav,6.104691505432129,6.7004828453063965,4.709071159362793,5.386319160461426
/data/public/EchoSet/test/uNb9QFRL6hY/0_1_office/7127_8555/mix.wav,11.26707649230957,11.782981872558594,10.556509017944336,11.133201599121094
/data/public/EchoSet/test/uNb9QFRL6hY/0_1_office/2830_1188/mix.wav,9.72201156616211,9.708438873291016,9.05088996887207,9.097963333129883
/data/public/EchoSet/test/uNb9QFRL6hY/0_1_office/2830_4446/mix.wav,10.38779067993164,9.481134414672852,8.969215393066406,8.496434211730957
/data/public/EchoSet/test/uNb9QFRL6hY/0_1_office/2300_672/mix.wav,11.650532722473145,11.646007537841797,10.435964584350586,10.483538627624512
/data/public/EchoSet/test/uNb9QFRL6hY/0_1_office/5142_260/mix.wav,10.546113967895508,10.707586288452148,9.902070999145508,10.123146057128906
/data/public/EchoSet/test/uNb9QFRL6hY/0_1_office/121_237/mix.wav,9.093658447265625,9.130749702453613,8.439048767089844,8.531858444213867
/data/public/EchoSet/test/uNb9QFRL6hY/0_1_office/3575_8455/mix.wav,12.176280975341797,12.227865219116211,11.350013732910156,11.457846641540527
/data/public/EchoSet/test/uNb9QFRL6hY/0_1_office/2300_3570/mix.wav,8.361115455627441,9.022599220275879,7.949745178222656,8.659894943237305
/data/public/EchoSet/test/uNb9QFRL6hY/0_1_office/5683_1995/mix.wav,9.658519744873047,10.317058563232422,9.127208709716797,9.826065063476562
/data/public/EchoSet/test/uNb9QFRL6hY/0_1_office/2961_1580/mix.wav,13.26895523071289,13.257187843322754,12.51671028137207,12.552068710327148
/data/public/EchoSet/test/uNb9QFRL6hY/0_1_office/7127_8230/mix.wav,12.546109199523926,12.618673324584961,11.663383483886719,11.772758483886719
/data/public/EchoSet/test/uNb9QFRL6hY/0_1_office/1580_5105/mix.wav,12.01639175415039,12.122739791870117,11.167341232299805,11.327007293701172
/data/public/EchoSet/test/uNb9QFRL6hY/0_1_office/7729_1320/mix.wav,11.272929191589355,11.19373607635498,10.82983684539795,10.841604232788086
/data/public/EchoSet/test/uNb9QFRL6hY/0_1_office/4970_4077/mix.wav,12.582727432250977,12.702068328857422,11.974568367004395,12.132421493530273
/data/public/EchoSet/test/uNb9QFRL6hY/0_1_office/3729_1580/mix.wav,10.987646102905273,11.261632919311523,10.40939712524414,10.748971939086914
/data/public/EchoSet/test/uNb9QFRL6hY/0_1_office/3575_1221/mix.wav,8.993064880371094,9.448094367980957,8.32563304901123,8.818382263183594
/data/public/EchoSet/test/uNb9QFRL6hY/0_1_office/1995_908/mix.wav,11.639860153198242,11.548274993896484,11.23339557647705,11.194846153259277
/data/public/EchoSet/test/uNb9QFRL6hY/0_1_office/7127_5639/mix.wav,8.567792892456055,9.050195693969727,8.123285293579102,8.653570175170898
/data/public/EchoSet/test/uNb9QFRL6hY/0_1_office/7729_1188/mix.wav,11.198720932006836,11.517077445983887,10.758520126342773,11.175251960754395
/data/public/EchoSet/test/uNb9QFRL6hY/0_1_office/260_7176/mix.wav,8.653459548950195,8.946436882019043,8.047415733337402,8.41055679321289
/data/public/EchoSet/test/uNb9QFRL6hY/0_1_office/1284_7729/mix.wav,12.859071731567383,13.11600399017334,12.439153671264648,12.722182273864746
/data/public/EchoSet/test/uNb9QFRL6hY/0_1_office/6829_4507/mix.wav,11.18095588684082,11.290063858032227,10.828980445861816,10.991325378417969
/data/public/EchoSet/test/uNb9QFRL6hY/0_1_office/4077_4507/mix.wav,15.914456367492676,15.197357177734375,15.57978630065918,15.586679458618164
/data/public/EchoSet/test/uNb9QFRL6hY/0_1_office/1995_8463/mix.wav,12.420787811279297,12.417692184448242,11.4815673828125,11.535189628601074
/data/public/EchoSet/test/uNb9QFRL6hY/0_1_office/2300_7127/mix.wav,7.3016886711120605,7.495100498199463,5.983057975769043,6.28999662399292
/data/public/EchoSet/test/uNb9QFRL6hY/0_1_office/6829_260/mix.wav,10.508474349975586,10.674728393554688,9.867486953735352,10.078374862670898
/data/public/EchoSet/test/uNb9QFRL6hY/0_1_office/1320_3575/mix.wav,10.156041145324707,10.466660499572754,9.71988296508789,10.102702140808105
/data/public/EchoSet/test/uNb9QFRL6hY/0_1_office/672_8230/mix.wav,12.023054122924805,11.977155685424805,11.252041816711426,11.257576942443848
/data/public/EchoSet/test/uNb9QFRL6hY/0_1_office/4446_7176/mix.wav,11.206281661987305,11.259653091430664,10.840652465820312,10.91308307647705
/data/public/EchoSet/test/uNb9QFRL6hY/0_1_office/3729_3570/mix.wav,10.642204284667969,10.461195945739746,8.319121360778809,8.320831298828125
/data/public/EchoSet/test/uNb9QFRL6hY/0_1_office/260_1188/mix.wav,11.720894813537598,11.845512390136719,10.776750564575195,10.968334197998047
/data/public/EchoSet/test/uNb9QFRL6hY/0_1_office/4446_237/mix.wav,12.761407852172852,12.753866195678711,12.127877235412598,12.21689224243164
/data/public/EchoSet/test/uNb9QFRL6hY/0_1_office/908_7021/mix.wav,13.813132286071777,13.995229721069336,13.39356803894043,13.603157043457031
/data/public/EchoSet/test/uNb9QFRL6hY/0_1_office/5105_1284/mix.wav,6.139130115509033,5.896306991577148,1.7984355688095093,1.7313231229782104
/data/public/EchoSet/test/uNb9QFRL6hY/0_1_office/121_3570/mix.wav,14.296875953674316,14.279096603393555,13.533409118652344,13.57577133178711
/data/public/EchoSet/test/uNb9QFRL6hY/0_1_office/260_1580/mix.wav,12.162496566772461,12.424860954284668,11.45846176147461,11.747979164123535
/data/public/EchoSet/test/uNb9QFRL6hY/0_1_office/5105_3729/mix.wav,13.33525276184082,13.440958976745605,12.933438301086426,13.09545612335205
/data/public/EchoSet/test/uNb9QFRL6hY/0_1_office/4992_5105/mix.wav,13.63848876953125,13.645858764648438,13.243816375732422,13.308818817138672
/data/public/EchoSet/test/uNb9QFRL6hY/0_1_office/3575_4970/mix.wav,15.052251815795898,15.109284400939941,14.507676124572754,14.58072566986084
/data/public/EchoSet/test/uNb9QFRL6hY/0_1_office/4446_2830/mix.wav,11.768848419189453,10.914450645446777,9.238239288330078,8.77932071685791
/data/public/EchoSet/test/uNb9QFRL6hY/0_1_office/2830_61/mix.wav,7.926462173461914,7.783726215362549,6.839189052581787,6.80842399597168
/data/public/EchoSet/test/uNb9QFRL6hY/0_1_office/1089_237/mix.wav,10.04262638092041,10.166715621948242,8.960582733154297,9.14315128326416
/data/public/EchoSet/test/uNb9QFRL6hY/0_1_office/2094_6829/mix.wav,15.042703628540039,15.007918357849121,14.347867965698242,14.394973754882812
/data/public/EchoSet/test/uNb9QFRL6hY/0_1_office/4970_2094/mix.wav,11.690043449401855,12.061033248901367,11.234537124633789,11.633211135864258
/data/public/EchoSet/test/uNb9QFRL6hY/0_1_office/237_5683/mix.wav,8.159823417663574,8.647651672363281,7.331594944000244,7.870899677276611
/data/public/EchoSet/test/uNb9QFRL6hY/0_1_office/3729_5683/mix.wav,12.62938117980957,12.879778861999512,12.107120513916016,12.376049995422363
/data/public/EchoSet/test/uNb9QFRL6hY/0_1_office/1320_3729/mix.wav,9.673062324523926,9.999815940856934,8.231735229492188,8.64383602142334
/data/public/EchoSet/test/uNb9QFRL6hY/0_1_office/2961_4507/mix.wav,11.663283348083496,11.648831367492676,11.301002502441406,11.344522476196289
/data/public/EchoSet/test/uNb9QFRL6hY/0_1_office/7176_121/mix.wav,12.21187973022461,12.269668579101562,11.741089820861816,11.853456497192383
/data/public/EchoSet/test/uNb9QFRL6hY/0_1_office/3570_8555/mix.wav,13.887323379516602,13.78071117401123,12.420954704284668,12.373419761657715
/data/public/EchoSet/test/uNb9QFRL6hY/0_1_office/672_2094/mix.wav,3.905276298522949,3.6594605445861816,-2.404055595397949,-2.6249189376831055
/data/public/EchoSet/test/uNb9QFRL6hY/0_1_office/4446_2961/mix.wav,13.039158821105957,13.032461166381836,12.668438911437988,12.70829963684082
/data/public/EchoSet/test/uNb9QFRL6hY/0_1_office/1995_8230/mix.wav,12.19795036315918,12.403271675109863,11.632701873779297,11.89783763885498
/data/public/EchoSet/test/uNb9QFRL6hY/0_1_office/5639_2961/mix.wav,14.112730026245117,14.163217544555664,13.745155334472656,13.865278244018555
/data/public/EchoSet/test/uNb9QFRL6hY/0_1_office/8230_61/mix.wav,10.890115737915039,10.956341743469238,8.951663970947266,9.049493789672852
/data/public/EchoSet/test/uNb9QFRL6hY/0_1_office/1284_121/mix.wav,13.905091285705566,13.996089935302734,13.373841285705566,13.51416015625
/data/public/EchoSet/test/uNb9QFRL6hY/0_1_office/5142_1221/mix.wav,10.518115043640137,10.633787155151367,9.33694076538086,9.50159740447998
/data/public/EchoSet/test/uNb9QFRL6hY/0_1_office/7176_1188/mix.wav,9.331624984741211,9.754380226135254,9.056358337402344,9.525629997253418
/data/public/EchoSet/test/uNb9QFRL6hY/0_1_office/8455_4970/mix.wav,14.167834281921387,14.227097511291504,13.353584289550781,13.507856369018555
/data/public/EchoSet/test/uNb9QFRL6hY/0_1_office/8230_1580/mix.wav,12.265193939208984,12.398707389831543,11.819425582885742,12.027422904968262
/data/public/EchoSet/test/uNb9QFRL6hY/0_1_office/1995_8555/mix.wav,12.076804161071777,12.444134712219238,11.478013038635254,11.910750389099121
/data/public/EchoSet/test/uNb9QFRL6hY/0_1_office/7021_1284/mix.wav,8.427854537963867,8.427854537963867,7.05703067779541,7.1079254150390625
/data/public/EchoSet/test/Z6MFQCViBuw/0_4_lounge/5105_1320/mix.wav,9.415395736694336,9.585379600524902,8.633983612060547,8.864706039428711
/data/public/EchoSet/test/Z6MFQCViBuw/0_4_lounge/2961_4970/mix.wav,12.172269821166992,12.329031944274902,11.30378246307373,11.517313957214355
/data/public/EchoSet/test/Z6MFQCViBuw/0_4_lounge/7176_4077/mix.wav,9.609041213989258,9.859569549560547,9.276440620422363,9.568241119384766
/data/public/EchoSet/test/Z6MFQCViBuw/0_4_lounge/7127_5683/mix.wav,11.915990829467773,11.933632850646973,10.96540641784668,11.141374588012695
/data/public/EchoSet/test/Z6MFQCViBuw/0_4_lounge/1089_121/mix.wav,11.805259704589844,11.557360649108887,11.313316345214844,11.186884880065918
/data/public/EchoSet/test/Z6MFQCViBuw/0_4_lounge/2830_2094/mix.wav,10.495301246643066,10.595776557922363,8.397989273071289,8.570908546447754
/data/public/EchoSet/test/Z6MFQCViBuw/0_4_lounge/3570_6930/mix.wav,12.014723777770996,12.156590461730957,9.42703628540039,9.600125312805176
/data/public/EchoSet/test/Z6MFQCViBuw/0_4_lounge/5639_3575/mix.wav,12.995052337646484,13.028566360473633,12.603782653808594,12.695731163024902
/data/public/EchoSet/test/Z6MFQCViBuw/0_4_lounge/2094_7021/mix.wav,12.428197860717773,12.398882865905762,11.590948104858398,11.607032775878906
/data/public/EchoSet/test/Z6MFQCViBuw/0_4_lounge/1995_3570/mix.wav,11.48002815246582,11.050822257995605,10.415886878967285,10.217409133911133
/data/public/EchoSet/test/Z6MFQCViBuw/0_4_lounge/121_260/mix.wav,14.035787582397461,13.963095664978027,13.095409393310547,13.061283111572266
/data/public/EchoSet/test/Z6MFQCViBuw/0_4_lounge/7176_237/mix.wav,13.653047561645508,13.597640991210938,13.424576759338379,13.404449462890625
/data/public/EchoSet/test/Z6MFQCViBuw/0_4_lounge/8463_7729/mix.wav,12.481478691101074,12.508846282958984,12.028800964355469,12.099515914916992
/data/public/EchoSet/test/Z6MFQCViBuw/0_4_lounge/1995_672/mix.wav,12.330911636352539,13.047714233398438,12.165409088134766,12.914934158325195
/data/public/EchoSet/test/Z6MFQCViBuw/0_4_lounge/4077_2300/mix.wav,8.20398998260498,8.229194641113281,7.260247230529785,7.304740905761719
/data/public/EchoSet/test/Z6MFQCViBuw/0_4_lounge/5639_8463/mix.wav,13.040133476257324,13.110467910766602,12.27717113494873,12.38730239868164
/data/public/EchoSet/test/Z6MFQCViBuw/0_4_lounge/1188_1284/mix.wav,11.936999320983887,12.015493392944336,11.625213623046875,11.745379447937012
/data/public/EchoSet/test/Z6MFQCViBuw/0_4_lounge/1284_1188/mix.wav,13.894927978515625,13.944840431213379,13.265841484069824,13.361626625061035
/data/public/EchoSet/test/Z6MFQCViBuw/0_4_lounge/7021_5105/mix.wav,14.61866569519043,14.757144927978516,13.905684471130371,14.106197357177734
/data/public/EchoSet/test/Z6MFQCViBuw/0_4_lounge/7127_4992/mix.wav,10.79188060760498,11.100240707397461,10.302159309387207,10.719413757324219
/data/public/EchoSet/test/Z6MFQCViBuw/0_4_lounge/7729_4970/mix.wav,15.62246322631836,15.702682495117188,15.076152801513672,15.18447208404541
/data/public/EchoSet/test/Z6MFQCViBuw/0_4_lounge/237_7729/mix.wav,11.762956619262695,11.836106300354004,11.304092407226562,11.43083381652832
/data/public/EchoSet/test/Z6MFQCViBuw/0_4_lounge/2094_8555/mix.wav,11.5419282913208,11.26968765258789,10.936203002929688,10.777115821838379
/data/public/EchoSet/test/Z6MFQCViBuw/0_4_lounge/3575_237/mix.wav,13.317323684692383,13.278695106506348,12.378340721130371,12.389049530029297
/data/public/EchoSet/test/Z6MFQCViBuw/0_4_lounge/8230_8224/mix.wav,14.803524017333984,14.827393531799316,13.18480110168457,13.219406127929688
/data/public/EchoSet/test/Z6MFQCViBuw/0_4_lounge/4446_8230/mix.wav,10.11622428894043,10.430275917053223,9.544772148132324,9.947683334350586
/data/public/EchoSet/test/Z6MFQCViBuw/0_4_lounge/4446_260/mix.wav,12.869401931762695,13.149226188659668,12.4216890335083,12.721508026123047
/data/public/EchoSet/test/Z6MFQCViBuw/0_4_lounge/5683_5639/mix.wav,11.890938758850098,12.306173324584961,11.321438789367676,11.836286544799805
/data/public/EchoSet/test/Z6MFQCViBuw/0_4_lounge/3729_672/mix.wav,13.027788162231445,13.058116912841797,12.300957679748535,12.441452980041504
/data/public/EchoSet/test/Z6MFQCViBuw/0_4_lounge/5105_5683/mix.wav,14.366642951965332,14.224502563476562,13.603723526000977,13.532955169677734
/data/public/EchoSet/test/Z6MFQCViBuw/0_4_lounge/2300_8224/mix.wav,11.252799987792969,11.450839042663574,10.719743728637695,10.938535690307617
/data/public/EchoSet/test/Z6MFQCViBuw/0_4_lounge/2830_8224/mix.wav,7.648146629333496,7.945727348327637,6.764080047607422,7.167691230773926
/data/public/EchoSet/test/Z6MFQCViBuw/0_4_lounge/1580_2094/mix.wav,9.934968948364258,9.968873023986816,9.058926582336426,9.166719436645508
/data/public/EchoSet/test/Z6MFQCViBuw/0_4_lounge/3729_1221/mix.wav,8.120983123779297,8.062116622924805,7.601222515106201,7.699781894683838
/data/public/EchoSet/test/Z6MFQCViBuw/0_4_lounge/4507_1089/mix.wav,15.09524154663086,15.371476173400879,14.93402099609375,15.227413177490234
/data/public/EchoSet/test/Z6MFQCViBuw/0_4_lounge/3729_2300/mix.wav,13.208205223083496,13.28157901763916,12.696683883666992,12.816560745239258
/data/public/EchoSet/test/Z6MFQCViBuw/0_4_lounge/7729_3729/mix.wav,13.064094543457031,13.10808277130127,12.392656326293945,12.471768379211426
/data/public/EchoSet/test/Z6MFQCViBuw/0_4_lounge/672_7176/mix.wav,9.011114120483398,9.094554901123047,8.546028137207031,8.6541109085083
/data/public/EchoSet/test/Z6MFQCViBuw/0_4_lounge/1188_4077/mix.wav,11.086313247680664,11.180584907531738,10.42607307434082,10.635269165039062
/data/public/EchoSet/test/Z6MFQCViBuw/0_4_lounge/2830_5639/mix.wav,10.295316696166992,10.229923248291016,9.469066619873047,9.554145812988281
/data/public/EchoSet/test/Z6MFQCViBuw/0_4_lounge/2961_8224/mix.wav,8.664199829101562,9.235958099365234,8.298583984375,8.947938919067383
/data/public/EchoSet/test/Z6MFQCViBuw/0_4_lounge/6930_2961/mix.wav,15.175360679626465,15.093185424804688,14.389156341552734,14.371015548706055
/data/public/EchoSet/test/Z6MFQCViBuw/0_4_lounge/3575_7127/mix.wav,11.30778694152832,11.492143630981445,10.758999824523926,10.96033763885498
/data/public/EchoSet/test/Z6MFQCViBuw/0_4_lounge/61_5142/mix.wav,9.70666217803955,9.519232749938965,8.931098937988281,8.842324256896973
/data/public/EchoSet/test/Z6MFQCViBuw/0_4_lounge/7729_7021/mix.wav,10.840600967407227,10.868509292602539,10.467204093933105,10.588459014892578
/data/public/EchoSet/test/Z6MFQCViBuw/0_4_lounge/6829_7729/mix.wav,13.404571533203125,13.559179306030273,12.867391586303711,13.070534706115723
/data/public/EchoSet/test/Z6MFQCViBuw/0_4_lounge/3570_61/mix.wav,9.19363784790039,9.540743827819824,8.755257606506348,9.178709983825684
/data/public/EchoSet/test/Z6MFQCViBuw/0_4_lounge/3575_1320/mix.wav,12.434667587280273,12.484476089477539,11.064933776855469,11.144954681396484
/data/public/EchoSet/test/Z6MFQCViBuw/0_4_lounge/8463_8555/mix.wav,15.167594909667969,15.186149597167969,14.67014217376709,14.718661308288574
/data/public/EchoSet/test/Z6MFQCViBuw/0_4_lounge/8455_4446/mix.wav,12.313243865966797,12.292906761169434,11.94124984741211,12.007186889648438
/data/public/EchoSet/test/Z6MFQCViBuw/0_4_lounge/3570_672/mix.wav,12.831125259399414,13.015522003173828,11.946785926818848,12.188018798828125
/data/public/EchoSet/test/Z6MFQCViBuw/0_4_lounge/2830_2300/mix.wav,13.047821044921875,13.068408966064453,12.17171573638916,12.227890968322754
/data/public/EchoSet/test/Z6MFQCViBuw/0_4_lounge/5683_5142/mix.wav,12.562429428100586,12.467944145202637,11.99295711517334,11.954312324523926
/data/public/EchoSet/test/Z6MFQCViBuw/0_4_lounge/2830_3729/mix.wav,12.489837646484375,12.634389877319336,12.051551818847656,12.280739784240723
/data/public/EchoSet/test/Z6MFQCViBuw/0_4_lounge/1320_5105/mix.wav,11.50986099243164,11.648946762084961,10.786633491516113,10.982234954833984
/data/public/EchoSet/test/Z6MFQCViBuw/0_4_lounge/61_2300/mix.wav,9.020276069641113,9.22426986694336,8.329960823059082,8.566108703613281
/data/public/EchoSet/test/Z6MFQCViBuw/0_4_lounge/5142_237/mix.wav,12.368803977966309,12.424599647521973,11.869819641113281,11.961292266845703
/data/public/EchoSet/test/Z6MFQCViBuw/0_4_lounge/1284_4992/mix.wav,10.680685043334961,10.587667465209961,10.222506523132324,10.190593719482422
/data/public/EchoSet/test/Z6MFQCViBuw/0_4_lounge/2094_4446/mix.wav,15.039264678955078,15.212900161743164,14.45925235748291,14.695108413696289
/data/public/EchoSet/test/Z6MFQCViBuw/0_4_lounge/8224_908/mix.wav,11.276836395263672,11.084664344787598,10.662527084350586,10.595786094665527
/data/public/EchoSet/test/Z6MFQCViBuw/0_4_lounge/1995_1089/mix.wav,12.977110862731934,13.00279712677002,12.625834465026855,12.683578491210938
/data/public/EchoSet/test/Z6MFQCViBuw/0_4_lounge/1089_4970/mix.wav,13.252763748168945,13.197193145751953,12.488038063049316,12.664613723754883
/data/public/EchoSet/test/Z6MFQCViBuw/0_4_lounge/1188_61/mix.wav,8.931227684020996,9.053894996643066,8.1847505569458,8.386096000671387
/data/public/EchoSet/test/Z6MFQCViBuw/0_4_lounge/7176_7127/mix.wav,11.84142017364502,12.044074058532715,11.311551094055176,11.564520835876465
/data/public/EchoSet/test/Z6MFQCViBuw/0_4_lounge/61_4507/mix.wav,10.960165977478027,11.275171279907227,10.598640441894531,11.01734733581543
/data/public/EchoSet/test/Z6MFQCViBuw/0_4_lounge/4507_4992/mix.wav,10.472615242004395,10.741539001464844,10.123153686523438,10.435709953308105
/data/public/EchoSet/test/Z6MFQCViBuw/0_4_lounge/1221_672/mix.wav,8.36712646484375,8.408331871032715,7.684468746185303,7.78985595703125
/data/public/EchoSet/test/Z6MFQCViBuw/0_4_lounge/6829_1320/mix.wav,10.26467227935791,10.496764183044434,9.837135314941406,10.110158920288086
/data/public/EchoSet/test/Z6MFQCViBuw/0_4_lounge/6930_121/mix.wav,4.474791049957275,4.775415420532227,0.8771187663078308,1.2185275554656982
/data/public/EchoSet/test/Z6MFQCViBuw/0_4_lounge/2300_61/mix.wav,10.135570526123047,10.230867385864258,9.641090393066406,9.798267364501953
/data/public/EchoSet/test/Z6MFQCViBuw/0_4_lounge/1221_1580/mix.wav,6.7761945724487305,6.996262550354004,5.336272239685059,5.6235737800598145
/data/public/EchoSet/test/Z6MFQCViBuw/0_4_lounge/6930_8455/mix.wav,14.355942726135254,14.455620765686035,13.938469886779785,14.082502365112305
/data/public/EchoSet/test/Z6MFQCViBuw/0_4_lounge/3570_908/mix.wav,13.077635765075684,12.992342948913574,12.188676834106445,12.231527328491211
/data/public/EchoSet/test/Z6MFQCViBuw/0_4_lounge/1284_8555/mix.wav,12.55293083190918,12.796262741088867,11.912477493286133,12.22461986541748
/data/public/EchoSet/test/Z6MFQCViBuw/0_4_lounge/1221_4446/mix.wav,12.4470853805542,12.527159690856934,12.072275161743164,12.239094734191895
/data/public/EchoSet/test/Z6MFQCViBuw/0_4_lounge/5683_4507/mix.wav,10.904399871826172,11.045827865600586,9.55858325958252,9.779900550842285
/data/public/EchoSet/test/Z6MFQCViBuw/0_4_lounge/6930_4077/mix.wav,7.197375297546387,6.976589202880859,5.76835823059082,5.656303405761719
/data/public/EchoSet/test/Z6MFQCViBuw/0_4_lounge/1284_8455/mix.wav,11.797053337097168,12.097647666931152,11.394618034362793,11.73474407196045
/data/public/EchoSet/test/Z6MFQCViBuw/0_4_lounge/8455_908/mix.wav,9.079193115234375,9.176116943359375,8.618218421936035,8.756567001342773
/data/public/EchoSet/test/Z6MFQCViBuw/0_4_lounge/908_1284/mix.wav,11.022340774536133,11.054237365722656,10.51504135131836,10.647449493408203
/data/public/EchoSet/test/Z6MFQCViBuw/0_4_lounge/121_237/mix.wav,11.435358047485352,11.64065933227539,10.871819496154785,11.127237319946289
/data/public/EchoSet/test/Z6MFQCViBuw/0_4_lounge/1188_5105/mix.wav,9.799906730651855,9.997038841247559,8.938169479370117,9.209935188293457
/data/public/EchoSet/test/Z6MFQCViBuw/0_4_lounge/2094_1320/mix.wav,10.399168968200684,10.941450119018555,10.101042747497559,10.813011169433594
/data/public/EchoSet/test/Z6MFQCViBuw/0_4_lounge/8230_6829/mix.wav,11.660499572753906,11.535154342651367,11.262382507324219,11.251908302307129
/data/public/EchoSet/test/Z6MFQCViBuw/0_4_lounge/1320_5639/mix.wav,11.441160202026367,11.551273345947266,11.043530464172363,11.213033676147461
/data/public/EchoSet/test/Z6MFQCViBuw/0_4_lounge/7176_4446/mix.wav,13.781746864318848,13.82614803314209,13.391275405883789,13.486374855041504
/data/public/EchoSet/test/Z6MFQCViBuw/0_4_lounge/1995_1221/mix.wav,11.799223899841309,12.176294326782227,11.225587844848633,11.713624954223633
/data/public/EchoSet/test/Z6MFQCViBuw/0_4_lounge/121_4507/mix.wav,10.873103141784668,11.45747184753418,10.262399673461914,10.954853057861328
/data/public/EchoSet/test/Z6MFQCViBuw/0_4_lounge/5105_8455/mix.wav,14.164970397949219,14.197230339050293,13.416826248168945,13.466667175292969
/data/public/EchoSet/test/Z6MFQCViBuw/0_4_lounge/2830_2961/mix.wav,14.056926727294922,14.134546279907227,13.70302963256836,13.813419342041016
/data/public/EchoSet/test/Z6MFQCViBuw/0_4_lounge/5142_4077/mix.wav,14.940272331237793,14.93402099609375,14.500553131103516,14.530244827270508
/data/public/EchoSet/test/Z6MFQCViBuw/0_4_lounge/7176_1580/mix.wav,12.62072467803955,12.75313663482666,12.297587394714355,12.47092056274414
/data/public/EchoSet/test/Z6MFQCViBuw/0_4_lounge/8555_2961/mix.wav,12.540956497192383,12.784453392028809,12.084098815917969,12.370274543762207
/data/public/EchoSet/test/Z6MFQCViBuw/0_4_lounge/8230_5683/mix.wav,11.634698867797852,11.802871704101562,11.056390762329102,11.311593055725098
/data/public/EchoSet/test/Z6MFQCViBuw/0_4_lounge/8455_8230/mix.wav,12.758752822875977,12.822311401367188,11.844249725341797,11.923951148986816
/data/public/EchoSet/test/Z6MFQCViBuw/0_4_lounge/3729_6930/mix.wav,11.74202823638916,11.844613075256348,10.92551326751709,11.087664604187012
/data/public/EchoSet/test/Z6MFQCViBuw/0_4_lounge/4970_672/mix.wav,14.42941665649414,14.43379020690918,13.650714874267578,13.732895851135254
/data/public/EchoSet/test/Z6MFQCViBuw/0_4_lounge/8463_1580/mix.wav,12.723861694335938,12.644914627075195,12.02910041809082,12.024236679077148
/data/public/EchoSet/test/Z6MFQCViBuw/0_4_lounge/4446_7127/mix.wav,12.200920104980469,12.333290100097656,11.71757698059082,11.91096305847168
/data/public/EchoSet/test/Z6MFQCViBuw/0_4_lounge/5639_6829/mix.wav,12.96978759765625,13.178356170654297,12.501215934753418,12.760343551635742
/data/public/EchoSet/test/Z6MFQCViBuw/0_4_lounge/2094_4992/mix.wav,13.605286598205566,13.787968635559082,13.184547424316406,13.3948974609375
/data/public/EchoSet/test/Z6MFQCViBuw/0_4_lounge/5142_260/mix.wav,5.085501194000244,5.507833003997803,4.353558540344238,4.912567138671875
/data/public/EchoSet/test/Z6MFQCViBuw/0_4_lounge/4970_8224/mix.wav,12.958185195922852,12.775240898132324,12.603994369506836,12.495737075805664
/data/public/EchoSet/test/Z6MFQCViBuw/0_4_lounge/4992_6829/mix.wav,7.922459602355957,8.610051155090332,7.534634113311768,8.353316307067871
/data/public/EchoSet/test/Z6MFQCViBuw/0_4_lounge/7021_8230/mix.wav,11.293144226074219,11.418876647949219,10.967024803161621,11.136189460754395
/data/public/EchoSet/test/Z6MFQCViBuw/0_4_lounge/2961_1995/mix.wav,12.580594062805176,12.648858070373535,12.048495292663574,12.165456771850586
/data/public/EchoSet/test/Z6MFQCViBuw/0_4_lounge/4992_1188/mix.wav,13.769843101501465,13.6665678024292,13.313934326171875,13.293474197387695
/data/public/EchoSet/test/Z6MFQCViBuw/0_4_lounge/5142_3575/mix.wav,8.683660507202148,9.478334426879883,8.21776008605957,9.050601959228516
/data/public/EchoSet/test/Z6MFQCViBuw/0_4_lounge/1995_3575/mix.wav,6.440258502960205,6.269830703735352,6.078430652618408,6.042646408081055
/data/public/EchoSet/test/Z6MFQCViBuw/0_4_lounge/260_6829/mix.wav,9.12436294555664,9.121403694152832,8.522995948791504,8.626668930053711
/data/public/EchoSet/test/Z6MFQCViBuw/0_4_lounge/4970_4077/mix.wav,9.714113235473633,9.826396942138672,8.295811653137207,8.533867835998535
/data/public/EchoSet/test/Z6MFQCViBuw/0_4_lounge/908_7021/mix.wav,9.997613906860352,10.245428085327148,9.463388442993164,9.744523048400879
/data/public/EchoSet/test/Z6MFQCViBuw/0_4_lounge/8455_8224/mix.wav,11.659107208251953,12.123169898986816,11.225732803344727,11.731841087341309
/data/public/EchoSet/test/Z6MFQCViBuw/0_4_lounge/8463_260/mix.wav,14.45814323425293,14.480300903320312,14.104528427124023,14.195749282836914
/data/public/EchoSet/test/Z6MFQCViBuw/0_4_lounge/8230_4992/mix.wav,12.464056015014648,12.671422004699707,11.602747917175293,11.85878849029541
/data/public/EchoSet/test/Z6MFQCViBuw/0_4_lounge/3575_8555/mix.wav,9.786189079284668,10.569944381713867,9.348347663879395,10.215705871582031
/data/public/EchoSet/test/Z6MFQCViBuw/0_4_lounge/5683_908/mix.wav,13.062799453735352,13.160171508789062,12.348772048950195,12.495325088500977
/data/public/EchoSet/test/Z6MFQCViBuw/0_4_lounge/1089_1221/mix.wav,11.027508735656738,11.129674911499023,10.572834014892578,10.81582260131836
/data/public/EchoSet/test/Z6MFQCViBuw/0_4_lounge/8463_1320/mix.wav,12.492210388183594,12.518138885498047,10.805580139160156,10.871992111206055
/data/public/EchoSet/test/Z6MFQCViBuw/0_4_lounge/3729_7176/mix.wav,14.424263954162598,14.46045970916748,14.023210525512695,14.094922065734863
/data/public/EchoSet/test/Z6MFQCViBuw/0_4_lounge/7127_7021/mix.wav,16.91436767578125,16.943571090698242,16.60397720336914,16.639650344848633
/data/public/EchoSet/test/Z6MFQCViBuw/0_4_lounge/121_1580/mix.wav,8.859701156616211,9.085951805114746,7.600830554962158,7.8468708992004395
/data/public/EchoSet/test/Z6MFQCViBuw/0_4_lounge/260_3570/mix.wav,12.868556022644043,12.955029487609863,12.39000129699707,12.517966270446777
/data/public/EchoSet/test/Z6MFQCViBuw/0_4_lounge/672_8555/mix.wav,13.177311897277832,13.273774147033691,12.534513473510742,12.695985794067383
/data/public/EchoSet/test/Z6MFQCViBuw/0_4_lounge/5142_8463/mix.wav,10.660362243652344,10.883907318115234,10.143366813659668,10.411916732788086
/data/public/EchoSet/test/Z6MFQCViBuw/0_4_lounge/8555_4507/mix.wav,9.392244338989258,9.466861724853516,8.623798370361328,8.752784729003906
/data/public/EchoSet/test/Z6MFQCViBuw/0_4_lounge/237_1580/mix.wav,9.199295043945312,9.137348175048828,8.409158706665039,8.399024963378906
/data/public/EchoSet/test/Z6MFQCViBuw/0_4_lounge/908_237/mix.wav,11.91969108581543,11.968201637268066,11.381072998046875,11.480220794677734
/data/public/EchoSet/test/Z6MFQCViBuw/0_7_lounge/1221_4507/mix.wav,10.997214317321777,11.062990188598633,10.714494705200195,10.831311225891113
/data/public/EchoSet/test/Z6MFQCViBuw/0_7_lounge/5639_6829/mix.wav,10.436034202575684,10.400185585021973,9.894622802734375,9.960471153259277
/data/public/EchoSet/test/Z6MFQCViBuw/0_7_lounge/3729_7127/mix.wav,8.221392631530762,8.107975006103516,7.61126708984375,7.637508869171143
/data/public/EchoSet/test/Z6MFQCViBuw/0_7_lounge/5683_1580/mix.wav,14.594823837280273,14.571118354797363,13.765880584716797,13.804546356201172
/data/public/EchoSet/test/Z6MFQCViBuw/0_7_lounge/5639_1188/mix.wav,9.109214782714844,9.657622337341309,8.527239799499512,9.126970291137695
/data/public/EchoSet/test/Z6MFQCViBuw/0_7_lounge/8455_3729/mix.wav,12.17645263671875,12.09278678894043,11.524494171142578,11.501835823059082
/data/public/EchoSet/test/Z6MFQCViBuw/0_7_lounge/8230_5683/mix.wav,12.899913787841797,12.951947212219238,11.961904525756836,12.06302261352539
/data/public/EchoSet/test/Z6MFQCViBuw/0_7_lounge/2830_4446/mix.wav,7.2423858642578125,7.316153526306152,4.776740074157715,4.92626953125
/data/public/EchoSet/test/Z6MFQCViBuw/0_7_lounge/7729_7176/mix.wav,10.45672607421875,10.466110229492188,9.702293395996094,9.791191101074219
/data/public/EchoSet/test/Z6MFQCViBuw/0_7_lounge/5142_8463/mix.wav,11.1898775100708,11.43144416809082,10.773317337036133,11.051494598388672
/data/public/EchoSet/test/Z6MFQCViBuw/0_7_lounge/8555_4507/mix.wav,11.457745552062988,11.477141380310059,10.727716445922852,10.814570426940918
/data/public/EchoSet/test/Z6MFQCViBuw/0_7_lounge/237_1995/mix.wav,10.819881439208984,11.174717903137207,10.435454368591309,10.853520393371582
/data/public/EchoSet/test/Z6MFQCViBuw/0_7_lounge/260_4446/mix.wav,7.879992485046387,7.797557830810547,6.77991247177124,6.831894874572754
/data/public/EchoSet/test/Z6MFQCViBuw/0_7_lounge/4992_1320/mix.wav,12.834785461425781,12.845191955566406,12.3266019821167,12.403360366821289
/data/public/EchoSet/test/Z6MFQCViBuw/0_7_lounge/4446_1188/mix.wav,14.76300048828125,14.901765823364258,13.685463905334473,13.849688529968262
/data/public/EchoSet/test/Z6MFQCViBuw/0_7_lounge/2300_6930/mix.wav,13.311038970947266,13.317743301391602,12.145123481750488,12.23453140258789
/data/public/EchoSet/test/Z6MFQCViBuw/0_7_lounge/4507_908/mix.wav,13.162397384643555,13.299516677856445,12.973420143127441,13.160947799682617
/data/public/EchoSet/test/Z6MFQCViBuw/0_7_lounge/1284_260/mix.wav,11.954195976257324,11.862292289733887,11.241891860961914,11.218212127685547
/data/public/EchoSet/test/Z6MFQCViBuw/0_7_lounge/8555_237/mix.wav,7.687047958374023,7.94720458984375,7.194720268249512,7.5187225341796875
/data/public/EchoSet/test/Z6MFQCViBuw/0_7_lounge/237_2830/mix.wav,10.691831588745117,10.707060813903809,9.511831283569336,9.631176948547363
/data/public/EchoSet/test/Z6MFQCViBuw/0_7_lounge/1089_7729/mix.wav,11.453526496887207,11.55167007446289,10.923049926757812,11.04746150970459
/data/public/EchoSet/test/Z6MFQCViBuw/0_7_lounge/1188_2961/mix.wav,13.333852767944336,13.392186164855957,13.02477741241455,13.112665176391602
/data/public/EchoSet/test/Z6MFQCViBuw/0_7_lounge/6930_121/mix.wav,12.170044898986816,12.393667221069336,11.596258163452148,11.868124008178711
/data/public/EchoSet/test/Z6MFQCViBuw/0_7_lounge/2961_5105/mix.wav,14.803699493408203,14.80121898651123,14.356579780578613,14.386449813842773
/data/public/EchoSet/test/Z6MFQCViBuw/0_7_lounge/1995_8455/mix.wav,11.887005805969238,12.151959419250488,11.52188491821289,11.838172912597656
/data/public/EchoSet/test/Z6MFQCViBuw/0_7_lounge/8555_1320/mix.wav,13.421526908874512,13.439717292785645,12.339914321899414,12.465503692626953
/data/public/EchoSet/test/Z6MFQCViBuw/0_7_lounge/8463_5105/mix.wav,12.921183586120605,12.789201736450195,12.525979042053223,12.503214836120605
/data/public/EchoSet/test/Z6MFQCViBuw/0_7_lounge/672_7729/mix.wav,12.491968154907227,12.745943069458008,12.005017280578613,12.311546325683594
/data/public/EchoSet/test/Z6MFQCViBuw/0_7_lounge/4077_908/mix.wav,9.31326675415039,9.864472389221191,8.827926635742188,9.412044525146484
/data/public/EchoSet/test/Z6MFQCViBuw/0_7_lounge/672_2094/mix.wav,7.699301719665527,7.706574440002441,5.9586687088012695,6.038084983825684
/data/public/EchoSet/test/Z6MFQCViBuw/0_7_lounge/1320_8230/mix.wav,7.7892537117004395,7.937007427215576,7.234597206115723,7.4220194816589355
/data/public/EchoSet/test/Z6MFQCViBuw/0_7_lounge/6829_3570/mix.wav,7.5226945877075195,7.565074443817139,5.769587516784668,5.881352424621582
/data/public/EchoSet/test/Z6MFQCViBuw/0_7_lounge/5639_5683/mix.wav,14.408624649047852,14.509142875671387,13.983078002929688,14.105355262756348
/data/public/EchoSet/test/Z6MFQCViBuw/0_7_lounge/6829_4446/mix.wav,11.358640670776367,11.386940002441406,10.969185829162598,11.035435676574707
/data/public/EchoSet/test/Z6MFQCViBuw/0_7_lounge/7127_4970/mix.wav,16.51493263244629,16.476009368896484,15.797368049621582,15.796890258789062
/data/public/EchoSet/test/Z6MFQCViBuw/0_7_lounge/3570_8224/mix.wav,10.15884017944336,10.363840103149414,9.593229293823242,9.822103500366211
/data/public/EchoSet/test/Z6MFQCViBuw/0_7_lounge/6930_260/mix.wav,15.815672874450684,15.772153854370117,14.691492080688477,14.746734619140625
/data/public/EchoSet/test/Z6MFQCViBuw/0_7_lounge/5639_7021/mix.wav,12.02354621887207,12.088006973266602,11.728824615478516,11.909631729125977
/data/public/EchoSet/test/Z6MFQCViBuw/0_7_lounge/1089_1580/mix.wav,13.750316619873047,13.83012580871582,13.305747985839844,13.443289756774902
/data/public/EchoSet/test/Z6MFQCViBuw/0_7_lounge/1284_2961/mix.wav,11.35027027130127,11.379036903381348,9.560361862182617,9.614750862121582
/data/public/EchoSet/test/Z6MFQCViBuw/0_7_lounge/1580_3575/mix.wav,10.39840316772461,10.402753829956055,9.560733795166016,9.636548042297363
/data/public/EchoSet/test/Z6MFQCViBuw/0_7_lounge/4507_8224/mix.wav,13.287632942199707,13.694522857666016,13.101264953613281,13.529706001281738
/data/public/EchoSet/test/Z6MFQCViBuw/0_7_lounge/3575_7176/mix.wav,12.137201309204102,12.002443313598633,11.588643074035645,11.529729843139648
/data/public/EchoSet/test/Z6MFQCViBuw/0_7_lounge/2300_1089/mix.wav,7.646174430847168,8.000055313110352,7.222019195556641,7.657523155212402
/data/public/EchoSet/test/Z6MFQCViBuw/0_7_lounge/2300_8455/mix.wav,11.907368659973145,11.69503402709961,11.433341979980469,11.302417755126953
/data/public/EchoSet/test/Z6MFQCViBuw/0_7_lounge/5105_5683/mix.wav,13.814889907836914,13.761236190795898,12.700183868408203,12.697637557983398
/data/public/EchoSet/test/Z6MFQCViBuw/0_7_lounge/7021_7127/mix.wav,12.58959674835205,12.659319877624512,11.797869682312012,11.91368293762207
/data/public/EchoSet/test/Z6MFQCViBuw/0_7_lounge/7729_5142/mix.wav,10.85722827911377,10.631926536560059,9.828265190124512,9.783495903015137
/data/public/EchoSet/test/Z6MFQCViBuw/0_7_lounge/1221_908/mix.wav,11.710342407226562,11.58363151550293,11.235780715942383,11.174137115478516
/data/public/EchoSet/test/Z6MFQCViBuw/0_7_lounge/6829_3575/mix.wav,12.031526565551758,12.345746040344238,11.343868255615234,11.692401885986328
/data/public/EchoSet/test/Z6MFQCViBuw/0_7_lounge/121_7021/mix.wav,12.474833488464355,12.562945365905762,12.00192928314209,12.233959197998047
/data/public/EchoSet/test/Z6MFQCViBuw/0_7_lounge/2300_3729/mix.wav,13.852713584899902,13.84200668334961,13.426959991455078,13.491084098815918
/data/public/EchoSet/test/Z6MFQCViBuw/0_7_lounge/2961_5142/mix.wav,10.257174491882324,10.85671615600586,9.90790843963623,10.695247650146484
/data/public/EchoSet/test/Z6MFQCViBuw/0_7_lounge/2094_121/mix.wav,12.563678741455078,12.721687316894531,11.879012107849121,12.0949125289917
/data/public/EchoSet/test/Z6MFQCViBuw/0_7_lounge/61_1284/mix.wav,9.919029235839844,10.306314468383789,8.520938873291016,9.004631042480469
/data/public/EchoSet/test/Z6MFQCViBuw/0_7_lounge/7127_7176/mix.wav,5.198493003845215,5.118216037750244,3.537282705307007,3.508188247680664
/data/public/EchoSet/test/Z6MFQCViBuw/0_7_lounge/5105_4992/mix.wav,12.1417875289917,12.304914474487305,11.759286880493164,12.000283241271973
/data/public/EchoSet/test/Z6MFQCViBuw/0_7_lounge/8224_672/mix.wav,8.715270042419434,8.696557998657227,7.8903584480285645,7.914316654205322
/data/public/EchoSet/test/Z6MFQCViBuw/0_7_lounge/8230_4970/mix.wav,13.406366348266602,13.54057502746582,12.965221405029297,13.147747993469238
/data/public/EchoSet/test/Z6MFQCViBuw/0_7_lounge/4992_908/mix.wav,13.113995552062988,13.219234466552734,12.742385864257812,12.87289047241211
/data/public/EchoSet/test/Z6MFQCViBuw/0_7_lounge/2830_4970/mix.wav,13.395467758178711,13.454179763793945,12.626798629760742,12.85660171508789
/data/public/EchoSet/test/Z6MFQCViBuw/0_7_lounge/1995_61/mix.wav,11.729974746704102,11.913899421691895,11.43008041381836,11.659846305847168
/data/public/EchoSet/test/Z6MFQCViBuw/0_7_lounge/237_121/mix.wav,12.232489585876465,12.44781494140625,11.717641830444336,11.97821044921875
/data/public/EchoSet/test/Z6MFQCViBuw/0_7_lounge/8463_2094/mix.wav,13.615581512451172,13.755048751831055,13.10898208618164,13.313005447387695
/data/public/EchoSet/test/Z6MFQCViBuw/0_7_lounge/8455_260/mix.wav,11.040830612182617,10.92071533203125,10.057184219360352,9.983174324035645
/data/public/EchoSet/test/Z6MFQCViBuw/0_7_lounge/4077_1221/mix.wav,10.58139419555664,10.440641403198242,9.968364715576172,10.006566047668457
/data/public/EchoSet/test/Z6MFQCViBuw/0_7_lounge/8463_4970/mix.wav,9.669916152954102,9.88542366027832,9.001302719116211,9.315788269042969
/data/public/EchoSet/test/Z6MFQCViBuw/0_7_lounge/61_8230/mix.wav,9.65985107421875,10.015998840332031,9.274881362915039,9.749658584594727
/data/public/EchoSet/test/Z6MFQCViBuw/0_7_lounge/6930_3570/mix.wav,16.36738395690918,16.40222930908203,15.647693634033203,15.724754333496094
/data/public/EchoSet/test/Z6MFQCViBuw/0_7_lounge/1284_7176/mix.wav,10.172409057617188,10.374083518981934,9.67536735534668,9.922204971313477
/data/public/EchoSet/test/Z6MFQCViBuw/0_7_lounge/3575_2830/mix.wav,13.900452613830566,14.075551986694336,13.266231536865234,13.469427108764648
/data/public/EchoSet/test/Z6MFQCViBuw/0_7_lounge/1995_1320/mix.wav,11.622381210327148,11.514001846313477,11.177604675292969,11.11625862121582
/data/public/EchoSet/test/Z6MFQCViBuw/0_7_lounge/672_61/mix.wav,7.133235454559326,7.022200584411621,5.128994941711426,5.1237616539001465
/data/public/EchoSet/test/Z6MFQCViBuw/0_7_lounge/8555_1089/mix.wav,14.161911010742188,14.317493438720703,13.805706024169922,13.975955963134766
/data/public/EchoSet/test/Z6MFQCViBuw/0_7_lounge/1580_4077/mix.wav,11.206254959106445,11.32615852355957,10.683812141418457,10.871682167053223
/data/public/EchoSet/test/Z6MFQCViBuw/0_7_lounge/7021_4992/mix.wav,12.763787269592285,12.802154541015625,11.993339538574219,12.109262466430664
/data/public/EchoSet/test/Z6MFQCViBuw/0_7_lounge/3729_2094/mix.wav,10.281118392944336,10.450629234313965,9.657015800476074,9.875940322875977
/data/public/EchoSet/test/Z6MFQCViBuw/0_7_lounge/1221_4077/mix.wav,9.90121078491211,9.96480655670166,8.766193389892578,8.881796836853027
/data/public/EchoSet/test/Z6MFQCViBuw/0_7_lounge/3570_1188/mix.wav,14.679788589477539,14.832265853881836,14.356229782104492,14.529756546020508
/data/public/EchoSet/test/Z6MFQCViBuw/0_7_lounge/8224_5142/mix.wav,7.467095851898193,7.420224666595459,2.175224542617798,2.2507052421569824
/data/public/EchoSet/test/Z6MFQCViBuw/0_5_lounge/260_6930/mix.wav,10.320489883422852,10.856951713562012,9.767434120178223,10.349745750427246
/data/public/EchoSet/test/Z6MFQCViBuw/0_5_lounge/2961_5105/mix.wav,8.008796691894531,7.919442653656006,4.456349849700928,4.462342739105225
/data/public/EchoSet/test/Z6MFQCViBuw/0_5_lounge/1320_5142/mix.wav,14.5853271484375,14.557676315307617,13.875423431396484,13.912062644958496
/data/public/EchoSet/test/Z6MFQCViBuw/0_5_lounge/8224_6829/mix.wav,11.628173828125,11.78149127960205,10.947366714477539,11.17538070678711
/data/public/EchoSet/test/Z6MFQCViBuw/0_5_lounge/8555_1320/mix.wav,12.527534484863281,12.626165390014648,12.057066917419434,12.192947387695312
/data/public/EchoSet/test/Z6MFQCViBuw/0_5_lounge/8463_5105/mix.wav,7.2312211990356445,7.281312465667725,4.952453136444092,5.094868183135986
/data/public/EchoSet/test/Z6MFQCViBuw/0_5_lounge/2961_61/mix.wav,13.01385498046875,13.029182434082031,12.55038833618164,12.632412910461426
/data/public/EchoSet/test/Z6MFQCViBuw/0_5_lounge/1995_8224/mix.wav,10.748927116394043,10.982415199279785,10.192522048950195,10.522380828857422
/data/public/EchoSet/test/Z6MFQCViBuw/0_5_lounge/260_7127/mix.wav,10.633381843566895,10.633145332336426,9.688516616821289,9.741310119628906
/data/public/EchoSet/test/Z6MFQCViBuw/0_5_lounge/260_4446/mix.wav,10.528697967529297,10.835344314575195,9.893636703491211,10.262675285339355
/data/public/EchoSet/test/Z6MFQCViBuw/0_5_lounge/4992_5683/mix.wav,12.654251098632812,12.704681396484375,10.607122421264648,10.698494911193848
/data/public/EchoSet/test/Z6MFQCViBuw/0_5_lounge/5142_8230/mix.wav,13.450082778930664,13.471656799316406,12.977725982666016,13.048584938049316
/data/public/EchoSet/test/Z6MFQCViBuw/0_5_lounge/4446_4507/mix.wav,11.798083305358887,11.83557415008545,11.375564575195312,11.454907417297363
/data/public/EchoSet/test/Z6MFQCViBuw/0_5_lounge/7127_4970/mix.wav,9.457845687866211,9.559901237487793,8.045283317565918,8.278178215026855
/data/public/EchoSet/test/Z6MFQCViBuw/0_5_lounge/1221_1320/mix.wav,13.04670524597168,13.243207931518555,11.884574890136719,12.151066780090332
/data/public/EchoSet/test/Z6MFQCViBuw/0_5_lounge/5105_7021/mix.wav,9.717761993408203,9.666672706604004,9.249919891357422,9.252288818359375
/data/public/EchoSet/test/Z6MFQCViBuw/0_5_lounge/1221_6930/mix.wav,11.586986541748047,11.629831314086914,10.95621109008789,11.060476303100586
/data/public/EchoSet/test/Z6MFQCViBuw/0_5_lounge/2300_6829/mix.wav,7.899772644042969,8.701949119567871,6.362387657165527,7.221855163574219
/data/public/EchoSet/test/Z6MFQCViBuw/0_5_lounge/672_1284/mix.wav,7.710893630981445,7.977031230926514,7.162142276763916,7.507648944854736
/data/public/EchoSet/test/Z6MFQCViBuw/0_5_lounge/121_2961/mix.wav,9.5974760055542,9.87280559539795,9.028478622436523,9.4048433303833
/data/public/EchoSet/test/Z6MFQCViBuw/0_5_lounge/61_3729/mix.wav,10.666072845458984,10.900351524353027,10.245497703552246,10.517448425292969
/data/public/EchoSet/test/Z6MFQCViBuw/0_5_lounge/1995_61/mix.wav,11.592281341552734,11.80705451965332,11.130426406860352,11.375605583190918
/data/public/EchoSet/test/Z6MFQCViBuw/0_5_lounge/1089_908/mix.wav,8.37302017211914,8.398384094238281,8.041622161865234,8.13888931274414
/data/public/EchoSet/test/Z6MFQCViBuw/0_5_lounge/4992_1580/mix.wav,12.362870216369629,12.342061042785645,11.579878807067871,11.615360260009766
/data/public/EchoSet/test/Z6MFQCViBuw/0_5_lounge/5683_4446/mix.wav,13.109173774719238,13.155892372131348,11.93159008026123,12.016609191894531
/data/public/EchoSet/test/Z6MFQCViBuw/0_5_lounge/2830_7176/mix.wav,6.12957763671875,6.240143299102783,1.6802647113800049,1.815179467201233
/data/public/EchoSet/test/Z6MFQCViBuw/0_5_lounge/1995_4970/mix.wav,10.028414726257324,10.215182304382324,9.468730926513672,9.736492156982422
/data/public/EchoSet/test/Z6MFQCViBuw/0_5_lounge/3575_7021/mix.wav,13.730813980102539,13.835151672363281,12.484622955322266,12.627420425415039
/data/public/EchoSet/test/Z6MFQCViBuw/0_5_lounge/1188_7127/mix.wav,9.617687225341797,9.762022972106934,8.653373718261719,8.840177536010742
/data/public/EchoSet/test/Z6MFQCViBuw/0_5_lounge/1089_8455/mix.wav,14.08564281463623,14.08279800415039,13.756270408630371,13.783076286315918
/data/public/EchoSet/test/Z6MFQCViBuw/0_5_lounge/672_3575/mix.wav,13.066597938537598,13.076789855957031,11.858892440795898,11.887404441833496
/data/public/EchoSet/test/Z6MFQCViBuw/0_5_lounge/3729_1580/mix.wav,7.231793403625488,7.603038787841797,6.776777267456055,7.266152381896973
/data/public/EchoSet/test/Z6MFQCViBuw/0_5_lounge/8455_1089/mix.wav,8.40954875946045,8.446487426757812,7.8150129318237305,7.90252685546875
/data/public/EchoSet/test/Z6MFQCViBuw/0_5_lounge/1284_121/mix.wav,8.828163146972656,8.91213321685791,7.905693054199219,8.082818984985352
/data/public/EchoSet/test/Z6MFQCViBuw/0_5_lounge/3729_1995/mix.wav,10.181986808776855,10.578368186950684,9.261110305786133,9.758997917175293
/data/public/EchoSet/test/Z6MFQCViBuw/0_5_lounge/237_4992/mix.wav,12.035205841064453,12.165496826171875,11.547754287719727,11.747896194458008
/data/public/EchoSet/test/Z6MFQCViBuw/0_5_lounge/3570_7729/mix.wav,8.23248291015625,9.039831161499023,7.548342704772949,8.448333740234375
/data/public/EchoSet/test/Z6MFQCViBuw/0_5_lounge/5683_7127/mix.wav,9.834952354431152,9.906381607055664,8.814826965332031,8.984228134155273
/data/public/EchoSet/test/Z6MFQCViBuw/0_5_lounge/4077_4507/mix.wav,11.623809814453125,12.091592788696289,10.984408378601074,11.529300689697266
/data/public/EchoSet/test/Z6MFQCViBuw/0_5_lounge/1188_7176/mix.wav,8.575502395629883,8.748473167419434,8.002979278564453,8.208046913146973
/data/public/EchoSet/test/Z6MFQCViBuw/0_5_lounge/908_3575/mix.wav,12.816201210021973,12.885696411132812,11.914918899536133,12.046085357666016
/data/public/EchoSet/test/Z6MFQCViBuw/0_5_lounge/5683_6930/mix.wav,10.804734230041504,10.538993835449219,9.106083869934082,9.019804954528809
/data/public/EchoSet/test/Z6MFQCViBuw/0_5_lounge/7729_3570/mix.wav,11.068948745727539,11.154974937438965,10.5783052444458,10.711125373840332
/data/public/EchoSet/test/Z6MFQCViBuw/0_5_lounge/8224_2961/mix.wav,13.615790367126465,13.615889549255371,13.108707427978516,13.18453598022461
/data/public/EchoSet/test/Z6MFQCViBuw/0_5_lounge/4507_6930/mix.wav,15.481948852539062,15.435378074645996,14.765631675720215,14.811792373657227
/data/public/EchoSet/test/Z6MFQCViBuw/0_5_lounge/8555_3729/mix.wav,11.33194637298584,11.79082202911377,10.736703872680664,11.274336814880371
/data/public/EchoSet/test/Z6MFQCViBuw/0_5_lounge/8555_2300/mix.wav,13.295175552368164,13.337989807128906,12.801504135131836,12.877049446105957
/data/public/EchoSet/test/Z6MFQCViBuw/0_5_lounge/8463_237/mix.wav,11.62972640991211,11.718090057373047,11.140597343444824,11.276028633117676
/data/public/EchoSet/test/Z6MFQCViBuw/0_5_lounge/672_3570/mix.wav,14.027658462524414,14.192562103271484,11.544775009155273,11.727307319641113
/data/public/EchoSet/test/Z6MFQCViBuw/0_5_lounge/8463_7729/mix.wav,10.838906288146973,10.875589370727539,10.292228698730469,10.366482734680176
/data/public/EchoSet/test/Z6MFQCViBuw/0_5_lounge/4507_2094/mix.wav,18.006927490234375,18.14765739440918,17.844999313354492,17.99851417541504
/data/public/EchoSet/test/Z6MFQCViBuw/0_5_lounge/260_1221/mix.wav,5.819405555725098,6.094095706939697,4.6613593101501465,4.984024524688721
/data/public/EchoSet/test/Z6MFQCViBuw/0_5_lounge/121_8230/mix.wav,13.170148849487305,13.12226390838623,12.755117416381836,12.741080284118652
/data/public/EchoSet/test/Z6MFQCViBuw/0_5_lounge/4077_672/mix.wav,9.340269088745117,9.500732421875,6.8248138427734375,7.037571430206299
/data/public/EchoSet/test/Z6MFQCViBuw/0_5_lounge/2094_5142/mix.wav,13.206819534301758,13.31595516204834,11.927288055419922,12.074542045593262
/data/public/EchoSet/test/Z6MFQCViBuw/0_5_lounge/4077_8224/mix.wav,8.00346565246582,8.028098106384277,5.056424617767334,5.1158905029296875
/data/public/EchoSet/test/Z6MFQCViBuw/0_5_lounge/7729_1284/mix.wav,11.849180221557617,11.949423789978027,11.371053695678711,11.512921333312988
/data/public/EchoSet/test/Z6MFQCViBuw/0_5_lounge/1188_2094/mix.wav,13.948368072509766,13.837852478027344,12.068880081176758,12.288752555847168
/data/public/EchoSet/test/Z6MFQCViBuw/0_5_lounge/260_237/mix.wav,10.462501525878906,10.618946075439453,9.770952224731445,10.02186107635498
/data/public/EchoSet/test/Z6MFQCViBuw/0_5_lounge/2830_237/mix.wav,10.509082794189453,10.623921394348145,9.45367431640625,9.621628761291504
/data/public/EchoSet/test/Z6MFQCViBuw/0_5_lounge/1320_1580/mix.wav,10.283086776733398,10.615781784057617,9.747198104858398,10.118514060974121
/data/public/EchoSet/test/Z6MFQCViBuw/0_5_lounge/3570_1188/mix.wav,11.956174850463867,12.082403182983398,11.587935447692871,11.742142677307129
/data/public/EchoSet/test/Z6MFQCViBuw/0_5_lounge/1221_4077/mix.wav,12.44212532043457,12.143365859985352,11.815652847290039,11.6329345703125
/data/public/EchoSet/test/Z6MFQCViBuw/0_5_lounge/1221_8230/mix.wav,13.444753646850586,13.434534072875977,12.653047561645508,12.668413162231445
/data/public/EchoSet/test/Z6MFQCViBuw/0_5_lounge/2300_8463/mix.wav,11.992389678955078,12.098376274108887,11.489664077758789,11.663259506225586
/data/public/EchoSet/test/Z6MFQCViBuw/0_5_lounge/4077_5639/mix.wav,13.408618927001953,13.437028884887695,12.686458587646484,12.73048210144043
/data/public/EchoSet/test/Z6MFQCViBuw/0_5_lounge/61_4507/mix.wav,12.669881820678711,12.737113952636719,12.260698318481445,12.418540000915527
/data/public/EchoSet/test/Z6MFQCViBuw/0_5_lounge/5105_6829/mix.wav,8.818621635437012,8.933308601379395,7.636843681335449,7.826519966125488
/data/public/EchoSet/test/Z6MFQCViBuw/0_5_lounge/908_7176/mix.wav,10.151222229003906,10.079632759094238,9.733959197998047,9.855337142944336
/data/public/EchoSet/test/Z6MFQCViBuw/0_5_lounge/2094_2300/mix.wav,13.579631805419922,14.030720710754395,12.999139785766602,13.499263763427734
/data/public/EchoSet/test/Z6MFQCViBuw/0_5_lounge/4446_8230/mix.wav,11.261963844299316,11.384765625,9.885248184204102,10.044981956481934
/data/public/EchoSet/test/Z6MFQCViBuw/0_5_lounge/8555_121/mix.wav,10.835275650024414,11.307535171508789,10.430063247680664,11.038379669189453
/data/public/EchoSet/test/Z6MFQCViBuw/0_5_lounge/1580_2094/mix.wav,10.144721984863281,10.187104225158691,7.091047286987305,7.160311698913574
/data/public/EchoSet/test/Z6MFQCViBuw/0_5_lounge/5639_7021/mix.wav,9.408976554870605,9.865291595458984,8.849898338317871,9.467424392700195
/data/public/EchoSet/test/Z6MFQCViBuw/0_5_lounge/8463_8455/mix.wav,12.349469184875488,12.285076141357422,11.737678527832031,11.69681167602539
/data/public/EchoSet/test/Z6MFQCViBuw/0_5_lounge/5639_1089/mix.wav,9.906845092773438,9.630501747131348,9.337106704711914,9.154693603515625
/data/public/EchoSet/test/Z6MFQCViBuw/0_5_lounge/3575_4446/mix.wav,10.754093170166016,10.808857917785645,9.829097747802734,10.058866500854492
/data/public/EchoSet/test/Z6MFQCViBuw/0_5_lounge/7729_8555/mix.wav,13.163372993469238,13.174760818481445,12.765071868896484,12.825024604797363
/data/public/EchoSet/test/Z6MFQCViBuw/0_5_lounge/4992_8224/mix.wav,11.603987693786621,11.607711791992188,10.980659484863281,11.023709297180176
/data/public/EchoSet/test/Z6MFQCViBuw/0_5_lounge/237_4970/mix.wav,10.650445938110352,10.89453125,10.232709884643555,10.543997764587402
/data/public/EchoSet/test/Z6MFQCViBuw/0_5_lounge/5142_2830/mix.wav,9.802118301391602,9.714957237243652,8.748712539672852,8.765918731689453
/data/public/EchoSet/test/Z6MFQCViBuw/0_5_lounge/3729_7021/mix.wav,16.57685089111328,16.659603118896484,16.290298461914062,16.405458450317383
/data/public/EchoSet/test/Z6MFQCViBuw/0_5_lounge/61_3570/mix.wav,14.796148300170898,14.985300064086914,13.413723945617676,13.628072738647461
/data/public/EchoSet/test/Z6MFQCViBuw/0_5_lounge/3575_908/mix.wav,9.565463066101074,9.366135597229004,8.772034645080566,8.653953552246094
/data/public/EchoSet/test/Z6MFQCViBuw/0_5_lounge/1580_908/mix.wav,12.745063781738281,13.027753829956055,12.260175704956055,12.566143035888672
/data/public/EchoSet/test/Z6MFQCViBuw/0_5_lounge/2830_5142/mix.wav,11.636693000793457,11.694825172424316,11.137590408325195,11.277864456176758
/data/public/EchoSet/test/Z6MFQCViBuw/0_5_lounge/8455_1188/mix.wav,9.532154083251953,9.55946159362793,9.059407234191895,9.145366668701172
/data/public/EchoSet/test/Z6MFQCViBuw/0_5_lounge/7176_4970/mix.wav,13.165566444396973,13.443419456481934,12.49624252319336,12.8435697555542
/data/public/EchoSet/test/Z6MFQCViBuw/0_5_lounge/1995_5683/mix.wav,11.734762191772461,12.05097770690918,11.352219581604004,11.743179321289062
/data/public/EchoSet/test/Z6MFQCViBuw/0_5_lounge/1089_6930/mix.wav,11.3551025390625,11.541943550109863,10.528624534606934,10.795902252197266
/data/public/EchoSet/test/Z6MFQCViBuw/0_5_lounge/7127_6829/mix.wav,8.826800346374512,8.813578605651855,8.082176208496094,8.187970161437988
/data/public/EchoSet/test/Z6MFQCViBuw/0_5_lounge/5639_8230/mix.wav,11.367124557495117,11.630898475646973,10.800880432128906,11.120393753051758
/data/public/EchoSet/test/Z6MFQCViBuw/0_5_lounge/2830_2300/mix.wav,11.604215621948242,11.651609420776367,10.977622985839844,11.061511993408203
/data/public/EchoSet/test/Z6MFQCViBuw/0_5_lounge/8455_7176/mix.wav,9.107630729675293,9.371903419494629,8.585287094116211,8.9041166305542
/data/public/EchoSet/test/Z6MFQCViBuw/0_5_lounge/6829_4970/mix.wav,12.349422454833984,12.523447036743164,11.993330001831055,12.198960304260254
/data/public/EchoSet/test/Z6MFQCViBuw/0_5_lounge/121_1284/mix.wav,9.534710884094238,9.538541793823242,8.842058181762695,9.020328521728516
/data/public/EchoSet/test/Z6MFQCViBuw/0_5_lounge/1320_5105/mix.wav,7.934308052062988,7.247049331665039,7.065375328063965,6.920443058013916
/data/public/EchoSet/test/Z6MFQCViBuw/0_5_lounge/672_2961/mix.wav,14.797870635986328,14.929971694946289,14.465067863464355,14.633407592773438
/data/public/EchoSet/test/Z6MFQCViBuw/0_5_lounge/1284_4992/mix.wav,12.008829116821289,11.958243370056152,11.58160400390625,11.58641529083252
/data/public/EchoSet/test/pLe4wQe7qrG/0_0_other_room/237_5142/mix.wav,13.163829803466797,13.342657089233398,12.43636703491211,12.653763771057129
/data/public/EchoSet/test/pLe4wQe7qrG/0_0_other_room/1995_4077/mix.wav,12.380777359008789,12.22091293334961,11.778045654296875,11.706880569458008
/data/public/EchoSet/test/pLe4wQe7qrG/0_0_other_room/2830_2961/mix.wav,11.81488037109375,11.897430419921875,11.113992691040039,11.24327564239502
/data/public/EchoSet/test/pLe4wQe7qrG/0_0_other_room/7127_2094/mix.wav,9.31221866607666,9.801095008850098,8.149602890014648,8.706393241882324
/data/public/EchoSet/test/pLe4wQe7qrG/0_0_other_room/1188_5105/mix.wav,10.074058532714844,10.030753135681152,8.996296882629395,8.981971740722656
/data/public/EchoSet/test/pLe4wQe7qrG/0_0_other_room/8555_4446/mix.wav,9.047746658325195,9.170415878295898,8.509732246398926,8.752455711364746
/data/public/EchoSet/test/pLe4wQe7qrG/0_0_other_room/8555_1188/mix.wav,13.943695068359375,13.964651107788086,13.291914939880371,13.344907760620117
/data/public/EchoSet/test/pLe4wQe7qrG/0_0_other_room/6930_2300/mix.wav,10.969789505004883,11.071919441223145,10.23558235168457,10.40435791015625
/data/public/EchoSet/test/pLe4wQe7qrG/0_0_other_room/6829_1188/mix.wav,11.193275451660156,11.224342346191406,10.58037281036377,10.682504653930664
/data/public/EchoSet/test/pLe4wQe7qrG/0_0_other_room/5142_61/mix.wav,10.350265502929688,10.526161193847656,8.617284774780273,8.837974548339844
/data/public/EchoSet/test/pLe4wQe7qrG/0_0_other_room/237_1221/mix.wav,8.339820861816406,8.499296188354492,7.801857948303223,8.008919715881348
/data/public/EchoSet/test/pLe4wQe7qrG/0_0_other_room/1284_7021/mix.wav,12.94423770904541,12.764701843261719,12.357841491699219,12.288957595825195
/data/public/EchoSet/test/pLe4wQe7qrG/0_0_other_room/3729_672/mix.wav,10.575340270996094,10.675089836120605,9.887185096740723,10.012689590454102
/data/public/EchoSet/test/pLe4wQe7qrG/0_0_other_room/1995_121/mix.wav,10.759172439575195,11.037113189697266,10.157549858093262,10.514223098754883
/data/public/EchoSet/test/pLe4wQe7qrG/0_0_other_room/1221_4446/mix.wav,7.457644462585449,7.648890018463135,6.229434967041016,6.473274230957031
/data/public/EchoSet/test/pLe4wQe7qrG/0_0_other_room/6930_1089/mix.wav,12.392549514770508,12.41252326965332,11.306716918945312,11.38883113861084
/data/public/EchoSet/test/pLe4wQe7qrG/0_0_other_room/2961_4992/mix.wav,13.386819839477539,13.428486824035645,12.909361839294434,12.98227596282959
/data/public/EchoSet/test/pLe4wQe7qrG/0_0_other_room/2094_6829/mix.wav,13.305997848510742,13.377218246459961,12.15878963470459,12.295437812805176
/data/public/EchoSet/test/pLe4wQe7qrG/0_0_other_room/61_237/mix.wav,9.38381576538086,9.76460075378418,8.27100658416748,8.720914840698242
/data/public/EchoSet/test/pLe4wQe7qrG/0_0_other_room/61_8224/mix.wav,13.710336685180664,13.847826957702637,12.565252304077148,12.724782943725586
/data/public/EchoSet/test/pLe4wQe7qrG/0_0_other_room/61_8463/mix.wav,14.087879180908203,14.112105369567871,13.353065490722656,13.450702667236328
/data/public/EchoSet/test/pLe4wQe7qrG/0_0_other_room/260_8463/mix.wav,10.569772720336914,10.883180618286133,10.144390106201172,10.506694793701172
/data/public/EchoSet/test/pLe4wQe7qrG/0_0_other_room/4077_5105/mix.wav,8.175829887390137,8.240096092224121,5.963595867156982,6.0632734298706055
/data/public/EchoSet/test/pLe4wQe7qrG/0_0_other_room/2830_1320/mix.wav,7.886441230773926,8.017411231994629,6.849302768707275,7.034899711608887
/data/public/EchoSet/test/pLe4wQe7qrG/0_0_other_room/1320_4970/mix.wav,12.363187789916992,12.773359298706055,12.027149200439453,12.516762733459473
/data/public/EchoSet/test/pLe4wQe7qrG/0_0_other_room/5105_2094/mix.wav,10.6526517868042,10.714845657348633,5.565730571746826,5.651636123657227
/data/public/EchoSet/test/pLe4wQe7qrG/0_0_other_room/4970_5142/mix.wav,11.777145385742188,11.8487548828125,11.010808944702148,11.134604454040527
/data/public/EchoSet/test/pLe4wQe7qrG/0_0_other_room/5105_7729/mix.wav,10.865528106689453,10.740903854370117,10.246232986450195,10.238542556762695
/data/public/EchoSet/test/pLe4wQe7qrG/0_0_other_room/5683_672/mix.wav,12.226014137268066,12.449996948242188,11.562173843383789,11.824071884155273
/data/public/EchoSet/test/pLe4wQe7qrG/0_0_other_room/4507_1320/mix.wav,14.698744773864746,14.794733047485352,14.5103759765625,14.64306926727295
/data/public/EchoSet/test/pLe4wQe7qrG/0_0_other_room/4446_1188/mix.wav,12.144100189208984,12.138279914855957,11.072416305541992,11.102326393127441
/data/public/EchoSet/test/pLe4wQe7qrG/0_0_other_room/8230_908/mix.wav,9.329690933227539,9.271346092224121,8.697562217712402,8.719108581542969
/data/public/EchoSet/test/pLe4wQe7qrG/0_0_other_room/8455_1089/mix.wav,13.604941368103027,13.587223052978516,13.116165161132812,13.134109497070312
/data/public/EchoSet/test/pLe4wQe7qrG/0_0_other_room/237_8463/mix.wav,16.14029312133789,16.242290496826172,15.760978698730469,15.876076698303223
/data/public/EchoSet/test/pLe4wQe7qrG/0_0_other_room/1089_8555/mix.wav,10.973201751708984,11.037382125854492,10.591914176940918,10.689664840698242
/data/public/EchoSet/test/pLe4wQe7qrG/0_0_other_room/6829_5683/mix.wav,12.207839965820312,12.376559257507324,11.815011978149414,12.017740249633789
/data/public/EchoSet/test/pLe4wQe7qrG/0_0_other_room/4077_5683/mix.wav,10.283924102783203,10.540741920471191,9.44790267944336,9.762447357177734
/data/public/EchoSet/test/pLe4wQe7qrG/0_0_other_room/1089_260/mix.wav,12.743534088134766,12.744278907775879,12.058270454406738,12.131823539733887
/data/public/EchoSet/test/pLe4wQe7qrG/0_0_other_room/5639_4446/mix.wav,12.735185623168945,12.869214057922363,12.445087432861328,12.610910415649414
/data/public/EchoSet/test/pLe4wQe7qrG/0_0_other_room/237_7729/mix.wav,13.456951141357422,13.596305847167969,13.031021118164062,13.194177627563477
/data/public/EchoSet/test/pLe4wQe7qrG/0_0_other_room/8455_3729/mix.wav,12.171537399291992,12.370871543884277,11.670450210571289,11.910151481628418
/data/public/EchoSet/test/pLe4wQe7qrG/0_0_other_room/8455_4077/mix.wav,8.37531566619873,8.80457592010498,7.579694747924805,8.077736854553223
/data/public/EchoSet/test/pLe4wQe7qrG/0_0_other_room/5639_260/mix.wav,7.763399600982666,7.79070520401001,7.3656439781188965,7.42916202545166
/data/public/EchoSet/test/pLe4wQe7qrG/0_0_other_room/3575_8455/mix.wav,6.065274238586426,6.480708599090576,2.9366466999053955,3.47659969329834
/data/public/EchoSet/test/pLe4wQe7qrG/0_0_other_room/4507_1580/mix.wav,12.687803268432617,12.774876594543457,12.365358352661133,12.505182266235352
/data/public/EchoSet/test/pLe4wQe7qrG/0_0_other_room/5639_1580/mix.wav,14.900352478027344,14.907379150390625,14.188193321228027,14.266870498657227
/data/public/EchoSet/test/pLe4wQe7qrG/0_0_other_room/1995_4970/mix.wav,16.157861709594727,16.12037467956543,15.564471244812012,15.573588371276855
/data/public/EchoSet/test/pLe4wQe7qrG/0_0_other_room/260_3575/mix.wav,10.55067253112793,10.920185089111328,9.6810884475708,10.118379592895508
/data/public/EchoSet/test/pLe4wQe7qrG/0_0_other_room/1995_2094/mix.wav,14.852088928222656,14.674934387207031,14.495229721069336,14.35256576538086
/data/public/EchoSet/test/pLe4wQe7qrG/0_0_other_room/4077_2830/mix.wav,10.741316795349121,11.159189224243164,10.26318359375,10.700008392333984
/data/public/EchoSet/test/pLe4wQe7qrG/0_0_other_room/5683_3570/mix.wav,10.571014404296875,10.711155891418457,9.318391799926758,9.495351791381836
/data/public/EchoSet/test/pLe4wQe7qrG/0_0_other_room/3570_260/mix.wav,10.17558479309082,10.268674850463867,9.515398979187012,9.69189453125
/data/public/EchoSet/test/pLe4wQe7qrG/0_0_other_room/5639_7176/mix.wav,10.839284896850586,10.93568229675293,10.471782684326172,10.623254776000977
/data/public/EchoSet/test/pLe4wQe7qrG/0_0_other_room/7021_8555/mix.wav,12.042131423950195,12.11509895324707,11.168611526489258,11.289737701416016
/data/public/EchoSet/test/pLe4wQe7qrG/0_0_other_room/61_7729/mix.wav,12.553499221801758,12.600050926208496,12.050731658935547,12.143258094787598
/data/public/EchoSet/test/pLe4wQe7qrG/0_0_other_room/5639_3570/mix.wav,12.982351303100586,13.025421142578125,12.55919075012207,12.628911018371582
/data/public/EchoSet/test/pLe4wQe7qrG/0_0_other_room/8455_4992/mix.wav,11.419319152832031,11.384593963623047,10.874395370483398,10.886043548583984
/data/public/EchoSet/test/pLe4wQe7qrG/0_0_other_room/7176_7021/mix.wav,6.220239639282227,6.103085041046143,4.910831451416016,4.934248924255371
/data/public/EchoSet/test/pLe4wQe7qrG/0_0_other_room/3729_3575/mix.wav,14.919062614440918,14.844029426574707,14.341577529907227,14.336456298828125
/data/public/EchoSet/test/pLe4wQe7qrG/0_0_other_room/908_8555/mix.wav,14.75987720489502,15.000188827514648,14.368812561035156,14.62645435333252
/data/public/EchoSet/test/pLe4wQe7qrG/0_0_other_room/8230_7021/mix.wav,9.835697174072266,10.048203468322754,9.236873626708984,9.509931564331055
/data/public/EchoSet/test/pLe4wQe7qrG/0_0_other_room/1320_6829/mix.wav,12.708492279052734,12.801277160644531,12.098602294921875,12.251141548156738
/data/public/EchoSet/test/pLe4wQe7qrG/0_0_other_room/7127_672/mix.wav,11.088289260864258,11.066523551940918,9.95328140258789,10.020462989807129
/data/public/EchoSet/test/pLe4wQe7qrG/0_0_other_room/5105_7176/mix.wav,9.675959587097168,9.70788288116455,9.40855598449707,9.504733085632324
/data/public/EchoSet/test/pLe4wQe7qrG/0_0_other_room/3575_2961/mix.wav,9.295780181884766,9.837514877319336,8.713499069213867,9.302067756652832
/data/public/EchoSet/test/pLe4wQe7qrG/0_0_other_room/6829_7021/mix.wav,13.222776412963867,13.199657440185547,12.415032386779785,12.43665885925293
/data/public/EchoSet/test/pLe4wQe7qrG/0_0_other_room/6930_7127/mix.wav,12.748122215270996,12.278709411621094,11.902868270874023,11.884777069091797
/data/public/EchoSet/test/pLe4wQe7qrG/0_0_other_room/1221_3729/mix.wav,10.564946174621582,11.039182662963867,10.211851119995117,10.708884239196777
/data/public/EchoSet/test/pLe4wQe7qrG/0_0_other_room/237_1320/mix.wav,12.822084426879883,12.939104080200195,12.24074935913086,12.418194770812988
/data/public/EchoSet/test/pLe4wQe7qrG/0_0_other_room/2961_8463/mix.wav,10.497903823852539,10.435928344726562,9.242002487182617,9.317015647888184
/data/public/EchoSet/test/pLe4wQe7qrG/0_0_other_room/4970_2961/mix.wav,13.784523963928223,14.020033836364746,13.53404426574707,13.78831958770752
/data/public/EchoSet/test/pLe4wQe7qrG/0_0_other_room/1221_2300/mix.wav,15.479804992675781,15.578298568725586,14.916519165039062,15.049223899841309
/data/public/EchoSet/test/pLe4wQe7qrG/0_0_other_room/4507_8463/mix.wav,11.908529281616211,12.019876480102539,11.106881141662598,11.280600547790527
/data/public/EchoSet/test/pLe4wQe7qrG/0_0_other_room/8224_8230/mix.wav,11.94898509979248,12.140741348266602,10.738494873046875,10.952690124511719
/data/public/EchoSet/test/pLe4wQe7qrG/0_0_other_room/1089_2961/mix.wav,9.854427337646484,9.970580101013184,9.342784881591797,9.526589393615723
/data/public/EchoSet/test/pLe4wQe7qrG/0_0_other_room/2094_5142/mix.wav,10.77833366394043,10.868560791015625,10.012866020202637,10.15436840057373
/data/public/EchoSet/test/pLe4wQe7qrG/0_0_other_room/3729_1284/mix.wav,13.668355941772461,13.718655586242676,13.203810691833496,13.29498291015625
/data/public/EchoSet/test/pLe4wQe7qrG/0_0_other_room/1284_6829/mix.wav,11.835763931274414,11.799947738647461,10.832208633422852,10.84686279296875
/data/public/EchoSet/test/pLe4wQe7qrG/0_0_other_room/7729_1284/mix.wav,9.114501953125,9.112863540649414,8.582261085510254,8.626928329467773
/data/public/EchoSet/test/pLe4wQe7qrG/0_0_other_room/61_7176/mix.wav,8.406868934631348,8.512068748474121,6.947373390197754,7.105277061462402
/data/public/EchoSet/test/pLe4wQe7qrG/0_0_other_room/260_3570/mix.wav,8.987717628479004,9.223287582397461,8.518691062927246,8.876213073730469
/data/public/EchoSet/test/pLe4wQe7qrG/0_0_other_room/4077_2300/mix.wav,8.184974670410156,8.25556468963623,6.924043655395508,7.059185981750488
/data/public/EchoSet/test/pLe4wQe7qrG/0_0_other_room/4446_908/mix.wav,13.027490615844727,13.02197265625,12.48138427734375,12.524324417114258
/data/public/EchoSet/test/pLe4wQe7qrG/0_0_other_room/2830_121/mix.wav,11.92487907409668,12.142735481262207,11.56718635559082,11.819472312927246
/data/public/EchoSet/test/pLe4wQe7qrG/0_0_other_room/1188_908/mix.wav,13.977033615112305,14.110811233520508,13.717679977416992,13.871978759765625
/data/public/EchoSet/test/pLe4wQe7qrG/0_0_other_room/6930_1995/mix.wav,15.984740257263184,16.065031051635742,15.41659164428711,15.550291061401367
/data/public/EchoSet/test/pLe4wQe7qrG/0_0_other_room/1995_3570/mix.wav,9.729713439941406,9.705850601196289,8.489587783813477,8.533727645874023
/data/public/EchoSet/test/pLe4wQe7qrG/0_0_other_room/4992_1284/mix.wav,9.070832252502441,9.147910118103027,7.323447227478027,7.425658702850342
/data/public/EchoSet/test/pLe4wQe7qrG/0_0_other_room/4077_8555/mix.wav,11.777616500854492,11.97359848022461,11.348777770996094,11.637106895446777
/data/public/EchoSet/test/pLe4wQe7qrG/0_0_other_room/121_4446/mix.wav,9.952960968017578,10.11331558227539,9.463024139404297,9.701906204223633
/data/public/EchoSet/test/pLe4wQe7qrG/0_0_other_room/4507_1284/mix.wav,11.33938980102539,11.415266990661621,10.571911811828613,10.708890914916992
/data/public/EchoSet/test/pLe4wQe7qrG/0_0_other_room/121_1188/mix.wav,10.344781875610352,10.30872631072998,9.214841842651367,9.266335487365723
/data/public/EchoSet/test/pLe4wQe7qrG/0_0_other_room/5683_4970/mix.wav,11.14821720123291,11.49105453491211,10.630159378051758,11.032220840454102
/data/public/EchoSet/test/pLe4wQe7qrG/0_0_other_room/2094_8455/mix.wav,9.161219596862793,9.090139389038086,8.056336402893066,8.097334861755371
/data/public/EchoSet/test/pLe4wQe7qrG/0_0_other_room/7176_2300/mix.wav,9.903385162353516,9.917611122131348,9.505058288574219,9.551718711853027
/data/public/EchoSet/test/pLe4wQe7qrG/0_0_other_room/3570_6930/mix.wav,18.341697692871094,18.410316467285156,16.775001525878906,16.904218673706055
/data/public/EchoSet/test/pLe4wQe7qrG/0_0_other_room/260_1188/mix.wav,11.965337753295898,12.096094131469727,10.942778587341309,11.139238357543945
/data/public/EchoSet/test/pLe4wQe7qrG/0_0_other_room/1320_672/mix.wav,12.427486419677734,12.451510429382324,10.895524978637695,11.022494316101074
/data/public/EchoSet/test/pLe4wQe7qrG/0_0_other_room/4992_4970/mix.wav,14.198861122131348,14.303640365600586,13.45115852355957,13.603883743286133
/data/public/EchoSet/test/pLe4wQe7qrG/0_0_other_room/1580_1089/mix.wav,11.42270278930664,11.432198524475098,10.308222770690918,10.384004592895508
/data/public/EchoSet/test/pLe4wQe7qrG/0_0_other_room/908_8224/mix.wav,7.423255920410156,7.122284412384033,6.170228004455566,6.064253330230713
/data/public/EchoSet/test/pLe4wQe7qrG/0_0_other_room/7176_672/mix.wav,11.412115097045898,11.456297874450684,10.843267440795898,10.944014549255371
/data/public/EchoSet/test/pLe4wQe7qrG/0_0_other_room/8230_2300/mix.wav,9.103375434875488,9.394329071044922,8.759344100952148,9.120792388916016
/data/public/EchoSet/test/pLe4wQe7qrG/0_0_other_room/5142_1580/mix.wav,11.054184913635254,11.215973854064941,10.376075744628906,10.587102890014648
/data/public/EchoSet/test/pLe4wQe7qrG/0_0_other_room/8224_7021/mix.wav,10.955114364624023,10.897565841674805,10.41077995300293,10.401632308959961
/data/public/EchoSet/test/pLe4wQe7qrG/0_0_other_room/2830_4077/mix.wav,8.25377368927002,8.286665916442871,7.267836570739746,7.38013219833374
/data/public/EchoSet/test/pLe4wQe7qrG/0_0_other_room/5683_8230/mix.wav,12.303903579711914,12.763965606689453,11.499195098876953,11.978639602661133
/data/public/EchoSet/test/pLe4wQe7qrG/0_0_other_room/3575_6930/mix.wav,12.60059928894043,12.798614501953125,11.878076553344727,12.1193208694458
/data/public/EchoSet/test/pLe4wQe7qrG/0_0_other_room/7127_1995/mix.wav,11.45589828491211,11.46047592163086,10.81281852722168,10.992704391479492
/data/public/EchoSet/test/pLe4wQe7qrG/0_0_other_room/6930_121/mix.wav,11.306734085083008,11.5277681350708,10.853248596191406,11.10478687286377
/data/public/EchoSet/test/pLe4wQe7qrG/0_0_other_room/5105_4507/mix.wav,16.195053100585938,16.24648094177246,15.945167541503906,16.02251625061035
/data/public/EchoSet/test/pLe4wQe7qrG/0_0_other_room/4507_5142/mix.wav,11.979254722595215,12.069534301757812,10.592469215393066,10.764887809753418
/data/public/EchoSet/test/pLe4wQe7qrG/0_0_other_room/7176_7729/mix.wav,9.961288452148438,10.233765602111816,9.595458984375,9.952682495117188
/data/public/EchoSet/test/pLe4wQe7qrG/0_0_other_room/8555_7729/mix.wav,8.621618270874023,9.120306968688965,7.892260551452637,8.481545448303223
/data/public/EchoSet/test/pLe4wQe7qrG/0_0_other_room/5105_672/mix.wav,13.035030364990234,13.070244789123535,11.06131649017334,11.117949485778809
/data/public/EchoSet/test/pLe4wQe7qrG/0_0_other_room/7127_1580/mix.wav,12.263218879699707,12.293331146240234,11.752416610717773,11.827573776245117
/data/public/EchoSet/test/pLe4wQe7qrG/0_0_other_room/2830_1221/mix.wav,5.1151299476623535,5.141539573669434,3.122932195663452,3.326272487640381
/data/public/EchoSet/test/pLe4wQe7qrG/0_0_other_room/5683_5142/mix.wav,11.366937637329102,11.639833450317383,10.752968788146973,11.100220680236816
/data/public/EchoSet/test/pLe4wQe7qrG/0_0_other_room/8230_121/mix.wav,10.653621673583984,10.667314529418945,10.187969207763672,10.271291732788086
/data/public/EchoSet/test/pLe4wQe7qrG/0_0_other_room/3575_1320/mix.wav,12.992633819580078,13.174240112304688,12.374338150024414,12.614510536193848
/data/public/EchoSet/test/pLe4wQe7qrG/0_0_other_room/8224_908/mix.wav,7.133183479309082,7.674590110778809,3.548417568206787,4.173099517822266
/data/public/EchoSet/test/pLe4wQe7qrG/0_0_other_room/6829_1284/mix.wav,10.477672576904297,10.57816219329834,9.650245666503906,9.811806678771973
/data/public/EchoSet/test/pLe4wQe7qrG/0_0_other_room/7127_3570/mix.wav,13.644737243652344,13.699621200561523,9.57908821105957,10.103816986083984
/data/public/EchoSet/test/pLe4wQe7qrG/0_0_other_room/5683_3729/mix.wav,9.801607131958008,10.254684448242188,8.607857704162598,9.096785545349121
/data/public/EchoSet/test/pLe4wQe7qrG/0_0_other_room/6930_2961/mix.wav,8.585712432861328,8.792024612426758,8.103480339050293,8.37950325012207
/data/public/EchoSet/test/pLe4wQe7qrG/0_0_other_room/5639_908/mix.wav,7.374164581298828,7.139796257019043,7.010576248168945,6.864809036254883
/data/public/EchoSet/test/pLe4wQe7qrG/0_0_other_room/8455_1580/mix.wav,11.378706932067871,11.587457656860352,10.639941215515137,10.911972045898438
/data/public/EchoSet/test/pLe4wQe7qrG/0_0_other_room/8463_672/mix.wav,10.375019073486328,10.327362060546875,9.801222801208496,9.793272018432617
/data/public/EchoSet/test/pLe4wQe7qrG/0_0_other_room/8463_8224/mix.wav,12.253212928771973,12.492276191711426,11.737258911132812,12.155401229858398
/data/public/EchoSet/test/pLe4wQe7qrG/0_0_other_room/2300_5639/mix.wav,11.13718318939209,11.252013206481934,10.611774444580078,10.782395362854004
/data/public/EchoSet/test/pLe4wQe7qrG/0_0_other_room/4970_6829/mix.wav,12.057055473327637,12.027690887451172,11.550750732421875,11.556963920593262
/data/public/EchoSet/test/pLe4wQe7qrG/0_0_other_room/2961_8224/mix.wav,12.214276313781738,12.31600570678711,11.54947566986084,11.757185935974121
/data/public/EchoSet/test/pLe4wQe7qrG/0_0_other_room/8455_7127/mix.wav,8.742975234985352,9.156651496887207,7.693066596984863,8.162375450134277
/data/public/EchoSet/test/pLe4wQe7qrG/0_0_other_room/3575_1580/mix.wav,12.640857696533203,12.955130577087402,12.222314834594727,12.57226276397705
/data/public/EchoSet/test/pLe4wQe7qrG/0_0_other_room/3729_237/mix.wav,11.468147277832031,11.882730484008789,10.924674987792969,11.400796890258789
/data/public/EchoSet/test/pLe4wQe7qrG/0_0_other_room/4992_1089/mix.wav,10.79958724975586,10.818582534790039,10.351703643798828,10.423867225646973
/data/public/EchoSet/test/pLe4wQe7qrG/0_0_other_room/1580_4970/mix.wav,11.517557144165039,11.617403030395508,10.82691764831543,10.977887153625488
/data/public/EchoSet/test/pLe4wQe7qrG/0_0_other_room/3729_2300/mix.wav,13.76343822479248,13.836224555969238,12.91989803314209,13.038736343383789
/data/public/EchoSet/test/pLe4wQe7qrG/0_0_other_room/4446_1221/mix.wav,12.9431791305542,12.945684432983398,12.30886173248291,12.346386909484863
/data/public/EchoSet/test/pLe4wQe7qrG/0_0_other_room/61_4992/mix.wav,10.913692474365234,10.94854736328125,10.454922676086426,10.555908203125
/data/public/EchoSet/test/pLe4wQe7qrG/0_0_other_room/4992_7021/mix.wav,12.000858306884766,12.155784606933594,11.273452758789062,11.4710054397583
/data/public/EchoSet/test/pLe4wQe7qrG/0_0_other_room/3575_121/mix.wav,8.38802719116211,8.851502418518066,7.7261199951171875,8.239561080932617
/data/public/EchoSet/test/pLe4wQe7qrG/0_0_other_room/121_5105/mix.wav,12.272188186645508,12.270600318908691,11.869443893432617,11.949409484863281
/data/public/EchoSet/test/pLe4wQe7qrG/0_0_other_room/908_7729/mix.wav,12.52407455444336,12.500641822814941,12.038264274597168,12.04857063293457
/data/public/EchoSet/test/pLe4wQe7qrG/0_0_other_room/1284_2830/mix.wav,8.890253067016602,9.008216857910156,7.083807468414307,7.25318717956543
/data/public/EchoSet/test/pLe4wQe7qrG/0_0_other_room/4992_61/mix.wav,11.122231483459473,11.300442695617676,10.613018035888672,10.837043762207031
/data/public/EchoSet/test/pLe4wQe7qrG/0_0_other_room/7729_8230/mix.wav,10.257619857788086,10.200413703918457,9.689292907714844,9.663108825683594
/data/public/EchoSet/test/pLe4wQe7qrG/0_0_other_room/2830_1089/mix.wav,11.042954444885254,11.188545227050781,10.480948448181152,10.843493461608887
/data/public/EchoSet/test/pLe4wQe7qrG/0_1_other_room/4970_5105/mix.wav,13.503507614135742,13.615240097045898,12.83469009399414,13.047069549560547
/data/public/EchoSet/test/pLe4wQe7qrG/0_1_other_room/5683_4970/mix.wav,10.17555046081543,10.41751480102539,8.904083251953125,9.235498428344727
/data/public/EchoSet/test/pLe4wQe7qrG/0_1_other_room/1995_1188/mix.wav,14.175000190734863,14.243213653564453,13.469804763793945,13.582682609558105
/data/public/EchoSet/test/pLe4wQe7qrG/0_1_other_room/2094_1089/mix.wav,13.464510917663574,13.424884796142578,11.183565139770508,11.194911003112793
/data/public/EchoSet/test/pLe4wQe7qrG/0_1_other_room/8555_4077/mix.wav,13.331554412841797,13.392861366271973,12.652620315551758,12.743287086486816
/data/public/EchoSet/test/pLe4wQe7qrG/0_1_other_room/2830_1284/mix.wav,8.91698169708252,9.069725036621094,7.0286478996276855,7.282993316650391
/data/public/EchoSet/test/pLe4wQe7qrG/0_1_other_room/1995_6829/mix.wav,11.089424133300781,11.007145881652832,10.279169082641602,10.271689414978027
/data/public/EchoSet/test/pLe4wQe7qrG/0_1_other_room/1580_8455/mix.wav,13.619880676269531,13.75680923461914,13.13025951385498,13.302528381347656
/data/public/EchoSet/test/pLe4wQe7qrG/0_1_other_room/4970_672/mix.wav,13.316995620727539,13.381633758544922,12.681020736694336,12.804424285888672
/data/public/EchoSet/test/pLe4wQe7qrG/0_1_other_room/260_6930/mix.wav,14.516241073608398,14.399189949035645,13.486883163452148,13.518705368041992
/data/public/EchoSet/test/pLe4wQe7qrG/0_1_other_room/2300_3575/mix.wav,11.314037322998047,11.29268741607666,9.145631790161133,9.187468528747559
/data/public/EchoSet/test/pLe4wQe7qrG/0_1_other_room/6930_1580/mix.wav,14.700942039489746,14.98984432220459,14.278787612915039,14.588411331176758
/data/public/EchoSet/test/pLe4wQe7qrG/0_1_other_room/5639_7729/mix.wav,9.078365325927734,9.70792007446289,8.858779907226562,9.516733169555664
/data/public/EchoSet/test/pLe4wQe7qrG/0_1_other_room/4507_7729/mix.wav,9.490249633789062,9.469088554382324,8.451688766479492,8.572040557861328
/data/public/EchoSet/test/pLe4wQe7qrG/0_1_other_room/4992_260/mix.wav,10.040416717529297,10.31521224975586,9.365567207336426,9.763041496276855
/data/public/EchoSet/test/pLe4wQe7qrG/0_1_other_room/8224_5639/mix.wav,9.710323333740234,9.560895919799805,9.226445198059082,9.149980545043945
/data/public/EchoSet/test/pLe4wQe7qrG/0_1_other_room/908_8555/mix.wav,12.335029602050781,12.498778343200684,12.075973510742188,12.269145011901855
/data/public/EchoSet/test/pLe4wQe7qrG/0_1_other_room/1995_3570/mix.wav,6.488116264343262,7.288303375244141,5.555637836456299,6.402588844299316
/data/public/EchoSet/test/pLe4wQe7qrG/0_1_other_room/7127_4992/mix.wav,11.141651153564453,11.130959510803223,10.586956024169922,10.630790710449219
/data/public/EchoSet/test/pLe4wQe7qrG/0_1_other_room/5683_8463/mix.wav,7.668338775634766,7.836399555206299,7.089718341827393,7.415647506713867
/data/public/EchoSet/test/pLe4wQe7qrG/0_1_other_room/4446_2094/mix.wav,10.475517272949219,10.576363563537598,9.329315185546875,9.471999168395996
/data/public/EchoSet/test/pLe4wQe7qrG/0_1_other_room/121_7176/mix.wav,10.309814453125,10.270818710327148,9.593957901000977,9.637507438659668
/data/public/EchoSet/test/pLe4wQe7qrG/0_1_other_room/1221_8555/mix.wav,10.784172058105469,10.80106258392334,10.021949768066406,10.168137550354004
/data/public/EchoSet/test/pLe4wQe7qrG/0_1_other_room/121_908/mix.wav,10.290128707885742,10.213775634765625,9.965508460998535,9.963759422302246
/data/public/EchoSet/test/pLe4wQe7qrG/0_1_other_room/3570_6829/mix.wav,10.453130722045898,10.517271995544434,9.719482421875,9.81960391998291
/data/public/EchoSet/test/pLe4wQe7qrG/0_1_other_room/260_1188/mix.wav,10.357006072998047,10.420760154724121,9.48605728149414,9.634139060974121
/data/public/EchoSet/test/pLe4wQe7qrG/0_1_other_room/3570_1580/mix.wav,14.609622955322266,14.74860954284668,13.9774808883667,14.156960487365723
/data/public/EchoSet/test/pLe4wQe7qrG/0_1_other_room/8230_8224/mix.wav,11.634839057922363,11.625734329223633,11.187385559082031,11.241174697875977
/data/public/EchoSet/test/pLe4wQe7qrG/0_1_other_room/7176_7021/mix.wav,7.337399005889893,7.52560567855835,6.581216812133789,6.855676651000977
/data/public/EchoSet/test/pLe4wQe7qrG/0_1_other_room/1320_3570/mix.wav,14.319921493530273,14.418777465820312,13.886444091796875,14.006963729858398
/data/public/EchoSet/test/pLe4wQe7qrG/0_1_other_room/61_5683/mix.wav,11.396081924438477,11.468116760253906,10.3346586227417,10.473609924316406
/data/public/EchoSet/test/pLe4wQe7qrG/0_1_other_room/7729_237/mix.wav,12.976452827453613,13.111896514892578,12.620702743530273,12.784452438354492
/data/public/EchoSet/test/pLe4wQe7qrG/0_1_other_room/8455_4992/mix.wav,9.822787284851074,10.240246772766113,9.263781547546387,9.758193969726562
/data/public/EchoSet/test/pLe4wQe7qrG/0_1_other_room/4446_3575/mix.wav,11.698633193969727,11.660667419433594,10.479150772094727,10.47974967956543
/data/public/EchoSet/test/pLe4wQe7qrG/0_1_other_room/260_7176/mix.wav,11.245980262756348,11.24403190612793,10.985038757324219,11.018758773803711
/data/public/EchoSet/test/pLe4wQe7qrG/0_1_other_room/5105_1995/mix.wav,9.829704284667969,10.490870475769043,9.32143783569336,10.06918716430664
/data/public/EchoSet/test/pLe4wQe7qrG/0_1_other_room/3729_4970/mix.wav,11.263202667236328,11.21286392211914,10.840868949890137,10.910749435424805
/data/public/EchoSet/test/pLe4wQe7qrG/0_1_other_room/5142_7127/mix.wav,9.119865417480469,9.190768241882324,8.486492156982422,8.662796974182129
/data/public/EchoSet/test/pLe4wQe7qrG/0_1_other_room/6930_672/mix.wav,4.800413608551025,5.224803924560547,1.3407540321350098,1.8021299839019775
/data/public/EchoSet/test/pLe4wQe7qrG/0_1_other_room/1221_8230/mix.wav,12.808463096618652,12.7786283493042,12.043319702148438,12.048216819763184
/data/public/EchoSet/test/pLe4wQe7qrG/0_1_other_room/1089_908/mix.wav,12.262733459472656,12.144489288330078,11.878748893737793,11.809082984924316
/data/public/EchoSet/test/pLe4wQe7qrG/0_1_other_room/672_2094/mix.wav,8.932962417602539,9.061589241027832,7.033352851867676,7.243551254272461
/data/public/EchoSet/test/pLe4wQe7qrG/0_1_other_room/8224_908/mix.wav,10.320501327514648,10.306584358215332,9.536186218261719,9.58800220489502
/data/public/EchoSet/test/pLe4wQe7qrG/0_1_other_room/7729_5142/mix.wav,10.498106002807617,10.532687187194824,9.908674240112305,10.09444808959961
/data/public/EchoSet/test/pLe4wQe7qrG/0_1_other_room/5105_2961/mix.wav,11.456132888793945,11.778932571411133,11.105895042419434,11.480478286743164
/data/public/EchoSet/test/pLe4wQe7qrG/0_1_other_room/61_1995/mix.wav,9.731489181518555,9.931669235229492,9.176033973693848,9.526361465454102
/data/public/EchoSet/test/pLe4wQe7qrG/0_1_other_room/8224_1284/mix.wav,11.454047203063965,11.41872787475586,10.541080474853516,10.570091247558594
/data/public/EchoSet/test/pLe4wQe7qrG/0_1_other_room/2300_5639/mix.wav,5.40185546875,5.923667907714844,4.728039741516113,5.323947906494141
/data/public/EchoSet/test/pLe4wQe7qrG/0_1_other_room/908_8463/mix.wav,11.29606819152832,11.347362518310547,10.760858535766602,10.862980842590332
/data/public/EchoSet/test/pLe4wQe7qrG/0_1_other_room/1284_2961/mix.wav,9.275924682617188,9.528972625732422,8.639470100402832,8.977375984191895
/data/public/EchoSet/test/pLe4wQe7qrG/0_1_other_room/1089_6829/mix.wav,11.464164733886719,11.687976837158203,10.498300552368164,10.780876159667969
/data/public/EchoSet/test/pLe4wQe7qrG/0_1_other_room/8230_61/mix.wav,10.185750961303711,10.348139762878418,8.880998611450195,9.090604782104492
/data/public/EchoSet/test/pLe4wQe7qrG/0_1_other_room/8463_7021/mix.wav,12.007041931152344,12.037995338439941,11.461678504943848,11.598069190979004
/data/public/EchoSet/test/pLe4wQe7qrG/0_1_other_room/5142_5105/mix.wav,10.318750381469727,10.946730613708496,10.090044021606445,10.765327453613281
/data/public/EchoSet/test/pLe4wQe7qrG/0_1_other_room/4507_1089/mix.wav,9.356143951416016,9.351698875427246,8.885954856872559,8.980305671691895
/data/public/EchoSet/test/pLe4wQe7qrG/0_1_other_room/2961_3729/mix.wav,11.10202407836914,11.144279479980469,10.37171745300293,10.506668090820312
/data/public/EchoSet/test/pLe4wQe7qrG/0_1_other_room/2300_5142/mix.wav,11.727348327636719,12.150042533874512,11.459625244140625,11.92760181427002
/data/public/EchoSet/test/pLe4wQe7qrG/0_1_other_room/1580_121/mix.wav,9.457707405090332,9.465167999267578,8.96397590637207,9.025206565856934
/data/public/EchoSet/test/pLe4wQe7qrG/0_1_other_room/4507_8555/mix.wav,9.979955673217773,10.085153579711914,9.026318550109863,9.268791198730469
/data/public/EchoSet/test/pLe4wQe7qrG/0_1_other_room/8463_4077/mix.wav,7.827313423156738,7.6757612228393555,6.19559383392334,6.231141090393066
/data/public/EchoSet/test/pLe4wQe7qrG/0_1_other_room/6930_2961/mix.wav,9.973356246948242,10.035232543945312,8.3025541305542,8.397163391113281
/data/public/EchoSet/test/pLe4wQe7qrG/0_1_other_room/7729_8455/mix.wav,13.055659294128418,13.145791053771973,12.74441146850586,12.863208770751953
/data/public/EchoSet/test/pLe4wQe7qrG/0_1_other_room/2300_8230/mix.wav,0.7992900609970093,0.9272689819335938,0.11687198281288147,0.30726686120033264
/data/public/EchoSet/test/pLe4wQe7qrG/0_1_other_room/4992_1221/mix.wav,11.945807456970215,12.253030776977539,11.58580207824707,11.928154945373535
/data/public/EchoSet/test/pLe4wQe7qrG/0_1_other_room/121_4992/mix.wav,5.659802436828613,5.839005470275879,3.8095786571502686,4.107030391693115
/data/public/EchoSet/test/pLe4wQe7qrG/0_1_other_room/7176_1284/mix.wav,9.219285011291504,9.101950645446777,8.718180656433105,8.681997299194336
/data/public/EchoSet/test/pLe4wQe7qrG/0_1_other_room/2830_4077/mix.wav,6.5426926612854,5.515473365783691,4.730969429016113,4.051059246063232
/data/public/EchoSet/test/pLe4wQe7qrG/0_1_other_room/2094_8463/mix.wav,14.52356243133545,14.643630981445312,14.164548873901367,14.313491821289062
/data/public/EchoSet/test/pLe4wQe7qrG/0_1_other_room/6829_672/mix.wav,13.442392349243164,13.428279876708984,12.809825897216797,12.814109802246094
/data/public/EchoSet/test/pLe4wQe7qrG/0_1_other_room/237_908/mix.wav,10.034296035766602,9.937788009643555,9.275096893310547,9.274774551391602
/data/public/EchoSet/test/pLe4wQe7qrG/0_1_other_room/5639_8230/mix.wav,11.313864707946777,11.299185752868652,10.62529182434082,10.706414222717285
/data/public/EchoSet/test/pLe4wQe7qrG/0_1_other_room/7021_4446/mix.wav,12.507048606872559,12.731931686401367,12.196762084960938,12.457274436950684
/data/public/EchoSet/test/pLe4wQe7qrG/0_1_other_room/7021_1188/mix.wav,8.101418495178223,8.189899444580078,7.471787452697754,7.717841148376465
/data/public/EchoSet/test/pLe4wQe7qrG/0_1_other_room/8455_7176/mix.wav,12.739744186401367,12.83654499053955,12.461698532104492,12.58578109741211
/data/public/EchoSet/test/pLe4wQe7qrG/0_1_other_room/3729_237/mix.wav,10.200282096862793,10.172708511352539,9.44039249420166,9.545044898986816
/data/public/EchoSet/test/pLe4wQe7qrG/0_1_other_room/5683_5142/mix.wav,7.244307041168213,7.112382888793945,5.636776924133301,5.744012832641602
/data/public/EchoSet/test/pLe4wQe7qrG/0_1_other_room/8555_7127/mix.wav,10.584604263305664,10.991495132446289,10.289102554321289,10.720904350280762
/data/public/EchoSet/test/pLe4wQe7qrG/0_1_other_room/8224_1188/mix.wav,8.333412170410156,8.5191650390625,6.0969696044921875,6.3453521728515625
/data/public/EchoSet/test/pLe4wQe7qrG/0_1_other_room/8224_4446/mix.wav,10.278151512145996,10.645696640014648,9.495728492736816,10.03615951538086
/data/public/EchoSet/test/pLe4wQe7qrG/0_1_other_room/8463_237/mix.wav,11.972249031066895,11.98470401763916,11.515908241271973,11.590127944946289
/data/public/EchoSet/test/pLe4wQe7qrG/0_1_other_room/1580_4446/mix.wav,12.152077674865723,12.320942878723145,11.770890235900879,11.996654510498047
/data/public/EchoSet/test/pLe4wQe7qrG/0_1_other_room/121_2300/mix.wav,12.968929290771484,12.875252723693848,12.460206985473633,12.469024658203125
/data/public/EchoSet/test/pLe4wQe7qrG/0_1_other_room/5105_3729/mix.wav,13.573240280151367,13.858999252319336,13.393999099731445,13.693857192993164
/data/public/EchoSet/test/pLe4wQe7qrG/0_1_other_room/5105_4077/mix.wav,8.937511444091797,9.230192184448242,8.031234741210938,8.38541316986084
/data/public/EchoSet/test/pLe4wQe7qrG/0_1_other_room/2830_4507/mix.wav,13.316339492797852,13.209030151367188,12.967217445373535,13.101607322692871
/data/public/EchoSet/test/pLe4wQe7qrG/0_1_other_room/1221_7176/mix.wav,9.982368469238281,10.283337593078613,9.414955139160156,9.81430721282959
/data/public/EchoSet/test/pLe4wQe7qrG/0_1_other_room/672_6829/mix.wav,8.735519409179688,8.78445053100586,7.062467098236084,7.17816162109375
/data/public/EchoSet/test/pLe4wQe7qrG/0_1_other_room/5142_5639/mix.wav,12.713717460632324,12.749533653259277,11.63046932220459,11.699081420898438
/data/public/EchoSet/test/pLe4wQe7qrG/0_1_other_room/5639_61/mix.wav,13.894601821899414,13.998658180236816,13.537923812866211,13.657711029052734
/data/public/EchoSet/test/pLe4wQe7qrG/0_1_other_room/4077_7127/mix.wav,7.954151153564453,8.04426097869873,6.855552673339844,7.005767822265625
/data/public/EchoSet/test/pLe4wQe7qrG/0_1_other_room/5639_4507/mix.wav,12.877763748168945,12.983967781066895,12.578069686889648,12.723689079284668
/data/public/EchoSet/test/pLe4wQe7qrG/0_1_other_room/260_7021/mix.wav,10.149578094482422,10.199350357055664,9.495697975158691,9.556794166564941
/data/public/EchoSet/test/pLe4wQe7qrG/0_1_other_room/1320_1089/mix.wav,10.122112274169922,10.528152465820312,9.741809844970703,10.188701629638672
/data/public/EchoSet/test/pLe4wQe7qrG/0_1_other_room/4077_1580/mix.wav,12.221183776855469,12.27437973022461,11.826095581054688,11.928178787231445
/data/public/EchoSet/test/pLe4wQe7qrG/0_1_other_room/1320_7021/mix.wav,10.594049453735352,10.733447074890137,10.207941055297852,10.387557029724121
/data/public/EchoSet/test/pLe4wQe7qrG/0_1_other_room/2830_237/mix.wav,9.273765563964844,9.489801406860352,8.782819747924805,9.047311782836914
/data/public/EchoSet/test/pLe4wQe7qrG/0_1_other_room/6930_1221/mix.wav,10.215158462524414,10.306394577026367,9.353795051574707,9.502459526062012
/data/public/EchoSet/test/pLe4wQe7qrG/0_1_other_room/4077_6829/mix.wav,11.07696533203125,11.316816329956055,10.294581413269043,10.565773963928223
/data/public/EchoSet/test/pLe4wQe7qrG/0_1_other_room/1320_8455/mix.wav,11.894679069519043,11.940093040466309,11.422096252441406,11.540943145751953
/data/public/EchoSet/test/pLe4wQe7qrG/0_1_other_room/4992_5683/mix.wav,8.322794914245605,8.742989540100098,7.469039440155029,7.982375621795654
/data/public/EchoSet/test/pLe4wQe7qrG/0_1_other_room/7729_121/mix.wav,13.60435676574707,13.664753913879395,13.005219459533691,13.107321739196777
/data/public/EchoSet/test/pLe4wQe7qrG/0_1_other_room/4507_5683/mix.wav,12.265935897827148,12.638667106628418,12.039409637451172,12.426630973815918
/data/public/EchoSet/test/pLe4wQe7qrG/0_1_other_room/2094_6930/mix.wav,9.614044189453125,9.972365379333496,8.075539588928223,8.485278129577637
/data/public/EchoSet/test/pLe4wQe7qrG/0_1_other_room/8455_3575/mix.wav,13.04102897644043,13.085391998291016,12.32341194152832,12.399813652038574
/data/public/EchoSet/test/pLe4wQe7qrG/0_1_other_room/5142_8555/mix.wav,10.782922744750977,11.126038551330566,10.343610763549805,10.736888885498047
/data/public/EchoSet/test/pLe4wQe7qrG/0_1_other_room/672_1320/mix.wav,5.896714687347412,5.959686279296875,4.584921360015869,4.74399995803833
/data/public/EchoSet/test/pLe4wQe7qrG/0_1_other_room/3570_672/mix.wav,12.512447357177734,12.549851417541504,11.087291717529297,11.142013549804688
/data/public/EchoSet/test/pLe4wQe7qrG/0_1_other_room/4446_4992/mix.wav,9.962238311767578,10.13044261932373,9.375598907470703,9.583746910095215
/data/public/EchoSet/test/pLe4wQe7qrG/0_1_other_room/260_61/mix.wav,8.388235092163086,8.513907432556152,7.654536247253418,7.823594093322754
/data/public/EchoSet/test/pLe4wQe7qrG/0_1_other_room/1221_6930/mix.wav,8.799320220947266,9.070613861083984,6.990260601043701,7.298444747924805
/data/public/EchoSet/test/pLe4wQe7qrG/0_1_other_room/8555_4446/mix.wav,9.926717758178711,10.564998626708984,9.374699592590332,10.047829627990723
/data/public/EchoSet/test/pLe4wQe7qrG/0_1_other_room/121_8224/mix.wav,9.544699668884277,9.874964714050293,8.944486618041992,9.389848709106445
/data/public/EchoSet/test/pLe4wQe7qrG/0_1_other_room/8455_4970/mix.wav,11.476656913757324,11.686750411987305,10.909198760986328,11.187065124511719
/data/public/EchoSet/test/pLe4wQe7qrG/0_1_other_room/4507_3570/mix.wav,12.754870414733887,12.696895599365234,11.91314697265625,12.01565170288086
/data/public/EchoSet/test/pLe4wQe7qrG/0_1_other_room/2961_1188/mix.wav,11.857742309570312,12.157721519470215,11.638700485229492,11.980720520019531
/data/public/EchoSet/test/pLe4wQe7qrG/0_1_other_room/260_8463/mix.wav,12.793558120727539,12.646717071533203,12.014877319335938,12.008905410766602
/data/public/EchoSet/test/pLe4wQe7qrG/0_1_other_room/1995_4970/mix.wav,13.026809692382812,13.16590404510498,12.456005096435547,12.64799690246582
/data/public/EchoSet/test/pLe4wQe7qrG/0_1_other_room/3729_7127/mix.wav,14.490129470825195,14.662038803100586,14.110353469848633,14.340700149536133
/data/public/EchoSet/test/pLe4wQe7qrG/0_1_other_room/3575_1089/mix.wav,9.934798240661621,10.086515426635742,9.233972549438477,9.583069801330566
/data/public/EchoSet/test/pLe4wQe7qrG/0_1_other_room/8230_2830/mix.wav,8.556710243225098,8.864989280700684,7.839611053466797,8.244795799255371
/data/public/EchoSet/test/pLe4wQe7qrG/0_1_other_room/3575_7021/mix.wav,15.240915298461914,15.082213401794434,14.92558479309082,14.80801010131836
/data/public/EchoSet/test/pLe4wQe7qrG/0_1_other_room/1320_1284/mix.wav,7.530649185180664,7.920233726501465,6.914589881896973,7.359620094299316
/data/public/EchoSet/test/pLe4wQe7qrG/0_1_other_room/3729_1188/mix.wav,9.897027969360352,10.269495010375977,9.447484970092773,9.858797073364258
/data/public/EchoSet/test/pLe4wQe7qrG/0_1_other_room/3570_2094/mix.wav,8.979835510253906,8.94846248626709,8.573305130004883,8.641810417175293
/data/public/EchoSet/test/pLe4wQe7qrG/0_1_other_room/1221_2961/mix.wav,15.461264610290527,15.631643295288086,15.004276275634766,15.202322006225586
/data/public/EchoSet/test/pLe4wQe7qrG/0_1_other_room/1089_2300/mix.wav,10.005208969116211,10.007715225219727,9.25131893157959,9.317079544067383
/data/public/EchoSet/test/pLe4wQe7qrG/0_1_other_room/5683_7127/mix.wav,15.094860076904297,15.20748519897461,14.637741088867188,14.765975952148438
/data/public/EchoSet/test/pLe4wQe7qrG/0_1_other_room/3729_6829/mix.wav,8.53946590423584,8.698386192321777,7.776978015899658,8.011299133300781
/data/public/EchoSet/test/pLe4wQe7qrG/0_1_other_room/1284_908/mix.wav,4.822921276092529,4.989548683166504,4.168589115142822,4.474440574645996
/data/public/EchoSet/test/pLe4wQe7qrG/0_1_other_room/5105_3575/mix.wav,8.98780632019043,8.968378067016602,8.052020072937012,8.146564483642578
/data/public/EchoSet/test/pLe4wQe7qrG/0_1_other_room/1995_61/mix.wav,9.921398162841797,10.01364803314209,9.472444534301758,9.6021728515625
/data/public/EchoSet/test/pLe4wQe7qrG/0_1_other_room/237_7729/mix.wav,11.775797843933105,11.820589065551758,11.157567024230957,11.275944709777832
/data/public/EchoSet/test/pLe4wQe7qrG/0_1_other_room/1320_4970/mix.wav,14.29505443572998,14.374918937683105,13.326168060302734,13.45911979675293
/data/public/EchoSet/test/pLe4wQe7qrG/0_1_other_room/3575_237/mix.wav,10.710041046142578,10.905699729919434,10.121746063232422,10.382745742797852
/data/public/EchoSet/test/pLe4wQe7qrG/0_1_other_room/2094_2961/mix.wav,12.301126480102539,12.712809562683105,11.888079643249512,12.422783851623535
/data/public/EchoSet/test/pLe4wQe7qrG/0_1_other_room/2300_7127/mix.wav,11.100994110107422,11.101520538330078,10.547126770019531,10.607377052307129
/data/public/EchoSet/test/pLe4wQe7qrG/0_1_other_room/1580_61/mix.wav,11.866410255432129,11.985118865966797,11.142301559448242,11.314093589782715
/data/public/EchoSet/test/pLe4wQe7qrG/0_1_other_room/1188_7176/mix.wav,9.706673622131348,9.789822578430176,9.323973655700684,9.450583457946777
/data/public/EchoSet/test/zsNo4HB9uLZ/0_13_living_room/4507_7021/mix.wav,18.666515350341797,18.69206428527832,18.451068878173828,18.488672256469727
/data/public/EchoSet/test/zsNo4HB9uLZ/0_13_living_room/2300_672/mix.wav,10.431512832641602,10.404885292053223,9.212034225463867,9.271759033203125
/data/public/EchoSet/test/zsNo4HB9uLZ/0_13_living_room/5639_8455/mix.wav,11.423650741577148,11.402215003967285,10.679779052734375,10.733075141906738
/data/public/EchoSet/test/zsNo4HB9uLZ/0_13_living_room/1995_4992/mix.wav,13.893680572509766,13.911975860595703,13.451215744018555,13.54370403289795
/data/public/EchoSet/test/zsNo4HB9uLZ/0_13_living_room/6930_4507/mix.wav,13.943005561828613,13.588519096374512,13.06476879119873,13.479239463806152
/data/public/EchoSet/test/zsNo4HB9uLZ/0_13_living_room/8455_1320/mix.wav,10.921819686889648,11.059788703918457,10.558789253234863,10.742206573486328
/data/public/EchoSet/test/zsNo4HB9uLZ/0_13_living_room/1221_2094/mix.wav,8.581583023071289,8.69594669342041,4.167616367340088,4.365644931793213
/data/public/EchoSet/test/zsNo4HB9uLZ/0_13_living_room/1188_4077/mix.wav,8.896738052368164,9.127263069152832,7.631148338317871,7.912966728210449
/data/public/EchoSet/test/zsNo4HB9uLZ/0_13_living_room/1284_2961/mix.wav,12.125722885131836,12.407449722290039,11.427159309387207,11.750947952270508
/data/public/EchoSet/test/zsNo4HB9uLZ/0_13_living_room/7127_672/mix.wav,9.161283493041992,9.385842323303223,8.59632682800293,8.87763500213623
/data/public/EchoSet/test/zsNo4HB9uLZ/0_13_living_room/5639_61/mix.wav,11.835153579711914,11.932861328125,11.514364242553711,11.692038536071777
/data/public/EchoSet/test/zsNo4HB9uLZ/0_13_living_room/8230_8463/mix.wav,15.415384292602539,15.397934913635254,14.865100860595703,14.885873794555664
/data/public/EchoSet/test/zsNo4HB9uLZ/0_13_living_room/121_260/mix.wav,13.117551803588867,13.367395401000977,11.972591400146484,12.248395919799805
/data/public/EchoSet/test/zsNo4HB9uLZ/0_13_living_room/1188_8230/mix.wav,9.982147216796875,10.190427780151367,9.120752334594727,9.439651489257812
/data/public/EchoSet/test/zsNo4HB9uLZ/0_13_living_room/672_1089/mix.wav,9.545549392700195,9.732117652893066,8.64407730102539,8.964221954345703
/data/public/EchoSet/test/zsNo4HB9uLZ/0_13_living_room/2830_8224/mix.wav,8.641426086425781,8.948058128356934,7.795173645019531,8.195903778076172
/data/public/EchoSet/test/zsNo4HB9uLZ/0_13_living_room/237_7127/mix.wav,10.628877639770508,10.520129203796387,9.778797149658203,9.750164031982422
/data/public/EchoSet/test/zsNo4HB9uLZ/0_13_living_room/121_1320/mix.wav,12.009540557861328,12.02823257446289,10.853644371032715,10.951319694519043
/data/public/EchoSet/test/zsNo4HB9uLZ/0_13_living_room/8455_3570/mix.wav,12.242427825927734,12.339434623718262,11.451888084411621,11.706794738769531
/data/public/EchoSet/test/zsNo4HB9uLZ/0_13_living_room/7021_1188/mix.wav,8.127157211303711,8.548784255981445,7.331838130950928,7.849783420562744
/data/public/EchoSet/test/zsNo4HB9uLZ/0_13_living_room/4970_6930/mix.wav,16.72311019897461,16.78190040588379,16.12274742126465,16.198049545288086
/data/public/EchoSet/test/zsNo4HB9uLZ/0_13_living_room/7176_7729/mix.wav,13.12403678894043,13.37167739868164,12.825359344482422,13.116477012634277
/data/public/EchoSet/test/zsNo4HB9uLZ/0_13_living_room/2830_8555/mix.wav,12.734907150268555,12.877647399902344,12.082780838012695,12.294679641723633
/data/public/EchoSet/test/zsNo4HB9uLZ/0_13_living_room/5142_2961/mix.wav,12.681894302368164,12.833045959472656,11.905048370361328,12.096162796020508
/data/public/EchoSet/test/zsNo4HB9uLZ/0_13_living_room/8230_2094/mix.wav,11.24948501586914,11.271352767944336,10.481483459472656,10.528590202331543
/data/public/EchoSet/test/zsNo4HB9uLZ/0_13_living_room/7021_61/mix.wav,7.411752700805664,7.395803928375244,6.236298561096191,6.293544769287109
/data/public/EchoSet/test/zsNo4HB9uLZ/0_13_living_room/7729_1089/mix.wav,13.248783111572266,13.16773796081543,12.627019882202148,12.587949752807617
/data/public/EchoSet/test/zsNo4HB9uLZ/0_13_living_room/5683_8555/mix.wav,14.059240341186523,14.12126350402832,13.528377532958984,13.642561912536621
/data/public/EchoSet/test/zsNo4HB9uLZ/0_13_living_room/260_6829/mix.wav,9.380942344665527,9.170177459716797,8.171791076660156,8.04737377166748
/data/public/EchoSet/test/zsNo4HB9uLZ/0_13_living_room/2830_8230/mix.wav,4.332935333251953,4.174840450286865,1.2513246536254883,1.2133737802505493
/data/public/EchoSet/test/zsNo4HB9uLZ/0_13_living_room/5683_3729/mix.wav,12.198366165161133,12.617738723754883,11.922566413879395,12.400472640991211
/data/public/EchoSet/test/zsNo4HB9uLZ/0_13_living_room/7176_3575/mix.wav,18.647361755371094,18.6666202545166,18.361770629882812,18.41069793701172
/data/public/EchoSet/test/zsNo4HB9uLZ/0_13_living_room/8455_1188/mix.wav,7.8482255935668945,7.905267238616943,7.083630561828613,7.348018646240234
/data/public/EchoSet/test/zsNo4HB9uLZ/0_13_living_room/908_8224/mix.wav,12.31928825378418,12.523809432983398,12.069633483886719,12.312861442565918
/data/public/EchoSet/test/zsNo4HB9uLZ/0_13_living_room/260_4446/mix.wav,12.475603103637695,12.514925956726074,12.064828872680664,12.153587341308594
/data/public/EchoSet/test/zsNo4HB9uLZ/0_13_living_room/7729_8224/mix.wav,10.826774597167969,11.237189292907715,10.542825698852539,10.988746643066406
/data/public/EchoSet/test/zsNo4HB9uLZ/0_13_living_room/237_7176/mix.wav,12.760725021362305,12.868265151977539,12.390193939208984,12.535025596618652
/data/public/EchoSet/test/zsNo4HB9uLZ/0_13_living_room/5639_1284/mix.wav,13.355767250061035,13.430956840515137,12.726873397827148,12.854348182678223
/data/public/EchoSet/test/zsNo4HB9uLZ/0_13_living_room/5639_237/mix.wav,13.413533210754395,13.577652931213379,13.030695915222168,13.25854778289795
/data/public/EchoSet/test/zsNo4HB9uLZ/0_13_living_room/2830_672/mix.wav,10.631734848022461,10.758874893188477,8.02907943725586,8.237659454345703
/data/public/EchoSet/test/zsNo4HB9uLZ/0_13_living_room/6829_3729/mix.wav,11.45053482055664,11.407219886779785,10.702865600585938,10.742157936096191
/data/public/EchoSet/test/zsNo4HB9uLZ/0_13_living_room/7176_5142/mix.wav,10.447378158569336,11.024455070495605,10.084379196166992,10.725381851196289
/data/public/EchoSet/test/zsNo4HB9uLZ/0_13_living_room/908_8463/mix.wav,10.676719665527344,10.767866134643555,10.000417709350586,10.142492294311523
/data/public/EchoSet/test/zsNo4HB9uLZ/0_13_living_room/8463_2094/mix.wav,14.677000045776367,14.690009117126465,14.21940803527832,14.264595985412598
/data/public/EchoSet/test/zsNo4HB9uLZ/0_13_living_room/6829_2300/mix.wav,11.598787307739258,11.485588073730469,10.866299629211426,10.792567253112793
/data/public/EchoSet/test/zsNo4HB9uLZ/0_13_living_room/2961_7729/mix.wav,10.291805267333984,10.850700378417969,9.946954727172852,10.5913667678833
/data/public/EchoSet/test/zsNo4HB9uLZ/0_13_living_room/6930_6829/mix.wav,10.883554458618164,10.910823822021484,10.033552169799805,10.112075805664062
/data/public/EchoSet/test/zsNo4HB9uLZ/0_13_living_room/1221_8224/mix.wav,10.032081604003906,10.06240463256836,8.116215705871582,8.18799877166748
/data/public/EchoSet/test/zsNo4HB9uLZ/0_13_living_room/1284_260/mix.wav,7.028047561645508,7.135858535766602,4.021942138671875,4.227044105529785
/data/public/EchoSet/test/zsNo4HB9uLZ/0_13_living_room/4077_5142/mix.wav,6.186013221740723,6.529598236083984,5.310022354125977,5.771398544311523
/data/public/EchoSet/test/zsNo4HB9uLZ/0_13_living_room/2830_1284/mix.wav,11.937416076660156,12.17288875579834,11.004874229431152,11.28929615020752
/data/public/EchoSet/test/zsNo4HB9uLZ/0_13_living_room/4970_4992/mix.wav,12.26784896850586,12.220684051513672,11.939743041992188,11.95417594909668
/data/public/EchoSet/test/zsNo4HB9uLZ/0_13_living_room/8463_4970/mix.wav,13.158699035644531,13.56059741973877,12.886425971984863,13.308762550354004
/data/public/EchoSet/test/zsNo4HB9uLZ/0_13_living_room/5142_1580/mix.wav,13.789371490478516,13.881223678588867,13.26345443725586,13.392878532409668
/data/public/EchoSet/test/zsNo4HB9uLZ/0_13_living_room/1995_1580/mix.wav,16.110998153686523,16.205263137817383,15.61924934387207,15.753510475158691
/data/public/EchoSet/test/zsNo4HB9uLZ/0_13_living_room/3575_5105/mix.wav,12.249126434326172,12.162242889404297,11.711418151855469,11.70633602142334
/data/public/EchoSet/test/zsNo4HB9uLZ/0_13_living_room/672_2094/mix.wav,6.157555103302002,6.498434066772461,4.491560459136963,4.864516735076904
/data/public/EchoSet/test/zsNo4HB9uLZ/0_13_living_room/5105_1320/mix.wav,10.664697647094727,10.372437477111816,9.332651138305664,9.24484920501709
/data/public/EchoSet/test/zsNo4HB9uLZ/0_13_living_room/4970_5105/mix.wav,12.958009719848633,13.058362007141113,12.227399826049805,12.397594451904297
/data/public/EchoSet/test/zsNo4HB9uLZ/0_13_living_room/5683_4970/mix.wav,13.679332733154297,13.685270309448242,13.22708797454834,13.302337646484375
/data/public/EchoSet/test/zsNo4HB9uLZ/0_13_living_room/8230_8555/mix.wav,12.673259735107422,12.909207344055176,12.191510200500488,12.56806468963623
/data/public/EchoSet/test/zsNo4HB9uLZ/0_13_living_room/4446_4970/mix.wav,11.580368041992188,11.536932945251465,10.838634490966797,10.91396713256836
/data/public/EchoSet/test/zsNo4HB9uLZ/0_13_living_room/1320_7176/mix.wav,8.888174057006836,8.918985366821289,8.465249061584473,8.539963722229004
/data/public/EchoSet/test/zsNo4HB9uLZ/0_13_living_room/7729_3575/mix.wav,10.899128913879395,11.051836013793945,10.286979675292969,10.521642684936523
/data/public/EchoSet/test/zsNo4HB9uLZ/0_13_living_room/8555_7021/mix.wav,12.413585662841797,12.29864501953125,11.806278228759766,11.804784774780273
/data/public/EchoSet/test/zsNo4HB9uLZ/0_13_living_room/8455_4992/mix.wav,11.613264083862305,11.795331001281738,11.137975692749023,11.385065078735352
/data/public/EchoSet/test/zsNo4HB9uLZ/0_13_living_room/4077_8224/mix.wav,8.469636917114258,8.405510902404785,7.793889045715332,7.807194232940674
/data/public/EchoSet/test/zsNo4HB9uLZ/0_13_living_room/4970_2961/mix.wav,2.3607282638549805,2.2273380756378174,1.3818155527114868,1.3335449695587158
/data/public/EchoSet/test/zsNo4HB9uLZ/0_13_living_room/1580_61/mix.wav,11.391490936279297,11.65117073059082,10.656006813049316,10.97787857055664
/data/public/EchoSet/test/zsNo4HB9uLZ/0_13_living_room/1221_4077/mix.wav,11.73058032989502,11.519411087036133,11.113520622253418,10.961408615112305
/data/public/EchoSet/test/zsNo4HB9uLZ/0_13_living_room/3570_1188/mix.wav,12.990211486816406,12.940932273864746,12.266914367675781,12.332036972045898
/data/public/EchoSet/test/zsNo4HB9uLZ/0_13_living_room/8224_5142/mix.wav,10.15790843963623,10.292048454284668,3.6837759017944336,3.8262741565704346
/data/public/EchoSet/test/zsNo4HB9uLZ/0_13_living_room/3570_1995/mix.wav,12.887535095214844,13.023340225219727,10.950849533081055,11.11855697631836
/data/public/EchoSet/test/zsNo4HB9uLZ/0_13_living_room/7127_4992/mix.wav,12.57431411743164,12.540159225463867,12.090664863586426,12.172901153564453
/data/public/EchoSet/test/zsNo4HB9uLZ/0_13_living_room/7021_5105/mix.wav,10.096094131469727,10.024365425109863,8.744844436645508,8.716018676757812
/data/public/EchoSet/test/zsNo4HB9uLZ/0_13_living_room/2300_7176/mix.wav,10.702478408813477,10.729656219482422,10.324298858642578,10.421036720275879
/data/public/EchoSet/test/zsNo4HB9uLZ/0_13_living_room/3570_8463/mix.wav,15.268768310546875,15.316372871398926,13.78360366821289,13.847256660461426
/data/public/EchoSet/test/zsNo4HB9uLZ/0_13_living_room/4077_2961/mix.wav,8.169963836669922,8.17998218536377,6.120003700256348,6.166728973388672
/data/public/EchoSet/test/zsNo4HB9uLZ/0_13_living_room/121_8230/mix.wav,14.033754348754883,13.999746322631836,13.675886154174805,13.703137397766113
/data/public/EchoSet/test/zsNo4HB9uLZ/0_13_living_room/2300_3570/mix.wav,10.707498550415039,10.842535972595215,10.035813331604004,10.229978561401367
/data/public/EchoSet/test/zsNo4HB9uLZ/0_13_living_room/260_2300/mix.wav,11.667194366455078,11.948797225952148,11.078622817993164,11.425728797912598
/data/public/EchoSet/test/zsNo4HB9uLZ/0_13_living_room/260_908/mix.wav,10.876045227050781,10.866107940673828,10.163416862487793,10.205159187316895
/data/public/EchoSet/test/zsNo4HB9uLZ/0_13_living_room/4992_61/mix.wav,12.212198257446289,12.138471603393555,11.658172607421875,11.675775527954102
/data/public/EchoSet/test/zsNo4HB9uLZ/0_13_living_room/4446_1320/mix.wav,12.107053756713867,12.166790962219238,10.785426139831543,10.903385162353516
/data/public/EchoSet/test/zsNo4HB9uLZ/0_13_living_room/4507_1188/mix.wav,11.900259017944336,12.453333854675293,11.692703247070312,12.291200637817383
/data/public/EchoSet/test/zsNo4HB9uLZ/0_13_living_room/2961_1995/mix.wav,15.327388763427734,15.455648422241211,14.904708862304688,15.067923545837402
/data/public/EchoSet/test/zsNo4HB9uLZ/0_13_living_room/7176_5683/mix.wav,12.079418182373047,11.984354019165039,11.50568675994873,11.485048294067383
/data/public/EchoSet/test/zsNo4HB9uLZ/0_13_living_room/2830_4446/mix.wav,6.9519853591918945,6.3733906745910645,5.19187593460083,4.984592437744141
/data/public/EchoSet/test/zsNo4HB9uLZ/0_13_living_room/672_1580/mix.wav,13.487590789794922,13.627388000488281,12.17968463897705,12.455530166625977
/data/public/EchoSet/test/zsNo4HB9uLZ/0_13_living_room/1995_121/mix.wav,12.779767036437988,13.131237030029297,12.40717601776123,12.826911926269531
/data/public/EchoSet/test/zsNo4HB9uLZ/0_13_living_room/5105_908/mix.wav,12.37204360961914,12.082820892333984,11.912092208862305,11.819305419921875
/data/public/EchoSet/test/zsNo4HB9uLZ/0_13_living_room/1320_3575/mix.wav,13.650074005126953,13.341057777404785,12.724380493164062,12.505095481872559
/data/public/EchoSet/test/zsNo4HB9uLZ/0_13_living_room/121_908/mix.wav,12.437286376953125,12.544641494750977,11.873823165893555,12.019488334655762
/data/public/EchoSet/test/zsNo4HB9uLZ/0_13_living_room/7127_1089/mix.wav,9.507243156433105,9.677139282226562,8.925836563110352,9.150775909423828
/data/public/EchoSet/test/zsNo4HB9uLZ/0_13_living_room/3575_5142/mix.wav,12.00656795501709,12.206357955932617,11.083093643188477,11.392654418945312
/data/public/EchoSet/test/zsNo4HB9uLZ/0_13_living_room/7021_1089/mix.wav,12.299080848693848,12.381426811218262,11.86848258972168,11.985726356506348
/data/public/EchoSet/test/zsNo4HB9uLZ/0_13_living_room/2094_5683/mix.wav,9.511253356933594,10.076568603515625,7.46212100982666,8.10808277130127
/data/public/EchoSet/test/zsNo4HB9uLZ/0_13_living_room/7021_8455/mix.wav,14.042076110839844,14.085550308227539,13.37807846069336,13.453939437866211
/data/public/EchoSet/test/zsNo4HB9uLZ/0_13_living_room/7127_8224/mix.wav,15.214273452758789,15.30123519897461,14.708467483520508,14.830854415893555
/data/public/EchoSet/test/zsNo4HB9uLZ/0_13_living_room/1221_237/mix.wav,12.357634544372559,12.450523376464844,10.985404014587402,11.116608619689941
/data/public/EchoSet/test/zsNo4HB9uLZ/0_13_living_room/2961_7127/mix.wav,11.939980506896973,11.916397094726562,11.423005104064941,11.480769157409668
/data/public/EchoSet/test/zsNo4HB9uLZ/0_13_living_room/908_6829/mix.wav,10.835943222045898,10.710254669189453,10.002835273742676,9.95689582824707
/data/public/EchoSet/test/zsNo4HB9uLZ/0_13_living_room/1221_5683/mix.wav,10.572768211364746,10.64852237701416,9.630970001220703,9.783077239990234
/data/public/EchoSet/test/zsNo4HB9uLZ/0_13_living_room/61_5683/mix.wav,12.565618515014648,12.765645980834961,11.870597839355469,12.138174057006836
/data/public/EchoSet/test/zsNo4HB9uLZ/0_13_living_room/8555_4992/mix.wav,9.024137496948242,9.012213706970215,8.17724323272705,8.267793655395508
/data/public/EchoSet/test/zsNo4HB9uLZ/0_13_living_room/4970_3729/mix.wav,14.956443786621094,15.04939079284668,14.639318466186523,14.767837524414062
/data/public/EchoSet/test/zsNo4HB9uLZ/0_13_living_room/3570_1284/mix.wav,8.743772506713867,9.25352668762207,7.678653717041016,8.238656997680664
/data/public/EchoSet/test/zsNo4HB9uLZ/0_13_living_room/1089_4077/mix.wav,5.668911933898926,5.632452964782715,4.997118949890137,4.985749244689941
/data/public/EchoSet/test/zsNo4HB9uLZ/0_13_living_room/4446_1580/mix.wav,16.2314395904541,16.178316116333008,15.897163391113281,15.894783020019531
/data/public/EchoSet/test/zsNo4HB9uLZ/0_13_living_room/3575_8555/mix.wav,12.219378471374512,12.196916580200195,11.636804580688477,11.700865745544434
/data/public/EchoSet/test/zsNo4HB9uLZ/0_13_living_room/121_237/mix.wav,12.263748168945312,12.363846778869629,11.764144897460938,11.890365600585938
/data/public/EchoSet/test/zsNo4HB9uLZ/0_13_living_room/2961_237/mix.wav,12.108969688415527,12.128337860107422,11.449170112609863,11.537393569946289
/data/public/EchoSet/test/zsNo4HB9uLZ/0_13_living_room/1284_7729/mix.wav,11.546496391296387,11.697099685668945,11.130556106567383,11.36529541015625
/data/public/EchoSet/test/zsNo4HB9uLZ/0_13_living_room/6930_8463/mix.wav,12.694160461425781,12.632847785949707,11.659908294677734,11.771799087524414
/data/public/EchoSet/test/zsNo4HB9uLZ/0_13_living_room/1089_672/mix.wav,11.787548065185547,12.079963684082031,11.139381408691406,11.483816146850586
/data/public/EchoSet/test/zsNo4HB9uLZ/0_13_living_room/2830_6930/mix.wav,6.799953937530518,6.775953769683838,5.660294532775879,5.687692642211914
/data/public/EchoSet/test/zsNo4HB9uLZ/0_13_living_room/3575_3729/mix.wav,8.33924388885498,8.229279518127441,7.047573089599609,7.031121253967285
/data/public/EchoSet/test/zsNo4HB9uLZ/0_13_living_room/5639_4507/mix.wav,14.151618957519531,14.21307373046875,13.746023178100586,13.855318069458008
/data/public/EchoSet/test/zsNo4HB9uLZ/0_13_living_room/3729_260/mix.wav,14.22068977355957,14.193517684936523,13.806224822998047,13.831192016601562
/data/public/EchoSet/test/zsNo4HB9uLZ/0_13_living_room/1320_3729/mix.wav,13.237981796264648,13.224688529968262,12.796836853027344,12.846456527709961
/data/public/EchoSet/test/zsNo4HB9uLZ/0_13_living_room/672_4992/mix.wav,12.708734512329102,12.853696823120117,11.951560020446777,12.194204330444336
/data/public/EchoSet/test/zsNo4HB9uLZ/0_13_living_room/8463_4507/mix.wav,12.691182136535645,12.757797241210938,12.125642776489258,12.381315231323242
/data/public/EchoSet/test/zsNo4HB9uLZ/0_13_living_room/3570_4077/mix.wav,12.404034614562988,12.568957328796387,11.264725685119629,11.525423049926758
/data/public/EchoSet/test/zsNo4HB9uLZ/0_13_living_room/1284_8555/mix.wav,12.117386817932129,12.202856063842773,11.640837669372559,11.91457462310791
/data/public/EchoSet/test/zsNo4HB9uLZ/0_13_living_room/61_1188/mix.wav,7.3807291984558105,7.225369930267334,6.085871696472168,5.996976375579834
/data/public/EchoSet/test/zsNo4HB9uLZ/0_13_living_room/5142_5639/mix.wav,14.767062187194824,14.811601638793945,14.419014930725098,14.495988845825195
/data/public/EchoSet/test/zsNo4HB9uLZ/0_13_living_room/1995_7021/mix.wav,11.011125564575195,11.127963066101074,9.814481735229492,9.946616172790527
/data/public/EchoSet/test/zsNo4HB9uLZ/0_13_living_room/1221_7176/mix.wav,11.914594650268555,12.15696907043457,11.50916862487793,11.830793380737305
/data/public/EchoSet/test/zsNo4HB9uLZ/0_13_living_room/1995_1089/mix.wav,13.450007438659668,13.640673637390137,13.131220817565918,13.3505220413208
/data/public/EchoSet/test/zsNo4HB9uLZ/0_13_living_room/6829_6930/mix.wav,11.371780395507812,11.575785636901855,10.014969825744629,10.320335388183594
/data/public/EchoSet/test/zsNo4HB9uLZ/0_13_living_room/4077_121/mix.wav,11.567889213562012,11.533280372619629,10.915355682373047,11.010591506958008
/data/public/EchoSet/test/zsNo4HB9uLZ/0_13_living_room/8224_1580/mix.wav,13.649768829345703,13.637882232666016,12.720749855041504,12.751683235168457
/data/public/EchoSet/test/zsNo4HB9uLZ/0_13_living_room/1221_3570/mix.wav,15.278072357177734,15.324352264404297,14.766095161437988,14.875900268554688
/data/public/EchoSet/test/zsNo4HB9uLZ/0_13_living_room/5105_2300/mix.wav,10.26634407043457,10.408164978027344,8.958251953125,9.165200233459473
/data/public/EchoSet/test/zsNo4HB9uLZ/0_13_living_room/237_7729/mix.wav,14.502843856811523,14.097814559936523,14.077165603637695,13.833002090454102
/data/public/EchoSet/test/zsNo4HB9uLZ/0_13_living_room/5639_2830/mix.wav,9.800111770629883,10.030267715454102,9.006869316101074,9.347892761230469
/data/public/EchoSet/test/zsNo4HB9uLZ/0_13_living_room/3729_5105/mix.wav,10.606264114379883,10.594940185546875,7.244655609130859,7.328863620758057
/data/public/EchoSet/test/zsNo4HB9uLZ/0_13_living_room/4446_4992/mix.wav,10.676202774047852,10.824488639831543,10.346657752990723,10.647226333618164
/data/public/EchoSet/test/zsNo4HB9uLZ/0_13_living_room/7127_2094/mix.wav,15.059974670410156,15.060200691223145,14.436107635498047,14.473746299743652
/data/public/EchoSet/test/zsNo4HB9uLZ/0_13_living_room/61_6930/mix.wav,9.628262519836426,9.619451522827148,8.341235160827637,8.380524635314941
/data/public/EchoSet/test/zsNo4HB9uLZ/0_13_living_room/8230_1188/mix.wav,7.938863754272461,8.320436477661133,6.139118671417236,6.562411308288574
/data/public/EchoSet/test/zsNo4HB9uLZ/0_13_living_room/121_2094/mix.wav,11.915799140930176,12.454361915588379,11.634098052978516,12.221170425415039
/data/public/EchoSet/test/zsNo4HB9uLZ/0_13_living_room/1995_3729/mix.wav,11.233304977416992,11.465004920959473,10.76527214050293,11.041702270507812
/data/public/EchoSet/test/zsNo4HB9uLZ/0_13_living_room/7729_4507/mix.wav,13.590997695922852,13.639632225036621,13.26235580444336,13.335550308227539
/data/public/EchoSet/test/zsNo4HB9uLZ/0_13_living_room/2300_237/mix.wav,10.110551834106445,10.176170349121094,9.429875373840332,9.548436164855957
/data/public/EchoSet/test/zsNo4HB9uLZ/0_13_living_room/5105_5639/mix.wav,10.279117584228516,10.219911575317383,9.051811218261719,9.278763771057129
/data/public/EchoSet/test/zsNo4HB9uLZ/0_13_living_room/3575_908/mix.wav,10.703781127929688,11.288578987121582,10.401670455932617,11.023139953613281
/data/public/EchoSet/test/zsNo4HB9uLZ/0_13_living_room/908_4507/mix.wav,13.985335350036621,14.007266998291016,13.498650550842285,13.621548652648926
/data/public/EchoSet/test/zsNo4HB9uLZ/0_13_living_room/1221_7127/mix.wav,13.785459518432617,13.849733352661133,13.130670547485352,13.277994155883789
/data/public/EchoSet/test/zsNo4HB9uLZ/0_13_living_room/6829_4446/mix.wav,11.485126495361328,11.769552230834961,10.986968994140625,11.34122085571289
/data/public/EchoSet/test/zsNo4HB9uLZ/0_13_living_room/6930_2300/mix.wav,8.541143417358398,8.704583168029785,7.139998435974121,7.373000144958496
/data/public/EchoSet/test/zsNo4HB9uLZ/0_13_living_room/1320_8455/mix.wav,11.5720796585083,11.941850662231445,11.066776275634766,11.494153022766113
/data/public/EchoSet/test/zsNo4HB9uLZ/0_13_living_room/260_2094/mix.wav,13.761521339416504,14.011866569519043,12.74681282043457,13.08987808227539
/data/public/EchoSet/test/zsNo4HB9uLZ/0_9_dining_room/908_1221/mix.wav,13.671438217163086,13.638762474060059,13.249662399291992,13.267322540283203
/data/public/EchoSet/test/zsNo4HB9uLZ/0_9_dining_room/7021_4970/mix.wav,13.788576126098633,13.963014602661133,13.469985961914062,13.700228691101074
/data/public/EchoSet/test/zsNo4HB9uLZ/0_9_dining_room/1284_1089/mix.wav,13.055511474609375,12.878451347351074,12.423547744750977,12.335433006286621
/data/public/EchoSet/test/zsNo4HB9uLZ/0_9_dining_room/908_3729/mix.wav,9.019591331481934,9.079681396484375,8.645602226257324,8.789921760559082
/data/public/EchoSet/test/zsNo4HB9uLZ/0_9_dining_room/5105_5639/mix.wav,12.086390495300293,11.940646171569824,11.640443801879883,11.541984558105469
/data/public/EchoSet/test/zsNo4HB9uLZ/0_9_dining_room/2830_61/mix.wav,9.538191795349121,9.33018684387207,8.812936782836914,8.711371421813965
/data/public/EchoSet/test/zsNo4HB9uLZ/0_9_dining_room/908_8555/mix.wav,14.67574691772461,14.747515678405762,14.350004196166992,14.44864273071289
/data/public/EchoSet/test/zsNo4HB9uLZ/0_9_dining_room/6829_1995/mix.wav,10.740371704101562,11.133927345275879,10.034429550170898,10.518404006958008
/data/public/EchoSet/test/zsNo4HB9uLZ/0_9_dining_room/2961_5683/mix.wav,13.858966827392578,14.074456214904785,13.063411712646484,13.308080673217773
/data/public/EchoSet/test/zsNo4HB9uLZ/0_9_dining_room/7127_7729/mix.wav,9.901769638061523,9.997671127319336,8.871556282043457,9.016743659973145
/data/public/EchoSet/test/zsNo4HB9uLZ/0_9_dining_room/5142_8555/mix.wav,14.328012466430664,14.388267517089844,13.774131774902344,13.893031120300293
/data/public/EchoSet/test/zsNo4HB9uLZ/0_9_dining_room/2830_2961/mix.wav,10.438678741455078,10.532081604003906,9.732034683227539,9.89037799835205
/data/public/EchoSet/test/zsNo4HB9uLZ/0_9_dining_room/8224_7127/mix.wav,9.528287887573242,9.668807029724121,8.344956398010254,8.58955192565918
/data/public/EchoSet/test/zsNo4HB9uLZ/0_9_dining_room/3729_5105/mix.wav,11.400336265563965,11.4718599319458,10.902445793151855,11.049501419067383
/data/public/EchoSet/test/zsNo4HB9uLZ/0_9_dining_room/237_1995/mix.wav,13.355782508850098,13.349456787109375,12.917540550231934,12.966273307800293
/data/public/EchoSet/test/zsNo4HB9uLZ/0_9_dining_room/5683_237/mix.wav,13.631058692932129,13.48348617553711,13.010215759277344,13.044954299926758
/data/public/EchoSet/test/zsNo4HB9uLZ/0_9_dining_room/260_3570/mix.wav,10.732931137084961,10.525777816772461,9.71919059753418,9.626710891723633
/data/public/EchoSet/test/zsNo4HB9uLZ/0_9_dining_room/7176_7127/mix.wav,10.986249923706055,11.124249458312988,10.507068634033203,10.720113754272461
/data/public/EchoSet/test/zsNo4HB9uLZ/0_9_dining_room/2094_1580/mix.wav,11.519933700561523,11.69752311706543,10.370713233947754,10.617097854614258
/data/public/EchoSet/test/zsNo4HB9uLZ/0_9_dining_room/672_1221/mix.wav,10.847705841064453,11.075968742370605,9.49947738647461,9.755085945129395
/data/public/EchoSet/test/zsNo4HB9uLZ/0_9_dining_room/1580_6829/mix.wav,9.98488998413086,10.593622207641602,9.539981842041016,10.275980949401855
/data/public/EchoSet/test/zsNo4HB9uLZ/0_9_dining_room/5142_7021/mix.wav,14.227645874023438,14.484512329101562,13.86993408203125,14.149301528930664
/data/public/EchoSet/test/zsNo4HB9uLZ/0_9_dining_room/2300_4507/mix.wav,16.05109214782715,15.987848281860352,15.637908935546875,15.655804634094238
/data/public/EchoSet/test/zsNo4HB9uLZ/0_9_dining_room/1995_5639/mix.wav,13.008251190185547,13.335524559020996,11.406492233276367,11.983137130737305
/data/public/EchoSet/test/zsNo4HB9uLZ/0_9_dining_room/3570_4077/mix.wav,12.167781829833984,12.35898494720459,11.783241271972656,12.044897079467773
/data/public/EchoSet/test/zsNo4HB9uLZ/0_9_dining_room/908_8455/mix.wav,9.623160362243652,10.528331756591797,9.347306251525879,10.29798698425293
/data/public/EchoSet/test/zsNo4HB9uLZ/0_9_dining_room/3575_7729/mix.wav,11.810419082641602,11.785663604736328,11.303245544433594,11.378650665283203
/data/public/EchoSet/test/zsNo4HB9uLZ/0_9_dining_room/2300_4992/mix.wav,12.091764450073242,12.33333683013916,11.029199600219727,11.291913032531738
/data/public/EchoSet/test/zsNo4HB9uLZ/0_9_dining_room/5142_121/mix.wav,8.210712432861328,8.195757865905762,7.698305606842041,7.753170967102051
/data/public/EchoSet/test/zsNo4HB9uLZ/0_9_dining_room/1320_1221/mix.wav,13.513870239257812,13.837393760681152,13.01399040222168,13.392019271850586
/data/public/EchoSet/test/zsNo4HB9uLZ/0_9_dining_room/3575_2094/mix.wav,9.819751739501953,10.203447341918945,8.95149040222168,9.38888931274414
/data/public/EchoSet/test/zsNo4HB9uLZ/0_9_dining_room/3570_8555/mix.wav,12.350093841552734,12.388968467712402,12.151188850402832,12.231505393981934
/data/public/EchoSet/test/zsNo4HB9uLZ/0_9_dining_room/1320_4077/mix.wav,5.86710262298584,5.518274307250977,4.600506782531738,4.501094818115234
/data/public/EchoSet/test/zsNo4HB9uLZ/0_9_dining_room/7176_6930/mix.wav,11.689380645751953,12.104613304138184,11.084760665893555,11.587754249572754
/data/public/EchoSet/test/zsNo4HB9uLZ/0_9_dining_room/2300_5105/mix.wav,12.590700149536133,12.418301582336426,11.812311172485352,11.739065170288086
/data/public/EchoSet/test/zsNo4HB9uLZ/0_9_dining_room/4970_2094/mix.wav,13.374835968017578,13.525291442871094,12.949670791625977,13.147107124328613
/data/public/EchoSet/test/zsNo4HB9uLZ/0_9_dining_room/4446_5683/mix.wav,11.187271118164062,11.263554573059082,10.272064208984375,10.406396865844727
/data/public/EchoSet/test/zsNo4HB9uLZ/0_9_dining_room/8463_4507/mix.wav,12.338367462158203,12.323285102844238,11.814064025878906,11.871371269226074
/data/public/EchoSet/test/zsNo4HB9uLZ/0_9_dining_room/3729_5683/mix.wav,11.558649063110352,11.658614158630371,11.188451766967773,11.460680961608887
/data/public/EchoSet/test/zsNo4HB9uLZ/0_9_dining_room/4970_2300/mix.wav,12.900206565856934,12.936784744262695,12.422224998474121,12.56064510345459
/data/public/EchoSet/test/zsNo4HB9uLZ/0_9_dining_room/7176_61/mix.wav,11.168729782104492,11.268677711486816,10.754137992858887,10.904144287109375
/data/public/EchoSet/test/zsNo4HB9uLZ/0_9_dining_room/1188_4446/mix.wav,11.760527610778809,12.257640838623047,11.385741233825684,11.93246841430664
/data/public/EchoSet/test/zsNo4HB9uLZ/0_9_dining_room/1188_1995/mix.wav,13.372095108032227,13.486469268798828,13.036330223083496,13.190980911254883
/data/public/EchoSet/test/zsNo4HB9uLZ/0_9_dining_room/5639_1320/mix.wav,11.76786994934082,11.910262107849121,11.527463912963867,11.717180252075195
/data/public/EchoSet/test/zsNo4HB9uLZ/0_9_dining_room/61_260/mix.wav,11.271374702453613,11.203503608703613,10.658134460449219,10.694906234741211
/data/public/EchoSet/test/zsNo4HB9uLZ/0_9_dining_room/1320_7729/mix.wav,10.51584529876709,10.672575950622559,10.025986671447754,10.2449951171875
/data/public/EchoSet/test/zsNo4HB9uLZ/0_9_dining_room/8224_2830/mix.wav,8.809419631958008,9.127147674560547,7.400897979736328,7.812531471252441
/data/public/EchoSet/test/zsNo4HB9uLZ/0_9_dining_room/7176_4992/mix.wav,13.431085586547852,13.537591934204102,12.971006393432617,13.113776206970215
/data/public/EchoSet/test/zsNo4HB9uLZ/0_9_dining_room/8463_6930/mix.wav,13.278100967407227,13.385528564453125,12.812634468078613,12.986671447753906
/data/public/EchoSet/test/zsNo4HB9uLZ/0_9_dining_room/3575_5142/mix.wav,9.344558715820312,10.120458602905273,9.024860382080078,9.847691535949707
/data/public/EchoSet/test/zsNo4HB9uLZ/0_9_dining_room/4992_672/mix.wav,9.641928672790527,10.310098648071289,9.285968780517578,10.008563041687012
/data/public/EchoSet/test/zsNo4HB9uLZ/0_9_dining_room/8224_5683/mix.wav,12.917984008789062,13.090177536010742,12.173389434814453,12.40509033203125
/data/public/EchoSet/test/zsNo4HB9uLZ/0_9_dining_room/61_2830/mix.wav,6.872620582580566,6.837751388549805,1.0289198160171509,1.2013847827911377
/data/public/EchoSet/test/zsNo4HB9uLZ/0_9_dining_room/2300_1188/mix.wav,9.411149978637695,9.518719673156738,8.586081504821777,8.794967651367188
/data/public/EchoSet/test/zsNo4HB9uLZ/0_9_dining_room/7127_3729/mix.wav,11.676983833312988,11.860021591186523,11.360574722290039,11.58857250213623
/data/public/EchoSet/test/zsNo4HB9uLZ/0_9_dining_room/7127_8555/mix.wav,9.745396614074707,10.176483154296875,9.24826717376709,9.739904403686523
/data/public/EchoSet/test/zsNo4HB9uLZ/0_9_dining_room/2830_1995/mix.wav,15.483057022094727,15.401349067687988,14.91183090209961,14.907997131347656
/data/public/EchoSet/test/zsNo4HB9uLZ/0_9_dining_room/4970_5639/mix.wav,14.506355285644531,14.74853515625,14.192949295043945,14.453217506408691
/data/public/EchoSet/test/zsNo4HB9uLZ/0_9_dining_room/672_8463/mix.wav,13.548238754272461,13.778358459472656,13.210958480834961,13.473857879638672
/data/public/EchoSet/test/zsNo4HB9uLZ/0_9_dining_room/2830_6829/mix.wav,10.339381217956543,10.53152084350586,8.527786254882812,8.736270904541016
/data/public/EchoSet/test/zsNo4HB9uLZ/0_9_dining_room/1089_5639/mix.wav,12.849514961242676,12.824007034301758,12.522852897644043,12.530735969543457
/data/public/EchoSet/test/zsNo4HB9uLZ/0_9_dining_room/7021_4077/mix.wav,11.602925300598145,11.86107063293457,11.085223197937012,11.374730110168457
/data/public/EchoSet/test/zsNo4HB9uLZ/0_9_dining_room/6930_260/mix.wav,13.683684349060059,14.001958847045898,13.346611022949219,13.725567817687988
/data/public/EchoSet/test/zsNo4HB9uLZ/0_9_dining_room/4992_1995/mix.wav,14.721111297607422,14.835519790649414,14.298654556274414,14.476120948791504
/data/public/EchoSet/test/zsNo4HB9uLZ/0_9_dining_room/2961_4446/mix.wav,12.612627029418945,13.026925086975098,12.151870727539062,12.585577964782715
/data/public/EchoSet/test/zsNo4HB9uLZ/0_9_dining_room/4446_1320/mix.wav,11.960954666137695,12.225345611572266,11.136514663696289,11.436484336853027
/data/public/EchoSet/test/zsNo4HB9uLZ/0_9_dining_room/4970_8455/mix.wav,15.23839282989502,15.349810600280762,14.783258438110352,14.944806098937988
/data/public/EchoSet/test/zsNo4HB9uLZ/0_9_dining_room/5142_4970/mix.wav,14.169515609741211,14.212977409362793,13.672122955322266,13.734880447387695
/data/public/EchoSet/test/zsNo4HB9uLZ/0_9_dining_room/4507_6829/mix.wav,11.644289016723633,11.783220291137695,11.249809265136719,11.418362617492676
/data/public/EchoSet/test/zsNo4HB9uLZ/0_9_dining_room/237_5105/mix.wav,11.419660568237305,11.720939636230469,10.967292785644531,11.307576179504395
/data/public/EchoSet/test/zsNo4HB9uLZ/0_9_dining_room/5142_6930/mix.wav,9.68177604675293,9.944266319274902,8.788125991821289,9.105708122253418
/data/public/EchoSet/test/zsNo4HB9uLZ/0_9_dining_room/3570_1188/mix.wav,11.033344268798828,11.378157615661621,9.832452774047852,10.221659660339355
/data/public/EchoSet/test/zsNo4HB9uLZ/0_9_dining_room/5105_7176/mix.wav,10.799676895141602,10.808223724365234,10.529556274414062,10.636917114257812
/data/public/EchoSet/test/zsNo4HB9uLZ/0_9_dining_room/5683_8463/mix.wav,14.314373970031738,14.545368194580078,14.090787887573242,14.375435829162598
/data/public/EchoSet/test/zsNo4HB9uLZ/0_9_dining_room/1188_1284/mix.wav,10.777851104736328,10.746161460876465,9.662097930908203,9.72061824798584
/data/public/EchoSet/test/zsNo4HB9uLZ/0_9_dining_room/1284_6829/mix.wav,11.160364151000977,11.29324722290039,10.49424934387207,10.68431568145752
/data/public/EchoSet/test/zsNo4HB9uLZ/0_9_dining_room/7729_260/mix.wav,9.89663028717041,10.22807788848877,9.52669620513916,9.978571891784668
/data/public/EchoSet/test/zsNo4HB9uLZ/0_9_dining_room/1580_3729/mix.wav,13.634712219238281,13.75360107421875,13.068782806396484,13.224586486816406
/data/public/EchoSet/test/zsNo4HB9uLZ/0_9_dining_room/8463_237/mix.wav,13.74130630493164,13.82477855682373,13.345905303955078,13.476706504821777
/data/public/EchoSet/test/zsNo4HB9uLZ/0_9_dining_room/237_4077/mix.wav,15.928611755371094,15.972745895385742,15.36112117767334,15.44454288482666
/data/public/EchoSet/test/zsNo4HB9uLZ/0_9_dining_room/237_8555/mix.wav,13.399903297424316,13.69332218170166,13.053024291992188,13.387341499328613
/data/public/EchoSet/test/zsNo4HB9uLZ/0_9_dining_room/121_2300/mix.wav,15.07991886138916,15.247990608215332,14.741178512573242,14.94784927368164
/data/public/EchoSet/test/zsNo4HB9uLZ/0_9_dining_room/908_6930/mix.wav,15.356247901916504,15.382843017578125,14.487808227539062,14.566890716552734
/data/public/EchoSet/test/zsNo4HB9uLZ/0_9_dining_room/672_1580/mix.wav,9.5900297164917,10.083084106445312,8.926311492919922,9.578109741210938
/data/public/EchoSet/test/zsNo4HB9uLZ/0_9_dining_room/8230_1089/mix.wav,11.049407958984375,11.162522315979004,10.438507080078125,10.600414276123047
/data/public/EchoSet/test/zsNo4HB9uLZ/0_9_dining_room/1284_7176/mix.wav,10.62666130065918,10.804728507995605,9.937116622924805,10.1589994430542
/data/public/EchoSet/test/zsNo4HB9uLZ/0_9_dining_room/7729_4970/mix.wav,15.996227264404297,16.045326232910156,15.562015533447266,15.630783081054688
/data/public/EchoSet/test/zsNo4HB9uLZ/0_9_dining_room/121_8555/mix.wav,16.993839263916016,17.0122013092041,16.397642135620117,16.453495025634766
/data/public/EchoSet/test/zsNo4HB9uLZ/0_9_dining_room/61_8230/mix.wav,8.690699577331543,8.836631774902344,8.366345405578613,8.54682731628418
/data/public/EchoSet/test/zsNo4HB9uLZ/0_9_dining_room/7127_2961/mix.wav,11.49612045288086,11.7702054977417,11.03044319152832,11.35461139678955
/data/public/EchoSet/test/zsNo4HB9uLZ/0_9_dining_room/2094_1089/mix.wav,14.045080184936523,14.138032913208008,13.57596206665039,13.709708213806152
/data/public/EchoSet/test/zsNo4HB9uLZ/0_9_dining_room/4507_3575/mix.wav,10.688482284545898,11.1660737991333,10.300704956054688,10.82716178894043
/data/public/EchoSet/test/zsNo4HB9uLZ/0_9_dining_room/8230_3729/mix.wav,14.650520324707031,14.640519142150879,14.32972526550293,14.408360481262207
/data/public/EchoSet/test/zsNo4HB9uLZ/0_9_dining_room/5142_4446/mix.wav,11.047138214111328,11.543069839477539,10.689754486083984,11.219064712524414
/data/public/EchoSet/test/zsNo4HB9uLZ/0_9_dining_room/1995_1188/mix.wav,15.076544761657715,15.403841018676758,14.80081558227539,15.164029121398926
/data/public/EchoSet/test/zsNo4HB9uLZ/0_9_dining_room/1580_8224/mix.wav,13.193653106689453,13.140012741088867,12.498397827148438,12.525697708129883
/data/public/EchoSet/test/zsNo4HB9uLZ/0_9_dining_room/8230_8555/mix.wav,13.689064025878906,13.8270263671875,12.86008358001709,13.038394927978516
/data/public/EchoSet/test/zsNo4HB9uLZ/0_9_dining_room/1995_121/mix.wav,10.85186767578125,10.723390579223633,10.186380386352539,10.182958602905273
/data/public/EchoSet/test/zsNo4HB9uLZ/0_9_dining_room/6930_7176/mix.wav,15.355711936950684,15.44112777709961,14.780200958251953,14.913534164428711
/data/public/EchoSet/test/zsNo4HB9uLZ/0_9_dining_room/6829_8230/mix.wav,10.455007553100586,10.644558906555176,9.866731643676758,10.093438148498535
/data/public/EchoSet/test/zsNo4HB9uLZ/0_9_dining_room/8224_7021/mix.wav,11.284430503845215,11.917303085327148,10.666664123535156,11.342512130737305
/data/public/EchoSet/test/zsNo4HB9uLZ/0_9_dining_room/1580_8455/mix.wav,12.588178634643555,12.610686302185059,10.53026294708252,10.568277359008789
/data/public/EchoSet/test/zsNo4HB9uLZ/0_9_dining_room/1188_121/mix.wav,12.734020233154297,12.870951652526855,12.13778018951416,12.483444213867188
/data/public/EchoSet/test/zsNo4HB9uLZ/0_9_dining_room/8224_1089/mix.wav,10.179542541503906,10.132795333862305,9.74951171875,9.77854061126709
/data/public/EchoSet/test/zsNo4HB9uLZ/0_9_dining_room/5639_672/mix.wav,13.9069185256958,13.977511405944824,13.586462020874023,13.668468475341797
/data/public/EchoSet/test/zsNo4HB9uLZ/0_9_dining_room/6829_1221/mix.wav,9.46682357788086,9.436291694641113,8.083745002746582,8.106714248657227
/data/public/EchoSet/test/zsNo4HB9uLZ/0_9_dining_room/4992_2094/mix.wav,16.11092758178711,16.18429183959961,15.526331901550293,15.621005058288574
/data/public/EchoSet/test/zsNo4HB9uLZ/0_9_dining_room/4507_1284/mix.wav,11.009023666381836,11.611335754394531,10.729190826416016,11.39613151550293
/data/public/EchoSet/test/zsNo4HB9uLZ/0_9_dining_room/5105_237/mix.wav,9.838029861450195,9.72614574432373,8.243732452392578,8.215656280517578
/data/public/EchoSet/test/zsNo4HB9uLZ/0_9_dining_room/4446_8224/mix.wav,11.233644485473633,11.977545738220215,10.710945129394531,11.48379898071289
/data/public/EchoSet/test/zsNo4HB9uLZ/0_9_dining_room/8455_260/mix.wav,11.310352325439453,11.610992431640625,10.887174606323242,11.228231430053711
/data/public/EchoSet/test/zsNo4HB9uLZ/0_9_dining_room/8230_3575/mix.wav,15.590827941894531,15.60452651977539,14.876696586608887,14.944403648376465
/data/public/EchoSet/test/zsNo4HB9uLZ/0_9_dining_room/1320_4507/mix.wav,16.038047790527344,15.969736099243164,15.501384735107422,15.509821891784668
/data/public/EchoSet/test/zsNo4HB9uLZ/0_9_dining_room/7729_1089/mix.wav,10.862417221069336,10.939125061035156,10.45901107788086,10.581954002380371
/data/public/EchoSet/test/zsNo4HB9uLZ/0_9_dining_room/4507_1221/mix.wav,11.109219551086426,11.714282989501953,10.560750007629395,11.251078605651855
/data/public/EchoSet/test/zsNo4HB9uLZ/0_9_dining_room/2961_2300/mix.wav,10.293819427490234,10.655802726745605,9.6889009475708,10.126147270202637
/data/public/EchoSet/test/zsNo4HB9uLZ/0_9_dining_room/3729_7021/mix.wav,13.136940002441406,13.34521484375,12.881933212280273,13.153003692626953
/data/public/EchoSet/test/zsNo4HB9uLZ/0_9_dining_room/4077_2094/mix.wav,8.634223937988281,8.932767868041992,4.762581825256348,5.126342296600342
/data/public/EchoSet/test/zsNo4HB9uLZ/0_9_dining_room/6829_2094/mix.wav,11.711947441101074,11.885882377624512,11.29592227935791,11.514762878417969
/data/public/EchoSet/test/zsNo4HB9uLZ/0_9_dining_room/3729_5639/mix.wav,13.177115440368652,13.199549674987793,12.723794937133789,12.82182502746582
/data/public/EchoSet/test/zsNo4HB9uLZ/0_9_dining_room/4077_121/mix.wav,11.651193618774414,11.688006401062012,11.25601863861084,11.342079162597656
/data/public/EchoSet/test/zsNo4HB9uLZ/0_9_dining_room/4507_5142/mix.wav,12.385696411132812,12.225934982299805,11.807016372680664,11.74093246459961
/data/public/EchoSet/test/zsNo4HB9uLZ/0_9_dining_room/121_61/mix.wav,14.004131317138672,14.113245964050293,13.295940399169922,13.42810344696045
/data/public/EchoSet/test/zsNo4HB9uLZ/0_9_dining_room/5683_8230/mix.wav,15.3231201171875,15.350232124328613,14.146627426147461,14.207695007324219
/data/public/EchoSet/test/zsNo4HB9uLZ/0_9_dining_room/2300_8555/mix.wav,8.515216827392578,8.924830436706543,8.032387733459473,8.576825141906738
/data/public/EchoSet/test/zsNo4HB9uLZ/0_9_dining_room/4077_3575/mix.wav,12.621060371398926,12.707151412963867,11.638588905334473,11.767202377319336
/data/public/EchoSet/test/zsNo4HB9uLZ/0_9_dining_room/1580_8463/mix.wav,9.55788516998291,9.693580627441406,8.93460464477539,9.154398918151855
/data/public/EchoSet/test/zsNo4HB9uLZ/0_9_dining_room/1284_5105/mix.wav,12.018758773803711,12.304268836975098,11.637480735778809,12.121977806091309
/data/public/EchoSet/test/zsNo4HB9uLZ/0_9_dining_room/7021_4446/mix.wav,14.06558609008789,14.382146835327148,13.550909042358398,13.88995361328125
/data/public/EchoSet/test/zsNo4HB9uLZ/0_9_dining_room/8455_3570/mix.wav,11.280344009399414,11.359291076660156,9.495182037353516,9.643425941467285
/data/public/EchoSet/test/zsNo4HB9uLZ/0_9_dining_room/672_2961/mix.wav,13.203398704528809,13.335007667541504,12.302620887756348,12.460270881652832
/data/public/EchoSet/test/zsNo4HB9uLZ/0_9_dining_room/908_5105/mix.wav,11.997682571411133,11.809694290161133,11.310359954833984,11.498407363891602
/data/public/EchoSet/test/zsNo4HB9uLZ/0_9_dining_room/8224_7729/mix.wav,11.87310791015625,12.150238037109375,11.541470527648926,11.935153007507324
/data/public/EchoSet/test/zsNo4HB9uLZ/0_9_dining_room/121_1284/mix.wav,7.5266523361206055,7.54877233505249,5.905852317810059,6.062769412994385
/data/public/EchoSet/test/zsNo4HB9uLZ/0_9_dining_room/1221_3575/mix.wav,8.70116901397705,8.689619064331055,7.457561016082764,7.497173309326172
/data/public/EchoSet/test/zsNo4HB9uLZ/0_9_dining_room/6930_61/mix.wav,8.706789016723633,8.537967681884766,5.716496467590332,5.593339920043945
/data/public/EchoSet/test/zsNo4HB9uLZ/0_9_dining_room/672_5683/mix.wav,14.311634063720703,14.365942001342773,13.104260444641113,13.190139770507812
/data/public/EchoSet/test/zsNo4HB9uLZ/0_9_dining_room/908_4992/mix.wav,16.27524185180664,16.30337905883789,15.74653148651123,15.814664840698242
/data/public/EchoSet/test/zsNo4HB9uLZ/0_9_dining_room/3575_7176/mix.wav,13.980319023132324,13.887147903442383,13.456042289733887,13.425470352172852
/data/public/EchoSet/test/zsNo4HB9uLZ/0_9_dining_room/237_672/mix.wav,13.830659866333008,13.856890678405762,13.075482368469238,13.179340362548828
/data/public/EchoSet/test/zsNo4HB9uLZ/0_9_dining_room/1221_2094/mix.wav,10.24899673461914,10.30270004272461,8.785297393798828,8.876434326171875
/data/public/EchoSet/test/zsNo4HB9uLZ/0_9_dining_room/2830_5639/mix.wav,7.428615570068359,7.494146347045898,6.727566719055176,6.928847312927246
/data/public/EchoSet/test/zsNo4HB9uLZ/0_9_dining_room/8455_1320/mix.wav,11.843301773071289,12.012788772583008,11.041507720947266,11.293292999267578
/data/public/EchoSet/test/zsNo4HB9uLZ/0_9_dining_room/4970_1580/mix.wav,11.527860641479492,11.523921966552734,10.67877197265625,10.706737518310547
/data/public/EchoSet/test/zsNo4HB9uLZ/0_9_dining_room/1188_4077/mix.wav,10.392744064331055,10.502799987792969,8.635713577270508,8.909640312194824
/data/public/EchoSet/test/zsNo4HB9uLZ/0_9_dining_room/8463_8455/mix.wav,12.652311325073242,12.495594024658203,11.956933975219727,11.904605865478516
/data/public/EchoSet/test/zsNo4HB9uLZ/0_9_dining_room/4992_1089/mix.wav,13.272172927856445,13.259332656860352,12.950883865356445,12.993684768676758
/data/public/EchoSet/test/zsNo4HB9uLZ/0_9_dining_room/4992_7021/mix.wav,15.463018417358398,15.345219612121582,15.00135612487793,14.988534927368164
/data/public/EchoSet/test/zsNo4HB9uLZ/0_9_dining_room/1221_1284/mix.wav,10.825165748596191,10.812728881835938,8.476046562194824,8.525470733642578
/data/public/EchoSet/test/zsNo4HB9uLZ/0_9_dining_room/7127_908/mix.wav,12.340831756591797,12.379385948181152,11.932411193847656,12.021105766296387
/data/public/EchoSet/test/zsNo4HB9uLZ/0_9_dining_room/8463_7021/mix.wav,14.040266036987305,14.158467292785645,13.6942138671875,13.84762954711914
/data/public/EchoSet/test/zsNo4HB9uLZ/0_9_dining_room/2961_8455/mix.wav,11.050203323364258,11.466073036193848,10.437910079956055,10.898669242858887
/data/public/EchoSet/test/zsNo4HB9uLZ/0_11_familyroom_lounge/672_7729/mix.wav,11.970810890197754,11.71261215209961,10.949325561523438,10.796740531921387
/data/public/EchoSet/test/zsNo4HB9uLZ/0_11_familyroom_lounge/4507_237/mix.wav,10.09991455078125,10.519658088684082,9.674541473388672,10.21471118927002
/data/public/EchoSet/test/zsNo4HB9uLZ/0_11_familyroom_lounge/3729_2830/mix.wav,14.763936996459961,14.656793594360352,14.282129287719727,14.443329811096191
/data/public/EchoSet/test/zsNo4HB9uLZ/0_11_familyroom_lounge/8230_1320/mix.wav,9.851363182067871,10.035057067871094,9.269571304321289,9.489754676818848
/data/public/EchoSet/test/zsNo4HB9uLZ/0_11_familyroom_lounge/1580_4446/mix.wav,10.657665252685547,10.730960845947266,10.030638694763184,10.164108276367188
/data/public/EchoSet/test/zsNo4HB9uLZ/0_11_familyroom_lounge/1221_672/mix.wav,10.866531372070312,10.965826988220215,9.29466438293457,9.46315860748291
/data/public/EchoSet/test/zsNo4HB9uLZ/0_11_familyroom_lounge/908_61/mix.wav,10.960070610046387,11.261382102966309,10.503711700439453,10.873773574829102
/data/public/EchoSet/test/zsNo4HB9uLZ/0_11_familyroom_lounge/8455_8463/mix.wav,10.177128791809082,10.51573657989502,9.904762268066406,10.331987380981445
/data/public/EchoSet/test/zsNo4HB9uLZ/0_11_familyroom_lounge/3570_2300/mix.wav,15.513450622558594,15.715961456298828,15.13763427734375,15.42794132232666
/data/public/EchoSet/test/zsNo4HB9uLZ/0_11_familyroom_lounge/3570_1221/mix.wav,12.295625686645508,12.594326972961426,11.376083374023438,11.728204727172852
/data/public/EchoSet/test/zsNo4HB9uLZ/0_11_familyroom_lounge/2830_5105/mix.wav,6.965129375457764,7.3884663581848145,5.8607988357543945,6.375373840332031
/data/public/EchoSet/test/zsNo4HB9uLZ/0_11_familyroom_lounge/2094_3570/mix.wav,13.072431564331055,13.057876586914062,10.470751762390137,10.539009094238281
/data/public/EchoSet/test/zsNo4HB9uLZ/0_11_familyroom_lounge/2961_672/mix.wav,11.874239921569824,11.958333015441895,11.161090850830078,11.301201820373535
/data/public/EchoSet/test/zsNo4HB9uLZ/0_11_familyroom_lounge/1188_2961/mix.wav,10.911123275756836,11.098628044128418,10.295360565185547,10.683788299560547
/data/public/EchoSet/test/zsNo4HB9uLZ/0_11_familyroom_lounge/3575_2094/mix.wav,12.364770889282227,12.481405258178711,11.665532112121582,11.845237731933594
/data/public/EchoSet/test/zsNo4HB9uLZ/0_11_familyroom_lounge/7021_3575/mix.wav,14.773996353149414,14.798013687133789,13.829593658447266,13.891217231750488
/data/public/EchoSet/test/zsNo4HB9uLZ/0_11_familyroom_lounge/2300_2830/mix.wav,8.230036735534668,8.514616966247559,7.612222671508789,7.963263511657715
/data/public/EchoSet/test/zsNo4HB9uLZ/0_11_familyroom_lounge/3575_121/mix.wav,9.831302642822266,10.203699111938477,9.148799896240234,9.592719078063965
/data/public/EchoSet/test/zsNo4HB9uLZ/0_11_familyroom_lounge/8455_1284/mix.wav,13.311086654663086,13.356550216674805,12.511438369750977,12.696473121643066
/data/public/EchoSet/test/zsNo4HB9uLZ/0_11_familyroom_lounge/237_4992/mix.wav,12.645578384399414,12.561498641967773,12.239734649658203,12.372796058654785
/data/public/EchoSet/test/zsNo4HB9uLZ/0_11_familyroom_lounge/4077_1580/mix.wav,11.633927345275879,11.842277526855469,11.264201164245605,11.50712776184082
/data/public/EchoSet/test/zsNo4HB9uLZ/0_11_familyroom_lounge/8224_6930/mix.wav,10.014918327331543,10.074258804321289,7.753706455230713,7.907361030578613
/data/public/EchoSet/test/zsNo4HB9uLZ/0_11_familyroom_lounge/1320_1089/mix.wav,10.501136779785156,10.497244834899902,9.910276412963867,9.962575912475586
/data/public/EchoSet/test/zsNo4HB9uLZ/0_11_familyroom_lounge/8555_4446/mix.wav,13.21890926361084,13.372442245483398,12.687561988830566,12.877606391906738
/data/public/EchoSet/test/zsNo4HB9uLZ/0_11_familyroom_lounge/1320_260/mix.wav,12.754791259765625,12.707777976989746,12.199426651000977,12.204813957214355
/data/public/EchoSet/test/zsNo4HB9uLZ/0_11_familyroom_lounge/3729_5105/mix.wav,9.000687599182129,8.769492149353027,4.909252643585205,4.980315685272217
/data/public/EchoSet/test/zsNo4HB9uLZ/0_11_familyroom_lounge/2830_5683/mix.wav,4.784581184387207,4.846599578857422,2.3928139209747314,2.4988842010498047
/data/public/EchoSet/test/zsNo4HB9uLZ/0_11_familyroom_lounge/4992_2830/mix.wav,10.534793853759766,10.454051971435547,10.160158157348633,10.17043399810791
/data/public/EchoSet/test/zsNo4HB9uLZ/0_11_familyroom_lounge/61_1284/mix.wav,11.788504600524902,12.178579330444336,11.353759765625,11.79708194732666
/data/public/EchoSet/test/zsNo4HB9uLZ/0_11_familyroom_lounge/5142_4077/mix.wav,11.047367095947266,11.174053192138672,10.34329605102539,10.515839576721191
/data/public/EchoSet/test/zsNo4HB9uLZ/0_11_familyroom_lounge/7021_1284/mix.wav,10.68609619140625,10.634038925170898,10.18815803527832,10.322332382202148
/data/public/EchoSet/test/zsNo4HB9uLZ/0_11_familyroom_lounge/1221_6930/mix.wav,9.381240844726562,9.801135063171387,8.800836563110352,9.267938613891602
/data/public/EchoSet/test/zsNo4HB9uLZ/0_11_familyroom_lounge/1995_8555/mix.wav,11.482206344604492,11.649635314941406,10.825361251831055,11.083216667175293
/data/public/EchoSet/test/zsNo4HB9uLZ/0_11_familyroom_lounge/2094_7127/mix.wav,11.794313430786133,12.041572570800781,7.738885402679443,8.023837089538574
/data/public/EchoSet/test/zsNo4HB9uLZ/0_11_familyroom_lounge/3729_4992/mix.wav,8.767191886901855,8.972030639648438,7.719987869262695,8.06125545501709
/data/public/EchoSet/test/zsNo4HB9uLZ/0_11_familyroom_lounge/5105_8455/mix.wav,9.563840866088867,9.757129669189453,8.45859146118164,8.696538925170898
/data/public/EchoSet/test/zsNo4HB9uLZ/0_11_familyroom_lounge/2830_2961/mix.wav,15.17150592803955,15.194000244140625,14.231103897094727,14.347116470336914
/data/public/EchoSet/test/zsNo4HB9uLZ/0_11_familyroom_lounge/5683_2830/mix.wav,13.628437042236328,13.802690505981445,9.938789367675781,10.144376754760742
/data/public/EchoSet/test/zsNo4HB9uLZ/0_11_familyroom_lounge/7021_8555/mix.wav,12.618149757385254,12.642986297607422,11.993549346923828,12.106550216674805
/data/public/EchoSet/test/zsNo4HB9uLZ/0_11_familyroom_lounge/4970_5639/mix.wav,9.61717414855957,10.055712699890137,8.983413696289062,9.515408515930176
/data/public/EchoSet/test/zsNo4HB9uLZ/0_11_familyroom_lounge/61_237/mix.wav,13.240987777709961,13.236539840698242,12.591147422790527,12.621312141418457
/data/public/EchoSet/test/zsNo4HB9uLZ/0_11_familyroom_lounge/2300_1188/mix.wav,14.319047927856445,14.310345649719238,13.626974105834961,13.655052185058594
/data/public/EchoSet/test/zsNo4HB9uLZ/0_11_familyroom_lounge/7127_8555/mix.wav,9.370763778686523,9.510906219482422,8.64236831665039,8.932680130004883
/data/public/EchoSet/test/zsNo4HB9uLZ/0_11_familyroom_lounge/672_1089/mix.wav,8.464031219482422,8.388922691345215,7.494254112243652,7.5224151611328125
/data/public/EchoSet/test/zsNo4HB9uLZ/0_11_familyroom_lounge/5142_7729/mix.wav,14.230817794799805,14.192665100097656,13.548981666564941,13.558296203613281
/data/public/EchoSet/test/zsNo4HB9uLZ/0_11_familyroom_lounge/7127_8230/mix.wav,10.504217147827148,10.596179962158203,9.468660354614258,9.597213745117188
/data/public/EchoSet/test/zsNo4HB9uLZ/0_11_familyroom_lounge/260_672/mix.wav,7.749908447265625,8.123846054077148,6.941889762878418,7.389286518096924
/data/public/EchoSet/test/zsNo4HB9uLZ/0_11_familyroom_lounge/4970_8224/mix.wav,13.013328552246094,12.68422794342041,12.120341300964355,11.878377914428711
/data/public/EchoSet/test/zsNo4HB9uLZ/0_11_familyroom_lounge/908_2300/mix.wav,10.21255874633789,10.442380905151367,9.537066459655762,9.844253540039062
/data/public/EchoSet/test/zsNo4HB9uLZ/0_11_familyroom_lounge/8224_4992/mix.wav,10.979007720947266,10.974954605102539,9.961259841918945,10.007631301879883
/data/public/EchoSet/test/zsNo4HB9uLZ/0_11_familyroom_lounge/4970_7021/mix.wav,15.13937759399414,15.140409469604492,14.826558113098145,14.843441009521484
/data/public/EchoSet/test/zsNo4HB9uLZ/0_11_familyroom_lounge/4507_1995/mix.wav,9.340483665466309,9.441788673400879,8.99952220916748,9.276742935180664
/data/public/EchoSet/test/zsNo4HB9uLZ/0_11_familyroom_lounge/5639_1995/mix.wav,13.413764953613281,13.48391342163086,13.034408569335938,13.125547409057617
/data/public/EchoSet/test/zsNo4HB9uLZ/0_11_familyroom_lounge/260_1320/mix.wav,8.86093807220459,8.955623626708984,8.183316230773926,8.404230117797852
/data/public/EchoSet/test/zsNo4HB9uLZ/0_11_familyroom_lounge/4970_8555/mix.wav,12.455942153930664,12.541574478149414,12.08375358581543,12.208271980285645
/data/public/EchoSet/test/zsNo4HB9uLZ/0_11_familyroom_lounge/4446_6829/mix.wav,11.82185173034668,11.981904983520508,10.879974365234375,11.068657875061035
/data/public/EchoSet/test/zsNo4HB9uLZ/0_11_familyroom_lounge/1089_3729/mix.wav,12.504453659057617,12.478837013244629,12.090347290039062,12.12697982788086
/data/public/EchoSet/test/zsNo4HB9uLZ/0_11_familyroom_lounge/7176_5105/mix.wav,11.553466796875,11.618020057678223,10.967010498046875,11.085651397705078
/data/public/EchoSet/test/zsNo4HB9uLZ/0_11_familyroom_lounge/8230_672/mix.wav,12.110051155090332,12.248254776000977,10.779603958129883,10.937106132507324
/data/public/EchoSet/test/zsNo4HB9uLZ/0_11_familyroom_lounge/1188_4446/mix.wav,10.47261905670166,10.738314628601074,9.245247840881348,9.710249900817871
/data/public/EchoSet/test/zsNo4HB9uLZ/0_11_familyroom_lounge/908_260/mix.wav,8.564675331115723,9.031821250915527,8.067654609680176,8.583842277526855
/data/public/EchoSet/test/zsNo4HB9uLZ/0_11_familyroom_lounge/1580_5683/mix.wav,10.55096435546875,10.553449630737305,9.491039276123047,9.544734954833984
/data/public/EchoSet/test/zsNo4HB9uLZ/0_11_familyroom_lounge/237_1995/mix.wav,14.280977249145508,14.639223098754883,13.843318939208984,14.214749336242676
/data/public/EchoSet/test/zsNo4HB9uLZ/0_11_familyroom_lounge/2961_121/mix.wav,14.942935943603516,14.937938690185547,14.493396759033203,14.522113800048828
/data/public/EchoSet/test/zsNo4HB9uLZ/0_11_familyroom_lounge/3729_7176/mix.wav,12.208675384521484,12.245235443115234,11.653875350952148,11.776519775390625
/data/public/EchoSet/test/zsNo4HB9uLZ/0_11_familyroom_lounge/1320_4970/mix.wav,14.085393905639648,14.077741622924805,13.634507179260254,13.760069847106934
/data/public/EchoSet/test/zsNo4HB9uLZ/0_11_familyroom_lounge/121_1188/mix.wav,13.835391998291016,14.02694320678711,12.930041313171387,13.179855346679688
/data/public/EchoSet/test/zsNo4HB9uLZ/0_11_familyroom_lounge/8463_6930/mix.wav,11.637784957885742,11.61685562133789,10.875263214111328,10.913620948791504
/data/public/EchoSet/test/zsNo4HB9uLZ/0_11_familyroom_lounge/8555_4507/mix.wav,12.619607925415039,12.357063293457031,12.357162475585938,12.175518989562988
/data/public/EchoSet/test/zsNo4HB9uLZ/0_11_familyroom_lounge/1089_8230/mix.wav,12.613971710205078,12.870223999023438,12.12253189086914,12.418998718261719
/data/public/EchoSet/test/zsNo4HB9uLZ/0_11_familyroom_lounge/121_8463/mix.wav,9.599455833435059,9.841585159301758,9.092084884643555,9.376442909240723
/data/public/EchoSet/test/zsNo4HB9uLZ/0_11_familyroom_lounge/8224_7021/mix.wav,12.320173263549805,12.380486488342285,11.665701866149902,11.795063018798828
/data/public/EchoSet/test/zsNo4HB9uLZ/0_11_familyroom_lounge/7176_4077/mix.wav,8.098443031311035,8.19853687286377,7.13675594329834,7.267387390136719
/data/public/EchoSet/test/zsNo4HB9uLZ/0_11_familyroom_lounge/4970_4992/mix.wav,11.86194133758545,11.912538528442383,11.29893684387207,11.408710479736328
/data/public/EchoSet/test/zsNo4HB9uLZ/0_11_familyroom_lounge/7127_5683/mix.wav,12.435763359069824,12.62775993347168,11.733489990234375,11.972064018249512
/data/public/EchoSet/test/zsNo4HB9uLZ/0_11_familyroom_lounge/5142_6829/mix.wav,12.373492240905762,12.351566314697266,11.794538497924805,11.830266952514648
/data/public/EchoSet/test/zsNo4HB9uLZ/0_11_familyroom_lounge/1995_1580/mix.wav,13.53557014465332,13.769527435302734,13.116436958312988,13.414661407470703
/data/public/EchoSet/test/zsNo4HB9uLZ/0_11_familyroom_lounge/5142_1188/mix.wav,14.541189193725586,14.553977012634277,13.494604110717773,13.561319351196289
/data/public/EchoSet/test/zsNo4HB9uLZ/0_11_familyroom_lounge/3570_6930/mix.wav,13.728164672851562,13.886329650878906,12.17579460144043,12.370879173278809
/data/public/EchoSet/test/zsNo4HB9uLZ/0_11_familyroom_lounge/5639_3575/mix.wav,14.562703132629395,14.614211082458496,14.194808959960938,14.267058372497559
/data/public/EchoSet/test/zsNo4HB9uLZ/0_11_familyroom_lounge/4970_5105/mix.wav,14.320980072021484,14.26020622253418,13.834176063537598,13.844114303588867
/data/public/EchoSet/test/zsNo4HB9uLZ/0_11_familyroom_lounge/2300_7729/mix.wav,11.566479682922363,11.179058074951172,10.752206802368164,10.5308837890625
/data/public/EchoSet/test/zsNo4HB9uLZ/0_11_familyroom_lounge/4077_8230/mix.wav,8.276885986328125,8.402366638183594,7.064293384552002,7.302737236022949
/data/public/EchoSet/test/zsNo4HB9uLZ/0_11_familyroom_lounge/7176_61/mix.wav,12.284628868103027,12.383097648620605,11.947399139404297,12.077341079711914
/data/public/EchoSet/test/zsNo4HB9uLZ/0_11_familyroom_lounge/4507_1284/mix.wav,10.375225067138672,9.967435836791992,9.814912796020508,9.715264320373535
/data/public/EchoSet/test/zsNo4HB9uLZ/0_11_familyroom_lounge/1995_7176/mix.wav,12.050765991210938,12.342947959899902,11.692495346069336,12.024520874023438
/data/public/EchoSet/test/zsNo4HB9uLZ/0_11_familyroom_lounge/6930_4446/mix.wav,6.717159271240234,6.64820671081543,5.959895133972168,5.935664176940918
/data/public/EchoSet/test/zsNo4HB9uLZ/0_11_familyroom_lounge/908_2961/mix.wav,10.728721618652344,11.254777908325195,10.44544506072998,11.015971183776855
/data/public/EchoSet/test/zsNo4HB9uLZ/0_11_familyroom_lounge/3570_121/mix.wav,12.531648635864258,12.695013999938965,12.026972770690918,12.228042602539062
/data/public/EchoSet/test/zsNo4HB9uLZ/0_11_familyroom_lounge/3729_1284/mix.wav,10.112586975097656,10.139015197753906,9.60295581817627,9.676270484924316
/data/public/EchoSet/test/zsNo4HB9uLZ/0_11_familyroom_lounge/260_1284/mix.wav,12.301681518554688,12.438924789428711,11.457479476928711,11.625712394714355
/data/public/EchoSet/test/zsNo4HB9uLZ/0_11_familyroom_lounge/1580_8230/mix.wav,15.434133529663086,15.386311531066895,14.766725540161133,14.786260604858398
/data/public/EchoSet/test/zsNo4HB9uLZ/0_11_familyroom_lounge/4992_8463/mix.wav,11.934947967529297,12.262861251831055,11.602485656738281,11.976841926574707
/data/public/EchoSet/test/zsNo4HB9uLZ/0_11_familyroom_lounge/3575_5683/mix.wav,11.940866470336914,12.155876159667969,10.99436092376709,11.28302001953125
/data/public/EchoSet/test/zsNo4HB9uLZ/0_11_familyroom_lounge/908_4507/mix.wav,11.19842529296875,11.381986618041992,10.455327987670898,10.845149040222168
/data/public/EchoSet/test/zsNo4HB9uLZ/0_11_familyroom_lounge/1284_1580/mix.wav,12.859367370605469,13.127276420593262,12.38146686553955,12.755990982055664
/data/public/EchoSet/test/zsNo4HB9uLZ/0_11_familyroom_lounge/6829_1089/mix.wav,10.779753684997559,11.070784568786621,10.57708740234375,10.909704208374023
/data/public/EchoSet/test/zsNo4HB9uLZ/0_11_familyroom_lounge/2094_8230/mix.wav,13.117332458496094,13.124101638793945,12.455743789672852,12.504461288452148
/data/public/EchoSet/test/zsNo4HB9uLZ/0_11_familyroom_lounge/237_2094/mix.wav,11.626047134399414,11.824458122253418,11.081207275390625,11.334554672241211
/data/public/EchoSet/test/zsNo4HB9uLZ/0_11_familyroom_lounge/3570_7176/mix.wav,11.897136688232422,12.059367179870605,11.466279983520508,11.690620422363281
/data/public/EchoSet/test/zsNo4HB9uLZ/0_11_familyroom_lounge/908_5105/mix.wav,10.55265998840332,10.74094009399414,10.04726791381836,10.40044116973877
/data/public/EchoSet/test/zsNo4HB9uLZ/0_11_familyroom_lounge/8224_1221/mix.wav,12.003129959106445,12.01788330078125,8.793411254882812,8.962478637695312
/data/public/EchoSet/test/zsNo4HB9uLZ/0_11_familyroom_lounge/121_7729/mix.wav,14.423747062683105,14.492687225341797,14.07904052734375,14.178851127624512
/data/public/EchoSet/test/zsNo4HB9uLZ/0_11_familyroom_lounge/5639_260/mix.wav,10.898653030395508,11.087579727172852,10.256189346313477,10.535062789916992
/data/public/EchoSet/test/zsNo4HB9uLZ/0_11_familyroom_lounge/2300_8455/mix.wav,10.693413734436035,11.342265129089355,10.238702774047852,10.93043327331543
/data/public/EchoSet/test/zsNo4HB9uLZ/0_11_familyroom_lounge/3575_3570/mix.wav,11.644509315490723,11.694877624511719,10.679384231567383,10.79201889038086
/data/public/EchoSet/test/zsNo4HB9uLZ/0_11_familyroom_lounge/121_1221/mix.wav,10.417903900146484,10.756999015808105,9.8360595703125,10.210474967956543
/data/public/EchoSet/test/zsNo4HB9uLZ/0_11_familyroom_lounge/61_7127/mix.wav,11.576869010925293,11.789426803588867,11.308222770690918,11.563998222351074
/data/public/EchoSet/test/zsNo4HB9uLZ/0_11_familyroom_lounge/4992_5639/mix.wav,13.473795890808105,13.528433799743652,12.751434326171875,12.847976684570312
/data/public/EchoSet/test/zsNo4HB9uLZ/0_11_familyroom_lounge/237_1221/mix.wav,11.147760391235352,11.327338218688965,10.534069061279297,10.75202751159668
/data/public/EchoSet/test/zsNo4HB9uLZ/0_11_familyroom_lounge/8224_2094/mix.wav,9.860740661621094,9.560050964355469,7.634992599487305,7.409998416900635
/data/public/EchoSet/test/zsNo4HB9uLZ/0_11_familyroom_lounge/4446_2300/mix.wav,11.354476928710938,11.423539161682129,10.147050857543945,10.256451606750488
/data/public/EchoSet/test/zsNo4HB9uLZ/0_11_familyroom_lounge/2961_1089/mix.wav,9.71249771118164,9.727557182312012,9.084165573120117,9.244332313537598
/data/public/EchoSet/test/zsNo4HB9uLZ/0_11_familyroom_lounge/2961_8455/mix.wav,13.602375984191895,13.745437622070312,13.13284683227539,13.373128890991211
/data/public/EchoSet/test/zsNo4HB9uLZ/0_11_familyroom_lounge/7127_6930/mix.wav,10.838878631591797,10.865606307983398,10.238469123840332,10.388158798217773
/data/public/EchoSet/test/zsNo4HB9uLZ/0_11_familyroom_lounge/1320_5683/mix.wav,11.877802848815918,12.2322359085083,11.25286865234375,11.626270294189453
/data/public/EchoSet/test/zsNo4HB9uLZ/0_11_familyroom_lounge/260_8555/mix.wav,13.594954490661621,13.732240676879883,13.205005645751953,13.379782676696777
/data/public/EchoSet/test/zsNo4HB9uLZ/0_11_familyroom_lounge/5683_8455/mix.wav,11.507381439208984,11.806164741516113,10.590482711791992,10.983248710632324
/data/public/EchoSet/test/zsNo4HB9uLZ/0_11_familyroom_lounge/7729_4077/mix.wav,11.58272933959961,11.742565155029297,11.213882446289062,11.445706367492676
/data/public/EchoSet/test/zsNo4HB9uLZ/0_11_familyroom_lounge/4077_8463/mix.wav,13.681985855102539,13.69424057006836,12.911842346191406,12.97606372833252
/data/public/EchoSet/test/zsNo4HB9uLZ/0_11_familyroom_lounge/908_6829/mix.wav,14.413854598999023,14.302717208862305,14.124299049377441,14.05021858215332
/data/public/EchoSet/test/zsNo4HB9uLZ/0_11_familyroom_lounge/1221_237/mix.wav,10.331120491027832,10.894034385681152,9.661312103271484,10.295947074890137
/data/public/EchoSet/test/zsNo4HB9uLZ/0_11_familyroom_lounge/1188_8455/mix.wav,11.360332489013672,11.383502960205078,10.111333847045898,10.180500984191895
/data/public/EchoSet/test/zsNo4HB9uLZ/0_11_familyroom_lounge/1089_672/mix.wav,9.255311965942383,10.082489967346191,7.4957170486450195,8.36965560913086
/data/public/EchoSet/test/zsNo4HB9uLZ/0_11_familyroom_lounge/3729_8224/mix.wav,13.727373123168945,13.763387680053711,13.152251243591309,13.25905704498291
/data/public/EchoSet/test/zsNo4HB9uLZ/0_11_familyroom_lounge/5639_4077/mix.wav,13.035731315612793,13.097821235656738,12.492103576660156,12.63254451751709
/data/public/EchoSet/test/zsNo4HB9uLZ/0_11_familyroom_lounge/1320_4507/mix.wav,13.735306739807129,13.889471054077148,13.408342361450195,13.618249893188477
/data/public/EchoSet/test/zsNo4HB9uLZ/0_11_familyroom_lounge/61_1580/mix.wav,13.248414993286133,13.19088363647461,12.290596008300781,12.317277908325195
/data/public/EchoSet/test/zsNo4HB9uLZ/0_11_familyroom_lounge/7176_7729/mix.wav,11.285676956176758,11.289924621582031,10.746410369873047,10.882621765136719
/data/public/EchoSet/test/zsNo4HB9uLZ/0_11_familyroom_lounge/5105_4507/mix.wav,13.511667251586914,12.244338989257812,12.774419784545898,12.42542552947998
/data/public/EchoSet/test/zsNo4HB9uLZ/0_11_familyroom_lounge/7021_6829/mix.wav,11.59666633605957,11.798786163330078,10.809130668640137,11.084238052368164
/data/public/EchoSet/test/zsNo4HB9uLZ/0_11_familyroom_lounge/2094_8463/mix.wav,14.829004287719727,14.875298500061035,14.287797927856445,14.363678932189941
/data/public/EchoSet/test/zsNo4HB9uLZ/0_11_familyroom_lounge/3575_6930/mix.wav,10.819400787353516,11.141773223876953,9.954974174499512,10.333891868591309
/data/public/EchoSet/test/zsNo4HB9uLZ/0_11_familyroom_lounge/8463_5142/mix.wav,13.010788917541504,13.248730659484863,12.646648406982422,12.897284507751465
/data/public/EchoSet/test/PuKPg4mmafe/0_4_dining_room/1580_8230/mix.wav,11.582481384277344,11.6168851852417,11.029918670654297,11.106683731079102
/data/public/EchoSet/test/PuKPg4mmafe/0_4_dining_room/6930_7127/mix.wav,10.825386047363281,10.885191917419434,10.050975799560547,10.139015197753906
/data/public/EchoSet/test/PuKPg4mmafe/0_4_dining_room/3729_2094/mix.wav,13.597906112670898,13.711790084838867,13.25566291809082,13.421096801757812
/data/public/EchoSet/test/PuKPg4mmafe/0_4_dining_room/5105_7176/mix.wav,12.03017807006836,12.195788383483887,11.544336318969727,11.743635177612305
/data/public/EchoSet/test/PuKPg4mmafe/0_4_dining_room/1580_4077/mix.wav,14.20944595336914,14.334145545959473,13.630975723266602,13.827360153198242
/data/public/EchoSet/test/PuKPg4mmafe/0_4_dining_room/5105_1580/mix.wav,9.994558334350586,10.108760833740234,9.369495391845703,9.555718421936035
/data/public/EchoSet/test/PuKPg4mmafe/0_4_dining_room/8463_672/mix.wav,16.498184204101562,16.609092712402344,16.18563461303711,16.308565139770508
/data/public/EchoSet/test/PuKPg4mmafe/0_4_dining_room/8224_1089/mix.wav,13.251632690429688,13.255012512207031,12.595998764038086,12.646758079528809
/data/public/EchoSet/test/PuKPg4mmafe/0_4_dining_room/237_2961/mix.wav,12.275859832763672,12.260076522827148,11.825197219848633,11.878885269165039
/data/public/EchoSet/test/PuKPg4mmafe/0_4_dining_room/6930_3570/mix.wav,14.89961051940918,15.151185035705566,14.124074935913086,14.412505149841309
/data/public/EchoSet/test/PuKPg4mmafe/0_4_dining_room/1284_6930/mix.wav,12.641193389892578,12.62765121459961,11.016082763671875,11.087854385375977
/data/public/EchoSet/test/PuKPg4mmafe/0_4_dining_room/4507_237/mix.wav,10.428871154785156,10.700069427490234,9.793928146362305,10.185670852661133
/data/public/EchoSet/test/PuKPg4mmafe/0_4_dining_room/2094_5639/mix.wav,18.899383544921875,18.956985473632812,18.685821533203125,18.760540008544922
/data/public/EchoSet/test/PuKPg4mmafe/0_4_dining_room/1284_260/mix.wav,12.174246788024902,12.658931732177734,11.025384902954102,11.552093505859375
/data/public/EchoSet/test/PuKPg4mmafe/0_4_dining_room/2300_4970/mix.wav,13.005317687988281,13.164782524108887,12.666013717651367,12.858561515808105
/data/public/EchoSet/test/PuKPg4mmafe/0_4_dining_room/3570_908/mix.wav,11.187002182006836,11.416275978088379,10.503005981445312,10.7966947555542
/data/public/EchoSet/test/PuKPg4mmafe/0_4_dining_room/672_4970/mix.wav,15.64804458618164,15.684062957763672,15.125049591064453,15.182254791259766
/data/public/EchoSet/test/PuKPg4mmafe/0_4_dining_room/5683_7729/mix.wav,15.065507888793945,15.212287902832031,14.576579093933105,14.746160507202148
/data/public/EchoSet/test/PuKPg4mmafe/0_4_dining_room/1221_8455/mix.wav,9.579492568969727,10.08747386932373,8.858976364135742,9.480698585510254
/data/public/EchoSet/test/PuKPg4mmafe/0_4_dining_room/7729_8463/mix.wav,10.704894065856934,10.90889835357666,10.118621826171875,10.370942115783691
/data/public/EchoSet/test/PuKPg4mmafe/0_4_dining_room/4970_260/mix.wav,14.710345268249512,14.796842575073242,14.320600509643555,14.427713394165039
/data/public/EchoSet/test/PuKPg4mmafe/0_4_dining_room/8230_5142/mix.wav,14.730953216552734,14.7470121383667,14.211355209350586,14.286540031433105
/data/public/EchoSet/test/PuKPg4mmafe/0_4_dining_room/1320_7127/mix.wav,9.511194229125977,9.53557300567627,8.792531967163086,8.924895286560059
/data/public/EchoSet/test/PuKPg4mmafe/0_4_dining_room/2300_3575/mix.wav,13.358410835266113,13.4710693359375,12.835321426391602,12.981149673461914
/data/public/EchoSet/test/PuKPg4mmafe/0_4_dining_room/8463_7729/mix.wav,11.505919456481934,11.423812866210938,11.12254810333252,11.10289192199707
/data/public/EchoSet/test/PuKPg4mmafe/0_4_dining_room/1580_260/mix.wav,14.836822509765625,14.845232009887695,14.135456085205078,14.217992782592773
/data/public/EchoSet/test/PuKPg4mmafe/0_4_dining_room/5683_8555/mix.wav,9.482812881469727,9.682634353637695,9.017827987670898,9.285898208618164
/data/public/EchoSet/test/PuKPg4mmafe/0_4_dining_room/8455_6829/mix.wav,11.548465728759766,11.579530715942383,11.086505889892578,11.144662857055664
/data/public/EchoSet/test/PuKPg4mmafe/0_4_dining_room/7176_3575/mix.wav,10.122299194335938,10.540358543395996,9.692353248596191,10.19564437866211
/data/public/EchoSet/test/PuKPg4mmafe/0_4_dining_room/6829_2094/mix.wav,13.880643844604492,14.023492813110352,13.354601860046387,13.530702590942383
/data/public/EchoSet/test/PuKPg4mmafe/0_4_dining_room/4077_2094/mix.wav,12.41705322265625,12.376725196838379,10.30633544921875,10.322993278503418
/data/public/EchoSet/test/PuKPg4mmafe/0_4_dining_room/3570_4507/mix.wav,12.487268447875977,12.61324691772461,11.859147071838379,12.09417724609375
/data/public/EchoSet/test/PuKPg4mmafe/0_4_dining_room/2830_8230/mix.wav,11.895529747009277,11.888562202453613,11.002887725830078,11.064826011657715
/data/public/EchoSet/test/PuKPg4mmafe/0_4_dining_room/260_6829/mix.wav,11.915386199951172,12.142962455749512,11.61963939666748,11.872568130493164
/data/public/EchoSet/test/PuKPg4mmafe/0_4_dining_room/5683_2300/mix.wav,12.983114242553711,13.052345275878906,12.104351043701172,12.202320098876953
/data/public/EchoSet/test/PuKPg4mmafe/0_4_dining_room/1320_4507/mix.wav,13.034318923950195,13.198676109313965,12.649626731872559,12.843690872192383
/data/public/EchoSet/test/PuKPg4mmafe/0_4_dining_room/2300_5142/mix.wav,14.443037033081055,14.447897911071777,13.673572540283203,13.713544845581055
/data/public/EchoSet/test/PuKPg4mmafe/0_4_dining_room/4077_3575/mix.wav,11.517749786376953,11.822991371154785,11.01481819152832,11.391467094421387
/data/public/EchoSet/test/PuKPg4mmafe/0_4_dining_room/7021_4446/mix.wav,10.800466537475586,10.623979568481445,10.224345207214355,10.16776180267334
/data/public/EchoSet/test/PuKPg4mmafe/0_4_dining_room/7021_1995/mix.wav,2.455758810043335,2.3844897747039795,1.3731759786605835,1.4336129426956177
/data/public/EchoSet/test/PuKPg4mmafe/0_4_dining_room/8455_3570/mix.wav,11.128968238830566,11.49312973022461,10.526054382324219,10.945566177368164
/data/public/EchoSet/test/PuKPg4mmafe/0_4_dining_room/3729_5639/mix.wav,14.577381134033203,14.736124992370605,14.343391418457031,14.547642707824707
/data/public/EchoSet/test/PuKPg4mmafe/0_4_dining_room/8230_2094/mix.wav,10.362188339233398,10.8860502243042,9.724883079528809,10.269314765930176
/data/public/EchoSet/test/PuKPg4mmafe/0_4_dining_room/237_4446/mix.wav,12.523427963256836,12.478814125061035,11.828193664550781,11.841619491577148
/data/public/EchoSet/test/PuKPg4mmafe/0_4_dining_room/2961_5142/mix.wav,12.777253150939941,12.749361991882324,12.484432220458984,12.50451374053955
/data/public/EchoSet/test/PuKPg4mmafe/0_4_dining_room/4507_5142/mix.wav,15.405768394470215,15.339736938476562,14.808897972106934,14.805609703063965
/data/public/EchoSet/test/PuKPg4mmafe/0_4_dining_room/61_1221/mix.wav,11.304168701171875,11.291536331176758,10.386585235595703,10.436067581176758
/data/public/EchoSet/test/PuKPg4mmafe/0_4_dining_room/7021_6829/mix.wav,14.087764739990234,14.142443656921387,13.409517288208008,13.534339904785156
/data/public/EchoSet/test/PuKPg4mmafe/0_4_dining_room/5683_61/mix.wav,12.746011734008789,13.002510070800781,12.054842948913574,12.390390396118164
/data/public/EchoSet/test/PuKPg4mmafe/0_4_dining_room/7729_237/mix.wav,12.444297790527344,12.499002456665039,11.82676887512207,11.924010276794434
/data/public/EchoSet/test/PuKPg4mmafe/0_4_dining_room/672_8555/mix.wav,13.79776382446289,13.777101516723633,13.105067253112793,13.16838264465332
/data/public/EchoSet/test/PuKPg4mmafe/0_4_dining_room/7176_1284/mix.wav,10.590864181518555,10.715481758117676,10.054610252380371,10.247233390808105
/data/public/EchoSet/test/PuKPg4mmafe/0_4_dining_room/8555_1284/mix.wav,11.206623077392578,10.970338821411133,10.698777198791504,10.534122467041016
/data/public/EchoSet/test/PuKPg4mmafe/0_4_dining_room/6930_2830/mix.wav,7.542083740234375,7.621906757354736,5.861245155334473,6.038459300994873
/data/public/EchoSet/test/PuKPg4mmafe/0_4_dining_room/5105_121/mix.wav,10.678674697875977,10.618417739868164,10.276756286621094,10.272285461425781
/data/public/EchoSet/test/PuKPg4mmafe/0_4_dining_room/121_1320/mix.wav,15.164278030395508,15.056121826171875,14.83139419555664,14.826313018798828
/data/public/EchoSet/test/PuKPg4mmafe/0_4_dining_room/3570_2830/mix.wav,13.322972297668457,13.421711921691895,10.116063117980957,10.90846061706543
/data/public/EchoSet/test/PuKPg4mmafe/0_4_dining_room/2830_260/mix.wav,11.874269485473633,11.9931640625,11.324645042419434,11.492273330688477
/data/public/EchoSet/test/PuKPg4mmafe/0_4_dining_room/908_4077/mix.wav,12.219369888305664,12.246496200561523,11.739940643310547,11.796256065368652
/data/public/EchoSet/test/PuKPg4mmafe/0_4_dining_room/6829_121/mix.wav,12.486940383911133,12.48181438446045,12.07476806640625,12.116727828979492
/data/public/EchoSet/test/PuKPg4mmafe/0_4_dining_room/1089_4446/mix.wav,11.716564178466797,11.982194900512695,11.418907165527344,11.758307456970215
/data/public/EchoSet/test/PuKPg4mmafe/0_4_dining_room/1089_6829/mix.wav,11.123245239257812,11.106613159179688,10.482398986816406,10.58421802520752
/data/public/EchoSet/test/PuKPg4mmafe/0_4_dining_room/3729_8555/mix.wav,8.993346214294434,8.825464248657227,8.426322937011719,8.469611167907715
/data/public/EchoSet/test/PuKPg4mmafe/0_4_dining_room/1221_7729/mix.wav,10.651132583618164,10.7874116897583,10.033459663391113,10.249652862548828
/data/public/EchoSet/test/PuKPg4mmafe/0_4_dining_room/8463_8224/mix.wav,12.217662811279297,12.240306854248047,11.156496047973633,11.244888305664062
/data/public/EchoSet/test/PuKPg4mmafe/0_4_dining_room/8463_5683/mix.wav,12.227356910705566,12.313284873962402,11.825817108154297,11.954928398132324
/data/public/EchoSet/test/PuKPg4mmafe/0_4_dining_room/3570_8455/mix.wav,11.365472793579102,11.40864372253418,10.548195838928223,10.658092498779297
/data/public/EchoSet/test/PuKPg4mmafe/0_4_dining_room/2300_2830/mix.wav,12.283029556274414,12.336833953857422,11.871543884277344,11.937275886535645
/data/public/EchoSet/test/PuKPg4mmafe/0_4_dining_room/7127_908/mix.wav,11.523715019226074,11.27156925201416,10.383304595947266,10.278159141540527
/data/public/EchoSet/test/PuKPg4mmafe/0_4_dining_room/6829_1995/mix.wav,12.016980171203613,11.786778450012207,11.625896453857422,11.506143569946289
/data/public/EchoSet/test/PuKPg4mmafe/0_4_dining_room/2300_5683/mix.wav,12.76626968383789,12.88114070892334,12.050962448120117,12.213730812072754
/data/public/EchoSet/test/PuKPg4mmafe/0_4_dining_room/8555_4446/mix.wav,11.519877433776855,11.740435600280762,10.537748336791992,10.828907012939453
/data/public/EchoSet/test/PuKPg4mmafe/0_4_dining_room/8224_7127/mix.wav,9.262451171875,9.355400085449219,7.870129108428955,8.029610633850098
/data/public/EchoSet/test/PuKPg4mmafe/0_4_dining_room/8230_6829/mix.wav,9.686140060424805,10.09364128112793,9.267966270446777,9.707258224487305
/data/public/EchoSet/test/PuKPg4mmafe/0_4_dining_room/8230_1188/mix.wav,10.219112396240234,10.200664520263672,9.412397384643555,9.478625297546387
/data/public/EchoSet/test/PuKPg4mmafe/0_4_dining_room/1188_4992/mix.wav,11.385382652282715,11.817011833190918,9.821868896484375,10.322930335998535
/data/public/EchoSet/test/PuKPg4mmafe/0_4_dining_room/3729_4992/mix.wav,8.749502182006836,8.659343719482422,8.165361404418945,8.153850555419922
/data/public/EchoSet/test/PuKPg4mmafe/0_4_dining_room/121_1284/mix.wav,11.077507019042969,11.02821159362793,10.242671966552734,10.283574104309082
/data/public/EchoSet/test/PuKPg4mmafe/0_4_dining_room/237_8463/mix.wav,9.968169212341309,9.899117469787598,9.440269470214844,9.439468383789062
/data/public/EchoSet/test/PuKPg4mmafe/0_4_dining_room/1995_1089/mix.wav,11.96170425415039,12.265264511108398,11.544641494750977,11.90621280670166
/data/public/EchoSet/test/PuKPg4mmafe/0_4_dining_room/4992_5105/mix.wav,11.522616386413574,12.11796760559082,10.773791313171387,11.391155242919922
/data/public/EchoSet/test/PuKPg4mmafe/0_4_dining_room/1188_2830/mix.wav,10.504545211791992,10.52195930480957,10.019283294677734,10.145171165466309
/data/public/EchoSet/test/PuKPg4mmafe/0_4_dining_room/1995_8455/mix.wav,12.451544761657715,12.595292091369629,12.058271408081055,12.255581855773926
/data/public/EchoSet/test/PuKPg4mmafe/0_4_dining_room/4992_61/mix.wav,10.627960205078125,10.609821319580078,9.837898254394531,9.883849143981934
/data/public/EchoSet/test/PuKPg4mmafe/0_4_dining_room/4507_5105/mix.wav,12.616252899169922,12.70096206665039,11.975301742553711,12.130720138549805
/data/public/EchoSet/test/PuKPg4mmafe/0_4_dining_room/4077_6930/mix.wav,5.195658206939697,5.500677108764648,1.6897752285003662,2.0463707447052
/data/public/EchoSet/test/PuKPg4mmafe/0_4_dining_room/5639_4992/mix.wav,9.064577102661133,8.973396301269531,8.163211822509766,8.187536239624023
/data/public/EchoSet/test/PuKPg4mmafe/0_4_dining_room/8555_121/mix.wav,11.484684944152832,11.457453727722168,10.88459300994873,10.937051773071289
/data/public/EchoSet/test/PuKPg4mmafe/0_4_dining_room/1580_1188/mix.wav,14.55114459991455,14.790510177612305,14.173219680786133,14.443232536315918
/data/public/EchoSet/test/PuKPg4mmafe/0_4_dining_room/5105_1221/mix.wav,11.009160995483398,10.950796127319336,9.797737121582031,9.803537368774414
/data/public/EchoSet/test/PuKPg4mmafe/0_4_dining_room/908_2830/mix.wav,9.175644874572754,8.685705184936523,6.340569019317627,6.168944835662842
/data/public/EchoSet/test/PuKPg4mmafe/0_4_dining_room/5683_672/mix.wav,12.65335464477539,12.654539108276367,11.051187515258789,11.206886291503906
/data/public/EchoSet/test/PuKPg4mmafe/0_4_dining_room/1089_7729/mix.wav,8.590679168701172,9.184059143066406,8.135632514953613,8.779304504394531
/data/public/EchoSet/test/PuKPg4mmafe/0_4_dining_room/4970_2094/mix.wav,-1.0744699239730835,-0.8546267747879028,-2.0160160064697266,-1.7362983226776123
/data/public/EchoSet/test/PuKPg4mmafe/0_4_dining_room/8224_7176/mix.wav,6.446133136749268,6.70765495300293,5.511437892913818,5.902766227722168
/data/public/EchoSet/test/PuKPg4mmafe/0_4_dining_room/8463_61/mix.wav,14.665121078491211,14.722986221313477,13.601791381835938,13.673057556152344
/data/public/EchoSet/test/PuKPg4mmafe/0_4_dining_room/1221_1995/mix.wav,12.672760009765625,12.846441268920898,12.27341079711914,12.493278503417969
/data/public/EchoSet/test/PuKPg4mmafe/0_4_dining_room/1284_8555/mix.wav,11.858200073242188,12.084193229675293,10.995698928833008,11.255759239196777
/data/public/EchoSet/test/PuKPg4mmafe/0_4_dining_room/1089_1284/mix.wav,14.122817993164062,14.294893264770508,13.259031295776367,13.448697090148926
/data/public/EchoSet/test/PuKPg4mmafe/0_4_dining_room/3729_260/mix.wav,10.20365047454834,10.770061492919922,9.697380065917969,10.359850883483887
/data/public/EchoSet/test/PuKPg4mmafe/0_4_dining_room/1188_672/mix.wav,14.166587829589844,14.171954154968262,13.554707527160645,13.609095573425293
/data/public/EchoSet/test/PuKPg4mmafe/0_4_dining_room/1320_1221/mix.wav,12.731155395507812,12.587100982666016,12.045440673828125,12.02469253540039
/data/public/EchoSet/test/PuKPg4mmafe/0_4_dining_room/3575_2300/mix.wav,10.496463775634766,10.551243782043457,9.665321350097656,9.787013053894043
/data/public/EchoSet/test/PuKPg4mmafe/0_4_dining_room/5683_121/mix.wav,14.760904312133789,14.894325256347656,13.863341331481934,14.00906753540039
/data/public/EchoSet/test/PuKPg4mmafe/0_4_dining_room/908_4446/mix.wav,12.237556457519531,12.443355560302734,11.961028099060059,12.222700119018555
/data/public/EchoSet/test/PuKPg4mmafe/0_4_dining_room/8455_7021/mix.wav,10.842241287231445,10.918209075927734,10.304093360900879,10.411778450012207
/data/public/EchoSet/test/PuKPg4mmafe/0_4_dining_room/7176_4992/mix.wav,10.672513961791992,10.685206413269043,10.313934326171875,10.401812553405762
/data/public/EchoSet/test/PuKPg4mmafe/0_4_dining_room/2961_237/mix.wav,9.035189628601074,9.19813346862793,8.593524932861328,8.793270111083984
/data/public/EchoSet/test/PuKPg4mmafe/0_4_dining_room/4970_1221/mix.wav,10.52536392211914,10.90460205078125,10.196535110473633,10.616804122924805
/data/public/EchoSet/test/PuKPg4mmafe/0_4_dining_room/3729_1188/mix.wav,14.200262069702148,14.437578201293945,13.916582107543945,14.180270195007324
/data/public/EchoSet/test/PuKPg4mmafe/0_4_dining_room/2961_1320/mix.wav,11.10465145111084,11.416650772094727,10.55872917175293,10.964970588684082
/data/public/EchoSet/test/PuKPg4mmafe/0_4_dining_room/1188_1995/mix.wav,13.949369430541992,14.193582534790039,13.646842956542969,13.914433479309082
/data/public/EchoSet/test/PuKPg4mmafe/0_4_dining_room/4507_1320/mix.wav,11.019905090332031,11.147695541381836,10.629166603088379,10.86358642578125
/data/public/EchoSet/test/PuKPg4mmafe/0_4_dining_room/4970_5142/mix.wav,11.734206199645996,11.892608642578125,11.416850090026855,11.590747833251953
/data/public/EchoSet/test/PuKPg4mmafe/0_4_dining_room/672_7127/mix.wav,9.914999008178711,10.376340866088867,9.520259857177734,10.019036293029785
/data/public/EchoSet/test/PuKPg4mmafe/0_4_dining_room/5105_908/mix.wav,9.493112564086914,9.651732444763184,8.825427055358887,9.045628547668457
/data/public/EchoSet/test/PuKPg4mmafe/0_4_dining_room/1320_4970/mix.wav,12.68030071258545,12.874873161315918,12.199150085449219,12.479696273803711
/data/public/EchoSet/test/PuKPg4mmafe/0_4_dining_room/260_61/mix.wav,9.792740821838379,10.129677772521973,9.284101486206055,9.642340660095215
/data/public/EchoSet/test/PuKPg4mmafe/0_4_dining_room/2961_6930/mix.wav,12.461868286132812,12.51372241973877,11.828516006469727,11.94229507446289
/data/public/EchoSet/test/PuKPg4mmafe/0_4_dining_room/3570_3575/mix.wav,11.521974563598633,11.702295303344727,10.96290111541748,11.181591033935547
/data/public/EchoSet/test/PuKPg4mmafe/0_4_dining_room/8455_5639/mix.wav,10.398544311523438,10.993390083312988,10.166290283203125,10.789098739624023
/data/public/EchoSet/test/PuKPg4mmafe/0_4_dining_room/121_7021/mix.wav,11.9403076171875,12.264824867248535,11.243683815002441,11.604251861572266
/data/public/EchoSet/test/PuKPg4mmafe/0_4_dining_room/7021_4077/mix.wav,12.049001693725586,12.228164672851562,11.398765563964844,11.605173110961914
/data/public/EchoSet/test/PuKPg4mmafe/0_4_dining_room/5639_7176/mix.wav,7.6952128410339355,7.754701137542725,6.84729528427124,6.951848983764648
/data/public/EchoSet/test/PuKPg4mmafe/0_4_dining_room/5142_1284/mix.wav,9.008556365966797,9.147533416748047,7.6005120277404785,7.7787957191467285
/data/public/EchoSet/test/PuKPg4mmafe/0_4_dining_room/1089_8224/mix.wav,12.442943572998047,12.49665641784668,12.009825706481934,12.099259376525879
/data/public/EchoSet/test/PuKPg4mmafe/0_4_dining_room/3729_7127/mix.wav,12.843120574951172,12.94477653503418,12.45472526550293,12.595916748046875
/data/public/EchoSet/test/PuKPg4mmafe/0_4_dining_room/908_1320/mix.wav,8.87221908569336,9.313182830810547,8.132974624633789,8.684046745300293
/data/public/EchoSet/test/PuKPg4mmafe/0_4_dining_room/1580_5105/mix.wav,10.032273292541504,10.461982727050781,9.447919845581055,9.941747665405273
/data/public/EchoSet/test/PuKPg4mmafe/0_4_dining_room/5639_1580/mix.wav,11.960881233215332,12.204211235046387,11.431018829345703,11.702215194702148
/data/public/EchoSet/test/PuKPg4mmafe/0_4_dining_room/8230_61/mix.wav,7.8923845291137695,7.962245464324951,7.408863067626953,7.54046630859375
/data/public/EchoSet/test/PuKPg4mmafe/0_4_dining_room/1995_3575/mix.wav,11.241975784301758,11.266057968139648,10.494935035705566,10.55809497833252
/data/public/EchoSet/test/PuKPg4mmafe/0_4_dining_room/4507_61/mix.wav,10.13892936706543,10.80933952331543,9.869830131530762,10.609983444213867
/data/public/EchoSet/test/PuKPg4mmafe/0_4_dining_room/2961_4446/mix.wav,10.76302433013916,10.771322250366211,10.113775253295898,10.176374435424805
/data/public/EchoSet/test/PuKPg4mmafe/0_4_dining_room/7021_8230/mix.wav,10.255758285522461,10.196636199951172,9.688587188720703,9.682589530944824
/data/public/EchoSet/test/PuKPg4mmafe/0_4_dining_room/61_7176/mix.wav,8.413919448852539,8.472900390625,7.456097602844238,7.538036823272705
/data/public/EchoSet/test/PuKPg4mmafe/0_4_dining_room/4507_4446/mix.wav,11.49639892578125,11.28483772277832,10.741921424865723,10.691826820373535
/data/public/EchoSet/test/PuKPg4mmafe/0_0_lounge/5105_2094/mix.wav,8.006399154663086,8.336366653442383,6.445334434509277,6.8357834815979
/data/public/EchoSet/test/PuKPg4mmafe/0_0_lounge/3570_4970/mix.wav,14.03811264038086,14.079508781433105,13.446836471557617,13.543336868286133
/data/public/EchoSet/test/PuKPg4mmafe/0_0_lounge/4077_4992/mix.wav,10.010438919067383,10.34473991394043,9.445219039916992,9.941892623901367
/data/public/EchoSet/test/PuKPg4mmafe/0_0_lounge/1580_5683/mix.wav,14.822528839111328,14.940829277038574,14.324651718139648,14.461373329162598
/data/public/EchoSet/test/PuKPg4mmafe/0_0_lounge/1089_672/mix.wav,14.9135160446167,14.9171142578125,14.485580444335938,14.524001121520996
/data/public/EchoSet/test/PuKPg4mmafe/0_0_lounge/8224_672/mix.wav,8.425329208374023,8.18896484375,4.159172534942627,3.9864439964294434
/data/public/EchoSet/test/PuKPg4mmafe/0_0_lounge/5105_7729/mix.wav,12.002666473388672,12.086496353149414,11.056713104248047,11.175912857055664
/data/public/EchoSet/test/PuKPg4mmafe/0_0_lounge/260_121/mix.wav,10.938616752624512,10.9697904586792,10.333809852600098,10.465702056884766
/data/public/EchoSet/test/PuKPg4mmafe/0_0_lounge/7127_8455/mix.wav,10.08584213256836,10.088702201843262,9.056320190429688,9.102763175964355
/data/public/EchoSet/test/PuKPg4mmafe/0_0_lounge/4970_8230/mix.wav,13.574467658996582,13.620131492614746,13.129953384399414,13.216813087463379
/data/public/EchoSet/test/PuKPg4mmafe/0_0_lounge/260_8455/mix.wav,7.398506164550781,7.529767990112305,6.837140083312988,7.060149669647217
/data/public/EchoSet/test/PuKPg4mmafe/0_0_lounge/8555_4507/mix.wav,14.334529876708984,14.388114929199219,13.974761962890625,14.060819625854492
/data/public/EchoSet/test/PuKPg4mmafe/0_0_lounge/7176_4507/mix.wav,11.659005165100098,11.81015682220459,11.335718154907227,11.532282829284668
/data/public/EchoSet/test/PuKPg4mmafe/0_0_lounge/3570_3575/mix.wav,9.076616287231445,9.095911979675293,8.226348876953125,8.293721199035645
/data/public/EchoSet/test/PuKPg4mmafe/0_0_lounge/1320_4970/mix.wav,13.482097625732422,13.439563751220703,12.821786880493164,12.909233093261719
/data/public/EchoSet/test/PuKPg4mmafe/0_0_lounge/8463_7127/mix.wav,9.53225326538086,9.714639663696289,9.177665710449219,9.42922306060791
/data/public/EchoSet/test/PuKPg4mmafe/0_0_lounge/3570_1284/mix.wav,11.827933311462402,12.00723934173584,11.390815734863281,11.630355834960938
/data/public/EchoSet/test/PuKPg4mmafe/0_0_lounge/7729_6829/mix.wav,12.721351623535156,12.79323959350586,12.337888717651367,12.448442459106445
/data/public/EchoSet/test/PuKPg4mmafe/0_0_lounge/61_3575/mix.wav,12.570509910583496,12.65444564819336,12.176309585571289,12.282530784606934
/data/public/EchoSet/test/PuKPg4mmafe/0_0_lounge/1995_121/mix.wav,12.367942810058594,12.746400833129883,11.79672622680664,12.215615272521973
/data/public/EchoSet/test/PuKPg4mmafe/0_0_lounge/3729_4446/mix.wav,11.97614860534668,11.942955017089844,11.494573593139648,11.569766998291016
/data/public/EchoSet/test/PuKPg4mmafe/0_0_lounge/5639_61/mix.wav,9.794588088989258,9.990945816040039,9.222858428955078,9.498319625854492
/data/public/EchoSet/test/PuKPg4mmafe/0_0_lounge/8455_8224/mix.wav,12.338336944580078,12.549283027648926,11.922924041748047,12.187169075012207
/data/public/EchoSet/test/PuKPg4mmafe/0_0_lounge/4992_1320/mix.wav,12.466279983520508,12.675301551818848,12.116287231445312,12.387442588806152
/data/public/EchoSet/test/PuKPg4mmafe/0_0_lounge/1284_2094/mix.wav,9.989265441894531,9.834449768066406,9.3695068359375,9.372574806213379
/data/public/EchoSet/test/PuKPg4mmafe/0_0_lounge/7729_1188/mix.wav,14.090667724609375,14.242969512939453,13.657188415527344,13.844401359558105
/data/public/EchoSet/test/PuKPg4mmafe/0_0_lounge/7176_5105/mix.wav,10.775236129760742,11.13325309753418,10.360309600830078,10.834824562072754
/data/public/EchoSet/test/PuKPg4mmafe/0_0_lounge/8555_5105/mix.wav,16.610017776489258,16.663007736206055,15.864486694335938,15.950618743896484
/data/public/EchoSet/test/PuKPg4mmafe/0_0_lounge/1089_1221/mix.wav,9.696578979492188,10.014182090759277,8.697321891784668,9.11164665222168
/data/public/EchoSet/test/PuKPg4mmafe/0_0_lounge/8463_1320/mix.wav,14.414083480834961,14.49185848236084,13.869447708129883,13.989899635314941
/data/public/EchoSet/test/PuKPg4mmafe/0_0_lounge/61_672/mix.wav,8.03780746459961,8.256328582763672,6.661174297332764,6.939715385437012
/data/public/EchoSet/test/PuKPg4mmafe/0_0_lounge/237_1221/mix.wav,8.65572452545166,8.75452709197998,7.858644962310791,8.077282905578613
/data/public/EchoSet/test/PuKPg4mmafe/0_0_lounge/1284_8463/mix.wav,15.321683883666992,15.244976043701172,14.697408676147461,14.639917373657227
/data/public/EchoSet/test/PuKPg4mmafe/0_0_lounge/5683_4446/mix.wav,7.626006603240967,7.920158863067627,6.268089294433594,6.709001064300537
/data/public/EchoSet/test/PuKPg4mmafe/0_0_lounge/5683_1995/mix.wav,14.657489776611328,14.643132209777832,13.635202407836914,13.67054271697998
/data/public/EchoSet/test/PuKPg4mmafe/0_0_lounge/4077_2961/mix.wav,14.591080665588379,13.967069625854492,13.678838729858398,13.59518814086914
/data/public/EchoSet/test/PuKPg4mmafe/0_0_lounge/8463_1580/mix.wav,10.80549430847168,10.938157081604004,10.211864471435547,10.407905578613281
/data/public/EchoSet/test/PuKPg4mmafe/0_0_lounge/7021_5142/mix.wav,12.606833457946777,12.57813835144043,11.86429214477539,11.918376922607422
/data/public/EchoSet/test/PuKPg4mmafe/0_0_lounge/7021_237/mix.wav,11.987600326538086,12.118853569030762,10.787690162658691,11.007349967956543
/data/public/EchoSet/test/PuKPg4mmafe/0_0_lounge/5639_6829/mix.wav,10.871337890625,11.009634971618652,10.331253051757812,10.50544261932373
/data/public/EchoSet/test/PuKPg4mmafe/0_0_lounge/3575_1089/mix.wav,9.085813522338867,9.135822296142578,8.229642868041992,8.367147445678711
/data/public/EchoSet/test/PuKPg4mmafe/0_0_lounge/1188_260/mix.wav,11.045841217041016,11.1920747756958,10.716766357421875,10.90056324005127
/data/public/EchoSet/test/PuKPg4mmafe/0_0_lounge/121_1221/mix.wav,9.784395217895508,10.335031509399414,9.376538276672363,10.00320816040039
/data/public/EchoSet/test/PuKPg4mmafe/0_0_lounge/6829_5683/mix.wav,12.193304061889648,12.36297607421875,11.579992294311523,11.783711433410645
/data/public/EchoSet/test/PuKPg4mmafe/0_0_lounge/4446_1320/mix.wav,12.489452362060547,12.403695106506348,11.617981910705566,11.647882461547852
/data/public/EchoSet/test/PuKPg4mmafe/0_0_lounge/4507_1995/mix.wav,10.431598663330078,11.045269012451172,10.050271034240723,10.688591957092285
/data/public/EchoSet/test/PuKPg4mmafe/0_0_lounge/121_2300/mix.wav,14.355056762695312,14.39171028137207,14.12208080291748,14.192839622497559
/data/public/EchoSet/test/PuKPg4mmafe/0_0_lounge/672_1995/mix.wav,12.83761978149414,13.051714897155762,12.236509323120117,12.492792129516602
/data/public/EchoSet/test/PuKPg4mmafe/0_0_lounge/672_4446/mix.wav,9.083370208740234,9.255745887756348,7.766305923461914,7.993191719055176
/data/public/EchoSet/test/PuKPg4mmafe/0_0_lounge/1320_8463/mix.wav,13.788151741027832,13.761167526245117,12.994422912597656,13.072988510131836
/data/public/EchoSet/test/PuKPg4mmafe/0_0_lounge/2830_1580/mix.wav,14.24438190460205,14.265127182006836,13.549713134765625,13.628418922424316
/data/public/EchoSet/test/PuKPg4mmafe/0_0_lounge/260_3729/mix.wav,7.712953567504883,7.549570560455322,6.878077507019043,6.831019878387451
/data/public/EchoSet/test/PuKPg4mmafe/0_0_lounge/2961_7176/mix.wav,10.094983100891113,10.193106651306152,9.28968334197998,9.487788200378418
/data/public/EchoSet/test/PuKPg4mmafe/0_0_lounge/2300_6829/mix.wav,11.945586204528809,12.073729515075684,11.181018829345703,11.344121932983398
/data/public/EchoSet/test/PuKPg4mmafe/0_0_lounge/7021_3729/mix.wav,16.95541000366211,17.019515991210938,16.661670684814453,16.7604923248291
/data/public/EchoSet/test/PuKPg4mmafe/0_0_lounge/5639_7176/mix.wav,10.545339584350586,10.766523361206055,10.079849243164062,10.346320152282715
/data/public/EchoSet/test/PuKPg4mmafe/0_0_lounge/7127_2300/mix.wav,10.115364074707031,10.18262004852295,9.228429794311523,9.333057403564453
/data/public/EchoSet/test/PuKPg4mmafe/0_0_lounge/8463_3570/mix.wav,11.510275840759277,11.54080581665039,10.545083999633789,10.711224555969238
/data/public/EchoSet/test/PuKPg4mmafe/0_0_lounge/7176_2961/mix.wav,11.518550872802734,11.494091033935547,10.880748748779297,10.950556755065918
/data/public/EchoSet/test/PuKPg4mmafe/0_0_lounge/8455_8230/mix.wav,9.368558883666992,9.214597702026367,8.824678421020508,8.803410530090332
/data/public/EchoSet/test/PuKPg4mmafe/0_0_lounge/6930_3575/mix.wav,12.698015213012695,12.722371101379395,9.735485076904297,9.787337303161621
/data/public/EchoSet/test/PuKPg4mmafe/0_0_lounge/908_1320/mix.wav,9.967279434204102,10.466960906982422,9.361011505126953,9.922260284423828
/data/public/EchoSet/test/PuKPg4mmafe/0_0_lounge/4077_2830/mix.wav,7.6598381996154785,3.3991308212280273,4.532112121582031,1.529541254043579
/data/public/EchoSet/test/PuKPg4mmafe/0_0_lounge/2830_1995/mix.wav,12.025407791137695,11.954544067382812,9.699562072753906,9.69922924041748
/data/public/EchoSet/test/PuKPg4mmafe/0_0_lounge/2094_4507/mix.wav,15.738554000854492,15.943168640136719,15.419672966003418,15.677140235900879
/data/public/EchoSet/test/PuKPg4mmafe/0_0_lounge/260_1221/mix.wav,12.720541000366211,12.751646041870117,12.080422401428223,12.168644905090332
/data/public/EchoSet/test/PuKPg4mmafe/0_0_lounge/7127_3729/mix.wav,11.50483512878418,11.497586250305176,10.929637908935547,11.275110244750977
/data/public/EchoSet/test/PuKPg4mmafe/0_0_lounge/5142_2300/mix.wav,12.918681144714355,13.069483757019043,12.194409370422363,12.402791023254395
/data/public/EchoSet/test/PuKPg4mmafe/0_0_lounge/2961_2830/mix.wav,14.898856163024902,14.94134521484375,14.139739990234375,14.227846145629883
/data/public/EchoSet/test/PuKPg4mmafe/0_0_lounge/4446_5105/mix.wav,11.813539505004883,12.194384574890137,11.45952033996582,11.856119155883789
/data/public/EchoSet/test/PuKPg4mmafe/0_0_lounge/1995_1221/mix.wav,12.606464385986328,12.774720191955566,12.063920021057129,12.277059555053711
/data/public/EchoSet/test/PuKPg4mmafe/0_0_lounge/672_2830/mix.wav,9.241257667541504,9.726303100585938,7.703073501586914,8.201279640197754
/data/public/EchoSet/test/PuKPg4mmafe/0_0_lounge/8224_7127/mix.wav,8.906343460083008,9.065570831298828,8.230588912963867,8.448549270629883
/data/public/EchoSet/test/PuKPg4mmafe/0_0_lounge/61_8224/mix.wav,10.517046928405762,11.006966590881348,6.999517440795898,7.523335933685303
/data/public/EchoSet/test/PuKPg4mmafe/0_0_lounge/7021_7729/mix.wav,9.580196380615234,9.776176452636719,9.08582592010498,9.348769187927246
/data/public/EchoSet/test/PuKPg4mmafe/0_0_lounge/6930_5142/mix.wav,13.878484725952148,13.885405540466309,12.530120849609375,12.590584754943848
/data/public/EchoSet/test/PuKPg4mmafe/0_0_lounge/121_672/mix.wav,12.516229629516602,12.66522216796875,11.665348052978516,11.865336418151855
/data/public/EchoSet/test/PuKPg4mmafe/0_0_lounge/237_3575/mix.wav,9.1466646194458,9.868602752685547,8.774621963500977,9.55477523803711
/data/public/EchoSet/test/PuKPg4mmafe/0_0_lounge/2300_237/mix.wav,13.164003372192383,13.11018180847168,12.776540756225586,12.76668930053711
/data/public/EchoSet/test/PuKPg4mmafe/0_0_lounge/1995_4077/mix.wav,14.509796142578125,14.607244491577148,14.022117614746094,14.148221015930176
/data/public/EchoSet/test/PuKPg4mmafe/0_0_lounge/8555_6829/mix.wav,13.19491958618164,13.236717224121094,12.7728910446167,12.870024681091309
/data/public/EchoSet/test/PuKPg4mmafe/0_0_lounge/2830_2961/mix.wav,10.11158275604248,10.45455551147461,8.582416534423828,9.031811714172363
/data/public/EchoSet/test/PuKPg4mmafe/0_0_lounge/1995_3729/mix.wav,12.340206146240234,12.698270797729492,12.039983749389648,12.440499305725098
/data/public/EchoSet/test/PuKPg4mmafe/0_0_lounge/4077_7176/mix.wav,8.766571998596191,9.003520965576172,8.416879653930664,8.726987838745117
/data/public/EchoSet/test/PuKPg4mmafe/0_0_lounge/8230_4446/mix.wav,12.021598815917969,12.021894454956055,11.682178497314453,11.790549278259277
/data/public/EchoSet/test/PuKPg4mmafe/0_0_lounge/1188_4992/mix.wav,12.751614570617676,12.762213706970215,12.215579986572266,12.305203437805176
/data/public/EchoSet/test/PuKPg4mmafe/0_0_lounge/4077_3570/mix.wav,13.29555606842041,13.295538902282715,12.652835845947266,12.688630104064941
/data/public/EchoSet/test/PuKPg4mmafe/0_0_lounge/6930_4077/mix.wav,8.40020751953125,9.09693431854248,7.29500150680542,8.090113639831543
/data/public/EchoSet/test/PuKPg4mmafe/0_0_lounge/1284_8455/mix.wav,12.654427528381348,12.583746910095215,11.915037155151367,11.947501182556152
/data/public/EchoSet/test/PuKPg4mmafe/0_0_lounge/4077_1188/mix.wav,16.330364227294922,16.383159637451172,15.560800552368164,15.631057739257812
/data/public/EchoSet/test/PuKPg4mmafe/0_0_lounge/2300_908/mix.wav,13.997438430786133,14.14178466796875,13.457204818725586,13.683798789978027
/data/public/EchoSet/test/PuKPg4mmafe/0_0_lounge/3729_4507/mix.wav,14.869851112365723,14.9879732131958,14.43786334991455,14.59499740600586
/data/public/EchoSet/test/PuKPg4mmafe/0_0_lounge/6930_8555/mix.wav,11.978483200073242,12.040780067443848,11.629518508911133,11.751962661743164
/data/public/EchoSet/test/PuKPg4mmafe/0_0_lounge/5105_5639/mix.wav,10.035347938537598,9.983997344970703,9.378805160522461,9.585456848144531
/data/public/EchoSet/test/PuKPg4mmafe/0_0_lounge/4446_4507/mix.wav,14.727266311645508,14.980469703674316,14.55598258972168,14.81558609008789
/data/public/EchoSet/test/PuKPg4mmafe/0_0_lounge/7729_4507/mix.wav,13.720844268798828,13.7435941696167,13.41482162475586,13.478490829467773
/data/public/EchoSet/test/PuKPg4mmafe/0_0_lounge/4992_2961/mix.wav,9.685161590576172,9.842050552368164,9.241344451904297,9.443705558776855
/data/public/EchoSet/test/PuKPg4mmafe/0_0_lounge/6829_1580/mix.wav,13.064433097839355,13.17514419555664,12.284074783325195,12.427732467651367
/data/public/EchoSet/test/PuKPg4mmafe/0_0_lounge/8555_260/mix.wav,9.80247688293457,9.509364128112793,9.134589195251465,8.90522575378418
/data/public/EchoSet/test/PuKPg4mmafe/0_0_lounge/6930_1221/mix.wav,9.651433944702148,9.707595825195312,8.7662935256958,8.909048080444336
/data/public/EchoSet/test/PuKPg4mmafe/0_0_lounge/1580_6930/mix.wav,12.690860748291016,12.658519744873047,11.930408477783203,11.97286605834961
/data/public/EchoSet/test/PuKPg4mmafe/0_0_lounge/908_5105/mix.wav,9.997674942016602,9.789376258850098,9.273070335388184,9.367740631103516
/data/public/EchoSet/test/PuKPg4mmafe/0_0_lounge/7729_5683/mix.wav,12.600066184997559,12.54106330871582,12.183303833007812,12.199451446533203
/data/public/EchoSet/test/PuKPg4mmafe/0_0_lounge/8224_7176/mix.wav,8.618666648864746,8.844552993774414,7.439387798309326,7.693279266357422
/data/public/EchoSet/test/PuKPg4mmafe/0_0_lounge/1089_2094/mix.wav,11.739663124084473,11.992892265319824,9.954002380371094,10.307695388793945
/data/public/EchoSet/test/PuKPg4mmafe/0_0_lounge/3729_5683/mix.wav,13.216382026672363,13.243446350097656,12.641270637512207,12.717727661132812
/data/public/EchoSet/test/PuKPg4mmafe/0_0_lounge/672_260/mix.wav,10.447978973388672,10.399271965026855,9.645180702209473,9.751723289489746
/data/public/EchoSet/test/PuKPg4mmafe/0_0_lounge/7176_908/mix.wav,13.837329864501953,13.925816535949707,13.501669883728027,13.602463722229004
/data/public/EchoSet/test/PuKPg4mmafe/0_0_lounge/2094_7176/mix.wav,13.819378852844238,13.86575984954834,13.423725128173828,13.506291389465332
/data/public/EchoSet/test/PuKPg4mmafe/0_0_lounge/7729_2961/mix.wav,17.21605110168457,17.175556182861328,16.676544189453125,16.68303871154785
/data/public/EchoSet/test/PuKPg4mmafe/0_0_lounge/1221_1995/mix.wav,10.034071922302246,9.957072257995605,9.271049499511719,9.285749435424805
/data/public/EchoSet/test/PuKPg4mmafe/0_0_lounge/6930_1089/mix.wav,13.211606979370117,13.33540153503418,12.347692489624023,12.499610900878906
/data/public/EchoSet/test/PuKPg4mmafe/0_0_lounge/8230_237/mix.wav,10.708444595336914,11.489082336425781,10.312923431396484,11.130600929260254
/data/public/EchoSet/test/PuKPg4mmafe/0_0_lounge/5105_3729/mix.wav,10.741230010986328,10.915273666381836,9.661957740783691,9.8858003616333
/data/public/EchoSet/test/PuKPg4mmafe/0_0_lounge/5142_7021/mix.wav,11.638876914978027,11.685819625854492,10.624282836914062,10.753483772277832
/data/public/EchoSet/test/PuKPg4mmafe/0_0_lounge/8230_7127/mix.wav,11.080024719238281,11.353672981262207,10.43606185913086,10.760727882385254
/data/public/EchoSet/test/PuKPg4mmafe/0_0_lounge/5639_5105/mix.wav,14.03825569152832,13.96445369720459,13.430115699768066,13.433611869812012
/data/public/EchoSet/test/PuKPg4mmafe/0_0_lounge/6829_6930/mix.wav,10.718603134155273,10.90955924987793,9.583965301513672,9.832880020141602
/data/public/EchoSet/test/PuKPg4mmafe/0_0_lounge/5142_8455/mix.wav,14.236888885498047,14.372334480285645,14.00614070892334,14.160085678100586
/data/public/EchoSet/test/PuKPg4mmafe/0_0_lounge/7127_8463/mix.wav,9.060739517211914,9.575698852539062,8.734984397888184,9.310983657836914
/data/public/EchoSet/test/PuKPg4mmafe/0_0_lounge/61_8555/mix.wav,11.009968757629395,10.802762031555176,9.072135925292969,8.935791015625
/data/public/EchoSet/test/PuKPg4mmafe/0_0_lounge/1320_237/mix.wav,12.472272872924805,12.486152648925781,11.910247802734375,11.955336570739746
/data/public/EchoSet/test/PuKPg4mmafe/0_0_lounge/6930_908/mix.wav,12.643701553344727,12.939360618591309,11.778008460998535,12.132389068603516
/data/public/EchoSet/test/PuKPg4mmafe/0_0_lounge/5142_8224/mix.wav,11.195396423339844,11.555901527404785,9.635751724243164,10.061887741088867
/data/public/EchoSet/test/PuKPg4mmafe/0_0_lounge/1580_4446/mix.wav,14.592101097106934,14.617290496826172,14.089437484741211,14.177491188049316
/data/public/EchoSet/test/PuKPg4mmafe/0_0_lounge/2961_4992/mix.wav,10.479299545288086,10.779714584350586,10.183967590332031,10.545234680175781
/data/public/EchoSet/test/PuKPg4mmafe/0_0_lounge/1320_8230/mix.wav,9.11569595336914,9.057938575744629,8.575669288635254,8.5753173828125
/data/public/EchoSet/test/PuKPg4mmafe/0_0_lounge/1580_1995/mix.wav,14.442127227783203,14.542219161987305,13.817502975463867,13.990315437316895
/data/public/EchoSet/test/PuKPg4mmafe/0_0_lounge/1284_5105/mix.wav,12.6612548828125,12.686610221862793,11.891469955444336,11.965719223022461
/data/public/EchoSet/test/PuKPg4mmafe/0_0_lounge/260_908/mix.wav,13.541690826416016,13.62932014465332,12.92579460144043,13.048310279846191
/data/public/EchoSet/test/PuKPg4mmafe/0_0_lounge/1320_4992/mix.wav,14.430543899536133,14.430721282958984,14.089925765991211,14.117592811584473
/data/public/EchoSet/test/PuKPg4mmafe/0_0_lounge/8230_1284/mix.wav,10.735246658325195,10.866703033447266,10.211368560791016,10.429780960083008
/data/public/EchoSet/test/PuKPg4mmafe/0_0_lounge/1995_237/mix.wav,14.963820457458496,15.12630844116211,14.753299713134766,14.953828811645508
/data/public/EchoSet/test/PuKPg4mmafe/0_0_lounge/7127_6829/mix.wav,11.616964340209961,11.688928604125977,10.178536415100098,10.293328285217285
/data/public/EchoSet/test/PuKPg4mmafe/0_0_lounge/8455_3570/mix.wav,11.948806762695312,11.95924186706543,11.21300220489502,11.300758361816406
/data/public/EchoSet/test/PuKPg4mmafe/0_0_lounge/260_1188/mix.wav,10.580402374267578,10.821388244628906,9.641730308532715,9.974054336547852
/data/public/EchoSet/test/PuKPg4mmafe/0_0_lounge/8224_8463/mix.wav,13.727107048034668,13.741158485412598,13.244377136230469,13.332536697387695
/data/public/EchoSet/test/PuKPg4mmafe/0_0_lounge/8230_672/mix.wav,9.241063117980957,9.869834899902344,8.374302864074707,9.060946464538574
/data/public/EchoSet/test/PuKPg4mmafe/0_0_lounge/3570_5105/mix.wav,8.646465301513672,8.767874717712402,6.135900497436523,6.325732231140137
/data/public/EchoSet/test/PuKPg4mmafe/0_0_lounge/121_3570/mix.wav,13.204049110412598,13.250913619995117,10.087604522705078,10.177209854125977
/data/public/EchoSet/test/PuKPg4mmafe/0_0_lounge/2830_3729/mix.wav,11.849029541015625,11.80793285369873,11.145025253295898,11.203598976135254
/data/public/EchoSet/test/PuKPg4mmafe/0_0_lounge/260_1580/mix.wav,13.424310684204102,13.524232864379883,12.454107284545898,12.623897552490234
/data/public/EchoSet/test/PuKPg4mmafe/0_0_lounge/6829_4970/mix.wav,11.394543647766113,11.577128410339355,11.013707160949707,11.25368881225586
/data/public/EchoSet/test/PuKPg4mmafe/0_0_lounge/2830_4077/mix.wav,11.004692077636719,10.96827220916748,10.208988189697266,10.228469848632812
/data/public/EchoSet/test/PuKPg4mmafe/0_0_lounge/4992_121/mix.wav,14.903206825256348,15.04440975189209,14.251911163330078,14.404378890991211
/data/public/EchoSet/test/PuKPg4mmafe/0_0_lounge/7127_1188/mix.wav,12.330951690673828,12.380118370056152,11.43319034576416,11.513375282287598
/data/public/EchoSet/test/PuKPg4mmafe/0_0_lounge/1188_237/mix.wav,13.896463394165039,13.794331550598145,13.190902709960938,13.146293640136719
/data/public/EchoSet/test/PuKPg4mmafe/0_0_lounge/61_4507/mix.wav,13.356193542480469,13.655941009521484,13.02968978881836,13.393794059753418
/data/public/EchoSet/test/PuKPg4mmafe/0_0_lounge/7127_3570/mix.wav,13.647586822509766,13.78658390045166,12.394506454467773,12.710015296936035
/data/public/EchoSet/test/PuKPg4mmafe/0_0_lounge/5683_4077/mix.wav,11.701826095581055,11.733041763305664,9.970730781555176,10.079859733581543
/data/public/EchoSet/test/PuKPg4mmafe/0_0_lounge/8555_3575/mix.wav,10.936803817749023,11.108604431152344,10.105396270751953,10.332805633544922
/data/public/EchoSet/test/PuKPg4mmafe/0_0_lounge/237_6829/mix.wav,12.59912395477295,12.687112808227539,11.858904838562012,11.98252010345459
/data/public/EchoSet/test/PuKPg4mmafe/0_0_lounge/6930_2961/mix.wav,12.864748001098633,12.945713996887207,11.94236946105957,12.07332992553711
/data/public/EchoSet/test/PuKPg4mmafe/0_0_lounge/1089_1320/mix.wav,11.534748077392578,11.643386840820312,11.014694213867188,11.174883842468262
/data/public/EchoSet/test/PuKPg4mmafe/0_0_lounge/121_4446/mix.wav,12.778249740600586,13.009481430053711,12.40257740020752,12.652363777160645
/data/public/EchoSet/test/PuKPg4mmafe/0_0_lounge/4446_7021/mix.wav,12.530440330505371,12.545083999633789,11.847103118896484,11.947412490844727
/data/public/EchoSet/test/PuKPg4mmafe/0_0_lounge/5639_2300/mix.wav,11.126289367675781,11.112775802612305,10.633285522460938,10.692136764526367
/data/public/EchoSet/test/PuKPg4mmafe/0_0_lounge/1188_7021/mix.wav,13.488493919372559,13.814297676086426,12.852056503295898,13.195697784423828
/data/public/EchoSet/test/PuKPg4mmafe/0_0_lounge/6829_7729/mix.wav,10.376609802246094,10.2225923538208,9.949233055114746,9.859068870544434
/data/public/EchoSet/test/PuKPg4mmafe/0_0_lounge/3729_7021/mix.wav,11.960906982421875,12.438013076782227,11.620420455932617,12.124937057495117
/data/public/EchoSet/test/PuKPg4mmafe/0_0_lounge/7021_7176/mix.wav,9.464740753173828,9.55385971069336,8.940608978271484,9.095394134521484
/data/public/EchoSet/test/PuKPg4mmafe/0_0_lounge/237_4446/mix.wav,9.226465225219727,9.785030364990234,8.678451538085938,9.32386589050293
/data/public/EchoSet/test/PuKPg4mmafe/0_0_lounge/8463_3729/mix.wav,10.741251945495605,10.749831199645996,10.167287826538086,10.242696762084961
/data/public/EchoSet/test/PuKPg4mmafe/0_0_lounge/1089_7127/mix.wav,11.015087127685547,11.293001174926758,10.573974609375,10.90096664428711
/data/public/EchoSet/test/PuKPg4mmafe/0_0_lounge/5683_1221/mix.wav,9.32424545288086,9.359256744384766,8.463577270507812,8.766074180603027
/data/public/EchoSet/test/PuKPg4mmafe/0_0_lounge/4970_1995/mix.wav,15.286958694458008,15.3596773147583,14.714996337890625,14.820056915283203
/data/public/EchoSet/test/PuKPg4mmafe/0_0_lounge/1221_1284/mix.wav,14.070211410522461,14.018616676330566,12.81520938873291,12.813553810119629
/data/public/EchoSet/test/PuKPg4mmafe/0_0_lounge/1221_260/mix.wav,11.756308555603027,11.926316261291504,11.180717468261719,11.393746376037598
/data/public/EchoSet/test/PuKPg4mmafe/0_0_lounge/8463_7021/mix.wav,14.257307052612305,14.108798027038574,13.620855331420898,13.709158897399902
/data/public/EchoSet/test/PuKPg4mmafe/0_0_lounge/672_1089/mix.wav,9.72948169708252,9.821809768676758,9.263240814208984,9.385518074035645
/data/public/EchoSet/test/PuKPg4mmafe/0_0_lounge/4970_672/mix.wav,11.090450286865234,11.390069961547852,10.111238479614258,10.478806495666504
/data/public/EchoSet/test/PuKPg4mmafe/0_0_lounge/8463_8455/mix.wav,13.884634017944336,13.890918731689453,13.485273361206055,13.59840202331543
/data/public/EchoSet/test/PuKPg4mmafe/0_0_lounge/7729_2300/mix.wav,11.910423278808594,11.765260696411133,11.44894027709961,11.440767288208008
/data/public/EchoSet/test/PuKPg4mmafe/0_0_lounge/2961_1089/mix.wav,13.651559829711914,13.81193733215332,13.375677108764648,13.559167861938477
/data/public/EchoSet/test/PuKPg4mmafe/0_0_lounge/5683_8455/mix.wav,11.488996505737305,11.496091842651367,10.78193473815918,10.882036209106445
/data/public/EchoSet/test/PuKPg4mmafe/0_0_lounge/7127_672/mix.wav,11.751338958740234,11.860847473144531,10.909636497497559,11.079365730285645
/data/public/EchoSet/test/PuKPg4mmafe/0_0_lounge/61_2830/mix.wav,7.614410400390625,8.198467254638672,5.754570007324219,6.419137001037598
/data/public/EchoSet/test/PuKPg4mmafe/0_0_lounge/1188_3729/mix.wav,10.618885040283203,11.001680374145508,10.249589920043945,10.731769561767578
/data/public/EchoSet/test/PuKPg4mmafe/0_0_lounge/3729_4077/mix.wav,12.619184494018555,12.831415176391602,12.168249130249023,12.43620491027832
/data/public/EchoSet/test/PuKPg4mmafe/0_0_lounge/672_8224/mix.wav,8.423612594604492,8.594123840332031,8.00321102142334,8.205314636230469
/data/public/EchoSet/test/PuKPg4mmafe/0_0_lounge/237_1320/mix.wav,11.431910514831543,11.627252578735352,10.21601390838623,10.470287322998047
/data/public/EchoSet/test/PuKPg4mmafe/0_0_lounge/1188_8555/mix.wav,13.226228713989258,13.227826118469238,12.522734642028809,12.574125289916992
/data/public/EchoSet/test/PuKPg4mmafe/0_0_lounge/4077_61/mix.wav,9.640935897827148,9.780097961425781,8.802896499633789,9.047965049743652
/data/public/EchoSet/test/PuKPg4mmafe/0_0_lounge/908_8230/mix.wav,12.961990356445312,13.036425590515137,12.602571487426758,12.701754570007324
/data/public/EchoSet/test/PuKPg4mmafe/0_0_lounge/8224_3575/mix.wav,9.367523193359375,9.549790382385254,8.40298843383789,8.638449668884277
/data/public/EchoSet/test/PuKPg4mmafe/0_0_lounge/121_908/mix.wav,12.40548324584961,12.495586395263672,11.948744773864746,12.120353698730469
/data/public/EchoSet/test/PuKPg4mmafe/0_0_lounge/2830_5639/mix.wav,11.13426399230957,11.420162200927734,10.765693664550781,11.081908226013184
/data/public/EchoSet/test/PuKPg4mmafe/0_0_lounge/4970_6829/mix.wav,9.2063627243042,9.462971687316895,8.614026069641113,8.906601905822754
/data/public/EchoSet/test/PuKPg4mmafe/0_0_lounge/1284_61/mix.wav,9.858957290649414,10.135869026184082,9.086098670959473,9.442179679870605
/data/public/EchoSet/test/PuKPg4mmafe/0_0_lounge/5142_4507/mix.wav,16.073240280151367,16.07039451599121,15.70508861541748,15.724516868591309
/data/public/EchoSet/test/PuKPg4mmafe/0_0_lounge/260_1320/mix.wav,11.742205619812012,11.817337989807129,10.748123168945312,10.893522262573242
/data/public/EchoSet/test/PuKPg4mmafe/0_0_lounge/908_8555/mix.wav,14.469783782958984,14.467912673950195,14.141130447387695,14.203023910522461
/data/public/EchoSet/test/PuKPg4mmafe/0_0_lounge/8463_121/mix.wav,12.822916984558105,12.88680362701416,12.396519660949707,12.496670722961426
/data/public/EchoSet/test/PuKPg4mmafe/0_0_lounge/3570_2830/mix.wav,11.580696105957031,11.575274467468262,10.954217910766602,11.061346054077148
/data/public/EchoSet/test/PuKPg4mmafe/0_0_lounge/7176_61/mix.wav,7.020344257354736,7.0667877197265625,6.311557292938232,6.409574508666992
/data/public/EchoSet/test/PuKPg4mmafe/0_0_lounge/1580_7729/mix.wav,12.020004272460938,11.969528198242188,11.3968505859375,11.397043228149414
/data/public/EchoSet/test/PuKPg4mmafe/0_0_lounge/3729_5142/mix.wav,12.717018127441406,12.938539505004883,12.151626586914062,12.442679405212402
/data/public/EchoSet/test/PuKPg4mmafe/0_0_lounge/4992_5639/mix.wav,12.620607376098633,12.671971321105957,11.978130340576172,12.165979385375977
/data/public/EchoSet/test/PuKPg4mmafe/0_0_lounge/2961_5639/mix.wav,12.624614715576172,12.643967628479004,11.993795394897461,12.120575904846191
/data/public/EchoSet/test/PuKPg4mmafe/0_0_lounge/1089_3570/mix.wav,13.9839506149292,14.327116012573242,13.612510681152344,14.00566291809082
/data/public/EchoSet/test/PuKPg4mmafe/0_0_lounge/4446_5142/mix.wav,11.69173812866211,11.737911224365234,11.012646675109863,11.094474792480469
/data/public/EchoSet/test/PuKPg4mmafe/0_0_lounge/1580_2094/mix.wav,16.838550567626953,16.98074722290039,16.35187530517578,16.523292541503906
/data/public/EchoSet/test/PuKPg4mmafe/0_0_lounge/5105_1188/mix.wav,10.955548286437988,11.0866060256958,9.573938369750977,9.761262893676758
/data/public/EchoSet/test/PuKPg4mmafe/0_0_lounge/1188_4970/mix.wav,10.717864990234375,10.891887664794922,8.94997787475586,9.169621467590332
/data/public/EchoSet/test/PuKPg4mmafe/0_0_lounge/121_4992/mix.wav,10.845077514648438,10.990325927734375,10.300226211547852,10.537128448486328
/data/public/EchoSet/test/PuKPg4mmafe/0_0_lounge/2094_8555/mix.wav,14.14944076538086,14.027055740356445,13.462739944458008,13.416108131408691
/data/public/EchoSet/test/PuKPg4mmafe/0_0_lounge/2300_8463/mix.wav,13.246097564697266,13.5200834274292,13.02420425415039,13.32445240020752
/data/public/EchoSet/test/PuKPg4mmafe/0_0_lounge/7127_121/mix.wav,12.307485580444336,12.377015113830566,11.621736526489258,11.77415657043457
/data/public/EchoSet/test/PuKPg4mmafe/0_0_lounge/8224_1221/mix.wav,12.487051963806152,12.634636878967285,11.608940124511719,11.7860746383667
/data/public/EchoSet/test/PuKPg4mmafe/0_0_lounge/4077_5639/mix.wav,14.152807235717773,14.217985153198242,13.78958797454834,13.885845184326172
/data/public/EchoSet/test/PuKPg4mmafe/0_0_lounge/8455_4992/mix.wav,12.801637649536133,12.96564769744873,12.406688690185547,12.631974220275879
/data/public/EchoSet/test/PuKPg4mmafe/0_0_lounge/7176_1089/mix.wav,9.972288131713867,10.204204559326172,9.54274845123291,9.853591918945312
/data/public/EchoSet/test/PuKPg4mmafe/0_0_lounge/8555_1089/mix.wav,13.309303283691406,13.211874008178711,12.848193168640137,12.822237968444824
/data/public/EchoSet/test/PuKPg4mmafe/0_0_lounge/908_1284/mix.wav,8.895325660705566,8.834100723266602,8.264910697937012,8.395594596862793
/data/public/EchoSet/test/PuKPg4mmafe/0_0_lounge/7021_4507/mix.wav,14.399484634399414,14.53747844696045,14.057559967041016,14.260838508605957
/data/public/EchoSet/test/PuKPg4mmafe/0_0_lounge/61_6829/mix.wav,7.441514492034912,7.479943752288818,5.404302597045898,5.541158676147461
/data/public/EchoSet/test/PuKPg4mmafe/0_0_lounge/2094_2300/mix.wav,10.100345611572266,10.230531692504883,8.111207962036133,8.316872596740723
/data/public/EchoSet/test/PuKPg4mmafe/0_0_lounge/7729_3575/mix.wav,14.497645378112793,14.528407096862793,13.425738334655762,13.50435733795166
/data/public/EchoSet/test/PuKPg4mmafe/0_0_lounge/260_4507/mix.wav,13.423755645751953,13.709150314331055,13.115922927856445,13.416645050048828
/data/public/EchoSet/test/PuKPg4mmafe/0_0_lounge/7176_8455/mix.wav,10.064582824707031,10.069663047790527,9.628143310546875,9.720826148986816
/data/public/EchoSet/test/PuKPg4mmafe/0_0_lounge/4992_8463/mix.wav,8.452254295349121,8.689661026000977,7.911050319671631,8.257683753967285
/data/public/EchoSet/test/PuKPg4mmafe/0_0_lounge/3575_5683/mix.wav,12.830276489257812,12.90417194366455,12.014689445495605,12.149924278259277
/data/public/EchoSet/test/PuKPg4mmafe/0_0_lounge/1221_2300/mix.wav,12.239813804626465,12.407938003540039,11.193772315979004,11.424118995666504
/data/public/EchoSet/test/PuKPg4mmafe/0_0_lounge/8230_61/mix.wav,9.849273681640625,10.004926681518555,8.898990631103516,9.080865859985352
/data/public/EchoSet/test/PuKPg4mmafe/0_0_lounge/1188_1284/mix.wav,10.062472343444824,10.65133285522461,9.515584945678711,10.224730491638184
/data/public/EchoSet/test/PuKPg4mmafe/0_0_lounge/1580_8230/mix.wav,10.926859855651855,11.551528930664062,10.318666458129883,11.003815650939941
/data/public/EchoSet/test/PuKPg4mmafe/0_0_lounge/7021_5105/mix.wav,12.617731094360352,12.694657325744629,11.697232246398926,11.790238380432129
/data/public/EchoSet/test/PuKPg4mmafe/0_0_lounge/4970_5683/mix.wav,5.341142177581787,5.441850662231445,3.6527163982391357,3.790761709213257
/data/public/EchoSet/test/PuKPg4mmafe/0_0_lounge/908_4970/mix.wav,14.247344970703125,14.174234390258789,13.690041542053223,13.796030044555664
/data/public/EchoSet/test/PuKPg4mmafe/0_0_lounge/4446_7729/mix.wav,13.226630210876465,13.256340026855469,12.668571472167969,12.749631881713867
/data/public/EchoSet/test/PuKPg4mmafe/0_0_lounge/5142_6930/mix.wav,15.40230941772461,15.43809700012207,14.831314086914062,14.933381080627441
/data/public/EchoSet/test/PuKPg4mmafe/0_0_lounge/7176_5142/mix.wav,12.999561309814453,12.967450141906738,12.046621322631836,12.090842247009277
/data/public/EchoSet/test/PuKPg4mmafe/0_0_lounge/5142_3570/mix.wav,12.649347305297852,12.825226783752441,11.908263206481934,12.156585693359375
/data/public/EchoSet/test/PuKPg4mmafe/0_0_lounge/4507_2094/mix.wav,15.836152076721191,15.928153991699219,15.52545166015625,15.633355140686035
/data/public/EchoSet/test/PuKPg4mmafe/0_0_lounge/5639_2094/mix.wav,15.722753524780273,15.628244400024414,15.346662521362305,15.30057144165039
/data/public/EchoSet/test/PuKPg4mmafe/0_0_lounge/8555_8230/mix.wav,12.882453918457031,12.861682891845703,12.200922012329102,12.255412101745605
/data/public/EchoSet/test/PuKPg4mmafe/0_0_lounge/1320_121/mix.wav,9.105448722839355,9.5042142868042,8.810798645019531,9.34947395324707
/data/public/EchoSet/test/PuKPg4mmafe/0_0_lounge/5683_1284/mix.wav,10.677706718444824,11.049193382263184,10.115459442138672,10.536893844604492
/data/public/EchoSet/test/PuKPg4mmafe/0_0_lounge/5639_4970/mix.wav,11.789222717285156,11.75388240814209,11.080886840820312,11.171430587768555
/data/public/EchoSet/test/PuKPg4mmafe/0_0_lounge/2300_1284/mix.wav,13.340418815612793,13.267448425292969,12.402278900146484,12.380642890930176
/data/public/EchoSet/test/PuKPg4mmafe/0_0_lounge/1580_1089/mix.wav,14.013668060302734,14.185029029846191,13.281848907470703,13.524538040161133
/data/public/EchoSet/test/PuKPg4mmafe/0_0_lounge/8224_237/mix.wav,11.410577774047852,11.508574485778809,10.033748626708984,10.488903045654297
/data/public/EchoSet/test/PuKPg4mmafe/0_0_lounge/4507_908/mix.wav,14.464975357055664,14.443623542785645,13.898683547973633,13.921232223510742
/data/public/EchoSet/test/PuKPg4mmafe/0_0_lounge/1284_260/mix.wav,11.10801887512207,11.339818954467773,10.439472198486328,10.840693473815918
/data/public/EchoSet/test/PuKPg4mmafe/0_0_lounge/8555_237/mix.wav,15.738386154174805,15.780043601989746,15.021093368530273,15.087800025939941
/data/public/EchoSet/test/PuKPg4mmafe/0_0_lounge/8455_2830/mix.wav,13.137999534606934,13.095222473144531,12.500055313110352,12.477285385131836
/data/public/EchoSet/test/PuKPg4mmafe/0_0_lounge/4077_237/mix.wav,10.500040054321289,10.78488540649414,9.724007606506348,10.04258918762207
/data/public/EchoSet/test/PuKPg4mmafe/0_0_lounge/5683_3575/mix.wav,18.037931442260742,18.071929931640625,17.350765228271484,17.399227142333984
/data/public/EchoSet/test/PuKPg4mmafe/0_0_lounge/8555_4077/mix.wav,13.372934341430664,13.407998085021973,12.826169967651367,12.966657638549805
/data/public/EchoSet/test/PuKPg4mmafe/0_0_lounge/2094_8224/mix.wav,7.920854568481445,7.822174072265625,4.810794830322266,4.7428717613220215
/data/public/EchoSet/test/PuKPg4mmafe/0_0_lounge/8224_61/mix.wav,7.759981155395508,7.650930404663086,5.6267313957214355,5.561193466186523
/data/public/EchoSet/test/PuKPg4mmafe/0_0_lounge/2830_61/mix.wav,8.501648902893066,7.954458236694336,5.890385627746582,5.519199371337891
/data/public/EchoSet/test/PuKPg4mmafe/0_0_lounge/672_3575/mix.wav,14.05029010772705,14.121893882751465,13.237356185913086,13.414628982543945
/data/public/EchoSet/test/PuKPg4mmafe/0_0_lounge/1221_5639/mix.wav,13.545204162597656,13.65916919708252,13.128604888916016,13.291122436523438
/data/public/EchoSet/test/PuKPg4mmafe/0_0_lounge/4992_3575/mix.wav,3.4271457195281982,2.9148945808410645,2.604684829711914,2.1864333152770996
/data/public/EchoSet/test/PuKPg4mmafe/0_0_lounge/3570_6930/mix.wav,14.871414184570312,14.925078392028809,13.792126655578613,13.982418060302734
/data/public/EchoSet/test/PuKPg4mmafe/0_0_lounge/2300_2094/mix.wav,9.834160804748535,10.492277145385742,7.340762138366699,8.043041229248047
/data/public/EchoSet/test/PuKPg4mmafe/0_0_lounge/5142_1995/mix.wav,12.506244659423828,12.472919464111328,11.745688438415527,11.905743598937988
/data/public/EchoSet/test/PuKPg4mmafe/0_0_lounge/2830_7729/mix.wav,9.73553466796875,9.755805969238281,9.10426139831543,9.203157424926758
/data/public/EchoSet/test/PuKPg4mmafe/0_0_lounge/5142_4446/mix.wav,14.294798851013184,14.27039909362793,13.86779499053955,13.888079643249512
/data/public/EchoSet/test/PuKPg4mmafe/0_0_lounge/2094_7021/mix.wav,13.199769973754883,13.217029571533203,12.804019927978516,12.858217239379883
/data/public/EchoSet/test/PuKPg4mmafe/0_5_dining_room/4992_7127/mix.wav,11.399969100952148,11.609972953796387,10.19799518585205,10.441082000732422
/data/public/EchoSet/test/PuKPg4mmafe/0_5_dining_room/8455_61/mix.wav,7.132351875305176,7.248297214508057,6.496462821960449,6.692202568054199
/data/public/EchoSet/test/PuKPg4mmafe/0_5_dining_room/1221_5683/mix.wav,8.83951187133789,9.251291275024414,8.261494636535645,8.725260734558105
/data/public/EchoSet/test/PuKPg4mmafe/0_5_dining_room/1320_2094/mix.wav,8.349733352661133,8.372621536254883,7.253583908081055,7.345370292663574
/data/public/EchoSet/test/PuKPg4mmafe/0_5_dining_room/672_4992/mix.wav,12.760643005371094,12.911273002624512,12.09788703918457,12.365915298461914
/data/public/EchoSet/test/PuKPg4mmafe/0_5_dining_room/672_5105/mix.wav,8.420931816101074,8.300737380981445,7.236715316772461,7.246669769287109
/data/public/EchoSet/test/PuKPg4mmafe/0_5_dining_room/61_8463/mix.wav,13.61819076538086,13.674954414367676,13.306719779968262,13.413643836975098
/data/public/EchoSet/test/PuKPg4mmafe/0_5_dining_room/1320_1284/mix.wav,10.700055122375488,10.891008377075195,10.157227516174316,10.441922187805176
/data/public/EchoSet/test/PuKPg4mmafe/0_5_dining_room/4077_121/mix.wav,8.139333724975586,8.180251121520996,7.138753890991211,7.329442501068115
/data/public/EchoSet/test/PuKPg4mmafe/0_5_dining_room/4970_5142/mix.wav,9.044652938842773,9.458824157714844,8.415054321289062,8.857869148254395
/data/public/EchoSet/test/PuKPg4mmafe/0_5_dining_room/2830_7127/mix.wav,11.54765510559082,11.287572860717773,10.902214050292969,10.903220176696777
/data/public/EchoSet/test/PuKPg4mmafe/0_5_dining_room/7176_908/mix.wav,8.6575345993042,8.751916885375977,8.03235912322998,8.212303161621094
/data/public/EchoSet/test/PuKPg4mmafe/0_5_dining_room/8224_2961/mix.wav,13.039148330688477,13.149826049804688,12.509275436401367,12.689152717590332
/data/public/EchoSet/test/PuKPg4mmafe/0_5_dining_room/5142_1284/mix.wav,12.690340995788574,12.807490348815918,12.040080070495605,12.17816162109375
/data/public/EchoSet/test/PuKPg4mmafe/0_5_dining_room/7021_3729/mix.wav,13.190835952758789,13.40250301361084,12.843090057373047,13.081958770751953
/data/public/EchoSet/test/PuKPg4mmafe/0_5_dining_room/4077_260/mix.wav,9.948305130004883,9.969047546386719,9.040759086608887,9.124828338623047
/data/public/EchoSet/test/PuKPg4mmafe/0_5_dining_room/7176_2961/mix.wav,9.591947555541992,10.145146369934082,9.215389251708984,9.80228328704834
/data/public/EchoSet/test/PuKPg4mmafe/0_5_dining_room/7021_8555/mix.wav,11.963571548461914,12.079071044921875,10.839402198791504,10.985762596130371
/data/public/EchoSet/test/PuKPg4mmafe/0_5_dining_room/8224_4507/mix.wav,11.08236312866211,11.236992835998535,10.81294059753418,11.010069847106934
/data/public/EchoSet/test/PuKPg4mmafe/0_5_dining_room/1995_2094/mix.wav,12.079519271850586,12.201375961303711,11.61240005493164,11.752328872680664
/data/public/EchoSet/test/PuKPg4mmafe/0_5_dining_room/5639_260/mix.wav,11.87800121307373,12.155599594116211,11.45018196105957,11.763486862182617
/data/public/EchoSet/test/PuKPg4mmafe/0_5_dining_room/5683_1188/mix.wav,10.550861358642578,10.63997745513916,9.551029205322266,9.72507095336914
/data/public/EchoSet/test/PuKPg4mmafe/0_5_dining_room/5639_6829/mix.wav,13.72991943359375,13.9320068359375,13.368486404418945,13.623563766479492
/data/public/EchoSet/test/PuKPg4mmafe/0_5_dining_room/2300_237/mix.wav,10.397579193115234,10.70969295501709,10.089451789855957,10.429933547973633
/data/public/EchoSet/test/PuKPg4mmafe/0_5_dining_room/7127_8230/mix.wav,11.327722549438477,11.363268852233887,7.716928958892822,7.7671918869018555
/data/public/EchoSet/test/PuKPg4mmafe/0_5_dining_room/3570_8463/mix.wav,12.316826820373535,12.553055763244629,9.734708786010742,10.05974292755127
/data/public/EchoSet/test/PuKPg4mmafe/0_5_dining_room/3729_1320/mix.wav,8.831819534301758,8.797565460205078,8.196882247924805,8.258567810058594
/data/public/EchoSet/test/PuKPg4mmafe/0_5_dining_room/260_7729/mix.wav,11.054428100585938,10.98654556274414,10.607318878173828,10.619013786315918
/data/public/EchoSet/test/PuKPg4mmafe/0_5_dining_room/4507_1995/mix.wav,9.50503158569336,9.346961975097656,9.113569259643555,9.050633430480957
/data/public/EchoSet/test/PuKPg4mmafe/0_5_dining_room/3570_7021/mix.wav,10.640929222106934,11.085230827331543,10.51099681854248,10.979862213134766
/data/public/EchoSet/test/PuKPg4mmafe/0_5_dining_room/4077_4446/mix.wav,9.510063171386719,9.89333724975586,8.492664337158203,8.948262214660645
/data/public/EchoSet/test/PuKPg4mmafe/0_5_dining_room/7021_908/mix.wav,14.13812255859375,14.24022388458252,13.544503211975098,13.698030471801758
/data/public/EchoSet/test/PuKPg4mmafe/0_5_dining_room/8463_5683/mix.wav,10.459857940673828,10.397745132446289,9.241923332214355,9.237245559692383
/data/public/EchoSet/test/PuKPg4mmafe/0_5_dining_room/5105_5639/mix.wav,9.513477325439453,9.681187629699707,9.095269203186035,9.312586784362793
/data/public/EchoSet/test/PuKPg4mmafe/0_5_dining_room/4507_2961/mix.wav,10.58793830871582,11.009692192077637,10.2332124710083,10.700715065002441
/data/public/EchoSet/test/PuKPg4mmafe/0_5_dining_room/6829_908/mix.wav,7.299507141113281,8.224803924560547,6.687928676605225,7.674245834350586
/data/public/EchoSet/test/PuKPg4mmafe/0_5_dining_room/1580_6930/mix.wav,12.394685745239258,12.468257904052734,11.894155502319336,12.003826141357422
/data/public/EchoSet/test/PuKPg4mmafe/0_5_dining_room/8463_908/mix.wav,10.578680038452148,10.79248046875,9.855687141418457,10.245805740356445
/data/public/EchoSet/test/PuKPg4mmafe/0_5_dining_room/1580_7127/mix.wav,9.788156509399414,10.026571273803711,9.21243667602539,9.532402992248535
/data/public/EchoSet/test/PuKPg4mmafe/0_5_dining_room/4992_2830/mix.wav,10.681081771850586,10.717660903930664,10.286191940307617,10.442834854125977
/data/public/EchoSet/test/PuKPg4mmafe/0_5_dining_room/2094_1320/mix.wav,11.634750366210938,11.69155502319336,9.981163024902344,10.129870414733887
/data/public/EchoSet/test/PuKPg4mmafe/0_5_dining_room/2830_5683/mix.wav,13.072081565856934,13.308534622192383,12.38425064086914,12.666848182678223
/data/public/EchoSet/test/PuKPg4mmafe/0_5_dining_room/5142_1221/mix.wav,9.177081108093262,9.368388175964355,8.619216918945312,8.883221626281738
/data/public/EchoSet/test/PuKPg4mmafe/0_5_dining_room/8463_2830/mix.wav,14.774530410766602,14.778634071350098,14.322864532470703,14.37570571899414
/data/public/EchoSet/test/PuKPg4mmafe/0_5_dining_room/61_8230/mix.wav,9.511984825134277,9.598464965820312,8.920585632324219,9.088752746582031
/data/public/EchoSet/test/PuKPg4mmafe/0_5_dining_room/3570_5639/mix.wav,10.257621765136719,10.622546195983887,9.671854019165039,10.154790878295898
/data/public/EchoSet/test/PuKPg4mmafe/0_5_dining_room/8230_4446/mix.wav,11.97812271118164,12.07972240447998,10.907543182373047,11.059091567993164
/data/public/EchoSet/test/PuKPg4mmafe/0_5_dining_room/8455_672/mix.wav,10.871604919433594,11.169649124145508,10.139988899230957,10.475281715393066
/data/public/EchoSet/test/PuKPg4mmafe/0_5_dining_room/3729_2830/mix.wav,10.94528579711914,11.011219024658203,10.183002471923828,10.500633239746094
/data/public/EchoSet/test/PuKPg4mmafe/0_5_dining_room/8230_7127/mix.wav,11.289238929748535,11.565144538879395,10.91476058959961,11.297672271728516
/data/public/EchoSet/test/PuKPg4mmafe/0_5_dining_room/6829_6930/mix.wav,11.590913772583008,11.710023880004883,10.90959358215332,11.071686744689941
/data/public/EchoSet/test/PuKPg4mmafe/0_5_dining_room/3570_672/mix.wav,14.543702125549316,14.705013275146484,14.16462516784668,14.369168281555176
/data/public/EchoSet/test/PuKPg4mmafe/0_5_dining_room/1995_121/mix.wav,14.409141540527344,14.40674114227295,14.089872360229492,14.106653213500977
/data/public/EchoSet/test/PuKPg4mmafe/0_5_dining_room/1221_7176/mix.wav,11.56640338897705,11.725282669067383,11.046937942504883,11.280488967895508
/data/public/EchoSet/test/PuKPg4mmafe/0_5_dining_room/4970_3575/mix.wav,15.05836296081543,15.026721954345703,14.307723999023438,14.327685356140137
/data/public/EchoSet/test/PuKPg4mmafe/0_5_dining_room/1089_3575/mix.wav,10.635848999023438,10.431361198425293,9.89986515045166,9.806306838989258
/data/public/EchoSet/test/PuKPg4mmafe/0_5_dining_room/8230_1320/mix.wav,9.604628562927246,9.833563804626465,8.41053581237793,8.677876472473145
/data/public/EchoSet/test/PuKPg4mmafe/0_5_dining_room/4446_5683/mix.wav,8.126081466674805,8.111875534057617,1.650245189666748,1.6744561195373535
/data/public/EchoSet/test/PuKPg4mmafe/0_5_dining_room/1580_3570/mix.wav,12.552229881286621,12.691469192504883,11.526094436645508,11.741606712341309
/data/public/EchoSet/test/PuKPg4mmafe/0_5_dining_room/6930_8224/mix.wav,5.9712138175964355,5.890866279602051,2.366389513015747,2.3441996574401855
/data/public/EchoSet/test/PuKPg4mmafe/0_5_dining_room/8455_8463/mix.wav,15.70048999786377,15.742799758911133,15.333322525024414,15.399495124816895
/data/public/EchoSet/test/PuKPg4mmafe/0_5_dining_room/8555_672/mix.wav,12.512296676635742,12.510614395141602,11.934799194335938,12.013387680053711
/data/public/EchoSet/test/PuKPg4mmafe/0_5_dining_room/8455_6829/mix.wav,12.569402694702148,12.57258129119873,11.128889083862305,11.271514892578125
/data/public/EchoSet/test/PuKPg4mmafe/0_5_dining_room/5683_3729/mix.wav,11.539731979370117,12.012200355529785,11.254356384277344,11.75886058807373
/data/public/EchoSet/test/PuKPg4mmafe/0_5_dining_room/8555_3575/mix.wav,9.172882080078125,9.636945724487305,8.541585922241211,9.09156608581543
/data/public/EchoSet/test/PuKPg4mmafe/0_5_dining_room/1284_61/mix.wav,8.06454086303711,8.26114273071289,7.236298561096191,7.485902786254883
/data/public/EchoSet/test/PuKPg4mmafe/0_5_dining_room/1188_8455/mix.wav,10.896125793457031,10.97769832611084,10.41330623626709,10.52892780303955
/data/public/EchoSet/test/PuKPg4mmafe/0_5_dining_room/7729_7021/mix.wav,10.063648223876953,10.143533706665039,9.454174995422363,9.61359977722168
/data/public/EchoSet/test/PuKPg4mmafe/0_5_dining_room/1188_1089/mix.wav,11.182267189025879,11.439162254333496,10.69328498840332,11.055721282958984
/data/public/EchoSet/test/PuKPg4mmafe/0_5_dining_room/2961_2300/mix.wav,12.803028106689453,12.979026794433594,12.347043991088867,12.582202911376953
/data/public/EchoSet/test/PuKPg4mmafe/0_5_dining_room/4507_4077/mix.wav,11.482566833496094,11.078536987304688,10.649152755737305,11.11702823638916
/data/public/EchoSet/test/PuKPg4mmafe/0_5_dining_room/3729_8224/mix.wav,11.928018569946289,11.982454299926758,11.450855255126953,11.57938003540039
/data/public/EchoSet/test/PuKPg4mmafe/0_5_dining_room/1995_5683/mix.wav,14.574018478393555,14.585827827453613,13.817456245422363,13.89037799835205
/data/public/EchoSet/test/PuKPg4mmafe/0_5_dining_room/5639_8230/mix.wav,11.574751853942871,11.709488868713379,10.888704299926758,11.158897399902344
/data/public/EchoSet/test/PuKPg4mmafe/0_5_dining_room/8455_3570/mix.wav,16.052993774414062,16.049640655517578,15.663490295410156,15.690159797668457
/data/public/EchoSet/test/PuKPg4mmafe/0_5_dining_room/2300_8555/mix.wav,10.327743530273438,10.524765968322754,9.845172882080078,10.103161811828613
/data/public/EchoSet/test/PuKPg4mmafe/0_5_dining_room/4507_5142/mix.wav,15.415766716003418,15.54487419128418,14.826777458190918,14.976949691772461
/data/public/EchoSet/test/PuKPg4mmafe/0_5_dining_room/5142_2961/mix.wav,11.654820442199707,12.018917083740234,11.290668487548828,11.680672645568848
/data/public/EchoSet/test/PuKPg4mmafe/0_5_dining_room/1580_1284/mix.wav,13.332672119140625,13.344411849975586,11.94945240020752,12.008382797241211
/data/public/EchoSet/test/PuKPg4mmafe/0_5_dining_room/6930_4992/mix.wav,12.068083763122559,12.135793685913086,11.384023666381836,11.496760368347168
/data/public/EchoSet/test/PuKPg4mmafe/0_5_dining_room/2830_1089/mix.wav,12.843454360961914,13.421860694885254,12.612372398376465,13.216116905212402
/data/public/EchoSet/test/PuKPg4mmafe/0_5_dining_room/1221_3575/mix.wav,8.58183765411377,8.698561668395996,7.932116985321045,8.0902099609375
/data/public/EchoSet/test/PuKPg4mmafe/0_5_dining_room/2300_8224/mix.wav,7.332574844360352,7.774079322814941,6.010350227355957,6.632142543792725
/data/public/EchoSet/test/PuKPg4mmafe/0_5_dining_room/1580_7729/mix.wav,14.873249053955078,14.815661430358887,14.070947647094727,14.104350090026855
/data/public/EchoSet/test/PuKPg4mmafe/0_5_dining_room/3729_237/mix.wav,8.952215194702148,9.540531158447266,8.333197593688965,8.976200103759766
/data/public/EchoSet/test/PuKPg4mmafe/0_5_dining_room/8455_6930/mix.wav,11.00046157836914,11.035149574279785,8.602692604064941,8.691963195800781
/data/public/EchoSet/test/PuKPg4mmafe/0_5_dining_room/260_237/mix.wav,10.746177673339844,10.834697723388672,10.37671947479248,10.5181303024292
/data/public/EchoSet/test/PuKPg4mmafe/0_5_dining_room/121_5105/mix.wav,11.127227783203125,11.262977600097656,10.143085479736328,10.311972618103027
/data/public/EchoSet/test/PuKPg4mmafe/0_5_dining_room/4970_1188/mix.wav,10.182615280151367,10.582386016845703,9.811086654663086,10.28770923614502
/data/public/EchoSet/test/PuKPg4mmafe/0_5_dining_room/1089_4446/mix.wav,11.446274757385254,11.340509414672852,10.969497680664062,10.942778587341309
/data/public/EchoSet/test/PuKPg4mmafe/0_5_dining_room/3575_6829/mix.wav,11.568613052368164,11.67347240447998,11.101652145385742,11.253406524658203
/data/public/EchoSet/test/PuKPg4mmafe/0_5_dining_room/3570_5683/mix.wav,14.234794616699219,14.403776168823242,13.810724258422852,14.096746444702148
/data/public/EchoSet/test/PuKPg4mmafe/0_5_dining_room/7729_2300/mix.wav,8.246859550476074,8.432374000549316,7.8083600997924805,8.049181938171387
/data/public/EchoSet/test/PuKPg4mmafe/0_5_dining_room/237_4992/mix.wav,12.485366821289062,12.664070129394531,11.990099906921387,12.258481979370117
/data/public/EchoSet/test/PuKPg4mmafe/0_5_dining_room/908_1284/mix.wav,12.519906997680664,12.59961986541748,11.93193244934082,12.056557655334473
/data/public/EchoSet/test/PuKPg4mmafe/0_5_dining_room/237_5105/mix.wav,10.629669189453125,10.966161727905273,10.08236312866211,10.490792274475098
/data/public/EchoSet/test/PuKPg4mmafe/0_5_dining_room/1284_121/mix.wav,6.306823253631592,6.8675055503845215,5.375998497009277,6.043523788452148
/data/public/EchoSet/test/PuKPg4mmafe/0_5_dining_room/908_2094/mix.wav,11.423958778381348,11.711936950683594,10.846415519714355,11.171221733093262
/data/public/EchoSet/test/PuKPg4mmafe/0_5_dining_room/2300_5639/mix.wav,13.08208179473877,13.273357391357422,12.686084747314453,12.925996780395508
/data/public/EchoSet/test/PuKPg4mmafe/0_5_dining_room/4507_8224/mix.wav,16.817794799804688,16.917526245117188,16.451152801513672,16.5737361907959
/data/public/EchoSet/test/PuKPg4mmafe/0_5_dining_room/7729_8555/mix.wav,12.562965393066406,12.910632133483887,12.261879920959473,12.645350456237793
/data/public/EchoSet/test/PuKPg4mmafe/0_5_dining_room/2830_5639/mix.wav,1.242862582206726,1.4989877939224243,-1.2555068731307983,-0.7902566194534302
/data/public/EchoSet/test/PuKPg4mmafe/0_5_dining_room/260_7127/mix.wav,11.123821258544922,11.545475959777832,10.73281478881836,11.280129432678223
/data/public/EchoSet/test/PuKPg4mmafe/0_5_dining_room/4970_2961/mix.wav,12.923404693603516,13.159236907958984,12.639707565307617,12.898350715637207
/data/public/EchoSet/test/PuKPg4mmafe/0_5_dining_room/5639_8463/mix.wav,7.775181770324707,8.597288131713867,7.338169097900391,8.243310928344727
/data/public/EchoSet/test/PuKPg4mmafe/0_5_dining_room/4992_260/mix.wav,9.330472946166992,9.588127136230469,8.697049140930176,9.045002937316895
/data/public/EchoSet/test/PuKPg4mmafe/0_5_dining_room/1284_6829/mix.wav,9.15323257446289,9.081282615661621,8.445234298706055,8.572061538696289
/data/public/EchoSet/test/PuKPg4mmafe/0_5_dining_room/1284_4446/mix.wav,11.034540176391602,11.02242374420166,10.371158599853516,10.393073081970215
/data/public/EchoSet/test/PuKPg4mmafe/0_5_dining_room/121_6930/mix.wav,8.59579086303711,8.694202423095703,5.893528938293457,6.076944351196289
/data/public/EchoSet/test/PuKPg4mmafe/0_5_dining_room/237_61/mix.wav,11.95175552368164,12.361430168151855,11.687679290771484,12.118022918701172
/data/public/EchoSet/test/PuKPg4mmafe/0_5_dining_room/4446_2094/mix.wav,13.289255142211914,13.284366607666016,12.65580940246582,12.683429718017578
/data/public/EchoSet/test/PuKPg4mmafe/0_5_dining_room/3570_1995/mix.wav,11.289874076843262,11.444649696350098,10.990789413452148,11.184066772460938
/data/public/EchoSet/test/PuKPg4mmafe/0_5_dining_room/8224_5142/mix.wav,14.240288734436035,14.120545387268066,13.055107116699219,13.019606590270996
/data/public/EchoSet/test/PuKPg4mmafe/0_5_dining_room/7729_4970/mix.wav,11.538622856140137,11.843056678771973,11.115609169006348,11.48400592803955
/data/public/EchoSet/test/PuKPg4mmafe/0_5_dining_room/7127_4507/mix.wav,10.799765586853027,11.211918830871582,10.189870834350586,10.71666431427002
/data/public/EchoSet/test/PuKPg4mmafe/0_5_dining_room/1580_1221/mix.wav,12.847042083740234,12.882798194885254,12.486364364624023,12.545294761657715
/data/public/EchoSet/test/PuKPg4mmafe/0_5_dining_room/8230_7021/mix.wav,12.760112762451172,12.990785598754883,12.190277099609375,12.463241577148438
/data/public/EchoSet/test/PuKPg4mmafe/0_5_dining_room/5105_1995/mix.wav,13.394729614257812,13.542181968688965,12.805875778198242,13.04159164428711
/data/public/EchoSet/test/PuKPg4mmafe/0_5_dining_room/1221_8230/mix.wav,12.915021896362305,13.176316261291504,12.513726234436035,12.814516067504883
/data/public/EchoSet/test/PuKPg4mmafe/0_5_dining_room/2094_8555/mix.wav,11.042702674865723,10.533538818359375,10.184074401855469,9.917948722839355
/data/public/EchoSet/test/PuKPg4mmafe/0_5_dining_room/2961_260/mix.wav,13.56875991821289,13.558863639831543,13.136129379272461,13.161066055297852
/data/public/EchoSet/test/PuKPg4mmafe/0_5_dining_room/1221_5142/mix.wav,12.647269248962402,12.68330192565918,12.026037216186523,12.134858131408691
/data/public/EchoSet/test/PuKPg4mmafe/0_5_dining_room/7176_7021/mix.wav,9.954866409301758,9.799792289733887,9.429636001586914,9.327877044677734
/data/public/EchoSet/test/PuKPg4mmafe/0_5_dining_room/1580_7021/mix.wav,13.957355499267578,13.971878051757812,13.104736328125,13.18525505065918
/data/public/EchoSet/test/PuKPg4mmafe/0_5_dining_room/5105_61/mix.wav,3.188638925552368,2.699902057647705,-1.377018690109253,-1.761508584022522
/data/public/EchoSet/test/PuKPg4mmafe/0_5_dining_room/237_1188/mix.wav,14.814922332763672,14.924063682556152,14.079071044921875,14.217302322387695
/data/public/EchoSet/test/PuKPg4mmafe/0_5_dining_room/1995_908/mix.wav,9.94126033782959,9.81312084197998,9.193699836730957,9.267897605895996
/data/public/EchoSet/test/PuKPg4mmafe/0_5_dining_room/672_3729/mix.wav,10.38412857055664,10.344473838806152,9.479544639587402,9.520467758178711
/data/public/EchoSet/test/PuKPg4mmafe/0_5_dining_room/7729_237/mix.wav,10.8240966796875,11.029816627502441,10.448299407958984,10.69723892211914
/data/public/EchoSet/test/PuKPg4mmafe/0_5_dining_room/4970_4992/mix.wav,13.134634017944336,13.146738052368164,12.787240982055664,12.831912994384766
/data/public/EchoSet/test/PuKPg4mmafe/0_5_dining_room/7176_4077/mix.wav,8.965842247009277,9.279825210571289,8.215044975280762,8.717780113220215
/data/public/EchoSet/test/PuKPg4mmafe/0_5_dining_room/8555_1221/mix.wav,11.606481552124023,11.70692253112793,10.938090324401855,11.145737648010254
/data/public/EchoSet/test/PuKPg4mmafe/0_5_dining_room/1089_5105/mix.wav,8.454167366027832,8.825718879699707,8.150717735290527,8.626347541809082
/data/public/EchoSet/test/PuKPg4mmafe/0_5_dining_room/8463_3575/mix.wav,8.773506164550781,8.938425064086914,6.727285861968994,6.946771621704102
/data/public/EchoSet/test/PuKPg4mmafe/0_5_dining_room/3575_4992/mix.wav,12.575651168823242,12.542716979980469,11.666972160339355,11.676931381225586
/data/public/EchoSet/test/PuKPg4mmafe/0_5_dining_room/2830_121/mix.wav,12.128626823425293,12.234138488769531,11.688605308532715,11.850050926208496
/data/public/EchoSet/test/PuKPg4mmafe/0_5_dining_room/5142_1995/mix.wav,14.374650955200195,14.32603645324707,13.438772201538086,13.499519348144531
/data/public/EchoSet/test/PuKPg4mmafe/0_5_dining_room/61_4446/mix.wav,9.258298873901367,9.479236602783203,8.542198181152344,8.897958755493164
/data/public/EchoSet/test/PuKPg4mmafe/0_5_dining_room/6930_1188/mix.wav,10.72673225402832,10.869234085083008,9.740503311157227,9.976102828979492
/data/public/EchoSet/test/PuKPg4mmafe/0_5_dining_room/2300_4970/mix.wav,10.733108520507812,11.078532218933105,10.329853057861328,10.722379684448242
/data/public/EchoSet/test/PuKPg4mmafe/0_5_dining_room/1320_7127/mix.wav,7.593933582305908,7.614653587341309,6.690304756164551,6.832160949707031
/data/public/EchoSet/test/PuKPg4mmafe/0_5_dining_room/2961_2094/mix.wav,7.709439754486084,7.7968363761901855,6.914159774780273,7.098062992095947
/data/public/EchoSet/test/PuKPg4mmafe/0_5_dining_room/61_1580/mix.wav,11.966283798217773,12.08799934387207,11.200288772583008,11.42137336730957
/data/public/EchoSet/test/PuKPg4mmafe/0_5_dining_room/6829_2300/mix.wav,8.46104621887207,8.406951904296875,4.796001434326172,4.801835060119629
/data/public/EchoSet/test/PuKPg4mmafe/0_5_dining_room/7176_672/mix.wav,11.509186744689941,11.874897003173828,10.916711807250977,11.32364559173584
/data/public/EchoSet/test/PuKPg4mmafe/0_5_dining_room/1089_4507/mix.wav,12.611942291259766,12.841598510742188,12.390704154968262,12.649489402770996
/data/public/EchoSet/test/RPmz2sHmrrY/0_7_office/7021_8555/mix.wav,13.27762222290039,13.148810386657715,12.619749069213867,12.534153938293457
/data/public/EchoSet/test/RPmz2sHmrrY/0_7_office/8224_4507/mix.wav,15.28722858428955,15.300540924072266,14.992790222167969,15.108651161193848
/data/public/EchoSet/test/RPmz2sHmrrY/0_7_office/237_6930/mix.wav,10.002030372619629,9.949991226196289,8.7991304397583,8.794820785522461
/data/public/EchoSet/test/RPmz2sHmrrY/0_7_office/2961_7176/mix.wav,13.339645385742188,13.51655101776123,13.030414581298828,13.242310523986816
/data/public/EchoSet/test/RPmz2sHmrrY/0_7_office/2300_672/mix.wav,9.202775955200195,9.659215927124023,6.791713714599609,7.287217140197754
/data/public/EchoSet/test/RPmz2sHmrrY/0_7_office/7021_4077/mix.wav,10.044506072998047,10.383060455322266,9.245946884155273,9.625598907470703
/data/public/EchoSet/test/RPmz2sHmrrY/0_7_office/4446_7127/mix.wav,6.251285552978516,6.285325050354004,4.896140098571777,5.191695690155029
/data/public/EchoSet/test/RPmz2sHmrrY/0_7_office/3575_1089/mix.wav,10.844732284545898,10.911575317382812,9.807404518127441,9.96674633026123
/data/public/EchoSet/test/RPmz2sHmrrY/0_7_office/121_7127/mix.wav,10.7733154296875,10.801429748535156,10.499990463256836,10.609858512878418
/data/public/EchoSet/test/RPmz2sHmrrY/0_7_office/2830_7176/mix.wav,8.208803176879883,8.13200569152832,3.901627779006958,3.8961191177368164
/data/public/EchoSet/test/RPmz2sHmrrY/0_7_office/1995_4970/mix.wav,13.723230361938477,13.786490440368652,13.425580978393555,13.536079406738281
/data/public/EchoSet/test/RPmz2sHmrrY/0_7_office/8463_1188/mix.wav,13.436025619506836,13.38970947265625,13.025433540344238,13.03418254852295
/data/public/EchoSet/test/RPmz2sHmrrY/0_7_office/260_6930/mix.wav,7.425665378570557,7.305627346038818,6.635087013244629,6.530763626098633
/data/public/EchoSet/test/RPmz2sHmrrY/0_7_office/2094_5105/mix.wav,9.46378231048584,9.595804214477539,8.683371543884277,8.826641082763672
/data/public/EchoSet/test/RPmz2sHmrrY/0_7_office/3729_1320/mix.wav,14.16650390625,14.27352237701416,13.679506301879883,13.826581001281738
/data/public/EchoSet/test/RPmz2sHmrrY/0_7_office/7729_1320/mix.wav,10.468082427978516,10.643796920776367,9.92452621459961,10.188867568969727
/data/public/EchoSet/test/RPmz2sHmrrY/0_7_office/7021_5639/mix.wav,13.087369918823242,13.071534156799316,12.590360641479492,12.704617500305176
/data/public/EchoSet/test/RPmz2sHmrrY/0_7_office/3729_1580/mix.wav,10.294005393981934,10.437256813049316,9.91191291809082,10.10142993927002
/data/public/EchoSet/test/RPmz2sHmrrY/0_7_office/1284_7729/mix.wav,13.575313568115234,13.453131675720215,13.144667625427246,13.093645095825195
/data/public/EchoSet/test/RPmz2sHmrrY/0_7_office/1188_4446/mix.wav,10.879617691040039,11.034082412719727,9.671941757202148,9.893355369567871
/data/public/EchoSet/test/RPmz2sHmrrY/0_7_office/6829_4992/mix.wav,6.499734878540039,6.4725446701049805,5.7301740646362305,5.7640275955200195
/data/public/EchoSet/test/RPmz2sHmrrY/0_7_office/2830_7127/mix.wav,10.550296783447266,10.208051681518555,9.515382766723633,9.377039909362793
/data/public/EchoSet/test/RPmz2sHmrrY/0_7_office/3575_8230/mix.wav,14.30584716796875,14.462117195129395,13.701727867126465,13.896074295043945
/data/public/EchoSet/test/RPmz2sHmrrY/0_7_office/7127_7021/mix.wav,13.4373779296875,13.697983741760254,13.163822174072266,13.449546813964844
/data/public/EchoSet/test/RPmz2sHmrrY/0_7_office/8463_6930/mix.wav,10.71965217590332,10.54884147644043,10.09049129486084,10.060012817382812
/data/public/EchoSet/test/RPmz2sHmrrY/0_7_office/1995_237/mix.wav,14.032464981079102,13.92647933959961,13.533166885375977,13.54321575164795
/data/public/EchoSet/test/RPmz2sHmrrY/0_7_office/8555_4507/mix.wav,12.301765441894531,12.574931144714355,11.664384841918945,11.977798461914062
/data/public/EchoSet/test/RPmz2sHmrrY/0_7_office/8455_5639/mix.wav,11.673839569091797,11.695602416992188,11.215435028076172,11.283034324645996
/data/public/EchoSet/test/RPmz2sHmrrY/0_7_office/6829_5105/mix.wav,9.888538360595703,10.373076438903809,9.371304512023926,9.893631935119629
/data/public/EchoSet/test/RPmz2sHmrrY/0_7_office/4970_260/mix.wav,15.064592361450195,15.314753532409668,14.102548599243164,14.381214141845703
/data/public/EchoSet/test/RPmz2sHmrrY/0_7_office/260_672/mix.wav,9.949609756469727,9.872426986694336,8.784015655517578,8.862422943115234
/data/public/EchoSet/test/RPmz2sHmrrY/0_7_office/260_2961/mix.wav,12.088997840881348,12.208882331848145,11.638264656066895,11.855709075927734
/data/public/EchoSet/test/RPmz2sHmrrY/0_7_office/4507_908/mix.wav,13.56795597076416,13.253209114074707,12.762613296508789,13.157975196838379
/data/public/EchoSet/test/RPmz2sHmrrY/0_7_office/4077_237/mix.wav,13.083662033081055,13.088235855102539,11.671646118164062,11.921379089355469
/data/public/EchoSet/test/RPmz2sHmrrY/0_7_office/3570_1221/mix.wav,13.852045059204102,13.954778671264648,13.26375961303711,13.416282653808594
/data/public/EchoSet/test/RPmz2sHmrrY/0_7_office/121_5683/mix.wav,12.514703750610352,12.646587371826172,10.945934295654297,11.155376434326172
/data/public/EchoSet/test/RPmz2sHmrrY/0_7_office/2094_3570/mix.wav,10.776496887207031,11.000362396240234,10.183185577392578,10.56187915802002
/data/public/EchoSet/test/RPmz2sHmrrY/0_7_office/3570_3729/mix.wav,13.720595359802246,13.967052459716797,13.48464298248291,13.757989883422852
/data/public/EchoSet/test/RPmz2sHmrrY/0_7_office/1221_1995/mix.wav,17.266544342041016,17.248666763305664,16.84196662902832,16.8474178314209
/data/public/EchoSet/test/RPmz2sHmrrY/0_7_office/1089_1284/mix.wav,11.574664115905762,11.468003273010254,10.682090759277344,10.698101997375488
/data/public/EchoSet/test/RPmz2sHmrrY/0_7_office/3575_7729/mix.wav,11.299398422241211,11.299017906188965,10.65530014038086,10.784830093383789
/data/public/EchoSet/test/RPmz2sHmrrY/0_7_office/3729_2961/mix.wav,10.484785079956055,10.814311027526855,9.836557388305664,10.261046409606934
/data/public/EchoSet/test/RPmz2sHmrrY/0_7_office/5639_908/mix.wav,13.714130401611328,13.915273666381836,13.505325317382812,13.728740692138672
/data/public/EchoSet/test/RPmz2sHmrrY/0_7_office/1284_4077/mix.wav,11.528779983520508,11.468135833740234,10.320116996765137,10.30854606628418
/data/public/EchoSet/test/RPmz2sHmrrY/0_7_office/4446_61/mix.wav,7.199524879455566,7.448186874389648,6.128762245178223,6.459113121032715
/data/public/EchoSet/test/RPmz2sHmrrY/0_7_office/8230_7176/mix.wav,11.251537322998047,11.864770889282227,11.067962646484375,11.713176727294922
/data/public/EchoSet/test/RPmz2sHmrrY/0_7_office/1320_8224/mix.wav,11.742315292358398,11.979312896728516,10.278457641601562,10.541488647460938
/data/public/EchoSet/test/RPmz2sHmrrY/0_7_office/1089_8463/mix.wav,13.0250244140625,12.791316032409668,12.450139045715332,12.34830093383789
/data/public/EchoSet/test/RPmz2sHmrrY/0_7_office/8555_1188/mix.wav,13.85625171661377,13.902740478515625,13.041034698486328,13.111283302307129
/data/public/EchoSet/test/RPmz2sHmrrY/0_7_office/5105_8224/mix.wav,6.615372180938721,6.610049724578857,1.1835988759994507,1.2000221014022827
/data/public/EchoSet/test/RPmz2sHmrrY/0_7_office/1995_2300/mix.wav,15.921154022216797,15.90472412109375,15.399904251098633,15.42573070526123
/data/public/EchoSet/test/RPmz2sHmrrY/0_7_office/237_4992/mix.wav,11.245033264160156,11.211666107177734,8.618857383728027,8.644163131713867
/data/public/EchoSet/test/RPmz2sHmrrY/0_7_office/6930_5142/mix.wav,8.827718734741211,8.537800788879395,8.489208221435547,8.29341983795166
/data/public/EchoSet/test/RPmz2sHmrrY/0_7_office/1188_5105/mix.wav,14.398637771606445,14.50035572052002,13.700199127197266,13.820240020751953
/data/public/EchoSet/test/RPmz2sHmrrY/0_7_office/7729_5105/mix.wav,12.05207347869873,12.067415237426758,11.479318618774414,11.563264846801758
/data/public/EchoSet/test/RPmz2sHmrrY/0_7_office/5142_4077/mix.wav,8.31024169921875,8.363070487976074,7.165586471557617,7.325450420379639
/data/public/EchoSet/test/RPmz2sHmrrY/0_7_office/237_5105/mix.wav,12.380369186401367,12.31785774230957,11.656591415405273,11.658527374267578
/data/public/EchoSet/test/RPmz2sHmrrY/0_7_office/6930_8230/mix.wav,9.919076919555664,9.690978050231934,8.41720199584961,8.268987655639648
/data/public/EchoSet/test/RPmz2sHmrrY/0_7_office/908_2094/mix.wav,12.757096290588379,12.8341064453125,12.182378768920898,12.371036529541016
/data/public/EchoSet/test/RPmz2sHmrrY/0_7_office/1580_1284/mix.wav,14.380439758300781,14.375929832458496,12.746112823486328,12.79570198059082
/data/public/EchoSet/test/RPmz2sHmrrY/0_7_office/672_3570/mix.wav,10.812460899353027,10.750784873962402,6.889795303344727,6.903557300567627
/data/public/EchoSet/test/RPmz2sHmrrY/0_7_office/6829_908/mix.wav,11.280921936035156,11.163347244262695,10.668010711669922,10.61320686340332
/data/public/EchoSet/test/RPmz2sHmrrY/0_7_office/1320_2830/mix.wav,4.072906017303467,3.531092643737793,2.7784323692321777,2.383131742477417
/data/public/EchoSet/test/RPmz2sHmrrY/0_7_office/1221_3575/mix.wav,12.047956466674805,11.966290473937988,10.80101490020752,10.758273124694824
/data/public/EchoSet/test/RPmz2sHmrrY/0_7_office/4970_7176/mix.wav,12.495453834533691,12.46154499053955,12.010153770446777,12.08878231048584
/data/public/EchoSet/test/RPmz2sHmrrY/0_7_office/8224_2094/mix.wav,5.104199409484863,5.31828498840332,0.05065438151359558,0.2963310182094574
/data/public/EchoSet/test/RPmz2sHmrrY/0_7_office/1580_7729/mix.wav,13.172859191894531,13.444393157958984,12.57210922241211,12.904195785522461
/data/public/EchoSet/test/RPmz2sHmrrY/0_7_office/4446_2300/mix.wav,11.103988647460938,11.392131805419922,10.350228309631348,10.716381072998047
/data/public/EchoSet/test/RPmz2sHmrrY/0_7_office/3570_5683/mix.wav,12.908266067504883,13.027398109436035,12.059576034545898,12.244074821472168
/data/public/EchoSet/test/RPmz2sHmrrY/0_7_office/4992_1089/mix.wav,13.343963623046875,13.482003211975098,12.879951477050781,13.063833236694336
/data/public/EchoSet/test/RPmz2sHmrrY/0_7_office/5639_7021/mix.wav,12.67861557006836,12.849708557128906,12.104945182800293,12.368631362915039
/data/public/EchoSet/test/RPmz2sHmrrY/0_7_office/7176_61/mix.wav,10.94160270690918,10.983955383300781,10.514175415039062,10.578651428222656
/data/public/EchoSet/test/RPmz2sHmrrY/0_7_office/1284_5683/mix.wav,9.131658554077148,9.115214347839355,7.928393363952637,7.983346939086914
/data/public/EchoSet/test/RPmz2sHmrrY/0_7_office/61_5683/mix.wav,15.639124870300293,15.78317928314209,14.73222541809082,14.905416488647461
/data/public/EchoSet/test/RPmz2sHmrrY/0_7_office/4992_8224/mix.wav,9.91622543334961,9.909130096435547,5.968949794769287,6.006160259246826
/data/public/EchoSet/test/RPmz2sHmrrY/0_7_office/6930_4507/mix.wav,18.127737045288086,18.13605499267578,17.690494537353516,17.795671463012695
/data/public/EchoSet/test/RPmz2sHmrrY/0_7_office/1089_1580/mix.wav,12.777365684509277,12.838308334350586,12.132593154907227,12.248523712158203
/data/public/EchoSet/test/RPmz2sHmrrY/0_7_office/3575_1995/mix.wav,9.703134536743164,9.633238792419434,9.107672691345215,9.125894546508789
/data/public/EchoSet/test/RPmz2sHmrrY/0_7_office/3575_1188/mix.wav,11.37764835357666,11.705366134643555,10.451078414916992,10.826698303222656
/data/public/EchoSet/test/RPmz2sHmrrY/0_7_office/3729_1089/mix.wav,12.267049789428711,12.651331901550293,11.826349258422852,12.273931503295898
/data/public/EchoSet/test/RPmz2sHmrrY/0_7_office/4446_121/mix.wav,8.479934692382812,8.574666976928711,7.037530899047852,7.257927894592285
/data/public/EchoSet/test/RPmz2sHmrrY/0_7_office/4446_7021/mix.wav,15.465299606323242,15.514798164367676,14.953718185424805,15.026458740234375
/data/public/EchoSet/test/RPmz2sHmrrY/0_7_office/672_1320/mix.wav,8.97747802734375,9.162209510803223,7.781098365783691,8.027851104736328
/data/public/EchoSet/test/RPmz2sHmrrY/0_7_office/1995_2830/mix.wav,11.250852584838867,11.173632621765137,10.137452125549316,10.172892570495605
/data/public/EchoSet/test/RPmz2sHmrrY/0_7_office/7729_8455/mix.wav,9.990614891052246,10.153645515441895,9.09631061553955,9.348554611206055
/data/public/EchoSet/test/RPmz2sHmrrY/0_7_office/2961_908/mix.wav,12.242098808288574,12.39307689666748,11.79797077178955,11.990406036376953
/data/public/EchoSet/test/RPmz2sHmrrY/0_7_office/121_8455/mix.wav,14.646223068237305,14.727343559265137,13.838157653808594,13.937031745910645
/data/public/EchoSet/test/RPmz2sHmrrY/0_7_office/3729_8455/mix.wav,11.787452697753906,11.90755558013916,11.259078979492188,11.441742897033691
/data/public/EchoSet/test/RPmz2sHmrrY/0_7_office/3570_672/mix.wav,13.518606185913086,13.65776252746582,11.34895133972168,11.517803192138672
/data/public/EchoSet/test/RPmz2sHmrrY/0_7_office/7021_3570/mix.wav,10.965028762817383,11.36324405670166,10.33450698852539,10.800484657287598
/data/public/EchoSet/test/RPmz2sHmrrY/0_7_office/7176_4970/mix.wav,16.13728904724121,16.195133209228516,15.822647094726562,15.913339614868164
/data/public/EchoSet/test/RPmz2sHmrrY/0_7_office/5639_8555/mix.wav,11.321298599243164,11.247631072998047,10.777597427368164,10.789280891418457
/data/public/EchoSet/test/RPmz2sHmrrY/0_7_office/5142_237/mix.wav,7.981240749359131,8.148134231567383,7.540225982666016,7.74560022354126
/data/public/EchoSet/test/RPmz2sHmrrY/0_7_office/260_8455/mix.wav,10.650810241699219,11.263137817382812,10.082715034484863,10.742374420166016
/data/public/EchoSet/test/RPmz2sHmrrY/0_7_office/7127_1580/mix.wav,11.652957916259766,11.614141464233398,10.973060607910156,11.009153366088867
/data/public/EchoSet/test/RPmz2sHmrrY/0_7_office/1580_8463/mix.wav,10.739434242248535,10.78184700012207,10.123420715332031,10.233123779296875
/data/public/EchoSet/test/RPmz2sHmrrY/0_7_office/61_4992/mix.wav,12.897137641906738,12.896150588989258,12.488910675048828,12.53171157836914
/data/public/EchoSet/test/RPmz2sHmrrY/0_7_office/908_1580/mix.wav,14.571099281311035,14.362194061279297,13.858192443847656,13.797881126403809
/data/public/EchoSet/test/RPmz2sHmrrY/0_7_office/2300_3729/mix.wav,14.419025421142578,14.410103797912598,13.957359313964844,13.983319282531738
/data/public/EchoSet/test/RPmz2sHmrrY/0_7_office/2830_8555/mix.wav,9.082666397094727,9.020901679992676,5.304764270782471,5.2767438888549805
/data/public/EchoSet/test/RPmz2sHmrrY/0_7_office/1995_2961/mix.wav,11.573384284973145,11.4505033493042,11.17160701751709,11.122414588928223
/data/public/EchoSet/test/RPmz2sHmrrY/0_7_office/260_237/mix.wav,13.071015357971191,13.096434593200684,12.210582733154297,12.311030387878418
/data/public/EchoSet/test/RPmz2sHmrrY/0_7_office/5683_8230/mix.wav,12.286252975463867,12.14228343963623,11.623200416564941,11.620733261108398
/data/public/EchoSet/test/RPmz2sHmrrY/0_7_office/1188_672/mix.wav,10.521419525146484,10.719599723815918,7.652873516082764,7.956418991088867
/data/public/EchoSet/test/RPmz2sHmrrY/0_7_office/672_4992/mix.wav,13.692978858947754,13.945838928222656,13.272745132446289,13.553467750549316
/data/public/EchoSet/test/RPmz2sHmrrY/0_7_office/4077_5142/mix.wav,8.819305419921875,8.98049259185791,6.98098087310791,7.233409881591797
/data/public/EchoSet/test/RPmz2sHmrrY/0_7_office/7127_5683/mix.wav,13.0377836227417,13.126864433288574,12.20008659362793,12.34078598022461
/data/public/EchoSet/test/RPmz2sHmrrY/0_7_office/5639_4970/mix.wav,12.453743934631348,12.519227027893066,12.069025039672852,12.166572570800781
/data/public/EchoSet/test/RPmz2sHmrrY/0_7_office/8230_2300/mix.wav,9.411705017089844,9.67641544342041,8.744510650634766,9.073160171508789
/data/public/EchoSet/test/RPmz2sHmrrY/0_7_office/2961_3575/mix.wav,13.339889526367188,13.420153617858887,12.751860618591309,12.878898620605469
/data/public/EchoSet/test/RPmz2sHmrrY/0_7_office/2830_7729/mix.wav,14.082294464111328,14.114802360534668,13.58461856842041,13.63354778289795
/data/public/EchoSet/test/RPmz2sHmrrY/0_7_office/2961_1284/mix.wav,6.890080451965332,6.951770782470703,4.498105525970459,4.644012451171875
/data/public/EchoSet/test/RPmz2sHmrrY/0_7_office/4077_8555/mix.wav,12.111400604248047,12.419841766357422,11.609051704406738,11.983414649963379
/data/public/EchoSet/test/RPmz2sHmrrY/0_7_office/1221_8455/mix.wav,10.303642272949219,10.539716720581055,9.619834899902344,9.90628433227539
/data/public/EchoSet/test/RPmz2sHmrrY/0_7_office/121_8463/mix.wav,10.949490547180176,11.064810752868652,10.498565673828125,10.670717239379883
/data/public/EchoSet/test/RPmz2sHmrrY/0_7_office/5639_121/mix.wav,12.565078735351562,12.663323402404785,11.887073516845703,12.09126091003418
/data/public/EchoSet/test/RPmz2sHmrrY/0_7_office/1089_4507/mix.wav,9.669848442077637,9.878839492797852,9.220916748046875,9.529945373535156
/data/public/EchoSet/test/RPmz2sHmrrY/0_7_office/8230_5142/mix.wav,13.181791305541992,13.438858985900879,12.370231628417969,12.6524076461792
/data/public/EchoSet/test/RPmz2sHmrrY/0_7_office/4992_2094/mix.wav,8.160226821899414,7.811756610870361,6.5454254150390625,6.293557167053223
/data/public/EchoSet/test/RPmz2sHmrrY/0_7_office/260_4970/mix.wav,12.165203094482422,12.41091537475586,10.909590721130371,11.20849609375
/data/public/EchoSet/test/RPmz2sHmrrY/0_7_office/1320_4446/mix.wav,14.169837951660156,14.179866790771484,12.57792854309082,12.653352737426758
/data/public/EchoSet/test/RPmz2sHmrrY/0_7_office/1221_2300/mix.wav,11.058762550354004,11.110321044921875,9.767964363098145,9.865080833435059
/data/public/EchoSet/test/RPmz2sHmrrY/0_7_office/1221_4077/mix.wav,11.572151184082031,11.41158676147461,9.639577865600586,9.597965240478516
/data/public/EchoSet/test/RPmz2sHmrrY/0_7_office/5142_6930/mix.wav,10.854652404785156,10.957478523254395,9.861757278442383,10.059516906738281
/data/public/EchoSet/test/RPmz2sHmrrY/0_7_office/1221_8555/mix.wav,13.256715774536133,13.468273162841797,12.706878662109375,12.973091125488281
/data/public/EchoSet/test/RPmz2sHmrrY/0_7_office/121_2094/mix.wav,13.714503288269043,13.64991569519043,12.984142303466797,13.04412841796875
/data/public/EchoSet/test/RPmz2sHmrrY/0_7_office/6829_8455/mix.wav,10.620548248291016,10.990678787231445,9.819108009338379,10.230057716369629
/data/public/EchoSet/test/RPmz2sHmrrY/0_7_office/1284_1188/mix.wav,11.83905029296875,12.08922004699707,10.720891952514648,11.04836654663086
/data/public/EchoSet/test/RPmz2sHmrrY/0_7_office/2094_8230/mix.wav,8.446767807006836,8.354278564453125,5.581655025482178,5.585831165313721
/data/public/EchoSet/test/RPmz2sHmrrY/0_7_office/61_6829/mix.wav,9.984933853149414,10.083279609680176,9.232367515563965,9.361863136291504
/data/public/EchoSet/test/RPmz2sHmrrY/0_7_office/5683_8463/mix.wav,13.146337509155273,13.063465118408203,12.747613906860352,12.726726531982422
/data/public/EchoSet/test/RPmz2sHmrrY/0_7_office/8224_2300/mix.wav,9.125923156738281,9.256443977355957,6.729721546173096,6.909501075744629
/data/public/EchoSet/test/RPmz2sHmrrY/0_7_office/908_4507/mix.wav,12.38185977935791,12.43095874786377,11.830841064453125,11.925725936889648
/data/public/EchoSet/test/RPmz2sHmrrY/0_7_office/5142_7127/mix.wav,15.05630111694336,15.164810180664062,14.52200984954834,14.646824836730957
/data/public/EchoSet/test/RPmz2sHmrrY/0_7_office/2830_8463/mix.wav,12.502971649169922,12.452978134155273,11.617698669433594,11.714078903198242
/data/public/EchoSet/test/RPmz2sHmrrY/0_7_office/4507_61/mix.wav,15.432278633117676,15.416474342346191,14.926501274108887,15.001361846923828
/data/public/EchoSet/test/RPmz2sHmrrY/0_5_living_room/8555_5639/mix.wav,17.75318145751953,17.784713745117188,17.40274429321289,17.450319290161133
/data/public/EchoSet/test/RPmz2sHmrrY/0_5_living_room/1284_4446/mix.wav,10.977128028869629,10.975967407226562,9.828093528747559,9.907796859741211
/data/public/EchoSet/test/RPmz2sHmrrY/0_5_living_room/1320_6829/mix.wav,11.908735275268555,11.91262435913086,10.924927711486816,11.017435073852539
/data/public/EchoSet/test/RPmz2sHmrrY/0_5_living_room/1995_6930/mix.wav,14.384563446044922,14.661163330078125,14.225210189819336,14.514387130737305
/data/public/EchoSet/test/RPmz2sHmrrY/0_5_living_room/6829_1089/mix.wav,11.842948913574219,12.006051063537598,11.43051528930664,11.652466773986816
/data/public/EchoSet/test/RPmz2sHmrrY/0_5_living_room/6829_7021/mix.wav,15.968050003051758,16.000682830810547,15.16629695892334,15.223774909973145
/data/public/EchoSet/test/RPmz2sHmrrY/0_5_living_room/3729_7729/mix.wav,12.889226913452148,13.068864822387695,12.430469512939453,12.650924682617188
/data/public/EchoSet/test/RPmz2sHmrrY/0_5_living_room/61_2961/mix.wav,13.168756484985352,13.203051567077637,12.775074005126953,12.844375610351562
/data/public/EchoSet/test/RPmz2sHmrrY/0_5_living_room/8230_8455/mix.wav,13.194087982177734,13.299766540527344,12.139848709106445,12.286948204040527
/data/public/EchoSet/test/RPmz2sHmrrY/0_5_living_room/237_4077/mix.wav,12.631942749023438,12.793962478637695,11.813013076782227,12.06881332397461
/data/public/EchoSet/test/RPmz2sHmrrY/0_5_living_room/7176_7021/mix.wav,10.110550880432129,10.294629096984863,9.716533660888672,10.034690856933594
/data/public/EchoSet/test/RPmz2sHmrrY/0_5_living_room/237_2300/mix.wav,12.872095108032227,12.83285140991211,12.227926254272461,12.225151062011719
/data/public/EchoSet/test/RPmz2sHmrrY/0_5_living_room/8455_672/mix.wav,12.507569313049316,12.507019996643066,11.775989532470703,11.911458015441895
/data/public/EchoSet/test/RPmz2sHmrrY/0_5_living_room/1995_1320/mix.wav,15.587434768676758,15.697196006774902,15.303049087524414,15.44763469696045
/data/public/EchoSet/test/RPmz2sHmrrY/0_5_living_room/1221_5142/mix.wav,11.302253723144531,11.255298614501953,10.800712585449219,10.789114952087402
/data/public/EchoSet/test/RPmz2sHmrrY/0_5_living_room/8555_1089/mix.wav,14.166545867919922,14.211398124694824,13.206964492797852,13.388554573059082
/data/public/EchoSet/test/RPmz2sHmrrY/0_5_living_room/8224_3729/mix.wav,13.47902774810791,13.728096961975098,13.14040756225586,13.407790184020996
/data/public/EchoSet/test/RPmz2sHmrrY/0_5_living_room/4992_4970/mix.wav,12.122806549072266,12.243607521057129,11.743450164794922,11.907124519348145
/data/public/EchoSet/test/RPmz2sHmrrY/0_5_living_room/3575_5105/mix.wav,11.413822174072266,11.52770709991455,10.44683837890625,10.66473388671875
/data/public/EchoSet/test/RPmz2sHmrrY/0_5_living_room/7176_8555/mix.wav,11.034406661987305,11.396870613098145,10.696232795715332,11.132925987243652
/data/public/EchoSet/test/RPmz2sHmrrY/0_5_living_room/908_7176/mix.wav,11.835817337036133,11.856627464294434,11.319032669067383,11.379279136657715
/data/public/EchoSet/test/RPmz2sHmrrY/0_5_living_room/4992_3575/mix.wav,11.178998947143555,11.341118812561035,10.86813735961914,11.061261177062988
/data/public/EchoSet/test/RPmz2sHmrrY/0_5_living_room/6930_4446/mix.wav,8.947975158691406,9.08808422088623,7.908080101013184,8.100833892822266
/data/public/EchoSet/test/RPmz2sHmrrY/0_5_living_room/1221_7021/mix.wav,10.91468334197998,11.143842697143555,10.120996475219727,10.396452903747559
/data/public/EchoSet/test/RPmz2sHmrrY/0_5_living_room/2830_4970/mix.wav,14.617056846618652,14.652314186096191,13.99507999420166,14.199283599853516
/data/public/EchoSet/test/RPmz2sHmrrY/0_5_living_room/1188_8463/mix.wav,12.34650993347168,12.529088973999023,11.711974143981934,11.940522193908691
/data/public/EchoSet/test/RPmz2sHmrrY/0_5_living_room/6829_8555/mix.wav,8.19009017944336,8.463250160217285,7.612865447998047,7.934235572814941
/data/public/EchoSet/test/RPmz2sHmrrY/0_5_living_room/8455_5683/mix.wav,12.477400779724121,12.5676851272583,11.613641738891602,11.731725692749023
/data/public/EchoSet/test/RPmz2sHmrrY/0_5_living_room/4507_2094/mix.wav,11.215984344482422,11.187551498413086,10.125919342041016,10.256120681762695
/data/public/EchoSet/test/RPmz2sHmrrY/0_5_living_room/8230_5142/mix.wav,11.696239471435547,11.884481430053711,10.746148109436035,11.014741897583008
/data/public/EchoSet/test/RPmz2sHmrrY/0_5_living_room/8463_61/mix.wav,10.284141540527344,10.520630836486816,9.789304733276367,10.178239822387695
/data/public/EchoSet/test/RPmz2sHmrrY/0_5_living_room/908_4446/mix.wav,13.095988273620605,13.32295036315918,12.718330383300781,12.995588302612305
/data/public/EchoSet/test/RPmz2sHmrrY/0_5_living_room/8224_5639/mix.wav,8.681636810302734,8.609296798706055,8.02400016784668,8.103075981140137
/data/public/EchoSet/test/RPmz2sHmrrY/0_5_living_room/908_1995/mix.wav,11.691415786743164,11.758565902709961,11.221694946289062,11.366153717041016
/data/public/EchoSet/test/RPmz2sHmrrY/0_5_living_room/5683_1284/mix.wav,14.161579132080078,14.144675254821777,13.164193153381348,13.22613525390625
/data/public/EchoSet/test/RPmz2sHmrrY/0_5_living_room/8463_1221/mix.wav,11.280597686767578,11.552852630615234,10.648191452026367,10.9555082321167
/data/public/EchoSet/test/RPmz2sHmrrY/0_5_living_room/8463_2300/mix.wav,13.635841369628906,13.895604133605957,13.293630599975586,13.584725379943848
/data/public/EchoSet/test/RPmz2sHmrrY/0_5_living_room/7127_3570/mix.wav,11.121230125427246,11.42186164855957,10.522077560424805,10.886383056640625
/data/public/EchoSet/test/RPmz2sHmrrY/0_5_living_room/1995_2830/mix.wav,10.745161056518555,10.918922424316406,10.20118522644043,10.496573448181152
/data/public/EchoSet/test/RPmz2sHmrrY/0_5_living_room/3729_260/mix.wav,8.772401809692383,8.774728775024414,7.704724311828613,7.864371299743652
/data/public/EchoSet/test/RPmz2sHmrrY/0_5_living_room/3575_7127/mix.wav,5.855205535888672,6.001169681549072,0.44289350509643555,0.6463347673416138
/data/public/EchoSet/test/RPmz2sHmrrY/0_5_living_room/1284_4507/mix.wav,12.471860885620117,12.272378921508789,11.969905853271484,11.851476669311523
/data/public/EchoSet/test/RPmz2sHmrrY/0_5_living_room/5639_2300/mix.wav,12.80616569519043,13.037995338439941,12.407416343688965,12.70834732055664
/data/public/EchoSet/test/RPmz2sHmrrY/0_5_living_room/4992_1221/mix.wav,10.706298828125,11.11464786529541,10.155982971191406,10.602193832397461
/data/public/EchoSet/test/RPmz2sHmrrY/0_5_living_room/3575_1320/mix.wav,16.26737403869629,16.380041122436523,15.507148742675781,15.667462348937988
/data/public/EchoSet/test/RPmz2sHmrrY/0_5_living_room/6930_5683/mix.wav,11.946512222290039,12.132189750671387,10.273956298828125,10.503778457641602
/data/public/EchoSet/test/RPmz2sHmrrY/0_5_living_room/7021_7176/mix.wav,11.735291481018066,11.487823486328125,11.41084098815918,11.203048706054688
/data/public/EchoSet/test/RPmz2sHmrrY/0_5_living_room/4507_3729/mix.wav,12.779723167419434,12.877645492553711,12.458147048950195,12.641880989074707
/data/public/EchoSet/test/RPmz2sHmrrY/0_5_living_room/1188_8224/mix.wav,5.9095869064331055,6.25354528427124,0.7713613510131836,1.1662499904632568
/data/public/EchoSet/test/RPmz2sHmrrY/0_5_living_room/7729_8224/mix.wav,10.06226921081543,10.15779972076416,9.206789016723633,9.335994720458984
/data/public/EchoSet/test/RPmz2sHmrrY/0_5_living_room/1089_121/mix.wav,12.843830108642578,12.88692855834961,12.272939682006836,12.400102615356445
/data/public/EchoSet/test/RPmz2sHmrrY/0_5_living_room/1284_5105/mix.wav,11.97645378112793,12.092813491821289,10.58523178100586,10.768628120422363
/data/public/EchoSet/test/RPmz2sHmrrY/0_5_living_room/2830_1221/mix.wav,8.11016845703125,8.211682319641113,3.953847885131836,4.195013046264648
/data/public/EchoSet/test/RPmz2sHmrrY/0_5_living_room/7127_1580/mix.wav,11.992609024047852,12.144133567810059,11.606342315673828,11.782549858093262
/data/public/EchoSet/test/RPmz2sHmrrY/0_5_living_room/121_8463/mix.wav,8.171859741210938,8.34410572052002,7.186224937438965,7.5458269119262695
/data/public/EchoSet/test/RPmz2sHmrrY/0_5_living_room/6930_2830/mix.wav,8.97287654876709,9.00288200378418,5.438845157623291,5.564967632293701
/data/public/EchoSet/test/RPmz2sHmrrY/0_5_living_room/2094_8463/mix.wav,12.069610595703125,12.116621017456055,11.066083908081055,11.238523483276367
/data/public/EchoSet/test/RPmz2sHmrrY/0_5_living_room/61_7127/mix.wav,10.537952423095703,10.43817138671875,10.09884262084961,10.042377471923828
/data/public/EchoSet/test/RPmz2sHmrrY/0_5_living_room/1580_1284/mix.wav,16.4354248046875,16.426437377929688,15.723109245300293,15.739544868469238
/data/public/EchoSet/test/RPmz2sHmrrY/0_5_living_room/237_7729/mix.wav,13.365367889404297,13.452497482299805,12.96226692199707,13.138201713562012
/data/public/EchoSet/test/RPmz2sHmrrY/0_5_living_room/1580_7729/mix.wav,14.919160842895508,14.87301254272461,14.519268035888672,14.53314208984375
/data/public/EchoSet/test/RPmz2sHmrrY/0_5_living_room/1089_4446/mix.wav,12.185171127319336,12.362977981567383,11.717048645019531,11.921260833740234
/data/public/EchoSet/test/RPmz2sHmrrY/0_5_living_room/2300_237/mix.wav,10.876724243164062,11.114730834960938,10.192745208740234,10.46032428741455
/data/public/EchoSet/test/RPmz2sHmrrY/0_5_living_room/1995_5105/mix.wav,15.650300979614258,15.688848495483398,15.193282127380371,15.269694328308105
/data/public/EchoSet/test/RPmz2sHmrrY/0_5_living_room/4970_1995/mix.wav,14.792337417602539,14.875144958496094,14.144756317138672,14.281054496765137
/data/public/EchoSet/test/RPmz2sHmrrY/0_5_living_room/7729_1221/mix.wav,12.940946578979492,13.06750202178955,12.393503189086914,12.576839447021484
/data/public/EchoSet/test/RPmz2sHmrrY/0_5_living_room/1188_2300/mix.wav,9.353116989135742,9.493898391723633,7.457529544830322,7.663992404937744
/data/public/EchoSet/test/RPmz2sHmrrY/0_5_living_room/3729_1221/mix.wav,10.334551811218262,10.382195472717285,9.433425903320312,9.541130065917969
/data/public/EchoSet/test/RPmz2sHmrrY/0_5_living_room/3570_5683/mix.wav,12.950560569763184,13.021161079406738,12.019548416137695,12.122538566589355
/data/public/EchoSet/test/RPmz2sHmrrY/0_5_living_room/61_7176/mix.wav,9.02822208404541,9.144033432006836,8.536581039428711,8.722434997558594
/data/public/EchoSet/test/RPmz2sHmrrY/0_5_living_room/4992_8224/mix.wav,10.950510025024414,11.222113609313965,10.5149564743042,10.86732006072998
/data/public/EchoSet/test/RPmz2sHmrrY/0_5_living_room/3575_8463/mix.wav,12.470592498779297,12.652353286743164,12.000894546508789,12.240979194641113
/data/public/EchoSet/test/RPmz2sHmrrY/0_5_living_room/8230_3570/mix.wav,11.108762741088867,11.128605842590332,10.326242446899414,10.414864540100098
/data/public/EchoSet/test/RPmz2sHmrrY/0_5_living_room/2094_6930/mix.wav,5.576453685760498,5.299861431121826,1.395980715751648,1.2022173404693604
/data/public/EchoSet/test/RPmz2sHmrrY/0_5_living_room/1188_4507/mix.wav,13.883119583129883,14.021172523498535,13.571269989013672,13.737922668457031
/data/public/EchoSet/test/RPmz2sHmrrY/0_5_living_room/5639_2961/mix.wav,12.641624450683594,12.836952209472656,12.374267578125,12.588404655456543
/data/public/EchoSet/test/RPmz2sHmrrY/0_5_living_room/4077_1580/mix.wav,10.659576416015625,10.768508911132812,9.667926788330078,9.843684196472168
/data/public/EchoSet/test/RPmz2sHmrrY/0_5_living_room/1580_6930/mix.wav,7.455748558044434,7.4193572998046875,6.947115898132324,7.161842346191406
/data/public/EchoSet/test/RPmz2sHmrrY/0_5_living_room/6930_2300/mix.wav,11.265911102294922,11.149238586425781,10.419466018676758,10.366488456726074
/data/public/EchoSet/test/RPmz2sHmrrY/0_5_living_room/4077_6829/mix.wav,10.238846778869629,10.34153938293457,9.864513397216797,10.005154609680176
/data/public/EchoSet/test/RPmz2sHmrrY/0_5_living_room/5142_1221/mix.wav,10.309768676757812,10.391146659851074,9.323122024536133,9.49073600769043
/data/public/EchoSet/test/RPmz2sHmrrY/0_5_living_room/5142_2300/mix.wav,11.890472412109375,12.178988456726074,11.683025360107422,12.01872444152832
/data/public/EchoSet/test/RPmz2sHmrrY/0_5_living_room/8555_1188/mix.wav,11.958414077758789,11.986637115478516,11.121965408325195,11.22604751586914
/data/public/EchoSet/test/RPmz2sHmrrY/0_5_living_room/1995_4077/mix.wav,12.017670631408691,12.242437362670898,11.452388763427734,11.735081672668457
/data/public/EchoSet/test/RPmz2sHmrrY/0_5_living_room/3570_5639/mix.wav,13.251020431518555,13.380697250366211,12.301136016845703,12.463644027709961
/data/public/EchoSet/test/RPmz2sHmrrY/0_5_living_room/3575_672/mix.wav,11.502220153808594,11.440049171447754,10.472051620483398,10.564824104309082
/data/public/EchoSet/test/RPmz2sHmrrY/0_5_living_room/2830_260/mix.wav,9.501437187194824,9.640549659729004,9.03459644317627,9.256489753723145
/data/public/EchoSet/test/RPmz2sHmrrY/0_5_living_room/7021_1284/mix.wav,13.142606735229492,13.319196701049805,12.789047241210938,12.983333587646484
/data/public/EchoSet/test/RPmz2sHmrrY/0_5_living_room/4446_4992/mix.wav,11.175244331359863,11.282867431640625,10.48715591430664,10.664387702941895
/data/public/EchoSet/test/RPmz2sHmrrY/0_5_living_room/260_121/mix.wav,12.150368690490723,12.313342094421387,11.638538360595703,11.859243392944336
/data/public/EchoSet/test/RPmz2sHmrrY/0_5_living_room/1320_5142/mix.wav,10.409271240234375,10.80968189239502,9.07236385345459,9.5249605178833
/data/public/EchoSet/test/RPmz2sHmrrY/0_5_living_room/2961_5105/mix.wav,8.208577156066895,8.239631652832031,5.217319011688232,5.276678562164307
/data/public/EchoSet/test/RPmz2sHmrrY/0_5_living_room/5105_3729/mix.wav,10.641128540039062,10.360843658447266,9.552719116210938,9.552240371704102
/data/public/EchoSet/test/RPmz2sHmrrY/0_5_living_room/672_4077/mix.wav,6.521045684814453,6.538330078125,5.285722732543945,5.359269142150879
/data/public/EchoSet/test/RPmz2sHmrrY/0_5_living_room/5105_8555/mix.wav,13.126636505126953,13.350516319274902,12.726585388183594,12.998891830444336
/data/public/EchoSet/test/RPmz2sHmrrY/0_5_living_room/2830_4507/mix.wav,9.721969604492188,8.781195640563965,6.838348388671875,7.155460834503174
/data/public/EchoSet/test/RPmz2sHmrrY/0_5_living_room/121_1580/mix.wav,12.048778533935547,12.168395042419434,11.48227310180664,11.641167640686035
/data/public/EchoSet/test/RPmz2sHmrrY/0_5_living_room/2830_121/mix.wav,12.198972702026367,12.20541763305664,11.068796157836914,11.117441177368164
/data/public/EchoSet/test/RPmz2sHmrrY/0_5_living_room/3575_61/mix.wav,9.046627044677734,9.244855880737305,7.6613688468933105,7.880016326904297
/data/public/EchoSet/test/RPmz2sHmrrY/0_5_living_room/2094_1580/mix.wav,16.032886505126953,16.386764526367188,15.583027839660645,15.987957954406738
/data/public/EchoSet/test/RPmz2sHmrrY/0_5_living_room/672_2300/mix.wav,11.557793617248535,12.103147506713867,9.371288299560547,9.980618476867676
/data/public/EchoSet/test/RPmz2sHmrrY/0_5_living_room/237_6829/mix.wav,9.221339225769043,9.380197525024414,8.491034507751465,8.723197937011719
/data/public/EchoSet/test/RPmz2sHmrrY/0_5_living_room/1089_4970/mix.wav,10.507192611694336,10.819084167480469,10.019623756408691,10.449054718017578
/data/public/EchoSet/test/RPmz2sHmrrY/0_5_living_room/908_672/mix.wav,13.355941772460938,13.438211441040039,13.003503799438477,13.118416786193848
/data/public/EchoSet/test/RPmz2sHmrrY/0_5_living_room/121_3570/mix.wav,12.692384719848633,12.750982284545898,12.34058952331543,12.439756393432617
/data/public/EchoSet/test/RPmz2sHmrrY/0_5_living_room/8224_3570/mix.wav,10.31971549987793,10.233327865600586,9.831439971923828,9.835102081298828
/data/public/EchoSet/test/RPmz2sHmrrY/0_5_living_room/1089_7729/mix.wav,10.609318733215332,10.937639236450195,10.350239753723145,10.704776763916016
/data/public/EchoSet/test/RPmz2sHmrrY/0_5_living_room/2961_4507/mix.wav,11.43732738494873,11.63167953491211,10.970319747924805,11.235736846923828
/data/public/EchoSet/test/RPmz2sHmrrY/0_5_living_room/260_4446/mix.wav,9.310446739196777,9.677002906799316,8.957862854003906,9.402442932128906
/data/public/EchoSet/test/RPmz2sHmrrY/0_5_living_room/4446_237/mix.wav,10.645557403564453,10.7508544921875,9.845659255981445,9.98786735534668
/data/public/EchoSet/test/RPmz2sHmrrY/0_5_living_room/6829_7127/mix.wav,7.519476413726807,7.450013637542725,5.7559919357299805,5.748937129974365
/data/public/EchoSet/test/RPmz2sHmrrY/0_5_living_room/8230_672/mix.wav,8.290206909179688,8.741250038146973,7.245382308959961,7.734168529510498
/data/public/EchoSet/test/RPmz2sHmrrY/0_5_living_room/237_7176/mix.wav,13.185609817504883,13.135648727416992,12.580986022949219,12.621889114379883
/data/public/EchoSet/test/RPmz2sHmrrY/0_5_living_room/8555_4992/mix.wav,15.051555633544922,15.153119087219238,14.535296440124512,14.663318634033203
/data/public/EchoSet/test/RPmz2sHmrrY/0_5_living_room/5683_1320/mix.wav,10.451078414916992,10.891502380371094,10.205639839172363,10.73177719116211
/data/public/EchoSet/test/RPmz2sHmrrY/0_5_living_room/1089_4077/mix.wav,13.838375091552734,13.757039070129395,13.300501823425293,13.258244514465332
/data/public/EchoSet/test/RPmz2sHmrrY/0_5_living_room/4970_260/mix.wav,13.753975868225098,13.754974365234375,13.217418670654297,13.261545181274414
/data/public/EchoSet/test/RPmz2sHmrrY/0_5_living_room/2961_1320/mix.wav,12.31174087524414,12.545032501220703,12.052534103393555,12.336640357971191
/data/public/EchoSet/test/RPmz2sHmrrY/0_5_living_room/2961_672/mix.wav,14.22110652923584,14.267850875854492,13.633386611938477,13.720549583435059
/data/public/EchoSet/test/RPmz2sHmrrY/0_5_living_room/4077_4507/mix.wav,13.449427604675293,13.053644180297852,13.150572776794434,13.440448760986328
/data/public/EchoSet/test/RPmz2sHmrrY/0_5_living_room/1284_4970/mix.wav,12.154016494750977,12.37454605102539,11.575660705566406,11.845163345336914
/data/public/EchoSet/test/RPmz2sHmrrY/0_5_living_room/2094_2961/mix.wav,13.788686752319336,13.956210136413574,13.412683486938477,13.672454833984375
/data/public/EchoSet/test/RPmz2sHmrrY/0_5_living_room/7021_8224/mix.wav,6.311705589294434,6.4474711418151855,2.184131622314453,2.344229221343994
/data/public/EchoSet/test/RPmz2sHmrrY/0_5_living_room/1089_908/mix.wav,10.702804565429688,10.996797561645508,10.421199798583984,10.751668930053711
/data/public/EchoSet/test/RPmz2sHmrrY/0_5_living_room/3570_4970/mix.wav,10.615768432617188,10.770219802856445,10.080550193786621,10.295018196105957
/data/public/EchoSet/test/RPmz2sHmrrY/0_5_living_room/3729_3570/mix.wav,12.118045806884766,12.121274948120117,10.272476196289062,10.356939315795898
/data/public/EchoSet/test/RPmz2sHmrrY/0_5_living_room/672_2094/mix.wav,5.646173477172852,6.150149822235107,4.641502380371094,5.185168266296387
/data/public/EchoSet/test/RPmz2sHmrrY/0_5_living_room/61_3729/mix.wav,14.52437686920166,14.565749168395996,14.06867790222168,14.148881912231445
/data/public/EchoSet/test/RPmz2sHmrrY/0_5_living_room/8455_5639/mix.wav,9.372474670410156,8.93343448638916,8.898085594177246,8.615023612976074
/data/public/EchoSet/test/RPmz2sHmrrY/0_5_living_room/1580_2961/mix.wav,13.593229293823242,13.603950500488281,12.997650146484375,13.048378944396973
/data/public/EchoSet/test/RPmz2sHmrrY/0_5_living_room/5639_7176/mix.wav,11.70091438293457,11.746289253234863,11.228043556213379,11.291972160339355
/data/public/EchoSet/test/RPmz2sHmrrY/0_5_living_room/237_260/mix.wav,9.018877029418945,9.41076946258545,7.733036994934082,8.214742660522461
/data/public/EchoSet/test/RPmz2sHmrrY/0_5_living_room/8230_260/mix.wav,9.129678726196289,9.66322135925293,8.656389236450195,9.23548412322998
/data/public/EchoSet/test/RPmz2sHmrrY/0_5_living_room/8455_8230/mix.wav,14.355305671691895,14.500897407531738,14.009279251098633,14.198917388916016
/data/public/EchoSet/test/RPmz2sHmrrY/0_5_living_room/7127_8555/mix.wav,15.13909912109375,15.272054672241211,14.65385627746582,14.829866409301758
/data/public/EchoSet/test/RPmz2sHmrrY/0_5_living_room/61_7021/mix.wav,10.323936462402344,10.47183895111084,9.371052742004395,9.57807731628418
/data/public/EchoSet/test/RPmz2sHmrrY/0_5_living_room/7127_4077/mix.wav,11.485734939575195,11.459307670593262,10.783659934997559,10.795329093933105
/data/public/EchoSet/test/RPmz2sHmrrY/0_5_living_room/5142_2094/mix.wav,9.60059642791748,9.751221656799316,5.150425910949707,5.3585615158081055
/data/public/EchoSet/test/RPmz2sHmrrY/0_5_living_room/2094_4507/mix.wav,10.903722763061523,11.080633163452148,10.493435859680176,10.739004135131836
/data/public/EchoSet/test/RPmz2sHmrrY/0_5_living_room/5683_1995/mix.wav,15.85468578338623,15.819037437438965,15.02270221710205,15.058966636657715
/data/public/EchoSet/test/RPmz2sHmrrY/0_5_living_room/8455_908/mix.wav,11.769439697265625,11.652310371398926,11.324995040893555,11.271181106567383
/data/public/EchoSet/test/RPmz2sHmrrY/0_5_living_room/5142_4970/mix.wav,12.258756637573242,12.505343437194824,11.944391250610352,12.238726615905762
/data/public/EchoSet/test/RPmz2sHmrrY/0_5_living_room/5639_6829/mix.wav,14.233516693115234,14.317110061645508,13.97758674621582,14.082660675048828
/data/public/EchoSet/test/RPmz2sHmrrY/0_5_living_room/3575_7021/mix.wav,11.983123779296875,12.031660079956055,11.542272567749023,11.657272338867188
/data/public/EchoSet/test/RPmz2sHmrrY/0_5_living_room/121_5105/mix.wav,12.435674667358398,12.579120635986328,11.950199127197266,12.186956405639648
/data/public/EchoSet/test/RPmz2sHmrrY/0_5_living_room/908_7729/mix.wav,10.621593475341797,10.845072746276855,10.007381439208984,10.257923126220703
/data/public/EchoSet/test/RPmz2sHmrrY/0_5_living_room/4992_1188/mix.wav,11.687976837158203,12.084586143493652,9.395922660827637,9.863654136657715
/data/public/EchoSet/test/RPmz2sHmrrY/0_4_dining_room/4446_7127/mix.wav,12.34672737121582,12.321507453918457,11.757486343383789,11.780529975891113
/data/public/EchoSet/test/RPmz2sHmrrY/0_4_dining_room/3570_121/mix.wav,13.459782600402832,13.481060028076172,13.013431549072266,13.066374778747559
/data/public/EchoSet/test/RPmz2sHmrrY/0_4_dining_room/4507_1580/mix.wav,10.674174308776855,10.99339485168457,10.323829650878906,10.678237915039062
/data/public/EchoSet/test/RPmz2sHmrrY/0_4_dining_room/5639_1580/mix.wav,15.236671447753906,15.34940242767334,15.003087997436523,15.157028198242188
/data/public/EchoSet/test/RPmz2sHmrrY/0_4_dining_room/2094_672/mix.wav,0.6068457365036011,0.8603677749633789,-1.1318525075912476,-0.794998288154602
/data/public/EchoSet/test/RPmz2sHmrrY/0_4_dining_room/5683_1188/mix.wav,12.082430839538574,12.548816680908203,11.388521194458008,11.967206954956055
/data/public/EchoSet/test/RPmz2sHmrrY/0_4_dining_room/8224_4992/mix.wav,11.103919982910156,11.237190246582031,8.820351600646973,9.115917205810547
/data/public/EchoSet/test/RPmz2sHmrrY/0_4_dining_room/8455_4077/mix.wav,13.938750267028809,13.957254409790039,13.438833236694336,13.484128952026367
/data/public/EchoSet/test/RPmz2sHmrrY/0_4_dining_room/7176_2830/mix.wav,13.895639419555664,14.076719284057617,13.729551315307617,13.959918975830078
/data/public/EchoSet/test/RPmz2sHmrrY/0_4_dining_room/8455_3729/mix.wav,13.210107803344727,13.08864688873291,12.233927726745605,12.313750267028809
/data/public/EchoSet/test/RPmz2sHmrrY/0_4_dining_room/2961_1188/mix.wav,12.345129013061523,12.425610542297363,11.729499816894531,11.903069496154785
/data/public/EchoSet/test/RPmz2sHmrrY/0_4_dining_room/4507_1995/mix.wav,11.483240127563477,11.972285270690918,11.06338882446289,11.594096183776855
/data/public/EchoSet/test/RPmz2sHmrrY/0_4_dining_room/2300_4446/mix.wav,13.468645095825195,13.576844215393066,12.904315948486328,13.064835548400879
/data/public/EchoSet/test/RPmz2sHmrrY/0_4_dining_room/6829_4992/mix.wav,11.028665542602539,11.0447998046875,10.622032165527344,10.698119163513184
/data/public/EchoSet/test/RPmz2sHmrrY/0_4_dining_room/4077_4992/mix.wav,12.924551010131836,13.037208557128906,12.543911933898926,12.701541900634766
/data/public/EchoSet/test/RPmz2sHmrrY/0_4_dining_room/7021_8224/mix.wav,11.355216026306152,11.577054023742676,10.753547668457031,11.053499221801758
/data/public/EchoSet/test/RPmz2sHmrrY/0_4_dining_room/1995_8463/mix.wav,14.967643737792969,14.958685874938965,14.451082229614258,14.501273155212402
/data/public/EchoSet/test/RPmz2sHmrrY/0_4_dining_room/5105_1284/mix.wav,12.83258056640625,12.760329246520996,11.744867324829102,11.721501350402832
/data/public/EchoSet/test/RPmz2sHmrrY/0_4_dining_room/1089_260/mix.wav,12.454140663146973,12.574228286743164,12.05889892578125,12.206241607666016
/data/public/EchoSet/test/RPmz2sHmrrY/0_4_dining_room/61_2830/mix.wav,7.96588134765625,8.069503784179688,6.507051467895508,6.675895690917969
/data/public/EchoSet/test/RPmz2sHmrrY/0_4_dining_room/8224_260/mix.wav,11.714757919311523,11.722318649291992,11.461252212524414,11.515450477600098
/data/public/EchoSet/test/RPmz2sHmrrY/0_4_dining_room/5105_3575/mix.wav,14.039514541625977,14.094672203063965,13.378044128417969,13.4558687210083
/data/public/EchoSet/test/RPmz2sHmrrY/0_4_dining_room/7729_1580/mix.wav,11.528339385986328,11.783048629760742,11.142166137695312,11.523259162902832
/data/public/EchoSet/test/RPmz2sHmrrY/0_4_dining_room/61_2961/mix.wav,12.736469268798828,12.697028160095215,12.266761779785156,12.283272743225098
/data/public/EchoSet/test/RPmz2sHmrrY/0_4_dining_room/8555_5105/mix.wav,14.639944076538086,14.833168983459473,14.123658180236816,14.352391242980957
/data/public/EchoSet/test/RPmz2sHmrrY/0_4_dining_room/1089_2300/mix.wav,12.688841819763184,12.8209810256958,12.264141082763672,12.462964057922363
/data/public/EchoSet/test/RPmz2sHmrrY/0_4_dining_room/6829_4507/mix.wav,13.88028335571289,13.955048561096191,13.531845092773438,13.637093544006348
/data/public/EchoSet/test/RPmz2sHmrrY/0_4_dining_room/61_5683/mix.wav,13.950966835021973,13.924271583557129,13.012395858764648,13.020444869995117
/data/public/EchoSet/test/RPmz2sHmrrY/0_4_dining_room/1284_2094/mix.wav,9.30108642578125,9.354105949401855,8.416496276855469,8.537708282470703
/data/public/EchoSet/test/RPmz2sHmrrY/0_4_dining_room/7127_5639/mix.wav,9.980195999145508,9.8911771774292,9.464807510375977,9.454734802246094
/data/public/EchoSet/test/RPmz2sHmrrY/0_4_dining_room/1320_1284/mix.wav,12.814804077148438,12.620054244995117,12.416210174560547,12.30337905883789
/data/public/EchoSet/test/RPmz2sHmrrY/0_4_dining_room/4970_1284/mix.wav,12.36553955078125,12.33342170715332,11.398252487182617,11.502519607543945
/data/public/EchoSet/test/RPmz2sHmrrY/0_4_dining_room/3729_2961/mix.wav,9.460697174072266,9.235580444335938,8.627754211425781,8.583179473876953
/data/public/EchoSet/test/RPmz2sHmrrY/0_4_dining_room/4446_2830/mix.wav,19.030099868774414,19.121692657470703,18.945621490478516,19.064069747924805
/data/public/EchoSet/test/RPmz2sHmrrY/0_4_dining_room/7729_2830/mix.wav,15.272625923156738,15.317090034484863,14.611067771911621,14.676774978637695
/data/public/EchoSet/test/RPmz2sHmrrY/0_4_dining_room/8230_1320/mix.wav,9.321577072143555,9.400840759277344,9.015670776367188,9.13579273223877
/data/public/EchoSet/test/RPmz2sHmrrY/0_4_dining_room/7021_8463/mix.wav,15.86062240600586,15.937338829040527,15.44776725769043,15.558377265930176
/data/public/EchoSet/test/RPmz2sHmrrY/0_4_dining_room/8555_7127/mix.wav,14.251325607299805,14.228184700012207,13.092029571533203,13.142976760864258
/data/public/EchoSet/test/RPmz2sHmrrY/0_4_dining_room/5105_908/mix.wav,13.146219253540039,12.632957458496094,12.531044960021973,12.324581146240234
/data/public/EchoSet/test/RPmz2sHmrrY/0_4_dining_room/3570_672/mix.wav,15.784500122070312,16.011003494262695,15.605814933776855,15.85525131225586
/data/public/EchoSet/test/RPmz2sHmrrY/0_4_dining_room/121_1089/mix.wav,13.144372940063477,13.338932991027832,12.687456130981445,12.94473934173584
/data/public/EchoSet/test/RPmz2sHmrrY/0_4_dining_room/4077_7176/mix.wav,8.33643627166748,8.507283210754395,7.118520736694336,7.338637351989746
/data/public/EchoSet/test/RPmz2sHmrrY/0_4_dining_room/3570_7021/mix.wav,12.692754745483398,12.691347122192383,12.308269500732422,12.381190299987793
/data/public/EchoSet/test/RPmz2sHmrrY/0_4_dining_room/2094_6930/mix.wav,12.389257431030273,12.125958442687988,8.370265007019043,8.1708402633667
/data/public/EchoSet/test/RPmz2sHmrrY/0_4_dining_room/2961_5683/mix.wav,13.271081924438477,13.416984558105469,12.51109504699707,12.757590293884277
/data/public/EchoSet/test/RPmz2sHmrrY/0_4_dining_room/4077_672/mix.wav,8.991212844848633,8.931371688842773,5.939587593078613,6.007061004638672
/data/public/EchoSet/test/RPmz2sHmrrY/0_4_dining_room/8463_2961/mix.wav,12.274313926696777,12.411041259765625,11.937860488891602,12.128072738647461
/data/public/EchoSet/test/RPmz2sHmrrY/0_4_dining_room/5142_908/mix.wav,10.790900230407715,11.420577049255371,10.307546615600586,11.004006385803223
/data/public/EchoSet/test/RPmz2sHmrrY/0_4_dining_room/3570_8224/mix.wav,11.401933670043945,11.570300102233887,11.214599609375,11.52157211303711
/data/public/EchoSet/test/RPmz2sHmrrY/0_4_dining_room/2830_237/mix.wav,10.952474594116211,11.3766508102417,10.033296585083008,10.5496826171875
/data/public/EchoSet/test/RPmz2sHmrrY/0_4_dining_room/237_5639/mix.wav,11.18850326538086,11.43093490600586,10.889063835144043,11.183523178100586
/data/public/EchoSet/test/RPmz2sHmrrY/0_4_dining_room/3729_1221/mix.wav,11.291740417480469,11.390900611877441,10.697381019592285,10.876917839050293
/data/public/EchoSet/test/RPmz2sHmrrY/0_4_dining_room/1188_1221/mix.wav,12.075182914733887,12.087879180908203,10.613969802856445,10.659469604492188
/data/public/EchoSet/test/RPmz2sHmrrY/0_4_dining_room/1995_5105/mix.wav,12.345979690551758,12.68315315246582,11.685575485229492,12.094771385192871
/data/public/EchoSet/test/RPmz2sHmrrY/0_4_dining_room/1089_1188/mix.wav,13.273530006408691,13.280806541442871,12.95832347869873,13.01784896850586
/data/public/EchoSet/test/RPmz2sHmrrY/0_4_dining_room/1089_4446/mix.wav,10.707948684692383,10.837348937988281,10.077032089233398,10.277250289916992
/data/public/EchoSet/test/RPmz2sHmrrY/0_4_dining_room/5639_8224/mix.wav,12.332820892333984,12.114458084106445,11.983591079711914,11.813925743103027
/data/public/EchoSet/test/RPmz2sHmrrY/0_4_dining_room/6930_121/mix.wav,9.412250518798828,9.56759262084961,8.540130615234375,8.810942649841309
/data/public/EchoSet/test/RPmz2sHmrrY/0_4_dining_room/4970_260/mix.wav,12.284566879272461,12.751700401306152,11.515413284301758,12.04571533203125
/data/public/EchoSet/test/RPmz2sHmrrY/0_4_dining_room/7729_8555/mix.wav,14.84286117553711,14.877008438110352,13.970085144042969,14.138694763183594
/data/public/EchoSet/test/RPmz2sHmrrY/0_4_dining_room/5639_908/mix.wav,10.421960830688477,10.378175735473633,9.917037963867188,9.939059257507324
/data/public/EchoSet/test/RPmz2sHmrrY/0_4_dining_room/237_61/mix.wav,9.570243835449219,9.863744735717773,8.606377601623535,8.985190391540527
/data/public/EchoSet/test/RPmz2sHmrrY/0_4_dining_room/4446_5142/mix.wav,7.304544448852539,7.460077285766602,6.731264114379883,6.964102745056152
/data/public/EchoSet/test/RPmz2sHmrrY/0_4_dining_room/260_4992/mix.wav,10.623897552490234,10.798035621643066,10.112897872924805,10.340680122375488
/data/public/EchoSet/test/RPmz2sHmrrY/0_4_dining_room/7021_1995/mix.wav,16.720027923583984,16.703458786010742,16.276615142822266,16.28153419494629
/data/public/EchoSet/test/RPmz2sHmrrY/0_4_dining_room/7176_7729/mix.wav,9.838391304016113,10.338934898376465,9.63029956817627,10.177901268005371
/data/public/EchoSet/test/RPmz2sHmrrY/0_4_dining_room/4970_6930/mix.wav,9.804496765136719,9.833911895751953,8.947162628173828,9.014657020568848
/data/public/EchoSet/test/RPmz2sHmrrY/0_4_dining_room/7127_6829/mix.wav,11.293741226196289,11.340084075927734,10.947029113769531,11.053256034851074
/data/public/EchoSet/test/RPmz2sHmrrY/0_4_dining_room/8230_2094/mix.wav,11.737547874450684,12.097447395324707,10.723611831665039,11.114882469177246
/data/public/EchoSet/test/RPmz2sHmrrY/0_4_dining_room/121_4507/mix.wav,13.811395645141602,14.350192070007324,13.245153427124023,13.831583023071289
/data/public/EchoSet/test/RPmz2sHmrrY/0_4_dining_room/8463_672/mix.wav,7.938797950744629,8.335002899169922,7.15168571472168,7.665925979614258
/data/public/EchoSet/test/RPmz2sHmrrY/0_4_dining_room/7729_7021/mix.wav,14.130780220031738,14.109843254089355,13.6928129196167,13.712946891784668
/data/public/EchoSet/test/RPmz2sHmrrY/0_4_dining_room/4077_7729/mix.wav,7.094851016998291,7.783414840698242,6.492698669433594,7.309637069702148
/data/public/EchoSet/test/RPmz2sHmrrY/0_4_dining_room/4970_1320/mix.wav,17.222328186035156,17.241430282592773,16.75303077697754,16.82962417602539
/data/public/EchoSet/test/RPmz2sHmrrY/0_4_dining_room/6829_2094/mix.wav,11.266744613647461,11.21989631652832,9.218905448913574,9.270724296569824
/data/public/EchoSet/test/RPmz2sHmrrY/0_4_dining_room/3729_8455/mix.wav,11.694930076599121,11.778817176818848,11.2130126953125,11.490424156188965
/data/public/EchoSet/test/RPmz2sHmrrY/0_4_dining_room/4992_8555/mix.wav,10.40118408203125,10.60107421875,10.083662033081055,10.366002082824707
/data/public/EchoSet/test/RPmz2sHmrrY/0_4_dining_room/8230_3575/mix.wav,10.675575256347656,10.64748764038086,7.775903701782227,7.78125
/data/public/EchoSet/test/RPmz2sHmrrY/0_4_dining_room/61_8463/mix.wav,15.407661437988281,15.370710372924805,14.837072372436523,14.863712310791016
/data/public/EchoSet/test/RPmz2sHmrrY/0_4_dining_room/3575_4507/mix.wav,15.02072525024414,15.06548023223877,14.844196319580078,14.908307075500488
/data/public/EchoSet/test/RPmz2sHmrrY/0_4_dining_room/7176_5142/mix.wav,13.294013977050781,13.277853965759277,12.114922523498535,12.189599990844727
/data/public/EchoSet/test/RPmz2sHmrrY/0_4_dining_room/5142_3570/mix.wav,12.453619003295898,12.475502014160156,11.871416091918945,11.972366333007812
/data/public/EchoSet/test/RPmz2sHmrrY/0_4_dining_room/6930_1188/mix.wav,4.672530174255371,4.9946489334106445,-1.974819302558899,-1.608933448791504
/data/public/EchoSet/test/RPmz2sHmrrY/0_4_dining_room/7176_8230/mix.wav,10.837383270263672,11.020139694213867,10.398717880249023,10.670575141906738
/data/public/EchoSet/test/RPmz2sHmrrY/0_4_dining_room/2300_672/mix.wav,10.145493507385254,10.32355785369873,9.139223098754883,9.373865127563477
/data/public/EchoSet/test/RPmz2sHmrrY/0_4_dining_room/8455_2961/mix.wav,12.008563041687012,11.84426498413086,11.61124038696289,11.509672164916992
/data/public/EchoSet/test/RPmz2sHmrrY/0_4_dining_room/7021_121/mix.wav,13.062053680419922,13.424413681030273,12.819284439086914,13.259044647216797
/data/public/EchoSet/test/RPmz2sHmrrY/0_4_dining_room/6829_1221/mix.wav,8.957432746887207,9.302764892578125,8.391372680664062,8.796947479248047
/data/public/EchoSet/test/RPmz2sHmrrY/0_4_dining_room/2300_3575/mix.wav,12.39085578918457,12.485343933105469,11.733501434326172,11.88166618347168
/data/public/EchoSet/test/RPmz2sHmrrY/0_4_dining_room/2830_1284/mix.wav,12.64454174041748,12.686646461486816,11.761948585510254,11.8468656539917
/data/public/EchoSet/test/RPmz2sHmrrY/0_4_dining_room/4507_4970/mix.wav,15.043556213378906,14.998015403747559,14.712172508239746,14.731401443481445
/data/public/EchoSet/test/RPmz2sHmrrY/0_4_dining_room/8230_2300/mix.wav,13.572391510009766,13.576498985290527,13.131756782531738,13.182729721069336
/data/public/EchoSet/test/RPmz2sHmrrY/0_4_dining_room/237_7127/mix.wav,9.868850708007812,10.177513122558594,9.409549713134766,9.740249633789062
/data/public/EchoSet/test/RPmz2sHmrrY/0_4_dining_room/908_5142/mix.wav,11.924236297607422,12.634471893310547,11.411883354187012,12.182235717773438
/data/public/EchoSet/test/RPmz2sHmrrY/0_4_dining_room/8230_4077/mix.wav,12.107843399047852,11.936473846435547,11.287681579589844,11.193685531616211
/data/public/EchoSet/test/RPmz2sHmrrY/0_4_dining_room/5639_3575/mix.wav,9.562681198120117,9.782635688781738,8.018617630004883,8.357431411743164
/data/public/EchoSet/test/RPmz2sHmrrY/0_4_dining_room/8555_1221/mix.wav,13.425308227539062,13.554920196533203,12.89821720123291,13.083868980407715
/data/public/EchoSet/test/RPmz2sHmrrY/0_4_dining_room/1284_6930/mix.wav,11.133674621582031,11.176508903503418,9.455005645751953,9.562463760375977
/data/public/EchoSet/test/RPmz2sHmrrY/0_4_dining_room/1580_8224/mix.wav,15.245412826538086,15.25959587097168,14.430747985839844,14.501056671142578
/data/public/EchoSet/test/RPmz2sHmrrY/0_4_dining_room/1089_5105/mix.wav,11.71319580078125,11.541908264160156,11.18552303314209,11.085028648376465
/data/public/EchoSet/test/RPmz2sHmrrY/0_4_dining_room/2094_8455/mix.wav,14.748595237731934,14.65068531036377,13.628658294677734,13.621623992919922
/data/public/EchoSet/test/RPmz2sHmrrY/0_4_dining_room/5142_7127/mix.wav,12.421392440795898,12.511392593383789,11.884565353393555,12.00597858428955
/data/public/EchoSet/test/RPmz2sHmrrY/0_4_dining_room/4446_4970/mix.wav,10.853878021240234,11.03522777557373,10.323578834533691,10.681615829467773
/data/public/EchoSet/test/RPmz2sHmrrY/0_4_dining_room/121_1580/mix.wav,12.307324409484863,12.521279335021973,11.77280330657959,12.029770851135254
/data/public/EchoSet/test/RPmz2sHmrrY/0_4_dining_room/7176_8455/mix.wav,10.80665397644043,10.85273551940918,10.335418701171875,10.500399589538574
/data/public/EchoSet/test/RPmz2sHmrrY/0_4_dining_room/5683_237/mix.wav,12.430856704711914,12.4242582321167,11.519140243530273,11.589072227478027
/data/public/EchoSet/test/RPmz2sHmrrY/0_4_dining_room/1320_1995/mix.wav,14.658552169799805,14.689765930175781,14.216069221496582,14.299710273742676
/data/public/EchoSet/test/RPmz2sHmrrY/0_4_dining_room/8463_260/mix.wav,13.252592086791992,13.630146980285645,12.609619140625,13.035377502441406
/data/public/EchoSet/test/RPmz2sHmrrY/0_4_dining_room/3570_6829/mix.wav,8.728292465209961,8.654598236083984,8.151878356933594,8.16275691986084
/data/public/EchoSet/test/RPmz2sHmrrY/0_4_dining_room/1580_61/mix.wav,10.63469409942627,10.707077980041504,9.907299995422363,10.04700756072998
/data/public/EchoSet/test/RPmz2sHmrrY/0_4_dining_room/260_1188/mix.wav,11.479045867919922,11.770576477050781,10.507265090942383,10.926325798034668
/data/public/EchoSet/test/RPmz2sHmrrY/0_4_dining_room/6930_1320/mix.wav,11.82719612121582,11.88711166381836,10.558107376098633,10.735709190368652
/data/public/EchoSet/test/RPmz2sHmrrY/0_4_dining_room/1995_237/mix.wav,11.563066482543945,11.492766380310059,10.747812271118164,10.781615257263184
/data/public/EchoSet/test/RPmz2sHmrrY/0_4_dining_room/5683_908/mix.wav,15.328763008117676,15.29410457611084,14.897232055664062,14.886552810668945
/data/public/EchoSet/test/RPmz2sHmrrY/0_4_dining_room/1320_672/mix.wav,8.732101440429688,8.847801208496094,6.904734134674072,7.099078178405762
/data/public/EchoSet/test/RPmz2sHmrrY/0_4_dining_room/1221_3729/mix.wav,8.596009254455566,8.79826831817627,8.06429672241211,8.320530891418457
avg,11.414529211824796,11.524250009532246,10.609389711303532,10.793146003844603
std,2.3238923829085314,2.308426395093499,2.660186862566177,2.640758554572271
